[{"place":null,"retweet_count":1,"in_reply_to_screen_name":"GavinPrestonMD","created_at":"Sun Oct 02 13:04:59 +0000 2011","retweeted":false,"in_reply_to_status_id_str":"120257907278356480","in_reply_to_user_id_str":"254719698","user":{"time_zone":"Quito","profile_link_color":"0084B4","protected":false,"created_at":"Mon Jul 20 03:36:46 +0000 2009","profile_image_url_https":"https:\/\/si0.twimg.com\/profile_images\/1451811719\/twprofpic_normal.jpg","name":"Rick Santorum","geo_enabled":true,"favourites_count":4,"profile_background_color":"C0DEED","default_profile_image":false,"notifications":null,"profile_background_tile":false,"utc_offset":-18000,"description":"Karen and I have 7 children; Candidate for the Republican nomination for President of the United States; former Congressman & Senator from Pennsylvania","statuses_count":1167,"following":null,"verified":true,"profile_sidebar_fill_color":"DDEEF6","followers_count":36324,"profile_image_url":"http:\/\/a1.twimg.com\/profile_images\/1451811719\/twprofpic_normal.jpg","default_profile":false,"follow_request_sent":null,"profile_sidebar_border_color":"C0DEED","location":"Pittsburgh and Washington ","is_translator":false,"contributors_enabled":false,"screen_name":"RickSantorum","profile_use_background_image":true,"url":"http:\/\/ricksantorum.com","id_str":"58379000","show_all_inline_media":false,"profile_background_image_url_https":"https:\/\/si0.twimg.com\/profile_background_images\/293842067\/santorum-twitter-bg.jpg","profile_text_color":"333333","id":58379000,"listed_count":1457,"lang":"en","profile_background_image_url":"http:\/\/a2.twimg.com\/profile_background_images\/293842067\/santorum-twitter-bg.jpg","friends_count":96},"contributors":null,"in_reply_to_status_id":120257907278356480,"source":"<a href=\"http:\/\/twitter.com\/download\/android\" rel=\"nofollow\">Twitter for Android<\/a>","id_str":"120484423291502593","geo":null,"favorited":false,"id":120484423291502593,"coordinates":null,"in_reply_to_user_id":254719698,"truncated":false,"text":"@GavinPrestonMD we need a consumer driven system (HSA), tort ref, tax subsidies 4 those w no employer coverage, state high risk pools 4 sick","name":"RickSantorum","boldText":"@GavinPrestonMD we need a <B>consumer<\/B> driven system (HSA), tort ref, tax subsidies 4 those w no employer coverage, state high risk pools 4 sick"},{"place":null,"retweet_count":16,"in_reply_to_screen_name":null,"created_at":"Fri Sep 23 01:39:40 +0000 2011","retweeted":false,"in_reply_to_status_id_str":null,"in_reply_to_user_id_str":null,"user":{"time_zone":"Quito","profile_link_color":"0084B4","protected":false,"created_at":"Mon Jul 20 03:36:46 +0000 2009","profile_image_url_https":"https:\/\/si0.twimg.com\/profile_images\/1451811719\/twprofpic_normal.jpg","name":"Rick Santorum","geo_enabled":true,"favourites_count":4,"profile_background_color":"C0DEED","default_profile_image":false,"notifications":null,"profile_background_tile":false,"utc_offset":-18000,"description":"Karen and I have 7 children; Candidate for the Republican nomination for President of the United States; former Congressman & Senator from Pennsylvania","statuses_count":1166,"following":null,"verified":true,"profile_sidebar_fill_color":"DDEEF6","followers_count":36320,"profile_image_url":"http:\/\/a1.twimg.com\/profile_images\/1451811719\/twprofpic_normal.jpg","default_profile":false,"follow_request_sent":null,"profile_sidebar_border_color":"C0DEED","location":"Pittsburgh and Washington ","is_translator":false,"contributors_enabled":false,"screen_name":"RickSantorum","profile_use_background_image":true,"url":"http:\/\/ricksantorum.com","id_str":"58379000","show_all_inline_media":false,"profile_background_image_url_https":"https:\/\/si0.twimg.com\/profile_background_images\/293842067\/santorum-twitter-bg.jpg","profile_text_color":"333333","id":58379000,"listed_count":1457,"lang":"en","profile_background_image_url":"http:\/\/a2.twimg.com\/profile_background_images\/293842067\/santorum-twitter-bg.jpg","friends_count":96},"contributors":null,"in_reply_to_status_id":null,"source":"web","id_str":"117050467246292994","geo":null,"favorited":false,"id":117050467246292994,"coordinates":null,"in_reply_to_user_id":null,"truncated":false,"text":"Parents are the consumer in the education system! #GOPdebate","name":"RickSantorum","boldText":"Parents are the <B>consumer<\/B> in the education system! #GOPdebate"},{"place":null,"retweet_count":66,"in_reply_to_screen_name":null,"created_at":"Tue Sep 13 00:59:44 +0000 2011","retweeted":false,"in_reply_to_status_id_str":null,"in_reply_to_user_id_str":null,"user":{"time_zone":"Quito","profile_link_color":"0084B4","protected":false,"created_at":"Mon Jul 20 03:36:46 +0000 2009","profile_image_url_https":"https:\/\/si0.twimg.com\/profile_images\/1451811719\/twprofpic_normal.jpg","name":"Rick Santorum","geo_enabled":true,"favourites_count":4,"profile_background_color":"C0DEED","default_profile_image":false,"notifications":null,"profile_background_tile":false,"utc_offset":-18000,"description":"Karen and I have 7 children; Candidate for the Republican nomination for President of the United States; former Congressman & Senator from Pennsylvania","statuses_count":1167,"following":null,"verified":true,"profile_sidebar_fill_color":"DDEEF6","followers_count":36324,"profile_image_url":"http:\/\/a1.twimg.com\/profile_images\/1451811719\/twprofpic_normal.jpg","default_profile":false,"follow_request_sent":null,"profile_sidebar_border_color":"C0DEED","location":"Pittsburgh and Washington ","is_translator":false,"contributors_enabled":false,"screen_name":"RickSantorum","profile_use_background_image":true,"url":"http:\/\/ricksantorum.com","id_str":"58379000","show_all_inline_media":false,"profile_background_image_url_https":"https:\/\/si0.twimg.com\/profile_background_images\/293842067\/santorum-twitter-bg.jpg","profile_text_color":"333333","id":58379000,"listed_count":1457,"lang":"en","profile_background_image_url":"http:\/\/a2.twimg.com\/profile_background_images\/293842067\/santorum-twitter-bg.jpg","friends_count":96},"contributors":null,"in_reply_to_status_id":null,"source":"web","id_str":"113416537297256449","geo":null,"favorited":false,"id":113416537297256449,"coordinates":null,"in_reply_to_user_id":null,"truncated":false,"text":"Some people think Barack Obama\u2019s economic policy is a disaster \u2013 I disagree, he\u2019s got to improve a great deal to be  considered a disaster.","name":"RickSantorum","boldText":"Some people think Barack Obama\u2019s <B>economic<\/B> policy is a disaster \u2013 I disagree, he\u2019s got to improve a great deal to be  considered a disaster."},{"possibly_sensitive":false,"place":null,"retweet_count":5,"in_reply_to_screen_name":null,"created_at":"Fri Aug 26 18:16:45 +0000 2011","retweeted":false,"in_reply_to_status_id_str":null,"in_reply_to_user_id_str":null,"user":{"time_zone":"Quito","profile_link_color":"0084B4","protected":false,"created_at":"Mon Jul 20 03:36:46 +0000 2009","profile_image_url_https":"https:\/\/si0.twimg.com\/profile_images\/1451811719\/twprofpic_normal.jpg","name":"Rick Santorum","geo_enabled":true,"favourites_count":4,"profile_background_color":"C0DEED","default_profile_image":false,"notifications":null,"profile_background_tile":false,"utc_offset":-18000,"description":"Karen and I have 7 children; Candidate for the Republican nomination for President of the United States; former Congressman & Senator from Pennsylvania","statuses_count":1167,"following":null,"verified":true,"profile_sidebar_fill_color":"DDEEF6","followers_count":36324,"profile_image_url":"http:\/\/a1.twimg.com\/profile_images\/1451811719\/twprofpic_normal.jpg","default_profile":false,"follow_request_sent":null,"profile_sidebar_border_color":"C0DEED","location":"Pittsburgh and Washington ","is_translator":false,"contributors_enabled":false,"screen_name":"RickSantorum","profile_use_background_image":true,"url":"http:\/\/ricksantorum.com","id_str":"58379000","show_all_inline_media":false,"profile_background_image_url_https":"https:\/\/si0.twimg.com\/profile_background_images\/293842067\/santorum-twitter-bg.jpg","profile_text_color":"333333","id":58379000,"listed_count":1457,"lang":"en","profile_background_image_url":"http:\/\/a2.twimg.com\/profile_background_images\/293842067\/santorum-twitter-bg.jpg","friends_count":96},"contributors":null,"in_reply_to_status_id":null,"source":"<a href=\"http:\/\/blackberry.com\/twitter\" rel=\"nofollow\">Twitter for BlackBerry\u00ae<\/a>","id_str":"107154529769897984","geo":null,"favorited":false,"id":107154529769897984,"coordinates":null,"in_reply_to_user_id":null,"truncated":false,"text":"From brkfst @ Tommy's Ham House in Greenville 2 the Beacon in Spartanburg. Fine Southern Dining #fb http:\/\/t.co\/D8CUtiw","name":"RickSantorum","boldText":"From brkfst @ Tommy's Ham House in Greenville 2 the Beacon in Spartanburg. Fine Southern Dining #fb http:\/\/t.co\/D8<B>CUt<\/B>iw"},{"place":null,"retweet_count":20,"in_reply_to_screen_name":null,"created_at":"Fri Aug 12 03:15:37 +0000 2011","retweeted":false,"in_reply_to_status_id_str":null,"in_reply_to_user_id_str":null,"user":{"time_zone":"Quito","profile_link_color":"0084B4","protected":false,"created_at":"Mon Jul 20 03:36:46 +0000 2009","profile_image_url_https":"https:\/\/si0.twimg.com\/profile_images\/1451811719\/twprofpic_normal.jpg","name":"Rick Santorum","geo_enabled":true,"favourites_count":4,"profile_background_color":"C0DEED","default_profile_image":false,"notifications":null,"profile_background_tile":false,"utc_offset":-18000,"description":"Karen and I have 7 children; Candidate for the Republican nomination for President of the United States; former Congressman & Senator from Pennsylvania","statuses_count":1167,"following":null,"verified":true,"profile_sidebar_fill_color":"DDEEF6","followers_count":36324,"profile_image_url":"http:\/\/a1.twimg.com\/profile_images\/1451811719\/twprofpic_normal.jpg","default_profile":false,"follow_request_sent":null,"profile_sidebar_border_color":"C0DEED","location":"Pittsburgh and Washington ","is_translator":false,"contributors_enabled":false,"screen_name":"RickSantorum","profile_use_background_image":true,"url":"http:\/\/ricksantorum.com","id_str":"58379000","show_all_inline_media":false,"profile_background_image_url_https":"https:\/\/si0.twimg.com\/profile_background_images\/293842067\/santorum-twitter-bg.jpg","profile_text_color":"333333","id":58379000,"listed_count":1457,"lang":"en","profile_background_image_url":"http:\/\/a2.twimg.com\/profile_background_images\/293842067\/santorum-twitter-bg.jpg","friends_count":96},"contributors":null,"in_reply_to_status_id":null,"source":"web","id_str":"101854323595685889","geo":null,"favorited":false,"id":101854323595685889,"coordinates":null,"in_reply_to_user_id":null,"truncated":false,"text":"2nite's debate came down to my ldrshp v others shwmnshp  After spending the past 3 weeks in IA, it's clear the voters want leadership. #fb","name":"RickSantorum","boldText":"2nite's debate came down to my ldrshp v others shwmnshp  After <B>spending<\/B> the past 3 weeks in IA, it's clear the voters want leadership. #fb"},{"possibly_sensitive":false,"place":null,"retweet_count":8,"in_reply_to_screen_name":null,"created_at":"Fri Aug 05 15:01:54 +0000 2011","retweeted":false,"in_reply_to_status_id_str":null,"in_reply_to_user_id_str":null,"user":{"time_zone":"Quito","profile_link_color":"0084B4","protected":false,"created_at":"Mon Jul 20 03:36:46 +0000 2009","profile_image_url_https":"https:\/\/si0.twimg.com\/profile_images\/1451811719\/twprofpic_normal.jpg","name":"Rick Santorum","default_profile":false,"geo_enabled":true,"favourites_count":4,"profile_background_color":"C0DEED","default_profile_image":false,"notifications":null,"profile_background_tile":false,"utc_offset":-18000,"description":"Karen and I have 7 children; Candidate for the Republican nomination for President of the United States; former Congressman & Senator from Pennsylvania","statuses_count":1167,"following":null,"verified":true,"profile_sidebar_fill_color":"DDEEF6","followers_count":36324,"profile_image_url":"http:\/\/a1.twimg.com\/profile_images\/1451811719\/twprofpic_normal.jpg","follow_request_sent":null,"profile_sidebar_border_color":"C0DEED","location":"Pittsburgh and Washington ","is_translator":false,"contributors_enabled":false,"screen_name":"RickSantorum","profile_use_background_image":true,"url":"http:\/\/ricksantorum.com","id_str":"58379000","show_all_inline_media":false,"profile_background_image_url_https":"https:\/\/si0.twimg.com\/profile_background_images\/293842067\/santorum-twitter-bg.jpg","profile_text_color":"333333","id":58379000,"listed_count":1457,"lang":"en","profile_background_image_url":"http:\/\/a2.twimg.com\/profile_background_images\/293842067\/santorum-twitter-bg.jpg","friends_count":96},"contributors":null,"in_reply_to_status_id":null,"source":"<a href=\"http:\/\/twitter.com\/download\/android\" rel=\"nofollow\">Twitter for Android<\/a>","id_str":"99495347356844033","geo":null,"favorited":false,"id":99495347356844033,"coordinates":null,"in_reply_to_user_id":null,"truncated":false,"text":"My economic plan will get America working - http:\/\/t.co\/qJv8wVQ. #fb #iacaucus","name":"RickSantorum","boldText":"My <B>economic<\/B> plan will get America working - http:\/\/t.co\/qJv8wVQ. #fb #iacaucus"}]