[{"place":null,"retweet_count":33,"in_reply_to_screen_name":null,"created_at":"Wed Oct 19 00:32:58 +0000 2011","retweeted":false,"in_reply_to_status_id_str":null,"in_reply_to_user_id_str":null,"user":{"time_zone":"Quito","profile_link_color":"0084B4","protected":false,"created_at":"Mon Jul 20 03:36:46 +0000 2009","profile_image_url_https":"https:\/\/si0.twimg.com\/profile_images\/1451811719\/twprofpic_normal.jpg","name":"Rick Santorum","geo_enabled":true,"favourites_count":4,"profile_background_color":"C0DEED","default_profile_image":false,"notifications":null,"profile_background_tile":false,"utc_offset":-18000,"description":"Karen and I have 7 children; Candidate for the Republican nomination for President of the United States; former Congressman & Senator from Pennsylvania","statuses_count":1167,"following":null,"verified":true,"profile_sidebar_fill_color":"DDEEF6","followers_count":36324,"profile_image_url":"http:\/\/a1.twimg.com\/profile_images\/1451811719\/twprofpic_normal.jpg","default_profile":false,"follow_request_sent":null,"profile_sidebar_border_color":"C0DEED","location":"Pittsburgh and Washington ","is_translator":false,"contributors_enabled":false,"screen_name":"RickSantorum","profile_use_background_image":true,"url":"http:\/\/ricksantorum.com","id_str":"58379000","show_all_inline_media":false,"profile_background_image_url_https":"https:\/\/si0.twimg.com\/profile_background_images\/293842067\/santorum-twitter-bg.jpg","profile_text_color":"333333","id":58379000,"listed_count":1457,"lang":"en","profile_background_image_url":"http:\/\/a2.twimg.com\/profile_background_images\/293842067\/santorum-twitter-bg.jpg","friends_count":96},"contributors":null,"in_reply_to_status_id":null,"source":"web","id_str":"126455764863823872","geo":null,"favorited":false,"id":126455764863823872,"coordinates":null,"in_reply_to_user_id":null,"truncated":false,"text":"\"You (Governor Romney) just don\u2019t have any credibility on repealing Obamacare.  You have no track record that we can trust.\u201d","name":"RickSantorum","boldText":"\"You (Governor Romney) just don\u2019t have any credibility on repealing <B>Obamacare<\/B>.  You have no track record that we can trust.\u201d"},{"place":null,"retweet_count":33,"in_reply_to_screen_name":null,"created_at":"Fri Sep 23 01:59:28 +0000 2011","retweeted":false,"in_reply_to_status_id_str":null,"in_reply_to_user_id_str":null,"user":{"time_zone":"Quito","profile_link_color":"0084B4","protected":false,"created_at":"Mon Jul 20 03:36:46 +0000 2009","profile_image_url_https":"https:\/\/si0.twimg.com\/profile_images\/1451811719\/twprofpic_normal.jpg","name":"Rick Santorum","geo_enabled":true,"favourites_count":4,"profile_background_color":"C0DEED","default_profile_image":false,"notifications":null,"profile_background_tile":false,"utc_offset":-18000,"description":"Karen and I have 7 children; Candidate for the Republican nomination for President of the United States; former Congressman & Senator from Pennsylvania","statuses_count":1167,"following":null,"verified":true,"profile_sidebar_fill_color":"DDEEF6","followers_count":36324,"profile_image_url":"http:\/\/a1.twimg.com\/profile_images\/1451811719\/twprofpic_normal.jpg","default_profile":false,"follow_request_sent":null,"profile_sidebar_border_color":"C0DEED","location":"Pittsburgh and Washington ","is_translator":false,"contributors_enabled":false,"screen_name":"RickSantorum","profile_use_background_image":true,"url":"http:\/\/ricksantorum.com","id_str":"58379000","show_all_inline_media":false,"profile_background_image_url_https":"https:\/\/si0.twimg.com\/profile_background_images\/293842067\/santorum-twitter-bg.jpg","profile_text_color":"333333","id":58379000,"listed_count":1457,"lang":"en","profile_background_image_url":"http:\/\/a2.twimg.com\/profile_background_images\/293842067\/santorum-twitter-bg.jpg","friends_count":96},"contributors":null,"in_reply_to_status_id":null,"source":"web","id_str":"117055447550267392","geo":null,"favorited":false,"id":117055447550267392,"coordinates":null,"in_reply_to_user_id":null,"truncated":false,"text":"\u201cHe (Gov Perry) gave a speech in 01 that he was for binational healthcare with Mexico  I don\u2019t think Obama even wants that.\u201d #GOPDebate","name":"RickSantorum","boldText":"\u201cHe (Gov Perry) gave a speech in 01 that he was for binational <B>healthcare<\/B> with Mexico  I don\u2019t think Obama even wants that.\u201d #GOPDebate"},{"possibly_sensitive":false,"place":null,"retweet_count":18,"in_reply_to_screen_name":null,"created_at":"Wed Sep 14 15:23:29 +0000 2011","retweeted":false,"in_reply_to_status_id_str":null,"in_reply_to_user_id_str":null,"user":{"time_zone":"Quito","profile_link_color":"0084B4","protected":false,"created_at":"Mon Jul 20 03:36:46 +0000 2009","profile_image_url_https":"https:\/\/si0.twimg.com\/profile_images\/1451811719\/twprofpic_normal.jpg","name":"Rick Santorum","geo_enabled":true,"favourites_count":4,"profile_background_color":"C0DEED","default_profile_image":false,"notifications":null,"profile_background_tile":false,"utc_offset":-18000,"description":"Karen and I have 7 children; Candidate for the Republican nomination for President of the United States; former Congressman & Senator from Pennsylvania","statuses_count":1167,"following":null,"verified":true,"profile_sidebar_fill_color":"DDEEF6","followers_count":36324,"profile_image_url":"http:\/\/a1.twimg.com\/profile_images\/1451811719\/twprofpic_normal.jpg","default_profile":false,"follow_request_sent":null,"profile_sidebar_border_color":"C0DEED","location":"Pittsburgh and Washington ","is_translator":false,"contributors_enabled":false,"screen_name":"RickSantorum","profile_use_background_image":true,"url":"http:\/\/ricksantorum.com","id_str":"58379000","show_all_inline_media":false,"profile_background_image_url_https":"https:\/\/si0.twimg.com\/profile_background_images\/293842067\/santorum-twitter-bg.jpg","profile_text_color":"333333","id":58379000,"listed_count":1457,"lang":"en","profile_background_image_url":"http:\/\/a2.twimg.com\/profile_background_images\/293842067\/santorum-twitter-bg.jpg","friends_count":96},"contributors":null,"in_reply_to_status_id":null,"source":"web","id_str":"113996296834125824","geo":null,"favorited":false,"id":113996296834125824,"coordinates":null,"in_reply_to_user_id":null,"truncated":false,"text":"Judge Connor to be applauded for ruling ObamaCare unconstitutional.  I'm proud to have recommended him to Pres. Bush! http:\/\/t.co\/DLFrtvE","name":"RickSantorum","boldText":"Judge Connor to be applauded for ruling <B>ObamaCare<\/B> unconstitutional.  I'm proud to have recommended him to Pres. Bush! http:\/\/t.co\/DLFrtvE"},{"place":null,"retweet_count":25,"in_reply_to_screen_name":null,"created_at":"Tue Sep 13 00:32:12 +0000 2011","retweeted":false,"in_reply_to_status_id_str":null,"in_reply_to_user_id_str":null,"user":{"time_zone":"Quito","profile_link_color":"0084B4","protected":false,"created_at":"Mon Jul 20 03:36:46 +0000 2009","profile_image_url_https":"https:\/\/si0.twimg.com\/profile_images\/1451811719\/twprofpic_normal.jpg","name":"Rick Santorum","geo_enabled":true,"favourites_count":4,"profile_background_color":"C0DEED","default_profile_image":false,"notifications":null,"profile_background_tile":false,"utc_offset":-18000,"description":"Karen and I have 7 children; Candidate for the Republican nomination for President of the United States; former Congressman & Senator from Pennsylvania","statuses_count":1167,"following":null,"verified":true,"profile_sidebar_fill_color":"DDEEF6","followers_count":36324,"profile_image_url":"http:\/\/a1.twimg.com\/profile_images\/1451811719\/twprofpic_normal.jpg","default_profile":false,"follow_request_sent":null,"profile_sidebar_border_color":"C0DEED","location":"Pittsburgh and Washington ","is_translator":false,"contributors_enabled":false,"screen_name":"RickSantorum","profile_use_background_image":true,"url":"http:\/\/ricksantorum.com","id_str":"58379000","show_all_inline_media":false,"profile_background_image_url_https":"https:\/\/si0.twimg.com\/profile_background_images\/293842067\/santorum-twitter-bg.jpg","profile_text_color":"333333","id":58379000,"listed_count":1457,"lang":"en","profile_background_image_url":"http:\/\/a2.twimg.com\/profile_background_images\/293842067\/santorum-twitter-bg.jpg","friends_count":96},"contributors":null,"in_reply_to_status_id":null,"source":"web","id_str":"113409607765991428","geo":null,"favorited":false,"id":113409607765991428,"coordinates":null,"in_reply_to_user_id":null,"truncated":false,"text":"\u201cI trust you.  I trust the American people to make their own choices for healthcare.\u201d #FB #CNNTeaparty","name":"RickSantorum","boldText":"\u201cI trust you.  I trust the American people to make their own choices for <B>healthcare<\/B>.\u201d #FB #CNNTeaparty"},{"place":null,"retweet_count":86,"in_reply_to_screen_name":null,"created_at":"Thu Sep 08 23:30:48 +0000 2011","retweeted":false,"in_reply_to_status_id_str":null,"in_reply_to_user_id_str":null,"user":{"time_zone":"Quito","profile_link_color":"0084B4","protected":false,"created_at":"Mon Jul 20 03:36:46 +0000 2009","profile_image_url_https":"https:\/\/si0.twimg.com\/profile_images\/1451811719\/twprofpic_normal.jpg","name":"Rick Santorum","geo_enabled":true,"favourites_count":4,"profile_background_color":"C0DEED","default_profile_image":false,"notifications":null,"profile_background_tile":false,"utc_offset":-18000,"description":"Karen and I have 7 children; Candidate for the Republican nomination for President of the United States; former Congressman & Senator from Pennsylvania","statuses_count":1167,"following":null,"verified":true,"profile_sidebar_fill_color":"DDEEF6","followers_count":36324,"profile_image_url":"http:\/\/a1.twimg.com\/profile_images\/1451811719\/twprofpic_normal.jpg","default_profile":false,"follow_request_sent":null,"profile_sidebar_border_color":"C0DEED","location":"Pittsburgh and Washington ","is_translator":false,"contributors_enabled":false,"screen_name":"RickSantorum","profile_use_background_image":true,"url":"http:\/\/ricksantorum.com","id_str":"58379000","show_all_inline_media":false,"profile_background_image_url_https":"https:\/\/si0.twimg.com\/profile_background_images\/293842067\/santorum-twitter-bg.jpg","profile_text_color":"333333","id":58379000,"listed_count":1457,"lang":"en","profile_background_image_url":"http:\/\/a2.twimg.com\/profile_background_images\/293842067\/santorum-twitter-bg.jpg","friends_count":96},"contributors":null,"in_reply_to_status_id":null,"source":"web","id_str":"111944604852551681","geo":null,"favorited":false,"id":111944604852551681,"coordinates":null,"in_reply_to_user_id":null,"truncated":false,"text":"The President said \u201cpass this bill\u201d before he told us what was in it.  Sound like Obamacare to you?","name":"RickSantorum","boldText":"The President said \u201cpass this bill\u201d before he told us what was in it.  Sound like <B>Obamacare<\/B> to you?"},{"place":null,"retweet_count":3,"in_reply_to_screen_name":"BFExaminer","created_at":"Wed Aug 17 13:30:50 +0000 2011","retweeted":false,"in_reply_to_status_id_str":"103679955933736961","in_reply_to_user_id_str":"340586089","user":{"time_zone":"Quito","profile_link_color":"0084B4","protected":false,"created_at":"Mon Jul 20 03:36:46 +0000 2009","profile_image_url_https":"https:\/\/si0.twimg.com\/profile_images\/1451811719\/twprofpic_normal.jpg","name":"Rick Santorum","geo_enabled":true,"favourites_count":4,"profile_background_color":"C0DEED","default_profile_image":false,"notifications":null,"profile_background_tile":false,"utc_offset":-18000,"description":"Karen and I have 7 children; Candidate for the Republican nomination for President of the United States; former Congressman & Senator from Pennsylvania","statuses_count":1167,"following":null,"verified":true,"profile_sidebar_fill_color":"DDEEF6","followers_count":36324,"profile_image_url":"http:\/\/a1.twimg.com\/profile_images\/1451811719\/twprofpic_normal.jpg","default_profile":false,"follow_request_sent":null,"profile_sidebar_border_color":"C0DEED","location":"Pittsburgh and Washington ","is_translator":false,"contributors_enabled":false,"screen_name":"RickSantorum","profile_use_background_image":true,"url":"http:\/\/ricksantorum.com","id_str":"58379000","show_all_inline_media":false,"profile_background_image_url_https":"https:\/\/si0.twimg.com\/profile_background_images\/293842067\/santorum-twitter-bg.jpg","profile_text_color":"333333","id":58379000,"listed_count":1457,"lang":"en","profile_background_image_url":"http:\/\/a2.twimg.com\/profile_background_images\/293842067\/santorum-twitter-bg.jpg","friends_count":96},"contributors":null,"in_reply_to_status_id":103679955933736961,"source":"<a href=\"http:\/\/twitter.com\/download\/android\" rel=\"nofollow\">Twitter for Android<\/a>","id_str":"103821084561899520","geo":null,"favorited":false,"id":103821084561899520,"coordinates":null,"in_reply_to_user_id":340586089,"truncated":false,"text":"@BFExaminer Karen breastfed all our kids - great emotional and physical benefits. She discretely breastfed in public because kids get hungry","name":"RickSantorum","boldText":"@BFExaminer Karen breastfed all our kids - great emotional and physical <B>benefits<\/B>. She discretely breastfed in public because kids get hungry"},{"place":null,"retweet_count":33,"in_reply_to_screen_name":null,"created_at":"Mon Aug 15 00:02:40 +0000 2011","retweeted":false,"in_reply_to_status_id_str":null,"in_reply_to_user_id_str":null,"user":{"time_zone":"Quito","profile_link_color":"0084B4","protected":false,"created_at":"Mon Jul 20 03:36:46 +0000 2009","profile_image_url_https":"https:\/\/si0.twimg.com\/profile_images\/1451811719\/twprofpic_normal.jpg","name":"Rick Santorum","geo_enabled":true,"favourites_count":4,"profile_background_color":"C0DEED","default_profile_image":false,"notifications":null,"profile_background_tile":false,"utc_offset":-18000,"description":"Karen and I have 7 children; Candidate for the Republican nomination for President of the United States; former Congressman & Senator from Pennsylvania","statuses_count":1167,"following":null,"verified":true,"profile_sidebar_fill_color":"DDEEF6","followers_count":36324,"profile_image_url":"http:\/\/a1.twimg.com\/profile_images\/1451811719\/twprofpic_normal.jpg","default_profile":false,"follow_request_sent":null,"profile_sidebar_border_color":"C0DEED","location":"Pittsburgh and Washington ","is_translator":false,"contributors_enabled":false,"screen_name":"RickSantorum","profile_use_background_image":true,"url":"http:\/\/ricksantorum.com","id_str":"58379000","show_all_inline_media":false,"profile_background_image_url_https":"https:\/\/si0.twimg.com\/profile_background_images\/293842067\/santorum-twitter-bg.jpg","profile_text_color":"333333","id":58379000,"listed_count":1457,"lang":"en","profile_background_image_url":"http:\/\/a2.twimg.com\/profile_background_images\/293842067\/santorum-twitter-bg.jpg","friends_count":96},"contributors":null,"in_reply_to_status_id":null,"source":"<a href=\"http:\/\/blackberry.com\/twitter\" rel=\"nofollow\">Twitter for BlackBerry\u00ae<\/a>","id_str":"102892926555795456","geo":null,"favorited":false,"id":102892926555795456,"coordinates":null,"in_reply_to_user_id":null,"truncated":false,"text":"In Waterloo, Perry said \"WHEN Obamacare is implemented\" Not WHEN I am president!  #fb #iacaucus","name":"RickSantorum","boldText":"In Waterloo, Perry said \"WHEN <B>Obamacare<\/B> is implemented\" Not WHEN I am president!  #fb #iacaucus"}]