[{"possibly_sensitive":false,"place":null,"retweet_count":16,"in_reply_to_screen_name":null,"created_at":"Thu Oct 13 17:39:12 +0000 2011","retweeted":false,"in_reply_to_status_id_str":null,"in_reply_to_user_id_str":null,"user":{"time_zone":"Quito","profile_link_color":"0084B4","protected":false,"default_profile":false,"created_at":"Mon Jul 20 03:36:46 +0000 2009","profile_image_url_https":"https:\/\/si0.twimg.com\/profile_images\/1451811719\/twprofpic_normal.jpg","name":"Rick Santorum","geo_enabled":true,"favourites_count":4,"profile_background_color":"C0DEED","default_profile_image":false,"notifications":false,"profile_background_tile":false,"utc_offset":-18000,"description":"Karen and I have 7 children; Candidate for the Republican nomination for President of the United States; former Congressman & Senator from Pennsylvania","statuses_count":1167,"following":false,"verified":true,"profile_sidebar_fill_color":"DDEEF6","followers_count":36320,"profile_image_url":"http:\/\/a1.twimg.com\/profile_images\/1451811719\/twprofpic_normal.jpg","follow_request_sent":false,"profile_sidebar_border_color":"C0DEED","location":"Pittsburgh and Washington ","is_translator":false,"contributors_enabled":false,"screen_name":"RickSantorum","profile_use_background_image":true,"url":"http:\/\/ricksantorum.com","id_str":"58379000","show_all_inline_media":false,"profile_background_image_url_https":"https:\/\/si0.twimg.com\/profile_background_images\/293842067\/santorum-twitter-bg.jpg","profile_text_color":"333333","id":58379000,"listed_count":1457,"lang":"en","profile_background_image_url":"http:\/\/a2.twimg.com\/profile_background_images\/293842067\/santorum-twitter-bg.jpg","friends_count":96},"contributors":null,"in_reply_to_status_id":null,"source":"<a href=\"http:\/\/twitter.com\/tweetbutton\" rel=\"nofollow\">Tweet Button<\/a>","id_str":"124539696725499904","geo":null,"favorited":false,"id":124539696725499904,"coordinates":null,"in_reply_to_user_id":null,"truncated":false,"text":"Rick Santorum Hits the Bulls-Eye When Addressing Poverty: http:\/\/t.co\/TLHyFMZP #fb #scgop #iacaucus","name":"RickSantorum","boldText":"Rick Santorum Hits the Bulls-Eye When Addressing <B>Poverty<\/B>: http:\/\/t.co\/TLHyFMZP #fb #scgop #iacaucus"},{"place":null,"retweet_count":22,"in_reply_to_screen_name":null,"created_at":"Wed Oct 12 00:21:52 +0000 2011","retweeted":false,"in_reply_to_status_id_str":null,"in_reply_to_user_id_str":null,"user":{"time_zone":"Quito","profile_link_color":"0084B4","protected":false,"created_at":"Mon Jul 20 03:36:46 +0000 2009","profile_image_url_https":"https:\/\/si0.twimg.com\/profile_images\/1451811719\/twprofpic_normal.jpg","name":"Rick Santorum","geo_enabled":true,"favourites_count":4,"profile_background_color":"C0DEED","default_profile_image":false,"notifications":null,"profile_background_tile":false,"utc_offset":-18000,"description":"Karen and I have 7 children; Candidate for the Republican nomination for President of the United States; former Congressman & Senator from Pennsylvania","statuses_count":1166,"following":null,"verified":true,"profile_sidebar_fill_color":"DDEEF6","followers_count":36320,"profile_image_url":"http:\/\/a1.twimg.com\/profile_images\/1451811719\/twprofpic_normal.jpg","default_profile":false,"follow_request_sent":null,"profile_sidebar_border_color":"C0DEED","location":"Pittsburgh and Washington ","is_translator":false,"contributors_enabled":false,"screen_name":"RickSantorum","profile_use_background_image":true,"url":"http:\/\/ricksantorum.com","id_str":"58379000","show_all_inline_media":false,"profile_background_image_url_https":"https:\/\/si0.twimg.com\/profile_background_images\/293842067\/santorum-twitter-bg.jpg","profile_text_color":"333333","id":58379000,"listed_count":1457,"lang":"en","profile_background_image_url":"http:\/\/a2.twimg.com\/profile_background_images\/293842067\/santorum-twitter-bg.jpg","friends_count":96},"contributors":null,"in_reply_to_status_id":null,"source":"web","id_str":"123916255618019328","geo":null,"favorited":false,"id":123916255618019328,"coordinates":null,"in_reply_to_user_id":null,"truncated":false,"text":"The difference between my jobs plan and say, Herman's, is that mine would pass! #econdebate","name":"RickSantorum","boldText":"The difference between my <B>jobs<\/B> plan and say, Herman's, is that mine would pass! #econdebate"},{"place":null,"retweet_count":6,"in_reply_to_screen_name":null,"created_at":"Fri Oct 07 18:37:00 +0000 2011","retweeted":false,"in_reply_to_status_id_str":null,"in_reply_to_user_id_str":null,"user":{"time_zone":"Quito","profile_link_color":"0084B4","protected":false,"created_at":"Mon Jul 20 03:36:46 +0000 2009","profile_image_url_https":"https:\/\/si0.twimg.com\/profile_images\/1451811719\/twprofpic_normal.jpg","name":"Rick Santorum","geo_enabled":true,"favourites_count":4,"profile_background_color":"C0DEED","default_profile_image":false,"notifications":null,"profile_background_tile":false,"utc_offset":-18000,"description":"Karen and I have 7 children; Candidate for the Republican nomination for President of the United States; former Congressman & Senator from Pennsylvania","statuses_count":1166,"following":null,"verified":true,"profile_sidebar_fill_color":"DDEEF6","followers_count":36321,"profile_image_url":"http:\/\/a1.twimg.com\/profile_images\/1451811719\/twprofpic_normal.jpg","default_profile":false,"follow_request_sent":null,"profile_sidebar_border_color":"C0DEED","location":"Pittsburgh and Washington ","is_translator":false,"contributors_enabled":false,"screen_name":"RickSantorum","profile_use_background_image":true,"url":"http:\/\/ricksantorum.com","id_str":"58379000","show_all_inline_media":false,"profile_background_image_url_https":"https:\/\/si0.twimg.com\/profile_background_images\/293842067\/santorum-twitter-bg.jpg","profile_text_color":"333333","id":58379000,"listed_count":1457,"lang":"en","profile_background_image_url":"http:\/\/a2.twimg.com\/profile_background_images\/293842067\/santorum-twitter-bg.jpg","friends_count":96},"contributors":null,"in_reply_to_status_id":null,"source":"<a href=\"http:\/\/twitter.com\/download\/android\" rel=\"nofollow\">Twitter for Android<\/a>","id_str":"122379914774196224","geo":null,"favorited":false,"id":122379914774196224,"coordinates":null,"in_reply_to_user_id":null,"truncated":false,"text":"I,m working on it\"@Blaknsam: @RickSantorum does need to tweet more. I have more tweets than he does and I'm not running for President..yet.\"","name":"RickSantorum","boldText":"I,m <B>work<\/B>ing on it\"@Blaknsam: @RickSantorum does need to tweet more. I have more tweets than he does and I'm not running for President..yet.\""},{"place":null,"retweet_count":5,"in_reply_to_screen_name":null,"created_at":"Mon Oct 03 20:48:55 +0000 2011","retweeted":false,"in_reply_to_status_id_str":null,"in_reply_to_user_id_str":null,"user":{"time_zone":"Quito","profile_link_color":"0084B4","protected":false,"created_at":"Mon Jul 20 03:36:46 +0000 2009","profile_image_url_https":"https:\/\/si0.twimg.com\/profile_images\/1451811719\/twprofpic_normal.jpg","name":"Rick Santorum","geo_enabled":true,"favourites_count":4,"profile_background_color":"C0DEED","default_profile_image":false,"notifications":null,"profile_background_tile":false,"utc_offset":-18000,"description":"Karen and I have 7 children; Candidate for the Republican nomination for President of the United States; former Congressman & Senator from Pennsylvania","statuses_count":1166,"following":null,"verified":true,"profile_sidebar_fill_color":"DDEEF6","followers_count":36320,"profile_image_url":"http:\/\/a1.twimg.com\/profile_images\/1451811719\/twprofpic_normal.jpg","default_profile":false,"follow_request_sent":null,"profile_sidebar_border_color":"C0DEED","location":"Pittsburgh and Washington ","is_translator":false,"contributors_enabled":false,"screen_name":"RickSantorum","profile_use_background_image":true,"url":"http:\/\/ricksantorum.com","id_str":"58379000","show_all_inline_media":false,"profile_background_image_url_https":"https:\/\/si0.twimg.com\/profile_background_images\/293842067\/santorum-twitter-bg.jpg","profile_text_color":"333333","id":58379000,"listed_count":1457,"lang":"en","profile_background_image_url":"http:\/\/a2.twimg.com\/profile_background_images\/293842067\/santorum-twitter-bg.jpg","friends_count":96},"contributors":null,"in_reply_to_status_id":null,"source":"<a href=\"http:\/\/twitter.com\/download\/android\" rel=\"nofollow\">Twitter for Android<\/a>","id_str":"120963561508978688","geo":null,"favorited":false,"id":120963561508978688,"coordinates":null,"in_reply_to_user_id":null,"truncated":false,"text":"Thank you! \"@Mommentator: I talked with @RickSantorum today on the phone. Super personable and working hard.\"","name":"RickSantorum","boldText":"Thank you! \"@Mommentator: I talked with @RickSantorum today on the phone. Super personable and <B>work<\/B>ing hard.\""},{"place":null,"retweet_count":5,"in_reply_to_screen_name":null,"created_at":"Tue Sep 27 03:52:48 +0000 2011","retweeted":false,"in_reply_to_status_id_str":null,"in_reply_to_user_id_str":null,"user":{"time_zone":"Quito","profile_link_color":"0084B4","protected":false,"created_at":"Mon Jul 20 03:36:46 +0000 2009","profile_image_url_https":"https:\/\/si0.twimg.com\/profile_images\/1451811719\/twprofpic_normal.jpg","name":"Rick Santorum","geo_enabled":true,"favourites_count":4,"profile_background_color":"C0DEED","default_profile_image":false,"notifications":null,"profile_background_tile":false,"utc_offset":-18000,"description":"Karen and I have 7 children; Candidate for the Republican nomination for President of the United States; former Congressman & Senator from Pennsylvania","statuses_count":1166,"following":null,"verified":true,"profile_sidebar_fill_color":"DDEEF6","followers_count":36320,"profile_image_url":"http:\/\/a1.twimg.com\/profile_images\/1451811719\/twprofpic_normal.jpg","default_profile":false,"follow_request_sent":null,"profile_sidebar_border_color":"C0DEED","location":"Pittsburgh and Washington ","is_translator":false,"contributors_enabled":false,"screen_name":"RickSantorum","profile_use_background_image":true,"url":"http:\/\/ricksantorum.com","id_str":"58379000","show_all_inline_media":false,"profile_background_image_url_https":"https:\/\/si0.twimg.com\/profile_background_images\/293842067\/santorum-twitter-bg.jpg","profile_text_color":"333333","id":58379000,"listed_count":1457,"lang":"en","profile_background_image_url":"http:\/\/a2.twimg.com\/profile_background_images\/293842067\/santorum-twitter-bg.jpg","friends_count":96},"contributors":null,"in_reply_to_status_id":null,"source":"<a href=\"http:\/\/twitter.com\/download\/android\" rel=\"nofollow\">Twitter for Android<\/a>","id_str":"118533521286504448","geo":null,"favorited":false,"id":118533521286504448,"coordinates":null,"in_reply_to_user_id":null,"truncated":false,"text":"\"@edshow: thank you for coming on @ricksantorum\"  Thank you. Will come back in 2013 to rally support to pass my manufacturing jobs plan. #fb","name":"RickSantorum","boldText":"\"@edshow: thank you for coming on @ricksantorum\"  Thank you. Will come back in 2013 to rally support to pass my manufacturing <B>jobs<\/B> plan. #fb"},{"place":null,"retweet_count":30,"in_reply_to_screen_name":null,"created_at":"Mon Sep 26 02:09:15 +0000 2011","retweeted":false,"in_reply_to_status_id_str":null,"in_reply_to_user_id_str":null,"user":{"time_zone":"Quito","profile_link_color":"0084B4","protected":false,"created_at":"Mon Jul 20 03:36:46 +0000 2009","profile_image_url_https":"https:\/\/si0.twimg.com\/profile_images\/1451811719\/twprofpic_normal.jpg","name":"Rick Santorum","geo_enabled":true,"favourites_count":4,"profile_background_color":"C0DEED","default_profile_image":false,"notifications":null,"profile_background_tile":false,"utc_offset":-18000,"description":"Karen and I have 7 children; Candidate for the Republican nomination for President of the United States; former Congressman & Senator from Pennsylvania","statuses_count":1167,"following":null,"verified":true,"profile_sidebar_fill_color":"DDEEF6","followers_count":36324,"profile_image_url":"http:\/\/a1.twimg.com\/profile_images\/1451811719\/twprofpic_normal.jpg","default_profile":false,"follow_request_sent":null,"profile_sidebar_border_color":"C0DEED","location":"Pittsburgh and Washington ","is_translator":false,"contributors_enabled":false,"screen_name":"RickSantorum","profile_use_background_image":true,"url":"http:\/\/ricksantorum.com","id_str":"58379000","show_all_inline_media":false,"profile_background_image_url_https":"https:\/\/si0.twimg.com\/profile_background_images\/293842067\/santorum-twitter-bg.jpg","profile_text_color":"333333","id":58379000,"listed_count":1457,"lang":"en","profile_background_image_url":"http:\/\/a2.twimg.com\/profile_background_images\/293842067\/santorum-twitter-bg.jpg","friends_count":96},"contributors":null,"in_reply_to_status_id":null,"source":"<a href=\"http:\/\/twitter.com\/download\/android\" rel=\"nofollow\">Twitter for Android<\/a>","id_str":"118145073748770816","geo":null,"favorited":false,"id":118145073748770816,"coordinates":null,"in_reply_to_user_id":null,"truncated":false,"text":"\"@CrewHotSpot: @RickSantorum If you r FOR putting Americans in Construction Ind back to work, Retweet if you AGREE & CARE!\" Look @ my plan","name":"RickSantorum","boldText":"\"@CrewHotSpot: @RickSantorum If you r FOR putting Americans in Construction Ind back to <B>work<\/B>, Retweet if you AGREE & CARE!\" Look @ my plan"},{"place":null,"retweet_count":8,"in_reply_to_screen_name":null,"created_at":"Sun Sep 18 13:53:10 +0000 2011","retweeted":false,"in_reply_to_status_id_str":null,"in_reply_to_user_id_str":null,"user":{"time_zone":"Quito","profile_link_color":"0084B4","protected":false,"created_at":"Mon Jul 20 03:36:46 +0000 2009","profile_image_url_https":"https:\/\/si0.twimg.com\/profile_images\/1451811719\/twprofpic_normal.jpg","name":"Rick Santorum","geo_enabled":true,"favourites_count":4,"profile_background_color":"C0DEED","default_profile_image":false,"notifications":null,"profile_background_tile":false,"utc_offset":-18000,"description":"Karen and I have 7 children; Candidate for the Republican nomination for President of the United States; former Congressman & Senator from Pennsylvania","statuses_count":1167,"following":null,"verified":true,"profile_sidebar_fill_color":"DDEEF6","followers_count":36324,"profile_image_url":"http:\/\/a1.twimg.com\/profile_images\/1451811719\/twprofpic_normal.jpg","default_profile":false,"follow_request_sent":null,"profile_sidebar_border_color":"C0DEED","location":"Pittsburgh and Washington ","is_translator":false,"contributors_enabled":false,"screen_name":"RickSantorum","profile_use_background_image":true,"url":"http:\/\/ricksantorum.com","id_str":"58379000","show_all_inline_media":false,"profile_background_image_url_https":"https:\/\/si0.twimg.com\/profile_background_images\/293842067\/santorum-twitter-bg.jpg","profile_text_color":"333333","id":58379000,"listed_count":1457,"lang":"en","profile_background_image_url":"http:\/\/a2.twimg.com\/profile_background_images\/293842067\/santorum-twitter-bg.jpg","friends_count":96},"contributors":null,"in_reply_to_status_id":null,"source":"<a href=\"http:\/\/twitter.com\/download\/android\" rel=\"nofollow\">Twitter for Android<\/a>","id_str":"115423118759165952","geo":null,"favorited":false,"id":115423118759165952,"coordinates":null,"in_reply_to_user_id":null,"truncated":false,"text":"Shooting real bullets @ Cheshire Co GOP Shootout, paper targets only. Then on to Nashua, Glendi, Manchester, Hopkinton & Concord. #fitn #fb","name":"RickSantorum","boldText":"Shooting real bullets @ Ches<B>hire<\/B> Co GOP Shootout, paper targets only. Then on to Nashua, Glendi, Manchester, Hopkinton & Concord. #fitn #fb"},{"possibly_sensitive":false,"place":null,"retweet_count":19,"in_reply_to_screen_name":null,"created_at":"Thu Sep 08 23:48:02 +0000 2011","retweeted":false,"in_reply_to_status_id_str":null,"in_reply_to_user_id_str":null,"user":{"time_zone":"Quito","profile_link_color":"0084B4","protected":false,"created_at":"Mon Jul 20 03:36:46 +0000 2009","profile_image_url_https":"https:\/\/si0.twimg.com\/profile_images\/1451811719\/twprofpic_normal.jpg","name":"Rick Santorum","geo_enabled":true,"favourites_count":4,"profile_background_color":"C0DEED","default_profile_image":false,"notifications":null,"profile_background_tile":false,"utc_offset":-18000,"description":"Karen and I have 7 children; Candidate for the Republican nomination for President of the United States; former Congressman & Senator from Pennsylvania","statuses_count":1167,"following":null,"verified":true,"profile_sidebar_fill_color":"DDEEF6","followers_count":36324,"profile_image_url":"http:\/\/a1.twimg.com\/profile_images\/1451811719\/twprofpic_normal.jpg","default_profile":false,"follow_request_sent":null,"profile_sidebar_border_color":"C0DEED","location":"Pittsburgh and Washington ","is_translator":false,"contributors_enabled":false,"screen_name":"RickSantorum","profile_use_background_image":true,"url":"http:\/\/ricksantorum.com","id_str":"58379000","show_all_inline_media":false,"profile_background_image_url_https":"https:\/\/si0.twimg.com\/profile_background_images\/293842067\/santorum-twitter-bg.jpg","profile_text_color":"333333","id":58379000,"listed_count":1457,"lang":"en","profile_background_image_url":"http:\/\/a2.twimg.com\/profile_background_images\/293842067\/santorum-twitter-bg.jpg","friends_count":96},"contributors":null,"in_reply_to_status_id":null,"source":"web","id_str":"111948943784546304","geo":null,"favorited":false,"id":111948943784546304,"coordinates":null,"in_reply_to_user_id":null,"truncated":false,"text":"My jobs plan actually creates jobs immediately and permanently: http:\/\/t.co\/J6LRcQ8","name":"RickSantorum","boldText":"My <B>jobs<\/B> plan actually creates <B>jobs<\/B> immediately and permanently: http:\/\/t.co\/J6LRcQ8"},{"possibly_sensitive":false,"place":null,"retweet_count":8,"in_reply_to_screen_name":null,"created_at":"Mon Sep 05 13:04:02 +0000 2011","retweeted":false,"in_reply_to_status_id_str":null,"in_reply_to_user_id_str":null,"user":{"time_zone":"Quito","profile_link_color":"0084B4","protected":false,"created_at":"Mon Jul 20 03:36:46 +0000 2009","profile_image_url_https":"https:\/\/si0.twimg.com\/profile_images\/1451811719\/twprofpic_normal.jpg","name":"Rick Santorum","geo_enabled":true,"favourites_count":4,"profile_background_color":"C0DEED","default_profile_image":false,"notifications":null,"profile_background_tile":false,"utc_offset":-18000,"description":"Karen and I have 7 children; Candidate for the Republican nomination for President of the United States; former Congressman & Senator from Pennsylvania","statuses_count":1167,"following":null,"verified":true,"profile_sidebar_fill_color":"DDEEF6","followers_count":36324,"profile_image_url":"http:\/\/a1.twimg.com\/profile_images\/1451811719\/twprofpic_normal.jpg","default_profile":false,"follow_request_sent":null,"profile_sidebar_border_color":"C0DEED","location":"Pittsburgh and Washington ","is_translator":false,"contributors_enabled":false,"screen_name":"RickSantorum","profile_use_background_image":true,"url":"http:\/\/ricksantorum.com","id_str":"58379000","show_all_inline_media":false,"profile_background_image_url_https":"https:\/\/si0.twimg.com\/profile_background_images\/293842067\/santorum-twitter-bg.jpg","profile_text_color":"333333","id":58379000,"listed_count":1457,"lang":"en","profile_background_image_url":"http:\/\/a2.twimg.com\/profile_background_images\/293842067\/santorum-twitter-bg.jpg","friends_count":96},"contributors":null,"in_reply_to_status_id":null,"source":"<a href=\"http:\/\/twitter.com\/download\/android\" rel=\"nofollow\">Twitter for Android<\/a>","id_str":"110699710007873536","geo":null,"favorited":false,"id":110699710007873536,"coordinates":null,"in_reply_to_user_id":null,"truncated":false,"text":"My plan to grow high paying manufacturing jobs on this Labor Day gets a boost http:\/\/t.co\/A46UX0P. #iacacus #scgop #fitn #tcot","name":"RickSantorum","boldText":"My plan to grow high paying manufacturing <B>jobs<\/B> on this <B><B>Labor<\/B><\/B> Day gets a boost http:\/\/t.co\/A46UX0P. #iacacus #scgop #fitn #tcot"},{"possibly_sensitive":false,"place":null,"retweet_count":13,"in_reply_to_screen_name":null,"created_at":"Mon Sep 05 11:40:12 +0000 2011","retweeted":false,"in_reply_to_status_id_str":null,"in_reply_to_user_id_str":null,"user":{"time_zone":"Quito","profile_link_color":"0084B4","protected":false,"created_at":"Mon Jul 20 03:36:46 +0000 2009","profile_image_url_https":"https:\/\/si0.twimg.com\/profile_images\/1451811719\/twprofpic_normal.jpg","name":"Rick Santorum","geo_enabled":true,"favourites_count":4,"profile_background_color":"C0DEED","default_profile_image":false,"notifications":null,"profile_background_tile":false,"utc_offset":-18000,"description":"Karen and I have 7 children; Candidate for the Republican nomination for President of the United States; former Congressman & Senator from Pennsylvania","statuses_count":1167,"following":null,"verified":true,"profile_sidebar_fill_color":"DDEEF6","followers_count":36324,"profile_image_url":"http:\/\/a1.twimg.com\/profile_images\/1451811719\/twprofpic_normal.jpg","default_profile":false,"follow_request_sent":null,"profile_sidebar_border_color":"C0DEED","location":"Pittsburgh and Washington ","is_translator":false,"contributors_enabled":false,"screen_name":"RickSantorum","profile_use_background_image":true,"url":"http:\/\/ricksantorum.com","id_str":"58379000","show_all_inline_media":false,"profile_background_image_url_https":"https:\/\/si0.twimg.com\/profile_background_images\/293842067\/santorum-twitter-bg.jpg","profile_text_color":"333333","id":58379000,"listed_count":1457,"lang":"en","profile_background_image_url":"http:\/\/a2.twimg.com\/profile_background_images\/293842067\/santorum-twitter-bg.jpg","friends_count":96},"contributors":null,"in_reply_to_status_id":null,"source":"<a href=\"http:\/\/twitter.com\/download\/android\" rel=\"nofollow\">Twitter for Android<\/a>","id_str":"110678613698949122","geo":null,"favorited":false,"id":110678613698949122,"coordinates":null,"in_reply_to_user_id":null,"truncated":false,"text":"In Post & Courier Sec of Labor takes credit for 900 manu jobs in Charleston as NLRB tries to kill those jobs http:\/\/t.co\/6WRT63R #fb #scgop","name":"RickSantorum","boldText":"In Post & Courier Sec of <B>Labor<\/B> takes credit for 900 manu <B>jobs<\/B> in Charleston as NLRB tries to kill those <B>jobs<\/B> http:\/\/t.co\/6WRT63R #fb #scgop"},{"place":null,"retweet_count":4,"in_reply_to_screen_name":null,"created_at":"Mon Aug 22 20:28:40 +0000 2011","retweeted":false,"in_reply_to_status_id_str":null,"in_reply_to_user_id_str":null,"user":{"time_zone":"Quito","profile_link_color":"0084B4","protected":false,"created_at":"Mon Jul 20 03:36:46 +0000 2009","profile_image_url_https":"https:\/\/si0.twimg.com\/profile_images\/1451811719\/twprofpic_normal.jpg","name":"Rick Santorum","geo_enabled":true,"favourites_count":4,"profile_background_color":"C0DEED","default_profile_image":false,"notifications":null,"profile_background_tile":false,"utc_offset":-18000,"description":"Karen and I have 7 children; Candidate for the Republican nomination for President of the United States; former Congressman & Senator from Pennsylvania","statuses_count":1167,"following":null,"verified":true,"profile_sidebar_fill_color":"DDEEF6","followers_count":36324,"profile_image_url":"http:\/\/a1.twimg.com\/profile_images\/1451811719\/twprofpic_normal.jpg","default_profile":false,"follow_request_sent":null,"profile_sidebar_border_color":"C0DEED","location":"Pittsburgh and Washington ","is_translator":false,"contributors_enabled":false,"screen_name":"RickSantorum","profile_use_background_image":true,"url":"http:\/\/ricksantorum.com","id_str":"58379000","show_all_inline_media":false,"profile_background_image_url_https":"https:\/\/si0.twimg.com\/profile_background_images\/293842067\/santorum-twitter-bg.jpg","profile_text_color":"333333","id":58379000,"listed_count":1457,"lang":"en","profile_background_image_url":"http:\/\/a2.twimg.com\/profile_background_images\/293842067\/santorum-twitter-bg.jpg","friends_count":96},"contributors":null,"in_reply_to_status_id":null,"source":"<a href=\"http:\/\/blackberry.com\/twitter\" rel=\"nofollow\">Twitter for BlackBerry\u00ae<\/a>","id_str":"105738176630493184","geo":null,"favorited":false,"id":105738176630493184,"coordinates":null,"in_reply_to_user_id":null,"truncated":false,"text":"Going on CNBC to talk creating jobs #fb #iacaucus #fitn","name":"RickSantorum","boldText":"Going on CNBC to talk creating <B>jobs<\/B> #fb #iacaucus #fitn"},{"possibly_sensitive":false,"place":null,"retweet_count":8,"in_reply_to_screen_name":null,"created_at":"Wed Aug 10 12:54:23 +0000 2011","retweeted":false,"in_reply_to_status_id_str":null,"in_reply_to_user_id_str":null,"user":{"time_zone":"Quito","profile_link_color":"0084B4","protected":false,"created_at":"Mon Jul 20 03:36:46 +0000 2009","profile_image_url_https":"https:\/\/si0.twimg.com\/profile_images\/1451811719\/twprofpic_normal.jpg","name":"Rick Santorum","geo_enabled":true,"favourites_count":4,"profile_background_color":"C0DEED","default_profile_image":false,"notifications":null,"profile_background_tile":false,"utc_offset":-18000,"description":"Karen and I have 7 children; Candidate for the Republican nomination for President of the United States; former Congressman & Senator from Pennsylvania","statuses_count":1167,"following":null,"verified":true,"profile_sidebar_fill_color":"DDEEF6","followers_count":36324,"profile_image_url":"http:\/\/a1.twimg.com\/profile_images\/1451811719\/twprofpic_normal.jpg","default_profile":false,"follow_request_sent":null,"profile_sidebar_border_color":"C0DEED","location":"Pittsburgh and Washington ","is_translator":false,"contributors_enabled":false,"screen_name":"RickSantorum","profile_use_background_image":true,"url":"http:\/\/ricksantorum.com","id_str":"58379000","show_all_inline_media":false,"profile_background_image_url_https":"https:\/\/si0.twimg.com\/profile_background_images\/293842067\/santorum-twitter-bg.jpg","profile_text_color":"333333","id":58379000,"listed_count":1457,"lang":"en","profile_background_image_url":"http:\/\/a2.twimg.com\/profile_background_images\/293842067\/santorum-twitter-bg.jpg","friends_count":96},"contributors":null,"in_reply_to_status_id":null,"source":"<a href=\"http:\/\/twitter.com\/download\/android\" rel=\"nofollow\">Twitter for Android<\/a>","id_str":"101275199730757632","geo":null,"favorited":false,"id":101275199730757632,"coordinates":null,"in_reply_to_user_id":null,"truncated":false,"text":"Working hard. http:\/\/t.co\/ce0h07A. See you in Ames! #fb #iacaucus","name":"RickSantorum","boldText":"Working hard. http:\/\/t.co\/ce0h07A. See you in Ames! #fb #iacaucus"},{"possibly_sensitive":false,"place":null,"retweet_count":8,"in_reply_to_screen_name":null,"created_at":"Fri Aug 05 15:01:54 +0000 2011","retweeted":false,"in_reply_to_status_id_str":null,"in_reply_to_user_id_str":null,"user":{"time_zone":"Quito","profile_link_color":"0084B4","protected":false,"created_at":"Mon Jul 20 03:36:46 +0000 2009","profile_image_url_https":"https:\/\/si0.twimg.com\/profile_images\/1451811719\/twprofpic_normal.jpg","name":"Rick Santorum","default_profile":false,"geo_enabled":true,"favourites_count":4,"profile_background_color":"C0DEED","default_profile_image":false,"notifications":null,"profile_background_tile":false,"utc_offset":-18000,"description":"Karen and I have 7 children; Candidate for the Republican nomination for President of the United States; former Congressman & Senator from Pennsylvania","statuses_count":1167,"following":null,"verified":true,"profile_sidebar_fill_color":"DDEEF6","followers_count":36324,"profile_image_url":"http:\/\/a1.twimg.com\/profile_images\/1451811719\/twprofpic_normal.jpg","follow_request_sent":null,"profile_sidebar_border_color":"C0DEED","location":"Pittsburgh and Washington ","is_translator":false,"contributors_enabled":false,"screen_name":"RickSantorum","profile_use_background_image":true,"url":"http:\/\/ricksantorum.com","id_str":"58379000","show_all_inline_media":false,"profile_background_image_url_https":"https:\/\/si0.twimg.com\/profile_background_images\/293842067\/santorum-twitter-bg.jpg","profile_text_color":"333333","id":58379000,"listed_count":1457,"lang":"en","profile_background_image_url":"http:\/\/a2.twimg.com\/profile_background_images\/293842067\/santorum-twitter-bg.jpg","friends_count":96},"contributors":null,"in_reply_to_status_id":null,"source":"<a href=\"http:\/\/twitter.com\/download\/android\" rel=\"nofollow\">Twitter for Android<\/a>","id_str":"99495347356844033","geo":null,"favorited":false,"id":99495347356844033,"coordinates":null,"in_reply_to_user_id":null,"truncated":false,"text":"My economic plan will get America working - http:\/\/t.co\/qJv8wVQ. #fb #iacaucus","name":"RickSantorum","boldText":"My economic plan will get America <B>work<\/B>ing - http:\/\/t.co\/qJv8wVQ. #fb #iacaucus"},{"place":null,"retweet_count":0,"in_reply_to_screen_name":"DrewHampshire","created_at":"Fri Aug 05 01:57:35 +0000 2011","retweeted":false,"in_reply_to_status_id_str":"99295169614069761","in_reply_to_user_id_str":"46746151","user":{"time_zone":"Quito","profile_link_color":"0084B4","protected":false,"created_at":"Mon Jul 20 03:36:46 +0000 2009","profile_image_url_https":"https:\/\/si0.twimg.com\/profile_images\/1451811719\/twprofpic_normal.jpg","name":"Rick Santorum","default_profile":false,"geo_enabled":true,"favourites_count":4,"profile_background_color":"C0DEED","default_profile_image":false,"notifications":null,"profile_background_tile":false,"utc_offset":-18000,"description":"Karen and I have 7 children; Candidate for the Republican nomination for President of the United States; former Congressman & Senator from Pennsylvania","statuses_count":1167,"following":null,"verified":true,"profile_sidebar_fill_color":"DDEEF6","followers_count":36324,"profile_image_url":"http:\/\/a1.twimg.com\/profile_images\/1451811719\/twprofpic_normal.jpg","follow_request_sent":null,"profile_sidebar_border_color":"C0DEED","location":"Pittsburgh and Washington ","is_translator":false,"contributors_enabled":false,"screen_name":"RickSantorum","profile_use_background_image":true,"url":"http:\/\/ricksantorum.com","id_str":"58379000","show_all_inline_media":false,"profile_background_image_url_https":"https:\/\/si0.twimg.com\/profile_background_images\/293842067\/santorum-twitter-bg.jpg","profile_text_color":"333333","id":58379000,"listed_count":1457,"lang":"en","profile_background_image_url":"http:\/\/a2.twimg.com\/profile_background_images\/293842067\/santorum-twitter-bg.jpg","friends_count":96},"contributors":null,"in_reply_to_status_id":99295169614069761,"source":"<a href=\"http:\/\/blackberry.com\/twitter\" rel=\"nofollow\">Twitter for BlackBerry\u00ae<\/a>","id_str":"99297967898492928","geo":null,"favorited":false,"id":99297967898492928,"coordinates":null,"in_reply_to_user_id":46746151,"truncated":false,"text":"@DrewHampshire not mine. Just went into first place. Who said I can't run and chew tobacco.","name":"RickSantorum","boldText":"@DrewHamps<B>hire<\/B> not mine. Just went into first place. Who said I can't run and chew tobacco."}]