[{"place":null,"retweet_count":3,"in_reply_to_screen_name":"BFExaminer","created_at":"Wed Aug 17 13:30:50 +0000 2011","retweeted":false,"in_reply_to_status_id_str":"103679955933736961","in_reply_to_user_id_str":"340586089","user":{"time_zone":"Quito","profile_link_color":"0084B4","protected":false,"created_at":"Mon Jul 20 03:36:46 +0000 2009","profile_image_url_https":"https:\/\/si0.twimg.com\/profile_images\/1451811719\/twprofpic_normal.jpg","name":"Rick Santorum","geo_enabled":true,"favourites_count":4,"profile_background_color":"C0DEED","default_profile_image":false,"notifications":null,"profile_background_tile":false,"utc_offset":-18000,"description":"Karen and I have 7 children; Candidate for the Republican nomination for President of the United States; former Congressman & Senator from Pennsylvania","statuses_count":1167,"following":null,"verified":true,"profile_sidebar_fill_color":"DDEEF6","followers_count":36324,"profile_image_url":"http:\/\/a1.twimg.com\/profile_images\/1451811719\/twprofpic_normal.jpg","default_profile":false,"follow_request_sent":null,"profile_sidebar_border_color":"C0DEED","location":"Pittsburgh and Washington ","is_translator":false,"contributors_enabled":false,"screen_name":"RickSantorum","profile_use_background_image":true,"url":"http:\/\/ricksantorum.com","id_str":"58379000","show_all_inline_media":false,"profile_background_image_url_https":"https:\/\/si0.twimg.com\/profile_background_images\/293842067\/santorum-twitter-bg.jpg","profile_text_color":"333333","id":58379000,"listed_count":1457,"lang":"en","profile_background_image_url":"http:\/\/a2.twimg.com\/profile_background_images\/293842067\/santorum-twitter-bg.jpg","friends_count":96},"contributors":null,"in_reply_to_status_id":103679955933736961,"source":"<a href=\"http:\/\/twitter.com\/download\/android\" rel=\"nofollow\">Twitter for Android<\/a>","id_str":"103821084561899520","geo":null,"favorited":false,"id":103821084561899520,"coordinates":null,"in_reply_to_user_id":340586089,"truncated":false,"text":"@BFExaminer Karen breastfed all our kids - great emotional and physical benefits. She discretely breastfed in public because kids get hungry","name":"RickSantorum","boldText":"@BFExaminer Karen breastfed all our kids - great emotional and physical <B>benefits<\/B>. She discretely breastfed in public because kids get hungry"}]