[{"place":null,"retweet_count":24,"in_reply_to_screen_name":null,"created_at":"Sun Oct 30 01:19:00 +0000 2011","retweeted":false,"in_reply_to_status_id_str":null,"in_reply_to_user_id_str":null,"user":{"time_zone":"Quito","profile_link_color":"0084B4","protected":false,"default_profile":false,"created_at":"Mon Jul 20 03:36:46 +0000 2009","profile_image_url_https":"https:\/\/si0.twimg.com\/profile_images\/1451811719\/twprofpic_normal.jpg","name":"Rick Santorum","geo_enabled":true,"favourites_count":4,"profile_background_color":"C0DEED","default_profile_image":false,"notifications":null,"profile_background_tile":false,"utc_offset":-18000,"description":"Karen and I have 7 children; Candidate for the Republican nomination for President of the United States; former Congressman & Senator from Pennsylvania","statuses_count":1166,"following":null,"verified":true,"profile_sidebar_fill_color":"DDEEF6","followers_count":36321,"profile_image_url":"http:\/\/a1.twimg.com\/profile_images\/1451811719\/twprofpic_normal.jpg","follow_request_sent":null,"profile_sidebar_border_color":"C0DEED","location":"Pittsburgh and Washington ","is_translator":false,"contributors_enabled":false,"screen_name":"RickSantorum","profile_use_background_image":true,"url":"http:\/\/ricksantorum.com","id_str":"58379000","show_all_inline_media":false,"profile_background_image_url_https":"https:\/\/si0.twimg.com\/profile_background_images\/293842067\/santorum-twitter-bg.jpg","profile_text_color":"333333","id":58379000,"listed_count":1457,"lang":"en","profile_background_image_url":"http:\/\/a2.twimg.com\/profile_background_images\/293842067\/santorum-twitter-bg.jpg","friends_count":96},"contributors":null,"in_reply_to_status_id":null,"source":"web","id_str":"130453614635393024","geo":null,"favorited":false,"id":130453614635393024,"coordinates":null,"in_reply_to_user_id":null,"truncated":false,"text":"Honored to receive the endorsement of the Nat Fed of Republican Assemblies - nation's oldest & largest GOP volunteer group! #iacaucus","name":"RickSantorum","boldText":"Honored to receive the endorsement of the Nat <B>Fed<\/B> of Republican Assemblies - nation's oldest & largest GOP volunteer group! #iacaucus"},{"place":null,"retweet_count":7,"in_reply_to_screen_name":null,"created_at":"Wed Oct 12 16:30:15 +0000 2011","retweeted":false,"in_reply_to_status_id_str":null,"in_reply_to_user_id_str":null,"user":{"time_zone":"Quito","profile_link_color":"0084B4","protected":false,"created_at":"Mon Jul 20 03:36:46 +0000 2009","profile_image_url_https":"https:\/\/si0.twimg.com\/profile_images\/1451811719\/twprofpic_normal.jpg","name":"Rick Santorum","geo_enabled":true,"favourites_count":4,"profile_background_color":"C0DEED","default_profile_image":false,"notifications":null,"profile_background_tile":false,"utc_offset":-18000,"description":"Karen and I have 7 children; Candidate for the Republican nomination for President of the United States; former Congressman & Senator from Pennsylvania","statuses_count":1167,"following":null,"verified":true,"profile_sidebar_fill_color":"DDEEF6","followers_count":36324,"profile_image_url":"http:\/\/a1.twimg.com\/profile_images\/1451811719\/twprofpic_normal.jpg","default_profile":false,"follow_request_sent":null,"profile_sidebar_border_color":"C0DEED","location":"Pittsburgh and Washington ","is_translator":false,"contributors_enabled":false,"screen_name":"RickSantorum","profile_use_background_image":true,"url":"http:\/\/ricksantorum.com","id_str":"58379000","show_all_inline_media":false,"profile_background_image_url_https":"https:\/\/si0.twimg.com\/profile_background_images\/293842067\/santorum-twitter-bg.jpg","profile_text_color":"333333","id":58379000,"listed_count":1457,"lang":"en","profile_background_image_url":"http:\/\/a2.twimg.com\/profile_background_images\/293842067\/santorum-twitter-bg.jpg","friends_count":96},"contributors":null,"in_reply_to_status_id":null,"source":"<a href=\"http:\/\/twitter.com\/download\/android\" rel=\"nofollow\">Twitter for Android<\/a>","id_str":"124159958957834242","geo":null,"favorited":false,"id":124159958957834242,"coordinates":null,"in_reply_to_user_id":null,"truncated":false,"text":"Looking forward to being there\"@PAProLifeFed: En route to Pittsburgh for the 2011 Celebrate Life Banquet w\/ @RickSantorum! #SantorumBanquet\"","name":"RickSantorum","boldText":"Looking forward to being there\"@PAProLife<B>Fed<\/B>: En route to Pittsburgh for the 2011 Celebrate Life Banquet w\/ @RickSantorum! #SantorumBanquet\""},{"place":null,"retweet_count":3,"in_reply_to_screen_name":null,"created_at":"Sat Sep 03 20:01:20 +0000 2011","retweeted":false,"in_reply_to_status_id_str":null,"in_reply_to_user_id_str":null,"user":{"time_zone":"Quito","profile_link_color":"0084B4","protected":false,"created_at":"Mon Jul 20 03:36:46 +0000 2009","profile_image_url_https":"https:\/\/si0.twimg.com\/profile_images\/1451811719\/twprofpic_normal.jpg","name":"Rick Santorum","geo_enabled":true,"favourites_count":4,"profile_background_color":"C0DEED","default_profile_image":false,"notifications":null,"profile_background_tile":false,"utc_offset":-18000,"description":"Karen and I have 7 children; Candidate for the Republican nomination for President of the United States; former Congressman & Senator from Pennsylvania","statuses_count":1167,"following":null,"verified":true,"profile_sidebar_fill_color":"DDEEF6","followers_count":36324,"profile_image_url":"http:\/\/a1.twimg.com\/profile_images\/1451811719\/twprofpic_normal.jpg","default_profile":false,"follow_request_sent":null,"profile_sidebar_border_color":"C0DEED","location":"Pittsburgh and Washington ","is_translator":false,"contributors_enabled":false,"screen_name":"RickSantorum","profile_use_background_image":true,"url":"http:\/\/ricksantorum.com","id_str":"58379000","show_all_inline_media":false,"profile_background_image_url_https":"https:\/\/si0.twimg.com\/profile_background_images\/293842067\/santorum-twitter-bg.jpg","profile_text_color":"333333","id":58379000,"listed_count":1457,"lang":"en","profile_background_image_url":"http:\/\/a2.twimg.com\/profile_background_images\/293842067\/santorum-twitter-bg.jpg","friends_count":96},"contributors":null,"in_reply_to_status_id":null,"source":"<a href=\"http:\/\/blackberry.com\/twitter\" rel=\"nofollow\">Twitter for BlackBerry\u00ae<\/a>","id_str":"110079951822266370","geo":null,"favorited":false,"id":110079951822266370,"coordinates":null,"in_reply_to_user_id":null,"truncated":false,"text":"At Aunt Chiladas in Hilton Head spoke to party activists then ate w my sisterinlaw, neice & @fedsalesdiva. #fb #scgop","name":"RickSantorum","boldText":"At Aunt Chiladas in Hilton Head spoke to party activists then ate w my sisterinlaw, neice & @<B>fed<\/B>salesdiva. #fb #scgop"},{"place":null,"retweet_count":3,"in_reply_to_screen_name":"BFExaminer","created_at":"Wed Aug 17 13:30:50 +0000 2011","retweeted":false,"in_reply_to_status_id_str":"103679955933736961","in_reply_to_user_id_str":"340586089","user":{"time_zone":"Quito","profile_link_color":"0084B4","protected":false,"created_at":"Mon Jul 20 03:36:46 +0000 2009","profile_image_url_https":"https:\/\/si0.twimg.com\/profile_images\/1451811719\/twprofpic_normal.jpg","name":"Rick Santorum","geo_enabled":true,"favourites_count":4,"profile_background_color":"C0DEED","default_profile_image":false,"notifications":null,"profile_background_tile":false,"utc_offset":-18000,"description":"Karen and I have 7 children; Candidate for the Republican nomination for President of the United States; former Congressman & Senator from Pennsylvania","statuses_count":1167,"following":null,"verified":true,"profile_sidebar_fill_color":"DDEEF6","followers_count":36324,"profile_image_url":"http:\/\/a1.twimg.com\/profile_images\/1451811719\/twprofpic_normal.jpg","default_profile":false,"follow_request_sent":null,"profile_sidebar_border_color":"C0DEED","location":"Pittsburgh and Washington ","is_translator":false,"contributors_enabled":false,"screen_name":"RickSantorum","profile_use_background_image":true,"url":"http:\/\/ricksantorum.com","id_str":"58379000","show_all_inline_media":false,"profile_background_image_url_https":"https:\/\/si0.twimg.com\/profile_background_images\/293842067\/santorum-twitter-bg.jpg","profile_text_color":"333333","id":58379000,"listed_count":1457,"lang":"en","profile_background_image_url":"http:\/\/a2.twimg.com\/profile_background_images\/293842067\/santorum-twitter-bg.jpg","friends_count":96},"contributors":null,"in_reply_to_status_id":103679955933736961,"source":"<a href=\"http:\/\/twitter.com\/download\/android\" rel=\"nofollow\">Twitter for Android<\/a>","id_str":"103821084561899520","geo":null,"favorited":false,"id":103821084561899520,"coordinates":null,"in_reply_to_user_id":340586089,"truncated":false,"text":"@BFExaminer Karen breastfed all our kids - great emotional and physical benefits. She discretely breastfed in public because kids get hungry","name":"RickSantorum","boldText":"@BFExaminer Karen breast<B>fed<\/B> all our kids - great emotional and physical benefits. She discretely breast<B>fed<\/B> in public because kids get hungry"}]