[{"place":null,"retweet_count":"100+","in_reply_to_screen_name":null,"created_at":"Wed Oct 19 01:15:11 +0000 2011","retweeted":false,"in_reply_to_status_id_str":null,"in_reply_to_user_id_str":null,"user":{"time_zone":"Eastern Time (US & Canada)","profile_link_color":"0084B4","protected":false,"created_at":"Fri Apr 03 15:42:24 +0000 2009","profile_image_url_https":"https:\/\/si0.twimg.com\/profile_images\/188270520\/web_large_normal.jpg","name":"Herman Cain","geo_enabled":false,"favourites_count":1,"profile_background_color":"C0DEED","default_profile_image":false,"notifications":false,"profile_background_tile":false,"utc_offset":-18000,"description":"Official Twitter page of Republican presidential candidate Herman Cain.\r\n\r\nConnect on Facebook: http:\/\/www.facebook.com\/THEHermanCain","statuses_count":1735,"following":true,"verified":true,"profile_sidebar_fill_color":"DDEEF6","followers_count":153390,"profile_image_url":"http:\/\/a3.twimg.com\/profile_images\/188270520\/web_large_normal.jpg","follow_request_sent":false,"profile_sidebar_border_color":"C0DEED","location":"Stockbridge, Georgia","is_translator":false,"default_profile":false,"contributors_enabled":true,"screen_name":"THEHermanCain","profile_use_background_image":true,"url":"http:\/\/www.hermancain.com","id_str":"28587919","show_all_inline_media":false,"profile_background_image_url_https":"https:\/\/si0.twimg.com\/profile_background_images\/345135828\/twitter-background-EJ-10-5-web.jpg","profile_text_color":"333333","id":28587919,"listed_count":3619,"lang":"en","profile_background_image_url":"http:\/\/a2.twimg.com\/profile_background_images\/345135828\/twitter-background-EJ-10-5-web.jpg","friends_count":1749},"contributors":null,"in_reply_to_status_id":null,"source":"<a href=\"http:\/\/www.tweetdeck.com\" rel=\"nofollow\">TweetDeck<\/a>","id_str":"126466388113108992","geo":null,"favorited":false,"id":126466388113108992,"coordinates":null,"in_reply_to_user_id":null,"truncated":false,"text":"What does #OWS want? For the bankers to come down and write them a check? #cnndebate","name":"THEHermanCain","boldText":"What does #OWS want? For the <B>bank<\/B>ers to come down and write them a check? #cnndebate"},{"possibly_sensitive":false,"place":null,"retweet_count":2,"in_reply_to_screen_name":null,"created_at":"Thu Oct 13 18:11:58 +0000 2011","retweeted":false,"in_reply_to_status_id_str":null,"in_reply_to_user_id_str":null,"user":{"time_zone":null,"profile_link_color":"0084B4","protected":false,"created_at":"Thu Dec 16 06:48:40 +0000 2010","profile_image_url_https":"https:\/\/si0.twimg.com\/profile_images\/1214948591\/C4C_2_150x200_normal.jpg","name":"American Patriots","geo_enabled":false,"favourites_count":1,"profile_background_color":"022330","default_profile_image":false,"notifications":null,"profile_background_tile":false,"utc_offset":null,"description":"A collection of citizen activists solely dedicated to getting Herman Cain the GOP nomination in 2012","statuses_count":886,"following":null,"verified":false,"profile_sidebar_fill_color":"C0DFEC","followers_count":3137,"profile_image_url":"http:\/\/a1.twimg.com\/profile_images\/1214948591\/C4C_2_150x200_normal.jpg","default_profile":false,"follow_request_sent":null,"profile_sidebar_border_color":"a8c7f7","location":"USA","is_translator":false,"contributors_enabled":false,"screen_name":"Citizens4Cain","profile_use_background_image":true,"url":"http:\/\/citizens4cain.com","id_str":"227217577","show_all_inline_media":false,"profile_background_image_url_https":"https:\/\/si0.twimg.com\/images\/themes\/theme15\/bg.png","profile_text_color":"333333","id":227217577,"listed_count":100,"lang":"en","profile_background_image_url":"http:\/\/a0.twimg.com\/images\/themes\/theme15\/bg.png","friends_count":1004},"contributors":null,"in_reply_to_status_id":null,"source":"<a href=\"http:\/\/twitterfeed.com\" rel=\"nofollow\">twitterfeed<\/a>","id_str":"124547943041732609","geo":null,"favorited":false,"id":124547943041732609,"coordinates":null,"in_reply_to_user_id":null,"truncated":false,"text":"Godfather of Supply-Side Economics Supports Cain\u2019s \u20199-9-9\u2032 Plan: From HUMAN EVENTS: The Godfather... http:\/\/t.co\/WeGr7Vap #tcot #GOP2012","name":"Citizens4Cain","boldText":"Godfather of Supply-Side <B>Economic<\/B>s Supports Cain\u2019s \u20199-9-9\u2032 Plan: From HUMAN EVENTS: The Godfather... http:\/\/t.co\/WeGr7Vap #tcot #GOP2012"},{"place":null,"retweet_count":1,"in_reply_to_screen_name":"MDMRN","created_at":"Wed Oct 12 01:05:09 +0000 2011","retweeted":false,"in_reply_to_status_id_str":"123926700999458816","in_reply_to_user_id_str":"17944319","user":{"time_zone":null,"profile_link_color":"0084B4","protected":false,"created_at":"Thu May 05 17:49:32 +0000 2011","profile_image_url_https":"https:\/\/si0.twimg.com\/profile_images\/1418784344\/HermanCain2_normal.jpg","name":"Cain Staff","geo_enabled":false,"favourites_count":0,"profile_background_color":"C0DEED","default_profile_image":false,"default_profile":false,"notifications":null,"profile_background_tile":false,"utc_offset":null,"description":"Herman Cain staffers who interact with friends and supporters of Mr. Cain. Visit http:\/\/www.ARealLeader.com to learn more, volunteer and donate.","statuses_count":2039,"following":null,"verified":false,"profile_sidebar_fill_color":"DDEEF6","followers_count":6703,"profile_image_url":"http:\/\/a3.twimg.com\/profile_images\/1418784344\/HermanCain2_normal.jpg","follow_request_sent":null,"profile_sidebar_border_color":"C0DEED","location":"Stockbridge, GA","is_translator":false,"contributors_enabled":false,"screen_name":"CainStaff","profile_use_background_image":true,"url":"http:\/\/hermancain.com","id_str":"293627808","show_all_inline_media":false,"profile_background_image_url_https":"https:\/\/si0.twimg.com\/profile_background_images\/246507875\/caintwitbkgd.gif","profile_text_color":"333333","id":293627808,"listed_count":189,"lang":"en","profile_background_image_url":"http:\/\/a3.twimg.com\/profile_background_images\/246507875\/caintwitbkgd.gif","friends_count":1953},"contributors":null,"in_reply_to_status_id":123926700999458816,"source":"web","id_str":"123927151077634048","geo":null,"favorited":false,"id":123927151077634048,"coordinates":null,"in_reply_to_user_id":17944319,"truncated":false,"text":"@MDMRN #999 is only one piece of the puzzle. Mr. Cain would advocate for major cuts in gov't spending.","name":"CainStaff","boldText":"@MDMRN #999 is only one piece of the puzzle. Mr. Cain would advocate for major <B>cut<\/B>s in gov't <B>spending<\/B>."},{"place":null,"retweet_count":"100+","in_reply_to_screen_name":null,"created_at":"Wed Oct 12 00:51:18 +0000 2011","retweeted":false,"in_reply_to_status_id_str":null,"in_reply_to_user_id_str":null,"user":{"time_zone":"Eastern Time (US & Canada)","profile_link_color":"0084B4","protected":false,"created_at":"Fri Apr 03 15:42:24 +0000 2009","profile_image_url_https":"https:\/\/si0.twimg.com\/profile_images\/188270520\/web_large_normal.jpg","name":"Herman Cain","geo_enabled":false,"favourites_count":1,"profile_background_color":"C0DEED","default_profile_image":false,"notifications":null,"profile_background_tile":false,"utc_offset":-18000,"description":"Official Twitter page of Republican presidential candidate Herman Cain.\r\n\r\nConnect on Facebook: http:\/\/www.facebook.com\/THEHermanCain","statuses_count":1735,"following":null,"verified":true,"profile_sidebar_fill_color":"DDEEF6","followers_count":153570,"profile_image_url":"http:\/\/a3.twimg.com\/profile_images\/188270520\/web_large_normal.jpg","follow_request_sent":null,"profile_sidebar_border_color":"C0DEED","location":"Stockbridge, Georgia","is_translator":false,"default_profile":false,"contributors_enabled":true,"screen_name":"THEHermanCain","profile_use_background_image":true,"url":"http:\/\/www.hermancain.com","id_str":"28587919","show_all_inline_media":false,"profile_background_image_url_https":"https:\/\/si0.twimg.com\/profile_background_images\/345135828\/twitter-background-EJ-10-5-web.jpg","profile_text_color":"333333","id":28587919,"listed_count":3624,"lang":"en","profile_background_image_url":"http:\/\/a2.twimg.com\/profile_background_images\/345135828\/twitter-background-EJ-10-5-web.jpg","friends_count":1749},"contributors":null,"in_reply_to_status_id":null,"source":"<a href=\"http:\/\/www.tweetdeck.com\" rel=\"nofollow\">TweetDeck<\/a>","id_str":"123923663056674816","geo":null,"favorited":false,"id":123923663056674816,"coordinates":null,"in_reply_to_user_id":null,"truncated":false,"text":"Production drives the economy, risk taking drives growth, and we need sound money; measurements must be dependable! #econdebate","name":"THEHermanCain","boldText":"Production drives the economy, risk taking drives <B>growth<\/B>, and we need sound money; measurements must be dependable! #econdebate"},{"place":null,"retweet_count":16,"in_reply_to_screen_name":null,"created_at":"Wed Oct 12 00:43:47 +0000 2011","retweeted":false,"in_reply_to_status_id_str":null,"in_reply_to_user_id_str":null,"user":{"time_zone":null,"profile_link_color":"0084B4","protected":false,"created_at":"Thu May 05 17:49:32 +0000 2011","profile_image_url_https":"https:\/\/si0.twimg.com\/profile_images\/1418784344\/HermanCain2_normal.jpg","name":"Cain Staff","geo_enabled":false,"favourites_count":0,"profile_background_color":"C0DEED","default_profile_image":false,"default_profile":false,"notifications":null,"profile_background_tile":false,"utc_offset":null,"description":"Herman Cain staffers who interact with friends and supporters of Mr. Cain. Visit http:\/\/www.ARealLeader.com to learn more, volunteer and donate.","statuses_count":2039,"following":null,"verified":false,"profile_sidebar_fill_color":"DDEEF6","followers_count":6703,"profile_image_url":"http:\/\/a3.twimg.com\/profile_images\/1418784344\/HermanCain2_normal.jpg","follow_request_sent":null,"profile_sidebar_border_color":"C0DEED","location":"Stockbridge, GA","is_translator":false,"contributors_enabled":false,"screen_name":"CainStaff","profile_use_background_image":true,"url":"http:\/\/hermancain.com","id_str":"293627808","show_all_inline_media":false,"profile_background_image_url_https":"https:\/\/si0.twimg.com\/profile_background_images\/246507875\/caintwitbkgd.gif","profile_text_color":"333333","id":293627808,"listed_count":189,"lang":"en","profile_background_image_url":"http:\/\/a3.twimg.com\/profile_background_images\/246507875\/caintwitbkgd.gif","friends_count":1953},"contributors":null,"in_reply_to_status_id":null,"source":"web","id_str":"123921773661130752","geo":null,"favorited":false,"id":123921773661130752,"coordinates":null,"in_reply_to_user_id":null,"truncated":false,"text":"Recommend a \"draconian\" cut in liberal moderators. #justsaying #econdebate #GOP","name":"CainStaff","boldText":"Recommend a \"draconian\" <B>cut<\/B> in liberal moderators. #justsaying #econdebate #GOP"},{"place":null,"retweet_count":66,"in_reply_to_screen_name":null,"created_at":"Wed Oct 12 00:28:32 +0000 2011","retweeted":false,"in_reply_to_status_id_str":null,"in_reply_to_user_id_str":null,"user":{"time_zone":"Eastern Time (US & Canada)","profile_link_color":"0084B4","protected":false,"created_at":"Fri Apr 03 15:42:24 +0000 2009","profile_image_url_https":"https:\/\/si0.twimg.com\/profile_images\/188270520\/web_large_normal.jpg","name":"Herman Cain","geo_enabled":false,"favourites_count":1,"profile_background_color":"C0DEED","default_profile_image":false,"notifications":null,"profile_background_tile":false,"utc_offset":-18000,"description":"Official Twitter page of Republican presidential candidate Herman Cain.\r\n\r\nConnect on Facebook: http:\/\/www.facebook.com\/THEHermanCain","statuses_count":1735,"following":null,"verified":true,"profile_sidebar_fill_color":"DDEEF6","followers_count":153570,"profile_image_url":"http:\/\/a3.twimg.com\/profile_images\/188270520\/web_large_normal.jpg","follow_request_sent":null,"profile_sidebar_border_color":"C0DEED","location":"Stockbridge, Georgia","is_translator":false,"default_profile":false,"contributors_enabled":true,"screen_name":"THEHermanCain","profile_use_background_image":true,"url":"http:\/\/www.hermancain.com","id_str":"28587919","show_all_inline_media":false,"profile_background_image_url_https":"https:\/\/si0.twimg.com\/profile_background_images\/345135828\/twitter-background-EJ-10-5-web.jpg","profile_text_color":"333333","id":28587919,"listed_count":3624,"lang":"en","profile_background_image_url":"http:\/\/a2.twimg.com\/profile_background_images\/345135828\/twitter-background-EJ-10-5-web.jpg","friends_count":1749},"contributors":null,"in_reply_to_status_id":null,"source":"<a href=\"http:\/\/www.tweetdeck.com\" rel=\"nofollow\">TweetDeck<\/a>","id_str":"123917933629030400","geo":null,"favorited":false,"id":123917933629030400,"coordinates":null,"in_reply_to_user_id":null,"truncated":false,"text":"My economic advisers come from the American people! #econdebate","name":"THEHermanCain","boldText":"My <B>economic<\/B> advisers come from the American people! #econdebate"},{"place":null,"retweet_count":"100+","in_reply_to_screen_name":null,"created_at":"Wed Oct 12 00:08:21 +0000 2011","retweeted":false,"in_reply_to_status_id_str":null,"in_reply_to_user_id_str":null,"user":{"time_zone":"Eastern Time (US & Canada)","profile_link_color":"0084B4","protected":false,"created_at":"Fri Apr 03 15:42:24 +0000 2009","profile_image_url_https":"https:\/\/si0.twimg.com\/profile_images\/188270520\/web_large_normal.jpg","name":"Herman Cain","geo_enabled":false,"favourites_count":1,"profile_background_color":"C0DEED","default_profile_image":false,"notifications":null,"profile_background_tile":false,"utc_offset":-18000,"description":"Official Twitter page of Republican presidential candidate Herman Cain.\r\n\r\nConnect on Facebook: http:\/\/www.facebook.com\/THEHermanCain","statuses_count":1735,"following":null,"verified":true,"profile_sidebar_fill_color":"DDEEF6","followers_count":153570,"profile_image_url":"http:\/\/a3.twimg.com\/profile_images\/188270520\/web_large_normal.jpg","follow_request_sent":null,"profile_sidebar_border_color":"C0DEED","location":"Stockbridge, Georgia","is_translator":false,"default_profile":false,"contributors_enabled":true,"screen_name":"THEHermanCain","profile_use_background_image":true,"url":"http:\/\/www.hermancain.com","id_str":"28587919","show_all_inline_media":false,"profile_background_image_url_https":"https:\/\/si0.twimg.com\/profile_background_images\/345135828\/twitter-background-EJ-10-5-web.jpg","profile_text_color":"333333","id":28587919,"listed_count":3624,"lang":"en","profile_background_image_url":"http:\/\/a2.twimg.com\/profile_background_images\/345135828\/twitter-background-EJ-10-5-web.jpg","friends_count":1749},"contributors":null,"in_reply_to_status_id":null,"source":"<a href=\"http:\/\/www.tweetdeck.com\" rel=\"nofollow\">TweetDeck<\/a>","id_str":"123912854205247488","geo":null,"favorited":false,"id":123912854205247488,"coordinates":null,"in_reply_to_user_id":null,"truncated":false,"text":"We must grow this economy with the #999 plan & get serious about not creating annual deficits #econdebate","name":"THEHermanCain","boldText":"We must grow this economy with the #999 plan & get serious about not creating annual <B>deficit<\/B>s #econdebate"},{"possibly_sensitive":false,"place":null,"retweet_count":73,"in_reply_to_screen_name":null,"created_at":"Tue Sep 27 20:08:21 +0000 2011","retweeted":false,"in_reply_to_status_id_str":null,"in_reply_to_user_id_str":null,"user":{"time_zone":"Eastern Time (US & Canada)","profile_link_color":"0084B4","protected":false,"created_at":"Fri Apr 03 15:42:24 +0000 2009","profile_image_url_https":"https:\/\/si0.twimg.com\/profile_images\/188270520\/web_large_normal.jpg","name":"Herman Cain","geo_enabled":false,"favourites_count":1,"profile_background_color":"C0DEED","default_profile_image":false,"notifications":null,"profile_background_tile":false,"utc_offset":-18000,"description":"Official Twitter page of Republican presidential candidate Herman Cain.\r\n\r\nConnect on Facebook: http:\/\/www.facebook.com\/THEHermanCain","statuses_count":1735,"following":null,"verified":true,"profile_sidebar_fill_color":"DDEEF6","followers_count":153570,"profile_image_url":"http:\/\/a3.twimg.com\/profile_images\/188270520\/web_large_normal.jpg","follow_request_sent":null,"profile_sidebar_border_color":"C0DEED","location":"Stockbridge, Georgia","is_translator":false,"default_profile":false,"contributors_enabled":true,"screen_name":"THEHermanCain","profile_use_background_image":true,"url":"http:\/\/www.hermancain.com","id_str":"28587919","show_all_inline_media":false,"profile_background_image_url_https":"https:\/\/si0.twimg.com\/profile_background_images\/345135828\/twitter-background-EJ-10-5-web.jpg","profile_text_color":"333333","id":28587919,"listed_count":3624,"lang":"en","profile_background_image_url":"http:\/\/a2.twimg.com\/profile_background_images\/345135828\/twitter-background-EJ-10-5-web.jpg","friends_count":1749},"contributors":null,"in_reply_to_status_id":null,"source":"<a href=\"http:\/\/www.tweetdeck.com\" rel=\"nofollow\">TweetDeck<\/a>","id_str":"118779028567113728","geo":null,"favorited":false,"id":118779028567113728,"coordinates":null,"in_reply_to_user_id":null,"truncated":false,"text":"RT @JedediahBila: @THEHermanCain has 2 ingredients that are resonating powerfully w\/ voters: executive experie\u2026 (cont) http:\/\/t.co\/u5lTudID","name":"THEHermanCain","boldText":"RT @JedediahBila: @THEHermanCain has 2 ingredients that are resonating powerfully w\/ voters: exe<B>cut<\/B>ive experie\u2026 (cont) http:\/\/t.co\/u5lTudID"},{"place":null,"retweet_count":35,"in_reply_to_screen_name":null,"created_at":"Sun Sep 18 13:24:07 +0000 2011","retweeted":false,"in_reply_to_status_id_str":null,"in_reply_to_user_id_str":null,"user":{"time_zone":"Eastern Time (US & Canada)","profile_link_color":"0084B4","protected":false,"created_at":"Fri Apr 03 15:42:24 +0000 2009","profile_image_url_https":"https:\/\/si0.twimg.com\/profile_images\/188270520\/web_large_normal.jpg","name":"Herman Cain","geo_enabled":false,"favourites_count":1,"profile_background_color":"C0DEED","default_profile_image":false,"notifications":null,"profile_background_tile":false,"utc_offset":-18000,"description":"Official Twitter page of Republican presidential candidate Herman Cain.\r\n\r\nConnect on Facebook: http:\/\/www.facebook.com\/THEHermanCain","statuses_count":1735,"following":null,"verified":true,"profile_sidebar_fill_color":"DDEEF6","followers_count":153570,"profile_image_url":"http:\/\/a3.twimg.com\/profile_images\/188270520\/web_large_normal.jpg","follow_request_sent":null,"profile_sidebar_border_color":"C0DEED","location":"Stockbridge, Georgia","is_translator":false,"default_profile":false,"contributors_enabled":true,"screen_name":"THEHermanCain","profile_use_background_image":true,"url":"http:\/\/www.hermancain.com","id_str":"28587919","show_all_inline_media":false,"profile_background_image_url_https":"https:\/\/si0.twimg.com\/profile_background_images\/345135828\/twitter-background-EJ-10-5-web.jpg","profile_text_color":"333333","id":28587919,"listed_count":3624,"lang":"en","profile_background_image_url":"http:\/\/a2.twimg.com\/profile_background_images\/345135828\/twitter-background-EJ-10-5-web.jpg","friends_count":1749},"contributors":null,"in_reply_to_status_id":null,"source":"<a href=\"http:\/\/www.tweetdeck.com\" rel=\"nofollow\">TweetDeck<\/a>","id_str":"115415809010057217","geo":null,"favorited":false,"id":115415809010057217,"coordinates":null,"in_reply_to_user_id":null,"truncated":false,"text":"RT @FoxNewsSunday: @thehermancain says uncertainty is killing the economy and cutting payroll tax 'too little, too late' #999","name":"THEHermanCain","boldText":"RT @FoxNewsSunday: @thehermancain says uncertainty is killing the economy and <B>cut<\/B>ting payroll tax 'too little, too late' #999"},{"place":null,"retweet_count":40,"in_reply_to_screen_name":null,"created_at":"Thu Sep 15 22:16:38 +0000 2011","retweeted":false,"in_reply_to_status_id_str":null,"in_reply_to_user_id_str":null,"user":{"time_zone":"Eastern Time (US & Canada)","profile_link_color":"0084B4","protected":false,"created_at":"Fri Apr 03 15:42:24 +0000 2009","profile_image_url_https":"https:\/\/si0.twimg.com\/profile_images\/188270520\/web_large_normal.jpg","name":"Herman Cain","geo_enabled":false,"favourites_count":1,"profile_background_color":"C0DEED","default_profile_image":false,"notifications":null,"profile_background_tile":false,"utc_offset":-18000,"description":"Official Twitter page of Republican presidential candidate Herman Cain.\r\n\r\nConnect on Facebook: http:\/\/www.facebook.com\/THEHermanCain","statuses_count":1735,"following":null,"verified":true,"profile_sidebar_fill_color":"DDEEF6","followers_count":153570,"profile_image_url":"http:\/\/a3.twimg.com\/profile_images\/188270520\/web_large_normal.jpg","follow_request_sent":null,"profile_sidebar_border_color":"C0DEED","location":"Stockbridge, Georgia","is_translator":false,"default_profile":false,"contributors_enabled":true,"screen_name":"THEHermanCain","profile_use_background_image":true,"url":"http:\/\/www.hermancain.com","id_str":"28587919","show_all_inline_media":false,"profile_background_image_url_https":"https:\/\/si0.twimg.com\/profile_background_images\/345135828\/twitter-background-EJ-10-5-web.jpg","profile_text_color":"333333","id":28587919,"listed_count":3624,"lang":"en","profile_background_image_url":"http:\/\/a2.twimg.com\/profile_background_images\/345135828\/twitter-background-EJ-10-5-web.jpg","friends_count":1749},"contributors":null,"in_reply_to_status_id":null,"source":"<a href=\"http:\/\/www.tweetdeck.com\" rel=\"nofollow\">TweetDeck<\/a>","id_str":"114462658161418240","geo":null,"favorited":false,"id":114462658161418240,"coordinates":null,"in_reply_to_user_id":null,"truncated":false,"text":"RT @CainPress: At 9 a.m. EDT this Sunday, @THEHermanCain will appear on Fox News Sunday to discuss economic plan. #tcot","name":"THEHermanCain","boldText":"RT @CainPress: At 9 a.m. EDT this Sunday, @THEHermanCain will appear on Fox News Sunday to discuss <B>economic<\/B> plan. #tcot"},{"id_str":"114389026361974784","place":null,"retweeted":false,"created_at":"Thu Sep 15 17:24:03 +0000 2011","in_reply_to_status_id_str":null,"in_reply_to_user_id":null,"in_reply_to_user_id_str":null,"contributors":null,"user":{"id_str":"227217577","time_zone":null,"created_at":"Thu Dec 16 06:48:40 +0000 2010","profile_text_color":"333333","protected":false,"default_profile_image":false,"profile_background_image_url":"http:\/\/a0.twimg.com\/images\/themes\/theme15\/bg.png","name":"American Patriots","geo_enabled":false,"notifications":null,"profile_link_color":"0084B4","utc_offset":null,"favourites_count":1,"followers_count":3137,"profile_image_url":"http:\/\/a1.twimg.com\/profile_images\/1214948591\/C4C_2_150x200_normal.jpg","description":"A collection of citizen activists solely dedicated to getting Herman Cain the GOP nomination in 2012","default_profile":false,"follow_request_sent":null,"following":null,"verified":false,"friends_count":1004,"profile_background_color":"022330","is_translator":false,"profile_background_tile":false,"profile_background_image_url_https":"https:\/\/si0.twimg.com\/images\/themes\/theme15\/bg.png","location":"USA","profile_sidebar_fill_color":"C0DFEC","screen_name":"Citizens4Cain","contributors_enabled":false,"url":"http:\/\/citizens4cain.com","listed_count":100,"statuses_count":886,"profile_sidebar_border_color":"a8c7f7","profile_image_url_https":"https:\/\/si0.twimg.com\/profile_images\/1214948591\/C4C_2_150x200_normal.jpg","show_all_inline_media":false,"id":227217577,"lang":"en","profile_use_background_image":true},"possibly_sensitive":false,"retweet_count":1,"in_reply_to_status_id":null,"favorited":false,"geo":null,"source":"<a href=\"http:\/\/twitterfeed.com\" rel=\"nofollow\">twitterfeed<\/a>","coordinates":null,"in_reply_to_screen_name":null,"truncated":false,"id":114389026361974784,"text":"WSJ Editorial: My Plan to Revive Economic Growth: Today, the Wall Street Journal published Herman... http:\/\/t.co\/GY2w6zed #tcot #GOP2012","name":"Citizens4Cain","boldText":"WSJ Editorial: My Plan to Revive <B>Economic<\/B> <B><B>Growth<\/B><\/B>: Today, the Wall Street Journal published Herman... http:\/\/t.co\/GY2w6zed #tcot #GOP2012"},{"possibly_sensitive":false,"place":null,"retweet_count":"100+","in_reply_to_screen_name":null,"created_at":"Thu Sep 15 13:00:01 +0000 2011","retweeted":false,"in_reply_to_status_id_str":null,"in_reply_to_user_id_str":null,"user":{"time_zone":"Eastern Time (US & Canada)","profile_link_color":"0084B4","protected":false,"created_at":"Fri Apr 03 15:42:24 +0000 2009","profile_image_url_https":"https:\/\/si0.twimg.com\/profile_images\/188270520\/web_large_normal.jpg","name":"Herman Cain","geo_enabled":false,"favourites_count":1,"profile_background_color":"C0DEED","default_profile_image":false,"notifications":null,"profile_background_tile":false,"utc_offset":-18000,"description":"Official Twitter page of Republican presidential candidate Herman Cain.\r\n\r\nConnect on Facebook: http:\/\/www.facebook.com\/THEHermanCain","statuses_count":1735,"following":null,"verified":true,"profile_sidebar_fill_color":"DDEEF6","followers_count":153570,"profile_image_url":"http:\/\/a3.twimg.com\/profile_images\/188270520\/web_large_normal.jpg","follow_request_sent":null,"profile_sidebar_border_color":"C0DEED","location":"Stockbridge, Georgia","is_translator":false,"default_profile":false,"contributors_enabled":true,"screen_name":"THEHermanCain","profile_use_background_image":true,"url":"http:\/\/www.hermancain.com","id_str":"28587919","show_all_inline_media":false,"profile_background_image_url_https":"https:\/\/si0.twimg.com\/profile_background_images\/345135828\/twitter-background-EJ-10-5-web.jpg","profile_text_color":"333333","id":28587919,"listed_count":3624,"lang":"en","profile_background_image_url":"http:\/\/a2.twimg.com\/profile_background_images\/345135828\/twitter-background-EJ-10-5-web.jpg","friends_count":1749},"contributors":null,"in_reply_to_status_id":null,"source":"<a href=\"http:\/\/www.tweetdeck.com\" rel=\"nofollow\">TweetDeck<\/a>","id_str":"114322579745026049","geo":null,"favorited":false,"id":114322579745026049,"coordinates":null,"in_reply_to_user_id":null,"truncated":false,"text":"My Wall Street Journal editorial published today: \"My Plan to Revive Economic Growth\" http:\/\/t.co\/HwJr0pxI #tcot #2012","name":"THEHermanCain","boldText":"My Wall Street Journal editorial published today: \"My Plan to Revive <B>Economic<\/B> <B><B>Growth<\/B><\/B>\" http:\/\/t.co\/HwJr0pxI #tcot #2012"},{"id_str":"111634378563657729","place":null,"retweeted":false,"created_at":"Thu Sep 08 02:58:04 +0000 2011","in_reply_to_status_id_str":null,"in_reply_to_user_id":null,"in_reply_to_user_id_str":null,"contributors":null,"user":{"id_str":"227217577","time_zone":null,"created_at":"Thu Dec 16 06:48:40 +0000 2010","profile_text_color":"333333","protected":false,"default_profile_image":false,"profile_background_image_url":"http:\/\/a0.twimg.com\/images\/themes\/theme15\/bg.png","name":"American Patriots","geo_enabled":false,"notifications":null,"profile_link_color":"0084B4","utc_offset":null,"favourites_count":1,"followers_count":3137,"profile_image_url":"http:\/\/a1.twimg.com\/profile_images\/1214948591\/C4C_2_150x200_normal.jpg","description":"A collection of citizen activists solely dedicated to getting Herman Cain the GOP nomination in 2012","default_profile":false,"follow_request_sent":null,"following":null,"verified":false,"friends_count":1004,"profile_background_color":"022330","is_translator":false,"profile_background_tile":false,"profile_background_image_url_https":"https:\/\/si0.twimg.com\/images\/themes\/theme15\/bg.png","location":"USA","profile_sidebar_fill_color":"C0DFEC","screen_name":"Citizens4Cain","contributors_enabled":false,"url":"http:\/\/citizens4cain.com","listed_count":100,"statuses_count":886,"profile_sidebar_border_color":"a8c7f7","profile_image_url_https":"https:\/\/si0.twimg.com\/profile_images\/1214948591\/C4C_2_150x200_normal.jpg","show_all_inline_media":false,"id":227217577,"lang":"en","profile_use_background_image":true},"possibly_sensitive":false,"retweet_count":2,"in_reply_to_status_id":null,"favorited":false,"geo":null,"source":"<a href=\"http:\/\/twitterfeed.com\" rel=\"nofollow\">twitterfeed<\/a>","coordinates":null,"in_reply_to_screen_name":null,"truncated":false,"id":111634378563657729,"text":"Cain Touts Economic Plan and Job Creation Experience in Reagan Library Debate: \u00a0 \u00a0 (Simi Va... http:\/\/t.co\/T6iRKgt #tcot #GOP2012","name":"Citizens4Cain","boldText":"Cain Touts <B>Economic<\/B> Plan and Job Creation Experience in Reagan Library Debate: \u00a0 \u00a0 (Simi Va... http:\/\/t.co\/T6iRKgt #tcot #GOP2012"},{"id_str":"105425663875485697","place":null,"retweeted":false,"created_at":"Sun Aug 21 23:46:51 +0000 2011","in_reply_to_status_id_str":null,"in_reply_to_user_id":null,"in_reply_to_user_id_str":null,"contributors":null,"user":{"id_str":"227217577","time_zone":null,"created_at":"Thu Dec 16 06:48:40 +0000 2010","profile_text_color":"333333","protected":false,"default_profile_image":false,"profile_background_image_url":"http:\/\/a0.twimg.com\/images\/themes\/theme15\/bg.png","name":"American Patriots","geo_enabled":false,"notifications":null,"profile_link_color":"0084B4","utc_offset":null,"favourites_count":1,"followers_count":3137,"profile_image_url":"http:\/\/a1.twimg.com\/profile_images\/1214948591\/C4C_2_150x200_normal.jpg","description":"A collection of citizen activists solely dedicated to getting Herman Cain the GOP nomination in 2012","default_profile":false,"follow_request_sent":null,"following":null,"verified":false,"friends_count":1004,"profile_background_color":"022330","is_translator":false,"profile_background_tile":false,"profile_background_image_url_https":"https:\/\/si0.twimg.com\/images\/themes\/theme15\/bg.png","location":"USA","profile_sidebar_fill_color":"C0DFEC","screen_name":"Citizens4Cain","contributors_enabled":false,"url":"http:\/\/citizens4cain.com","listed_count":100,"statuses_count":886,"profile_sidebar_border_color":"a8c7f7","profile_image_url_https":"https:\/\/si0.twimg.com\/profile_images\/1214948591\/C4C_2_150x200_normal.jpg","show_all_inline_media":false,"id":227217577,"lang":"en","profile_use_background_image":true},"possibly_sensitive":false,"retweet_count":7,"in_reply_to_status_id":null,"favorited":false,"geo":null,"source":"<a href=\"http:\/\/twitterfeed.com\" rel=\"nofollow\">twitterfeed<\/a>","coordinates":null,"in_reply_to_screen_name":null,"truncated":false,"id":105425663875485697,"text":"Mr. President, You\u2019re Fired! (But if you refuse to leave, here\u2019s an economic plan for you): By He... http:\/\/t.co\/s6biaAD #tcot #GOP2012","name":"Citizens4Cain","boldText":"Mr. President, You\u2019re Fired! (But if you refuse to leave, here\u2019s an <B>economic<\/B> plan for you): By He... http:\/\/t.co\/s6biaAD #tcot #GOP2012"},{"id_str":"104301244046249984","place":null,"retweeted":false,"created_at":"Thu Aug 18 21:18:49 +0000 2011","in_reply_to_status_id_str":null,"in_reply_to_user_id":null,"in_reply_to_user_id_str":null,"contributors":null,"user":{"id_str":"227217577","time_zone":null,"created_at":"Thu Dec 16 06:48:40 +0000 2010","profile_text_color":"333333","protected":false,"default_profile_image":false,"profile_background_image_url":"http:\/\/a0.twimg.com\/images\/themes\/theme15\/bg.png","name":"American Patriots","geo_enabled":false,"notifications":null,"profile_link_color":"0084B4","utc_offset":null,"favourites_count":1,"followers_count":3137,"profile_image_url":"http:\/\/a1.twimg.com\/profile_images\/1214948591\/C4C_2_150x200_normal.jpg","description":"A collection of citizen activists solely dedicated to getting Herman Cain the GOP nomination in 2012","default_profile":false,"follow_request_sent":null,"following":null,"verified":false,"friends_count":1004,"profile_background_color":"022330","is_translator":false,"profile_background_tile":false,"profile_background_image_url_https":"https:\/\/si0.twimg.com\/images\/themes\/theme15\/bg.png","location":"USA","profile_sidebar_fill_color":"C0DFEC","screen_name":"Citizens4Cain","contributors_enabled":false,"url":"http:\/\/citizens4cain.com","listed_count":100,"statuses_count":886,"profile_sidebar_border_color":"a8c7f7","profile_image_url_https":"https:\/\/si0.twimg.com\/profile_images\/1214948591\/C4C_2_150x200_normal.jpg","show_all_inline_media":false,"id":227217577,"lang":"en","profile_use_background_image":true},"possibly_sensitive":false,"retweet_count":6,"in_reply_to_status_id":null,"favorited":false,"geo":null,"source":"<a href=\"http:\/\/twitterfeed.com\" rel=\"nofollow\">twitterfeed<\/a>","coordinates":null,"in_reply_to_screen_name":null,"truncated":false,"id":104301244046249984,"text":"Cain Announces His \u201cVision for Economic Growth\u201d: Cain Announces His \u201cVision for Economic Growth\u201d ... http:\/\/t.co\/ANQYQ2P #tcot #GOP2012","name":"Citizens4Cain","boldText":"Cain Announces His \u201cVision for <B>Economic<\/B> <B><B>Growth<\/B><\/B>\u201d: Cain Announces His \u201cVision for <B>Economic<\/B> <B><B>Growth<\/B><\/B>\u201d ... http:\/\/t.co\/ANQYQ2P #tcot #GOP2012"},{"possibly_sensitive":false,"place":null,"retweet_count":3,"in_reply_to_screen_name":null,"created_at":"Wed Aug 17 22:42:51 +0000 2011","retweeted":false,"in_reply_to_status_id_str":null,"in_reply_to_user_id_str":null,"user":{"time_zone":null,"profile_link_color":"0084B4","protected":false,"created_at":"Thu Dec 16 06:48:40 +0000 2010","profile_image_url_https":"https:\/\/si0.twimg.com\/profile_images\/1214948591\/C4C_2_150x200_normal.jpg","name":"American Patriots","geo_enabled":false,"favourites_count":1,"profile_background_color":"022330","default_profile_image":false,"notifications":null,"profile_background_tile":false,"utc_offset":null,"description":"A collection of citizen activists solely dedicated to getting Herman Cain the GOP nomination in 2012","statuses_count":886,"following":null,"verified":false,"profile_sidebar_fill_color":"C0DFEC","followers_count":3137,"profile_image_url":"http:\/\/a1.twimg.com\/profile_images\/1214948591\/C4C_2_150x200_normal.jpg","follow_request_sent":null,"profile_sidebar_border_color":"a8c7f7","location":"USA","is_translator":false,"default_profile":false,"contributors_enabled":false,"screen_name":"Citizens4Cain","profile_use_background_image":true,"url":"http:\/\/citizens4cain.com","id_str":"227217577","show_all_inline_media":false,"profile_background_image_url_https":"https:\/\/si0.twimg.com\/images\/themes\/theme15\/bg.png","profile_text_color":"333333","id":227217577,"listed_count":100,"lang":"en","profile_background_image_url":"http:\/\/a0.twimg.com\/images\/themes\/theme15\/bg.png","friends_count":1004},"contributors":null,"in_reply_to_status_id":null,"source":"<a href=\"http:\/\/twitterfeed.com\" rel=\"nofollow\">twitterfeed<\/a>","id_str":"103960005300060161","geo":null,"favorited":false,"id":103960005300060161,"coordinates":null,"in_reply_to_user_id":null,"truncated":false,"text":"Cain to Detail \u201cCain\u2019s Vision for Economic Growth\u201d in South Carolina: Cain to Detail \u201cCain\u2019s Visi... http:\/\/t.co\/tW0Qx9E #tcot #GOP2012","name":"Citizens4Cain","boldText":"Cain to Detail \u201cCain\u2019s Vision for <B>Economic<\/B> <B><B>Growth<\/B><\/B>\u201d in South Carolina: Cain to Detail \u201cCain\u2019s Visi... http:\/\/t.co\/tW0Qx9E #tcot #GOP2012"},{"place":null,"retweet_count":0,"in_reply_to_screen_name":null,"created_at":"Sun Aug 14 05:18:11 +0000 2011","retweeted":false,"in_reply_to_status_id_str":null,"in_reply_to_user_id_str":null,"user":{"time_zone":null,"profile_link_color":"0084B4","protected":false,"created_at":"Thu Dec 16 06:48:40 +0000 2010","profile_image_url_https":"https:\/\/si0.twimg.com\/profile_images\/1214948591\/C4C_2_150x200_normal.jpg","name":"American Patriots","geo_enabled":false,"favourites_count":1,"profile_background_color":"022330","default_profile_image":false,"notifications":null,"profile_background_tile":false,"utc_offset":null,"description":"A collection of citizen activists solely dedicated to getting Herman Cain the GOP nomination in 2012","statuses_count":886,"following":null,"verified":false,"profile_sidebar_fill_color":"C0DFEC","followers_count":3137,"profile_image_url":"http:\/\/a1.twimg.com\/profile_images\/1214948591\/C4C_2_150x200_normal.jpg","follow_request_sent":null,"profile_sidebar_border_color":"a8c7f7","location":"USA","is_translator":false,"default_profile":false,"contributors_enabled":false,"screen_name":"Citizens4Cain","profile_use_background_image":true,"url":"http:\/\/citizens4cain.com","id_str":"227217577","show_all_inline_media":false,"profile_background_image_url_https":"https:\/\/si0.twimg.com\/images\/themes\/theme15\/bg.png","profile_text_color":"333333","id":227217577,"listed_count":100,"lang":"en","profile_background_image_url":"http:\/\/a0.twimg.com\/images\/themes\/theme15\/bg.png","friends_count":1004},"contributors":null,"in_reply_to_status_id":null,"source":"web","id_str":"102609942334275585","geo":null,"favorited":false,"id":102609942334275585,"coordinates":null,"in_reply_to_user_id":null,"truncated":false,"text":"Investment opportunity: Looking for Conservative equity partner for Video and media hosting site email uploadliberty@gmail(dot)com for info","name":"Citizens4Cain","boldText":"Investment opportunity: Looking for Conservative equity partner for Video and media hosting site email uploadliberty@gmail(dot)com for info"},{"id_str":"90799934357516288","place":null,"retweeted":false,"created_at":"Tue Jul 12 15:09:25 +0000 2011","in_reply_to_status_id_str":null,"in_reply_to_user_id":null,"in_reply_to_user_id_str":null,"contributors":null,"user":{"id_str":"227217577","time_zone":null,"created_at":"Thu Dec 16 06:48:40 +0000 2010","profile_text_color":"333333","protected":false,"default_profile_image":false,"profile_background_image_url":"http:\/\/a0.twimg.com\/images\/themes\/theme15\/bg.png","name":"American Patriots","geo_enabled":false,"notifications":null,"profile_link_color":"0084B4","utc_offset":null,"favourites_count":1,"followers_count":3137,"profile_image_url":"http:\/\/a1.twimg.com\/profile_images\/1214948591\/C4C_2_150x200_normal.jpg","description":"A collection of citizen activists solely dedicated to getting Herman Cain the GOP nomination in 2012","default_profile":false,"follow_request_sent":null,"following":null,"verified":false,"friends_count":1004,"profile_background_color":"022330","is_translator":false,"profile_background_tile":false,"profile_background_image_url_https":"https:\/\/si0.twimg.com\/images\/themes\/theme15\/bg.png","location":"USA","profile_sidebar_fill_color":"C0DFEC","screen_name":"Citizens4Cain","contributors_enabled":false,"url":"http:\/\/citizens4cain.com","listed_count":100,"statuses_count":886,"profile_sidebar_border_color":"a8c7f7","profile_image_url_https":"https:\/\/si0.twimg.com\/profile_images\/1214948591\/C4C_2_150x200_normal.jpg","show_all_inline_media":false,"id":227217577,"lang":"en","profile_use_background_image":true},"possibly_sensitive":false,"retweet_count":1,"in_reply_to_status_id":null,"favorited":false,"geo":null,"source":"<a href=\"http:\/\/twitterfeed.com\" rel=\"nofollow\">twitterfeed<\/a>","coordinates":null,"in_reply_to_screen_name":null,"truncated":false,"id":90799934357516288,"text":"Economic Vision, Part 3: A Fairer Tax: \u00a0 By: Herman Cain July 10, 2011 Paying taxes is a fact of ... http:\/\/bit.ly\/qid5za #tcot #GOP2012","name":"Citizens4Cain","boldText":"Economic Vision, Part 3: A Fairer Tax: \u00a0 By: Herman Cain July 10, 2011 Paying taxes is a fact of ... http:\/\/bit.ly\/qid5za #tcot #GOP2012"}]