[{"place":null,"retweet_count":"100+","in_reply_to_screen_name":null,"created_at":"Wed Oct 19 00:42:46 +0000 2011","retweeted":false,"in_reply_to_status_id_str":null,"in_reply_to_user_id_str":null,"user":{"time_zone":"Eastern Time (US & Canada)","profile_link_color":"0084B4","protected":false,"created_at":"Fri Apr 03 15:42:24 +0000 2009","profile_image_url_https":"https:\/\/si0.twimg.com\/profile_images\/188270520\/web_large_normal.jpg","name":"Herman Cain","geo_enabled":false,"favourites_count":1,"profile_background_color":"C0DEED","default_profile_image":false,"notifications":null,"profile_background_tile":false,"utc_offset":-18000,"description":"Official Twitter page of Republican presidential candidate Herman Cain.\r\n\r\nConnect on Facebook: http:\/\/www.facebook.com\/THEHermanCain","statuses_count":1735,"following":null,"verified":true,"profile_sidebar_fill_color":"DDEEF6","followers_count":153570,"profile_image_url":"http:\/\/a3.twimg.com\/profile_images\/188270520\/web_large_normal.jpg","follow_request_sent":null,"profile_sidebar_border_color":"C0DEED","location":"Stockbridge, Georgia","is_translator":false,"default_profile":false,"contributors_enabled":true,"screen_name":"THEHermanCain","profile_use_background_image":true,"url":"http:\/\/www.hermancain.com","id_str":"28587919","show_all_inline_media":false,"profile_background_image_url_https":"https:\/\/si0.twimg.com\/profile_background_images\/345135828\/twitter-background-EJ-10-5-web.jpg","profile_text_color":"333333","id":28587919,"listed_count":3624,"lang":"en","profile_background_image_url":"http:\/\/a2.twimg.com\/profile_background_images\/345135828\/twitter-background-EJ-10-5-web.jpg","friends_count":1749},"contributors":null,"in_reply_to_status_id":null,"source":"<a href=\"http:\/\/www.tweetdeck.com\" rel=\"nofollow\">TweetDeck<\/a>","id_str":"126458231714365441","geo":null,"favorited":false,"id":126458231714365441,"coordinates":null,"in_reply_to_user_id":null,"truncated":false,"text":"We need to completely repeal #Obamacare and start by replacing it with HR 3400! #cnndebate","name":"THEHermanCain","boldText":"We need to completely repeal #<B>Obamacare<\/B> and start by replacing it with HR 3400! #cnndebate"},{"place":null,"retweet_count":7,"in_reply_to_screen_name":null,"created_at":"Wed Oct 12 01:14:35 +0000 2011","retweeted":false,"in_reply_to_status_id_str":null,"in_reply_to_user_id_str":null,"user":{"time_zone":null,"profile_link_color":"0084B4","protected":false,"created_at":"Thu May 05 17:49:32 +0000 2011","profile_image_url_https":"https:\/\/si0.twimg.com\/profile_images\/1418784344\/HermanCain2_normal.jpg","name":"Cain Staff","geo_enabled":false,"favourites_count":0,"profile_background_color":"C0DEED","default_profile_image":false,"default_profile":false,"notifications":null,"profile_background_tile":false,"utc_offset":null,"description":"Herman Cain staffers who interact with friends and supporters of Mr. Cain. Visit http:\/\/www.ARealLeader.com to learn more, volunteer and donate.","statuses_count":2039,"following":null,"verified":false,"profile_sidebar_fill_color":"DDEEF6","followers_count":6703,"profile_image_url":"http:\/\/a3.twimg.com\/profile_images\/1418784344\/HermanCain2_normal.jpg","follow_request_sent":null,"profile_sidebar_border_color":"C0DEED","location":"Stockbridge, GA","is_translator":false,"contributors_enabled":false,"screen_name":"CainStaff","profile_use_background_image":true,"url":"http:\/\/hermancain.com","id_str":"293627808","show_all_inline_media":false,"profile_background_image_url_https":"https:\/\/si0.twimg.com\/profile_background_images\/246507875\/caintwitbkgd.gif","profile_text_color":"333333","id":293627808,"listed_count":189,"lang":"en","profile_background_image_url":"http:\/\/a3.twimg.com\/profile_background_images\/246507875\/caintwitbkgd.gif","friends_count":1953},"contributors":null,"in_reply_to_status_id":null,"source":"web","id_str":"123929521782145024","geo":null,"favorited":false,"id":123929521782145024,"coordinates":null,"in_reply_to_user_id":null,"truncated":false,"text":"Would we even have #Obamacare if MSM grilled Dem's on details like they grill #GOP?","name":"CainStaff","boldText":"Would we even have #<B>Obamacare<\/B> if MSM grilled Dem's on details like they grill #GOP?"},{"place":null,"retweet_count":0,"in_reply_to_screen_name":"KLSouth","created_at":"Wed Oct 12 01:07:11 +0000 2011","retweeted":false,"in_reply_to_status_id_str":"123927196728430592","in_reply_to_user_id_str":"32497478","user":{"time_zone":null,"profile_link_color":"0084B4","protected":false,"created_at":"Thu May 05 17:49:32 +0000 2011","profile_image_url_https":"https:\/\/si0.twimg.com\/profile_images\/1418784344\/HermanCain2_normal.jpg","name":"Cain Staff","geo_enabled":false,"favourites_count":0,"profile_background_color":"C0DEED","default_profile_image":false,"default_profile":false,"notifications":null,"profile_background_tile":false,"utc_offset":null,"description":"Herman Cain staffers who interact with friends and supporters of Mr. Cain. Visit http:\/\/www.ARealLeader.com to learn more, volunteer and donate.","statuses_count":2039,"following":null,"verified":false,"profile_sidebar_fill_color":"DDEEF6","followers_count":6703,"profile_image_url":"http:\/\/a3.twimg.com\/profile_images\/1418784344\/HermanCain2_normal.jpg","follow_request_sent":null,"profile_sidebar_border_color":"C0DEED","location":"Stockbridge, GA","is_translator":false,"contributors_enabled":false,"screen_name":"CainStaff","profile_use_background_image":true,"url":"http:\/\/hermancain.com","id_str":"293627808","show_all_inline_media":false,"profile_background_image_url_https":"https:\/\/si0.twimg.com\/profile_background_images\/246507875\/caintwitbkgd.gif","profile_text_color":"333333","id":293627808,"listed_count":189,"lang":"en","profile_background_image_url":"http:\/\/a3.twimg.com\/profile_background_images\/246507875\/caintwitbkgd.gif","friends_count":1953},"contributors":null,"in_reply_to_status_id":123927196728430592,"source":"web","id_str":"123927661537009664","geo":null,"favorited":false,"id":123927661537009664,"coordinates":null,"in_reply_to_user_id":32497478,"truncated":false,"text":"@KLSouth Needs to educate on phase 1 before phase 2. Clearly, many don't know benefits of #999 yet.","name":"CainStaff","boldText":"@KLSouth Needs to educate on phase 1 before phase 2. Clearly, many don't know <B>benefits<\/B> of #999 yet."},{"place":null,"retweet_count":"100+","in_reply_to_screen_name":null,"created_at":"Fri Sep 23 02:24:49 +0000 2011","retweeted":false,"in_reply_to_status_id_str":null,"in_reply_to_user_id_str":null,"user":{"time_zone":"Eastern Time (US & Canada)","profile_link_color":"0084B4","protected":false,"created_at":"Fri Apr 03 15:42:24 +0000 2009","profile_image_url_https":"https:\/\/si0.twimg.com\/profile_images\/188270520\/web_large_normal.jpg","name":"Herman Cain","geo_enabled":false,"favourites_count":1,"profile_background_color":"C0DEED","default_profile_image":false,"notifications":null,"profile_background_tile":false,"utc_offset":-18000,"description":"Official Twitter page of Republican presidential candidate Herman Cain.\r\n\r\nConnect on Facebook: http:\/\/www.facebook.com\/THEHermanCain","statuses_count":1735,"following":null,"verified":true,"profile_sidebar_fill_color":"DDEEF6","followers_count":153570,"profile_image_url":"http:\/\/a3.twimg.com\/profile_images\/188270520\/web_large_normal.jpg","follow_request_sent":null,"profile_sidebar_border_color":"C0DEED","location":"Stockbridge, Georgia","is_translator":false,"default_profile":false,"contributors_enabled":true,"screen_name":"THEHermanCain","profile_use_background_image":true,"url":"http:\/\/www.hermancain.com","id_str":"28587919","show_all_inline_media":false,"profile_background_image_url_https":"https:\/\/si0.twimg.com\/profile_background_images\/345135828\/twitter-background-EJ-10-5-web.jpg","profile_text_color":"333333","id":28587919,"listed_count":3624,"lang":"en","profile_background_image_url":"http:\/\/a2.twimg.com\/profile_background_images\/345135828\/twitter-background-EJ-10-5-web.jpg","friends_count":1749},"contributors":null,"in_reply_to_status_id":null,"source":"<a href=\"http:\/\/www.tweetdeck.com\" rel=\"nofollow\">TweetDeck<\/a>","id_str":"117061826616901632","geo":null,"favorited":false,"id":117061826616901632,"coordinates":null,"in_reply_to_user_id":null,"truncated":false,"text":"We need to get bureaucrats out of the business of trying to micromanage healthcare in this nation! #gopdebate #tcot","name":"THEHermanCain","boldText":"We need to get bureaucrats out of the business of trying to micromanage <B>healthcare<\/B> in this nation! #gopdebate #tcot"},{"place":null,"retweet_count":100,"in_reply_to_screen_name":null,"created_at":"Tue Sep 13 01:17:40 +0000 2011","retweeted":false,"in_reply_to_status_id_str":null,"in_reply_to_user_id_str":null,"user":{"time_zone":"Eastern Time (US & Canada)","profile_link_color":"0084B4","protected":false,"created_at":"Fri Apr 03 15:42:24 +0000 2009","profile_image_url_https":"https:\/\/si0.twimg.com\/profile_images\/188270520\/web_large_normal.jpg","name":"Herman Cain","geo_enabled":false,"favourites_count":1,"profile_background_color":"C0DEED","default_profile_image":false,"notifications":null,"profile_background_tile":false,"utc_offset":-18000,"description":"Official Twitter page of Republican presidential candidate Herman Cain.\r\n\r\nConnect on Facebook: http:\/\/www.facebook.com\/THEHermanCain","statuses_count":1735,"following":null,"verified":true,"profile_sidebar_fill_color":"DDEEF6","followers_count":153570,"profile_image_url":"http:\/\/a3.twimg.com\/profile_images\/188270520\/web_large_normal.jpg","follow_request_sent":null,"profile_sidebar_border_color":"C0DEED","location":"Stockbridge, Georgia","is_translator":false,"default_profile":false,"contributors_enabled":true,"screen_name":"THEHermanCain","profile_use_background_image":true,"url":"http:\/\/www.hermancain.com","id_str":"28587919","show_all_inline_media":false,"profile_background_image_url_https":"https:\/\/si0.twimg.com\/profile_background_images\/345135828\/twitter-background-EJ-10-5-web.jpg","profile_text_color":"333333","id":28587919,"listed_count":3624,"lang":"en","profile_background_image_url":"http:\/\/a2.twimg.com\/profile_background_images\/345135828\/twitter-background-EJ-10-5-web.jpg","friends_count":1749},"contributors":null,"in_reply_to_status_id":null,"source":"<a href=\"http:\/\/www.tweetdeck.com\" rel=\"nofollow\">TweetDeck<\/a>","id_str":"113421051106562049","geo":null,"favorited":false,"id":113421051106562049,"coordinates":null,"in_reply_to_user_id":null,"truncated":false,"text":"We must repeal Obamacare in it's entirety and pass patient centered reforms! #cnndebate","name":"THEHermanCain","boldText":"We must repeal <B>Obamacare<\/B> in it's entirety and pass patient centered reforms! #cnndebate"},{"possibly_sensitive":false,"place":null,"retweet_count":3,"in_reply_to_screen_name":null,"created_at":"Fri Aug 19 18:15:30 +0000 2011","retweeted":false,"in_reply_to_status_id_str":null,"in_reply_to_user_id_str":null,"user":{"time_zone":null,"profile_link_color":"0084B4","protected":false,"created_at":"Thu Dec 16 06:48:40 +0000 2010","profile_image_url_https":"https:\/\/si0.twimg.com\/profile_images\/1214948591\/C4C_2_150x200_normal.jpg","name":"American Patriots","geo_enabled":false,"favourites_count":1,"profile_background_color":"022330","default_profile_image":false,"notifications":null,"profile_background_tile":false,"utc_offset":null,"description":"A collection of citizen activists solely dedicated to getting Herman Cain the GOP nomination in 2012","statuses_count":886,"following":null,"verified":false,"profile_sidebar_fill_color":"C0DFEC","followers_count":3137,"profile_image_url":"http:\/\/a1.twimg.com\/profile_images\/1214948591\/C4C_2_150x200_normal.jpg","default_profile":false,"follow_request_sent":null,"profile_sidebar_border_color":"a8c7f7","location":"USA","is_translator":false,"contributors_enabled":false,"screen_name":"Citizens4Cain","profile_use_background_image":true,"url":"http:\/\/citizens4cain.com","id_str":"227217577","show_all_inline_media":false,"profile_background_image_url_https":"https:\/\/si0.twimg.com\/images\/themes\/theme15\/bg.png","profile_text_color":"333333","id":227217577,"listed_count":100,"lang":"en","profile_background_image_url":"http:\/\/a0.twimg.com\/images\/themes\/theme15\/bg.png","friends_count":1004},"contributors":null,"in_reply_to_status_id":null,"source":"<a href=\"http:\/\/twitterfeed.com\" rel=\"nofollow\">twitterfeed<\/a>","id_str":"104617502360879104","geo":null,"favorited":false,"id":104617502360879104,"coordinates":null,"in_reply_to_user_id":null,"truncated":false,"text":"VIDEO: Herman Cain Says He\u2019d \u201cBe Dead\u201d Under \u201cObamaCare\u201d: From the Hill.com: Republican president... http:\/\/t.co\/kPUVsHg #tcot #GOP2012","name":"Citizens4Cain","boldText":"VIDEO: Herman Cain Says He\u2019d \u201cBe Dead\u201d Under \u201c<B>ObamaCare<\/B>\u201d: From the Hill.com: Republican president... http:\/\/t.co\/kPUVsHg #tcot #GOP2012"},{"possibly_sensitive":false,"place":null,"retweet_count":1,"in_reply_to_screen_name":null,"created_at":"Mon Aug 15 22:25:08 +0000 2011","retweeted":false,"in_reply_to_status_id_str":null,"in_reply_to_user_id_str":null,"user":{"time_zone":null,"profile_link_color":"0084B4","protected":false,"created_at":"Thu Dec 16 06:48:40 +0000 2010","profile_image_url_https":"https:\/\/si0.twimg.com\/profile_images\/1214948591\/C4C_2_150x200_normal.jpg","name":"American Patriots","geo_enabled":false,"favourites_count":1,"profile_background_color":"022330","default_profile_image":false,"notifications":null,"profile_background_tile":false,"utc_offset":null,"description":"A collection of citizen activists solely dedicated to getting Herman Cain the GOP nomination in 2012","statuses_count":886,"following":null,"verified":false,"profile_sidebar_fill_color":"C0DFEC","followers_count":3137,"profile_image_url":"http:\/\/a1.twimg.com\/profile_images\/1214948591\/C4C_2_150x200_normal.jpg","follow_request_sent":null,"profile_sidebar_border_color":"a8c7f7","location":"USA","is_translator":false,"default_profile":false,"contributors_enabled":false,"screen_name":"Citizens4Cain","profile_use_background_image":true,"url":"http:\/\/citizens4cain.com","id_str":"227217577","show_all_inline_media":false,"profile_background_image_url_https":"https:\/\/si0.twimg.com\/images\/themes\/theme15\/bg.png","profile_text_color":"333333","id":227217577,"listed_count":100,"lang":"en","profile_background_image_url":"http:\/\/a0.twimg.com\/images\/themes\/theme15\/bg.png","friends_count":1004},"contributors":null,"in_reply_to_status_id":null,"source":"<a href=\"http:\/\/twitterfeed.com\" rel=\"nofollow\">twitterfeed<\/a>","id_str":"103230771032100864","geo":null,"favorited":false,"id":103230771032100864,"coordinates":null,"in_reply_to_user_id":null,"truncated":false,"text":"Cain Applauds Court Ruling on Obamacare: (Stockbridge, GA)- Republican presidential candidate Her... http:\/\/t.co\/Tyvxuei #tcot #GOP2012","name":"Citizens4Cain","boldText":"Cain Applauds Court Ruling on <B>Obamacare<\/B>: (Stockbridge, GA)- Republican presidential candidate Her... http:\/\/t.co\/Tyvxuei #tcot #GOP2012"}]