[{"possibly_sensitive":false,"place":null,"retweet_count":"100+","in_reply_to_screen_name":null,"created_at":"Sun Oct 30 00:07:06 +0000 2011","retweeted":false,"in_reply_to_status_id_str":null,"in_reply_to_user_id_str":null,"user":{"time_zone":"Eastern Time (US & Canada)","profile_link_color":"0084B4","protected":false,"created_at":"Fri Apr 03 15:42:24 +0000 2009","profile_image_url_https":"https:\/\/si0.twimg.com\/profile_images\/188270520\/web_large_normal.jpg","name":"Herman Cain","geo_enabled":false,"favourites_count":1,"profile_background_color":"C0DEED","default_profile_image":false,"notifications":false,"profile_background_tile":false,"utc_offset":-18000,"description":"Official Twitter page of Republican presidential candidate Herman Cain.\r\n\r\nConnect on Facebook: http:\/\/www.facebook.com\/THEHermanCain","statuses_count":1735,"following":true,"verified":true,"profile_sidebar_fill_color":"DDEEF6","followers_count":153477,"profile_image_url":"http:\/\/a3.twimg.com\/profile_images\/188270520\/web_large_normal.jpg","follow_request_sent":false,"profile_sidebar_border_color":"C0DEED","location":"Stockbridge, Georgia","is_translator":false,"contributors_enabled":true,"screen_name":"THEHermanCain","profile_use_background_image":true,"url":"http:\/\/www.hermancain.com","id_str":"28587919","default_profile":false,"show_all_inline_media":false,"profile_background_image_url_https":"https:\/\/si0.twimg.com\/profile_background_images\/345135828\/twitter-background-EJ-10-5-web.jpg","profile_text_color":"333333","id":28587919,"listed_count":3623,"lang":"en","profile_background_image_url":"http:\/\/a2.twimg.com\/profile_background_images\/345135828\/twitter-background-EJ-10-5-web.jpg","friends_count":1749},"contributors":null,"in_reply_to_status_id":null,"source":"<a href=\"http:\/\/www.tweetdeck.com\" rel=\"nofollow\">TweetDeck<\/a>","id_str":"130435522869993472","geo":null,"favorited":false,"id":130435522869993472,"coordinates":null,"in_reply_to_user_id":null,"truncated":false,"text":"Great to hear that I won the West Alabama Straw Poll today with over 50% of the votes cast! http:\/\/t.co\/phe1wHdp #tcot","name":"THEHermanCain","boldText":"Great to hear that I won the West <B>Alabama<\/B> Straw Poll today with over 50% of the votes cast! http:\/\/t.co\/phe1wHdp #tcot"},{"possibly_sensitive":false,"place":null,"retweet_count":94,"in_reply_to_screen_name":null,"created_at":"Fri Oct 28 22:47:17 +0000 2011","retweeted":false,"in_reply_to_status_id_str":null,"in_reply_to_user_id_str":null,"user":{"time_zone":"Eastern Time (US & Canada)","profile_link_color":"0084B4","protected":false,"created_at":"Fri Apr 03 15:42:24 +0000 2009","profile_image_url_https":"https:\/\/si0.twimg.com\/profile_images\/188270520\/web_large_normal.jpg","name":"Herman Cain","geo_enabled":false,"favourites_count":1,"profile_background_color":"C0DEED","default_profile_image":false,"notifications":false,"profile_background_tile":false,"utc_offset":-18000,"description":"Official Twitter page of Republican presidential candidate Herman Cain.\r\n\r\nConnect on Facebook: http:\/\/www.facebook.com\/THEHermanCain","statuses_count":1735,"following":true,"verified":true,"profile_sidebar_fill_color":"DDEEF6","followers_count":153525,"profile_image_url":"http:\/\/a3.twimg.com\/profile_images\/188270520\/web_large_normal.jpg","default_profile":false,"follow_request_sent":false,"profile_sidebar_border_color":"C0DEED","location":"Stockbridge, Georgia","is_translator":false,"contributors_enabled":true,"screen_name":"THEHermanCain","profile_use_background_image":true,"url":"http:\/\/www.hermancain.com","id_str":"28587919","show_all_inline_media":false,"profile_background_image_url_https":"https:\/\/si0.twimg.com\/profile_background_images\/345135828\/twitter-background-EJ-10-5-web.jpg","profile_text_color":"333333","id":28587919,"listed_count":3624,"lang":"en","profile_background_image_url":"http:\/\/a2.twimg.com\/profile_background_images\/345135828\/twitter-background-EJ-10-5-web.jpg","friends_count":1749},"contributors":null,"in_reply_to_status_id":null,"source":"<a href=\"http:\/\/twitter.com\/download\/android\" rel=\"nofollow\">Twitter for Android<\/a>","id_str":"130053046226010112","geo":null,"favorited":false,"id":130053046226010112,"coordinates":null,"in_reply_to_user_id":null,"truncated":false,"text":"Talking immigration with #Alabama Gov Robert Bentley! #tcot http:\/\/t.co\/b17yt5WA","name":"THEHermanCain","boldText":"Talking <B>immigration<\/B> with #<B><B>Alabama<\/B><\/B> Gov Robert Bentley! #tcot http:\/\/t.co\/b17yt5WA"},{"place":null,"retweet_count":"100+","in_reply_to_screen_name":null,"created_at":"Tue Oct 25 19:42:27 +0000 2011","retweeted":false,"in_reply_to_status_id_str":null,"in_reply_to_user_id_str":null,"user":{"time_zone":"Eastern Time (US & Canada)","profile_link_color":"0084B4","protected":false,"created_at":"Fri Apr 03 15:42:24 +0000 2009","profile_image_url_https":"https:\/\/si0.twimg.com\/profile_images\/188270520\/web_large_normal.jpg","name":"Herman Cain","geo_enabled":false,"favourites_count":1,"profile_background_color":"C0DEED","default_profile_image":false,"notifications":false,"profile_background_tile":false,"utc_offset":-18000,"description":"Official Twitter page of Republican presidential candidate Herman Cain.\r\n\r\nConnect on Facebook: http:\/\/www.facebook.com\/THEHermanCain","statuses_count":1735,"following":true,"verified":true,"profile_sidebar_fill_color":"DDEEF6","followers_count":153553,"profile_image_url":"http:\/\/a3.twimg.com\/profile_images\/188270520\/web_large_normal.jpg","default_profile":false,"follow_request_sent":false,"profile_sidebar_border_color":"C0DEED","location":"Stockbridge, Georgia","is_translator":false,"contributors_enabled":true,"screen_name":"THEHermanCain","profile_use_background_image":true,"url":"http:\/\/www.hermancain.com","id_str":"28587919","show_all_inline_media":false,"profile_background_image_url_https":"https:\/\/si0.twimg.com\/profile_background_images\/345135828\/twitter-background-EJ-10-5-web.jpg","profile_text_color":"333333","id":28587919,"listed_count":3624,"lang":"en","profile_background_image_url":"http:\/\/a2.twimg.com\/profile_background_images\/345135828\/twitter-background-EJ-10-5-web.jpg","friends_count":1749},"contributors":null,"in_reply_to_status_id":null,"source":"<a href=\"http:\/\/www.tweetdeck.com\" rel=\"nofollow\">TweetDeck<\/a>","id_str":"128919369123250177","geo":null,"favorited":false,"id":128919369123250177,"coordinates":null,"in_reply_to_user_id":null,"truncated":false,"text":"#wecantwait until President Obama has to start looking for a job himself... then he'll  finally get it","name":"THEHermanCain","boldText":"#wecantwait until P<B>resident<\/B> Obama has to start looking for a job himself... then he'll  finally get it"},{"possibly_sensitive":false,"place":null,"retweet_count":31,"in_reply_to_screen_name":null,"created_at":"Sun Oct 23 17:49:30 +0000 2011","retweeted":false,"in_reply_to_status_id_str":null,"in_reply_to_user_id_str":null,"user":{"time_zone":null,"profile_link_color":"0084B4","protected":false,"created_at":"Thu May 05 17:49:32 +0000 2011","profile_image_url_https":"https:\/\/si0.twimg.com\/profile_images\/1418784344\/HermanCain2_normal.jpg","name":"Cain Staff","geo_enabled":false,"favourites_count":0,"profile_background_color":"C0DEED","default_profile_image":false,"notifications":null,"profile_background_tile":false,"utc_offset":null,"description":"Herman Cain staffers who interact with friends and supporters of Mr. Cain. Visit http:\/\/www.ARealLeader.com to learn more, volunteer and donate.","statuses_count":2039,"following":null,"verified":false,"profile_sidebar_fill_color":"DDEEF6","followers_count":6703,"profile_image_url":"http:\/\/a3.twimg.com\/profile_images\/1418784344\/HermanCain2_normal.jpg","follow_request_sent":null,"profile_sidebar_border_color":"C0DEED","location":"Stockbridge, GA","is_translator":false,"default_profile":false,"contributors_enabled":false,"screen_name":"CainStaff","profile_use_background_image":true,"url":"http:\/\/hermancain.com","id_str":"293627808","show_all_inline_media":false,"profile_background_image_url_https":"https:\/\/si0.twimg.com\/profile_background_images\/246507875\/caintwitbkgd.gif","profile_text_color":"333333","id":293627808,"listed_count":189,"lang":"en","profile_background_image_url":"http:\/\/a3.twimg.com\/profile_background_images\/246507875\/caintwitbkgd.gif","friends_count":1953},"contributors":null,"in_reply_to_status_id":null,"source":"web","id_str":"128166168912596992","geo":null,"favorited":false,"id":128166168912596992,"coordinates":null,"in_reply_to_user_id":null,"truncated":false,"text":"Pundits\/MSM don't get to pick our President...\"we the people\" do. Plz DONATE\/RT http:\/\/t.co\/FBMiDMLC #Cain2012","name":"CainStaff","boldText":"Pundits\/MSM don't get to pick our P<B>resident<\/B>...\"we the people\" do. Plz DONATE\/RT http:\/\/t.co\/FBMiDMLC #Cain2012"},{"place":null,"retweet_count":"100+","in_reply_to_screen_name":"THEHermanCain","created_at":"Wed Oct 19 01:51:53 +0000 2011","retweeted":false,"in_reply_to_status_id_str":null,"in_reply_to_user_id_str":"28587919","user":{"time_zone":"Eastern Time (US & Canada)","profile_link_color":"0084B4","protected":false,"created_at":"Fri Apr 03 15:42:24 +0000 2009","profile_image_url_https":"https:\/\/si0.twimg.com\/profile_images\/188270520\/web_large_normal.jpg","name":"Herman Cain","geo_enabled":false,"favourites_count":1,"profile_background_color":"C0DEED","default_profile_image":false,"notifications":null,"profile_background_tile":false,"utc_offset":-18000,"description":"Official Twitter page of Republican presidential candidate Herman Cain.\r\n\r\nConnect on Facebook: http:\/\/www.facebook.com\/THEHermanCain","statuses_count":1735,"following":null,"verified":true,"profile_sidebar_fill_color":"DDEEF6","followers_count":153570,"profile_image_url":"http:\/\/a3.twimg.com\/profile_images\/188270520\/web_large_normal.jpg","follow_request_sent":null,"profile_sidebar_border_color":"C0DEED","location":"Stockbridge, Georgia","is_translator":false,"default_profile":false,"contributors_enabled":true,"screen_name":"THEHermanCain","profile_use_background_image":true,"url":"http:\/\/www.hermancain.com","id_str":"28587919","show_all_inline_media":false,"profile_background_image_url_https":"https:\/\/si0.twimg.com\/profile_background_images\/345135828\/twitter-background-EJ-10-5-web.jpg","profile_text_color":"333333","id":28587919,"listed_count":3624,"lang":"en","profile_background_image_url":"http:\/\/a2.twimg.com\/profile_background_images\/345135828\/twitter-background-EJ-10-5-web.jpg","friends_count":1749},"contributors":null,"in_reply_to_status_id":null,"source":"<a href=\"http:\/\/www.tweetdeck.com\" rel=\"nofollow\">TweetDeck<\/a>","id_str":"126475623819513857","geo":null,"favorited":false,"id":126475623819513857,"coordinates":null,"in_reply_to_user_id":28587919,"truncated":false,"text":"@thehermancain vs. @barackobama: The problem solver who fixes stuff vs. the President who doesn't fix anything #cnndebate","name":"THEHermanCain","boldText":"@thehermancain vs. @barackobama: The problem solver who fixes stuff vs. the P<B>resident<\/B> who doesn't fix anything #cnndebate"},{"place":null,"retweet_count":"100+","in_reply_to_screen_name":null,"created_at":"Wed Oct 19 00:48:19 +0000 2011","retweeted":false,"in_reply_to_status_id_str":null,"in_reply_to_user_id_str":null,"user":{"time_zone":"Eastern Time (US & Canada)","profile_link_color":"0084B4","protected":false,"created_at":"Fri Apr 03 15:42:24 +0000 2009","profile_image_url_https":"https:\/\/si0.twimg.com\/profile_images\/188270520\/web_large_normal.jpg","name":"Herman Cain","geo_enabled":false,"favourites_count":1,"profile_background_color":"C0DEED","default_profile_image":false,"notifications":false,"profile_background_tile":false,"utc_offset":-18000,"description":"Official Twitter page of Republican presidential candidate Herman Cain.\r\n\r\nConnect on Facebook: http:\/\/www.facebook.com\/THEHermanCain","statuses_count":1735,"following":true,"verified":true,"profile_sidebar_fill_color":"DDEEF6","followers_count":153552,"profile_image_url":"http:\/\/a3.twimg.com\/profile_images\/188270520\/web_large_normal.jpg","follow_request_sent":false,"profile_sidebar_border_color":"C0DEED","location":"Stockbridge, Georgia","is_translator":false,"default_profile":false,"contributors_enabled":true,"screen_name":"THEHermanCain","profile_use_background_image":true,"url":"http:\/\/www.hermancain.com","id_str":"28587919","show_all_inline_media":false,"profile_background_image_url_https":"https:\/\/si0.twimg.com\/profile_background_images\/345135828\/twitter-background-EJ-10-5-web.jpg","profile_text_color":"333333","id":28587919,"listed_count":3624,"lang":"en","profile_background_image_url":"http:\/\/a2.twimg.com\/profile_background_images\/345135828\/twitter-background-EJ-10-5-web.jpg","friends_count":1749},"contributors":null,"in_reply_to_status_id":null,"source":"<a href=\"http:\/\/www.tweetdeck.com\" rel=\"nofollow\">TweetDeck<\/a>","id_str":"126459626236547074","geo":null,"favorited":false,"id":126459626236547074,"coordinates":null,"in_reply_to_user_id":null,"truncated":false,"text":"I don't apologize for wanting to protect American citizens and our agents on the border! #cnndebate","name":"THEHermanCain","boldText":"I don't apologize for wanting to protect American citizens and our agents on the <B>border<\/B>! #cnndebate"},{"possibly_sensitive":false,"place":null,"retweet_count":2,"in_reply_to_screen_name":null,"created_at":"Tue Oct 18 14:36:05 +0000 2011","retweeted":false,"in_reply_to_status_id_str":null,"in_reply_to_user_id_str":null,"user":{"time_zone":null,"profile_link_color":"0084B4","protected":false,"created_at":"Thu Dec 16 06:48:40 +0000 2010","profile_image_url_https":"https:\/\/si0.twimg.com\/profile_images\/1214948591\/C4C_2_150x200_normal.jpg","name":"American Patriots","geo_enabled":false,"favourites_count":1,"profile_background_color":"022330","default_profile_image":false,"notifications":null,"profile_background_tile":false,"utc_offset":null,"description":"A collection of citizen activists solely dedicated to getting Herman Cain the GOP nomination in 2012","statuses_count":886,"following":null,"verified":false,"profile_sidebar_fill_color":"C0DFEC","followers_count":3137,"profile_image_url":"http:\/\/a1.twimg.com\/profile_images\/1214948591\/C4C_2_150x200_normal.jpg","default_profile":false,"follow_request_sent":null,"profile_sidebar_border_color":"a8c7f7","location":"USA","is_translator":false,"contributors_enabled":false,"screen_name":"Citizens4Cain","profile_use_background_image":true,"url":"http:\/\/citizens4cain.com","id_str":"227217577","show_all_inline_media":false,"profile_background_image_url_https":"https:\/\/si0.twimg.com\/images\/themes\/theme15\/bg.png","profile_text_color":"333333","id":227217577,"listed_count":100,"lang":"en","profile_background_image_url":"http:\/\/a0.twimg.com\/images\/themes\/theme15\/bg.png","friends_count":1004},"contributors":null,"in_reply_to_status_id":null,"source":"<a href=\"http:\/\/twitterfeed.com\" rel=\"nofollow\">twitterfeed<\/a>","id_str":"126305556356022272","geo":null,"favorited":false,"id":126305556356022272,"coordinates":null,"in_reply_to_user_id":null,"truncated":false,"text":"SCF Presidential Primary Poll: Fellow Conservatives: I\u2019m writing to get your opinion on the 2012 ... http:\/\/t.co\/wGrotBZN #tcot #GOP2012","name":"Citizens4Cain","boldText":"SCF P<B>resident<\/B>ial Primary Poll: Fellow Conservatives: I\u2019m writing to get your opinion on the 2012 ... http:\/\/t.co\/wGrotBZN #tcot #GOP2012"},{"possibly_sensitive":false,"place":null,"retweet_count":"100+","in_reply_to_screen_name":null,"created_at":"Tue Oct 18 00:06:08 +0000 2011","retweeted":false,"in_reply_to_status_id_str":null,"in_reply_to_user_id_str":null,"user":{"time_zone":"Eastern Time (US & Canada)","profile_link_color":"0084B4","protected":false,"created_at":"Fri Apr 03 15:42:24 +0000 2009","profile_image_url_https":"https:\/\/si0.twimg.com\/profile_images\/188270520\/web_large_normal.jpg","name":"Herman Cain","geo_enabled":false,"favourites_count":1,"profile_background_color":"C0DEED","default_profile_image":false,"notifications":false,"profile_background_tile":false,"utc_offset":-18000,"description":"Official Twitter page of Republican presidential candidate Herman Cain.\r\n\r\nConnect on Facebook: http:\/\/www.facebook.com\/THEHermanCain","statuses_count":1735,"following":true,"verified":true,"profile_sidebar_fill_color":"DDEEF6","followers_count":153552,"profile_image_url":"http:\/\/a3.twimg.com\/profile_images\/188270520\/web_large_normal.jpg","follow_request_sent":false,"profile_sidebar_border_color":"C0DEED","location":"Stockbridge, Georgia","is_translator":false,"default_profile":false,"contributors_enabled":true,"screen_name":"THEHermanCain","profile_use_background_image":true,"url":"http:\/\/www.hermancain.com","id_str":"28587919","show_all_inline_media":false,"profile_background_image_url_https":"https:\/\/si0.twimg.com\/profile_background_images\/345135828\/twitter-background-EJ-10-5-web.jpg","profile_text_color":"333333","id":28587919,"listed_count":3624,"lang":"en","profile_background_image_url":"http:\/\/a2.twimg.com\/profile_background_images\/345135828\/twitter-background-EJ-10-5-web.jpg","friends_count":1749},"contributors":null,"in_reply_to_status_id":null,"source":"<a href=\"http:\/\/www.tweetdeck.com\" rel=\"nofollow\">TweetDeck<\/a>","id_str":"126086622990184450","geo":null,"favorited":false,"id":126086622990184450,"coordinates":null,"in_reply_to_user_id":null,"truncated":false,"text":"It was great meeting with Sheriff Joe Arpaio in Arizona today! http:\/\/t.co\/vJFP4dFT","name":"THEHermanCain","boldText":"It was great meeting with Sheriff Joe Arpaio in <B>Arizona<\/B> today! http:\/\/t.co\/vJFP4dFT"},{"place":null,"retweet_count":"100+","in_reply_to_screen_name":null,"created_at":"Wed Oct 12 01:26:14 +0000 2011","retweeted":false,"in_reply_to_status_id_str":null,"in_reply_to_user_id_str":null,"user":{"time_zone":"Eastern Time (US & Canada)","profile_link_color":"0084B4","protected":false,"created_at":"Fri Apr 03 15:42:24 +0000 2009","profile_image_url_https":"https:\/\/si0.twimg.com\/profile_images\/188270520\/web_large_normal.jpg","name":"Herman Cain","geo_enabled":false,"favourites_count":1,"profile_background_color":"C0DEED","default_profile_image":false,"notifications":null,"profile_background_tile":false,"utc_offset":-18000,"description":"Official Twitter page of Republican presidential candidate Herman Cain.\r\n\r\nConnect on Facebook: http:\/\/www.facebook.com\/THEHermanCain","statuses_count":1735,"following":null,"verified":true,"profile_sidebar_fill_color":"DDEEF6","followers_count":153570,"profile_image_url":"http:\/\/a3.twimg.com\/profile_images\/188270520\/web_large_normal.jpg","follow_request_sent":null,"profile_sidebar_border_color":"C0DEED","location":"Stockbridge, Georgia","is_translator":false,"default_profile":false,"contributors_enabled":true,"screen_name":"THEHermanCain","profile_use_background_image":true,"url":"http:\/\/www.hermancain.com","id_str":"28587919","show_all_inline_media":false,"profile_background_image_url_https":"https:\/\/si0.twimg.com\/profile_background_images\/345135828\/twitter-background-EJ-10-5-web.jpg","profile_text_color":"333333","id":28587919,"listed_count":3624,"lang":"en","profile_background_image_url":"http:\/\/a2.twimg.com\/profile_background_images\/345135828\/twitter-background-EJ-10-5-web.jpg","friends_count":1749},"contributors":null,"in_reply_to_status_id":null,"source":"<a href=\"http:\/\/www.tweetdeck.com\" rel=\"nofollow\">TweetDeck<\/a>","id_str":"123932456154972161","geo":null,"favorited":false,"id":123932456154972161,"coordinates":null,"in_reply_to_user_id":null,"truncated":false,"text":"There are 3 deterrents to raising #999: a 2\/3 Senate majority vote, it is simply\/visible\/transparent, and I will be President!","name":"THEHermanCain","boldText":"There are 3 deterrents to raising #999: a 2\/3 Senate majority vote, it is simply\/visible\/transparent, and I will be P<B>resident<\/B>!"},{"place":null,"retweet_count":35,"in_reply_to_screen_name":null,"created_at":"Wed Oct 12 00:43:42 +0000 2011","retweeted":false,"in_reply_to_status_id_str":null,"in_reply_to_user_id_str":null,"user":{"time_zone":"Eastern Time (US & Canada)","profile_link_color":"0084B4","protected":false,"created_at":"Fri Apr 03 15:42:24 +0000 2009","profile_image_url_https":"https:\/\/si0.twimg.com\/profile_images\/188270520\/web_large_normal.jpg","name":"Herman Cain","geo_enabled":false,"favourites_count":1,"profile_background_color":"C0DEED","default_profile_image":false,"notifications":null,"profile_background_tile":false,"utc_offset":-18000,"description":"Official Twitter page of Republican presidential candidate Herman Cain.\r\n\r\nConnect on Facebook: http:\/\/www.facebook.com\/THEHermanCain","statuses_count":1735,"following":null,"verified":true,"profile_sidebar_fill_color":"DDEEF6","followers_count":153570,"profile_image_url":"http:\/\/a3.twimg.com\/profile_images\/188270520\/web_large_normal.jpg","follow_request_sent":null,"profile_sidebar_border_color":"C0DEED","location":"Stockbridge, Georgia","is_translator":false,"default_profile":false,"contributors_enabled":true,"screen_name":"THEHermanCain","profile_use_background_image":true,"url":"http:\/\/www.hermancain.com","id_str":"28587919","show_all_inline_media":false,"profile_background_image_url_https":"https:\/\/si0.twimg.com\/profile_background_images\/345135828\/twitter-background-EJ-10-5-web.jpg","profile_text_color":"333333","id":28587919,"listed_count":3624,"lang":"en","profile_background_image_url":"http:\/\/a2.twimg.com\/profile_background_images\/345135828\/twitter-background-EJ-10-5-web.jpg","friends_count":1749},"contributors":null,"in_reply_to_status_id":null,"source":"<a href=\"http:\/\/www.tweetdeck.com\" rel=\"nofollow\">TweetDeck<\/a>","id_str":"123921751385190400","geo":null,"favorited":false,"id":123921751385190400,"coordinates":null,"in_reply_to_user_id":null,"truncated":false,"text":"RT @gretawire: GOP presidential contenders @newtgingrich & @THEHermanCain go ON THE RECORD tonight after the debate in NH","name":"THEHermanCain","boldText":"RT @gretawire: GOP p<B>resident<\/B>ial contenders @newtgingrich & @THEHermanCain go ON THE RECORD tonight after the debate in NH"},{"place":null,"retweet_count":11,"in_reply_to_screen_name":null,"created_at":"Sat Oct 08 17:28:37 +0000 2011","retweeted":false,"in_reply_to_status_id_str":null,"in_reply_to_user_id_str":null,"user":{"time_zone":null,"profile_link_color":"0084B4","protected":false,"created_at":"Thu May 05 17:49:32 +0000 2011","profile_image_url_https":"https:\/\/si0.twimg.com\/profile_images\/1418784344\/HermanCain2_normal.jpg","name":"Cain Staff","geo_enabled":false,"favourites_count":0,"profile_background_color":"C0DEED","default_profile_image":false,"notifications":null,"profile_background_tile":false,"utc_offset":null,"description":"Herman Cain staffers who interact with friends and supporters of Mr. Cain. Visit http:\/\/www.ARealLeader.com to learn more, volunteer and donate.","statuses_count":2039,"following":null,"verified":false,"profile_sidebar_fill_color":"DDEEF6","followers_count":6703,"profile_image_url":"http:\/\/a3.twimg.com\/profile_images\/1418784344\/HermanCain2_normal.jpg","follow_request_sent":null,"profile_sidebar_border_color":"C0DEED","location":"Stockbridge, GA","is_translator":false,"contributors_enabled":false,"screen_name":"CainStaff","profile_use_background_image":true,"url":"http:\/\/hermancain.com","id_str":"293627808","default_profile":false,"show_all_inline_media":false,"profile_background_image_url_https":"https:\/\/si0.twimg.com\/profile_background_images\/246507875\/caintwitbkgd.gif","profile_text_color":"333333","id":293627808,"listed_count":189,"lang":"en","profile_background_image_url":"http:\/\/a3.twimg.com\/profile_background_images\/246507875\/caintwitbkgd.gif","friends_count":1953},"contributors":null,"in_reply_to_status_id":null,"source":"web","id_str":"122725095755096064","geo":null,"favorited":false,"id":122725095755096064,"coordinates":null,"in_reply_to_user_id":null,"truncated":false,"text":"MSM\/\"Establishment\" pundits don't get to pick the next President...\"we the people\" do! #tcot #Cain2012","name":"CainStaff","boldText":"MSM\/\"Establishment\" pundits don't get to pick the next P<B>resident<\/B>...\"we the people\" do! #tcot #Cain2012"},{"possibly_sensitive":false,"place":null,"retweet_count":"100+","in_reply_to_screen_name":"THEHermanCain","created_at":"Thu Oct 06 20:28:32 +0000 2011","retweeted":false,"in_reply_to_status_id_str":null,"in_reply_to_user_id_str":"28587919","user":{"time_zone":"Eastern Time (US & Canada)","profile_link_color":"0084B4","protected":false,"created_at":"Fri Apr 03 15:42:24 +0000 2009","profile_image_url_https":"https:\/\/si0.twimg.com\/profile_images\/188270520\/web_large_normal.jpg","name":"Herman Cain","geo_enabled":false,"favourites_count":1,"profile_background_color":"C0DEED","default_profile_image":false,"notifications":null,"profile_background_tile":false,"utc_offset":-18000,"description":"Official Twitter page of Republican presidential candidate Herman Cain.\r\n\r\nConnect on Facebook: http:\/\/www.facebook.com\/THEHermanCain","statuses_count":1735,"following":null,"verified":true,"profile_sidebar_fill_color":"DDEEF6","followers_count":153570,"profile_image_url":"http:\/\/a3.twimg.com\/profile_images\/188270520\/web_large_normal.jpg","follow_request_sent":null,"profile_sidebar_border_color":"C0DEED","location":"Stockbridge, Georgia","is_translator":false,"default_profile":false,"contributors_enabled":true,"screen_name":"THEHermanCain","profile_use_background_image":true,"url":"http:\/\/www.hermancain.com","id_str":"28587919","show_all_inline_media":false,"profile_background_image_url_https":"https:\/\/si0.twimg.com\/profile_background_images\/345135828\/twitter-background-EJ-10-5-web.jpg","profile_text_color":"333333","id":28587919,"listed_count":3624,"lang":"en","profile_background_image_url":"http:\/\/a2.twimg.com\/profile_background_images\/345135828\/twitter-background-EJ-10-5-web.jpg","friends_count":1749},"contributors":null,"in_reply_to_status_id":null,"source":"<a href=\"http:\/\/www.tweetdeck.com\" rel=\"nofollow\">TweetDeck<\/a>","id_str":"122045596348596225","geo":null,"favorited":false,"id":122045596348596225,"coordinates":null,"in_reply_to_user_id":28587919,"truncated":false,"text":"@thehermancain leads #GOP Field and President Obama in latest Zogby poll: http:\/\/t.co\/obTLRr3b","name":"THEHermanCain","boldText":"@thehermancain leads #GOP Field and P<B>resident<\/B> Obama in latest Zogby poll: http:\/\/t.co\/obTLRr3b"},{"possibly_sensitive":false,"place":null,"retweet_count":"100+","in_reply_to_screen_name":null,"created_at":"Wed Sep 28 19:51:16 +0000 2011","retweeted":false,"in_reply_to_status_id_str":null,"in_reply_to_user_id_str":null,"user":{"time_zone":"Eastern Time (US & Canada)","profile_link_color":"0084B4","protected":false,"created_at":"Fri Apr 03 15:42:24 +0000 2009","profile_image_url_https":"https:\/\/si0.twimg.com\/profile_images\/188270520\/web_large_normal.jpg","name":"Herman Cain","geo_enabled":false,"favourites_count":1,"profile_background_color":"C0DEED","default_profile_image":false,"notifications":null,"profile_background_tile":false,"utc_offset":-18000,"description":"Official Twitter page of Republican presidential candidate Herman Cain.\r\n\r\nConnect on Facebook: http:\/\/www.facebook.com\/THEHermanCain","statuses_count":1735,"following":null,"verified":true,"profile_sidebar_fill_color":"DDEEF6","followers_count":153570,"profile_image_url":"http:\/\/a3.twimg.com\/profile_images\/188270520\/web_large_normal.jpg","follow_request_sent":null,"profile_sidebar_border_color":"C0DEED","location":"Stockbridge, Georgia","is_translator":false,"default_profile":false,"contributors_enabled":true,"screen_name":"THEHermanCain","profile_use_background_image":true,"url":"http:\/\/www.hermancain.com","id_str":"28587919","show_all_inline_media":false,"profile_background_image_url_https":"https:\/\/si0.twimg.com\/profile_background_images\/345135828\/twitter-background-EJ-10-5-web.jpg","profile_text_color":"333333","id":28587919,"listed_count":3624,"lang":"en","profile_background_image_url":"http:\/\/a2.twimg.com\/profile_background_images\/345135828\/twitter-background-EJ-10-5-web.jpg","friends_count":1749},"contributors":null,"in_reply_to_status_id":null,"source":"<a href=\"http:\/\/www.tweetdeck.com\" rel=\"nofollow\">TweetDeck<\/a>","id_str":"119137115903762432","geo":null,"favorited":false,"id":119137115903762432,"coordinates":null,"in_reply_to_user_id":null,"truncated":false,"text":"Happy to see the Drudge Report's banner has me next to President Obama, in what I call \"The Great Debate\" http:\/\/t.co\/pWBS73qw","name":"THEHermanCain","boldText":"Happy to see the Drudge Report's banner has me next to P<B>resident<\/B> Obama, in what I call \"The Great Debate\" http:\/\/t.co\/pWBS73qw"},{"possibly_sensitive":false,"place":null,"retweet_count":"100+","in_reply_to_screen_name":null,"created_at":"Mon Sep 26 21:47:20 +0000 2011","retweeted":false,"in_reply_to_status_id_str":null,"in_reply_to_user_id_str":null,"user":{"time_zone":"Eastern Time (US & Canada)","profile_link_color":"0084B4","protected":false,"created_at":"Fri Apr 03 15:42:24 +0000 2009","profile_image_url_https":"https:\/\/si0.twimg.com\/profile_images\/188270520\/web_large_normal.jpg","name":"Herman Cain","geo_enabled":false,"favourites_count":1,"profile_background_color":"C0DEED","default_profile_image":false,"notifications":null,"profile_background_tile":false,"utc_offset":-18000,"description":"Official Twitter page of Republican presidential candidate Herman Cain.\r\n\r\nConnect on Facebook: http:\/\/www.facebook.com\/THEHermanCain","statuses_count":1735,"following":null,"verified":true,"profile_sidebar_fill_color":"DDEEF6","followers_count":153570,"profile_image_url":"http:\/\/a3.twimg.com\/profile_images\/188270520\/web_large_normal.jpg","follow_request_sent":null,"profile_sidebar_border_color":"C0DEED","location":"Stockbridge, Georgia","is_translator":false,"default_profile":false,"contributors_enabled":true,"screen_name":"THEHermanCain","profile_use_background_image":true,"url":"http:\/\/www.hermancain.com","id_str":"28587919","show_all_inline_media":false,"profile_background_image_url_https":"https:\/\/si0.twimg.com\/profile_background_images\/345135828\/twitter-background-EJ-10-5-web.jpg","profile_text_color":"333333","id":28587919,"listed_count":3624,"lang":"en","profile_background_image_url":"http:\/\/a2.twimg.com\/profile_background_images\/345135828\/twitter-background-EJ-10-5-web.jpg","friends_count":1749},"contributors":null,"in_reply_to_status_id":null,"source":"<a href=\"http:\/\/www.tweetdeck.com\" rel=\"nofollow\">TweetDeck<\/a>","id_str":"118441547720171520","geo":null,"favorited":false,"id":118441547720171520,"coordinates":null,"in_reply_to_user_id":null,"truncated":false,"text":"RT @DennisDMZ: How proud would I be to have Herman Cain as my President? http:\/\/t.co\/AYXRbbMx","name":"THEHermanCain","boldText":"RT @DennisDMZ: How proud would I be to have Herman Cain as my P<B>resident<\/B>? http:\/\/t.co\/AYXRbbMx"},{"id_str":"117739763703889920","place":null,"retweeted":false,"created_at":"Sat Sep 24 23:18:41 +0000 2011","in_reply_to_status_id_str":null,"in_reply_to_user_id":null,"in_reply_to_user_id_str":null,"contributors":null,"user":{"id_str":"227217577","time_zone":null,"created_at":"Thu Dec 16 06:48:40 +0000 2010","profile_text_color":"333333","protected":false,"default_profile_image":false,"profile_background_image_url":"http:\/\/a0.twimg.com\/images\/themes\/theme15\/bg.png","name":"American Patriots","geo_enabled":false,"notifications":null,"profile_link_color":"0084B4","utc_offset":null,"favourites_count":1,"followers_count":3137,"profile_image_url":"http:\/\/a1.twimg.com\/profile_images\/1214948591\/C4C_2_150x200_normal.jpg","description":"A collection of citizen activists solely dedicated to getting Herman Cain the GOP nomination in 2012","default_profile":false,"follow_request_sent":null,"following":null,"verified":false,"friends_count":1004,"profile_background_color":"022330","is_translator":false,"profile_background_tile":false,"profile_background_image_url_https":"https:\/\/si0.twimg.com\/images\/themes\/theme15\/bg.png","location":"USA","profile_sidebar_fill_color":"C0DFEC","screen_name":"Citizens4Cain","contributors_enabled":false,"url":"http:\/\/citizens4cain.com","listed_count":100,"statuses_count":886,"profile_sidebar_border_color":"a8c7f7","profile_image_url_https":"https:\/\/si0.twimg.com\/profile_images\/1214948591\/C4C_2_150x200_normal.jpg","show_all_inline_media":false,"id":227217577,"lang":"en","profile_use_background_image":true},"possibly_sensitive":false,"retweet_count":3,"in_reply_to_status_id":null,"favorited":false,"geo":null,"source":"<a href=\"http:\/\/twitterfeed.com\" rel=\"nofollow\">twitterfeed<\/a>","coordinates":null,"in_reply_to_screen_name":null,"truncated":false,"id":117739763703889920,"text":"Cain Sweeps Presidency 5 Poll, Garners Florida Endorsement: (Orlando, FL)- Republican presidentia... http:\/\/t.co\/WOhFRMDu #tcot #GOP2012","name":"Citizens4Cain","boldText":"Cain Sweeps Presidency 5 Poll, Garners Florida Endorsement: (Orlando, FL)- Republican p<B>resident<\/B>ia... http:\/\/t.co\/WOhFRMDu #tcot #GOP2012"},{"id_str":"117676359467274240","place":null,"retweeted":false,"created_at":"Sat Sep 24 19:06:45 +0000 2011","in_reply_to_status_id_str":null,"in_reply_to_user_id":null,"in_reply_to_user_id_str":null,"contributors":null,"user":{"id_str":"227217577","time_zone":null,"created_at":"Thu Dec 16 06:48:40 +0000 2010","profile_text_color":"333333","protected":false,"default_profile_image":false,"profile_background_image_url":"http:\/\/a0.twimg.com\/images\/themes\/theme15\/bg.png","name":"American Patriots","geo_enabled":false,"notifications":null,"profile_link_color":"0084B4","utc_offset":null,"favourites_count":1,"followers_count":3137,"profile_image_url":"http:\/\/a1.twimg.com\/profile_images\/1214948591\/C4C_2_150x200_normal.jpg","description":"A collection of citizen activists solely dedicated to getting Herman Cain the GOP nomination in 2012","default_profile":false,"follow_request_sent":null,"following":null,"verified":false,"friends_count":1004,"profile_background_color":"022330","is_translator":false,"profile_background_tile":false,"profile_background_image_url_https":"https:\/\/si0.twimg.com\/images\/themes\/theme15\/bg.png","location":"USA","profile_sidebar_fill_color":"C0DFEC","screen_name":"Citizens4Cain","contributors_enabled":false,"url":"http:\/\/citizens4cain.com","listed_count":100,"statuses_count":886,"profile_sidebar_border_color":"a8c7f7","profile_image_url_https":"https:\/\/si0.twimg.com\/profile_images\/1214948591\/C4C_2_150x200_normal.jpg","show_all_inline_media":false,"id":227217577,"lang":"en","profile_use_background_image":true},"possibly_sensitive":false,"retweet_count":2,"in_reply_to_status_id":null,"favorited":false,"geo":null,"source":"<a href=\"http:\/\/twitterfeed.com\" rel=\"nofollow\">twitterfeed<\/a>","coordinates":null,"in_reply_to_screen_name":null,"truncated":false,"id":117676359467274240,"text":"Florida State Representative Scott Plakon Endorses Cain: (Orlando, FL)- Republican presidential c... http:\/\/t.co\/i5qhF22k #tcot #GOP2012","name":"Citizens4Cain","boldText":"Florida State Representative Scott Plakon Endorses Cain: (Orlando, FL)- Republican p<B>resident<\/B>ial c... http:\/\/t.co\/i5qhF22k #tcot #GOP2012"},{"place":null,"retweet_count":46,"in_reply_to_screen_name":null,"created_at":"Fri Sep 23 23:54:42 +0000 2011","retweeted":false,"in_reply_to_status_id_str":null,"in_reply_to_user_id_str":null,"user":{"time_zone":"Eastern Time (US & Canada)","profile_link_color":"0084B4","protected":false,"created_at":"Fri Apr 03 15:42:24 +0000 2009","profile_image_url_https":"https:\/\/si0.twimg.com\/profile_images\/188270520\/web_large_normal.jpg","name":"Herman Cain","geo_enabled":false,"favourites_count":1,"profile_background_color":"C0DEED","default_profile_image":false,"notifications":null,"profile_background_tile":false,"utc_offset":-18000,"description":"Official Twitter page of Republican presidential candidate Herman Cain.\r\n\r\nConnect on Facebook: http:\/\/www.facebook.com\/THEHermanCain","statuses_count":1735,"following":null,"verified":true,"profile_sidebar_fill_color":"DDEEF6","followers_count":153570,"profile_image_url":"http:\/\/a3.twimg.com\/profile_images\/188270520\/web_large_normal.jpg","follow_request_sent":null,"profile_sidebar_border_color":"C0DEED","location":"Stockbridge, Georgia","is_translator":false,"default_profile":false,"contributors_enabled":true,"screen_name":"THEHermanCain","profile_use_background_image":true,"url":"http:\/\/www.hermancain.com","id_str":"28587919","show_all_inline_media":false,"profile_background_image_url_https":"https:\/\/si0.twimg.com\/profile_background_images\/345135828\/twitter-background-EJ-10-5-web.jpg","profile_text_color":"333333","id":28587919,"listed_count":3624,"lang":"en","profile_background_image_url":"http:\/\/a2.twimg.com\/profile_background_images\/345135828\/twitter-background-EJ-10-5-web.jpg","friends_count":1749},"contributors":null,"in_reply_to_status_id":null,"source":"<a href=\"http:\/\/www.tweetdeck.com\" rel=\"nofollow\">TweetDeck<\/a>","id_str":"117386436273123328","geo":null,"favorited":false,"id":117386436273123328,"coordinates":null,"in_reply_to_user_id":null,"truncated":false,"text":"From Team HC: Florida legislator @scottplakon just endorsed Mr. Cain for President. #CPACFL #sayfie #tcot","name":"THEHermanCain","boldText":"From Team HC: Florida legislator @scottplakon just endorsed Mr. Cain for P<B>resident<\/B>. #CPACFL #sayfie #tcot"},{"id_str":"117100173242535936","place":null,"retweeted":false,"created_at":"Fri Sep 23 04:57:11 +0000 2011","in_reply_to_status_id_str":null,"in_reply_to_user_id":null,"in_reply_to_user_id_str":null,"contributors":null,"user":{"id_str":"227217577","time_zone":null,"created_at":"Thu Dec 16 06:48:40 +0000 2010","profile_text_color":"333333","protected":false,"default_profile_image":false,"profile_background_image_url":"http:\/\/a0.twimg.com\/images\/themes\/theme15\/bg.png","name":"American Patriots","geo_enabled":false,"notifications":null,"profile_link_color":"0084B4","utc_offset":null,"favourites_count":1,"followers_count":3137,"profile_image_url":"http:\/\/a1.twimg.com\/profile_images\/1214948591\/C4C_2_150x200_normal.jpg","description":"A collection of citizen activists solely dedicated to getting Herman Cain the GOP nomination in 2012","default_profile":false,"follow_request_sent":null,"following":null,"verified":false,"friends_count":1004,"profile_background_color":"022330","is_translator":false,"profile_background_tile":false,"profile_background_image_url_https":"https:\/\/si0.twimg.com\/images\/themes\/theme15\/bg.png","location":"USA","profile_sidebar_fill_color":"C0DFEC","screen_name":"Citizens4Cain","contributors_enabled":false,"url":"http:\/\/citizens4cain.com","listed_count":100,"statuses_count":886,"profile_sidebar_border_color":"a8c7f7","profile_image_url_https":"https:\/\/si0.twimg.com\/profile_images\/1214948591\/C4C_2_150x200_normal.jpg","show_all_inline_media":false,"id":227217577,"lang":"en","profile_use_background_image":true},"possibly_sensitive":false,"retweet_count":2,"in_reply_to_status_id":null,"favorited":false,"geo":null,"source":"<a href=\"http:\/\/twitterfeed.com\" rel=\"nofollow\">twitterfeed<\/a>","coordinates":null,"in_reply_to_screen_name":null,"truncated":false,"id":117100173242535936,"text":"Cain Wins FOX News\/ Google Debate: (Orlando, FL)- Republican presidential candidate Herman Cain p... http:\/\/t.co\/hh4fzRCx #tcot #GOP2012","name":"Citizens4Cain","boldText":"Cain Wins FOX News\/ Google Debate: (Orlando, FL)- Republican p<B>resident<\/B>ial candidate Herman Cain p... http:\/\/t.co\/hh4fzRCx #tcot #GOP2012"},{"possibly_sensitive":false,"place":null,"retweet_count":"100+","in_reply_to_screen_name":null,"created_at":"Mon Sep 19 16:18:26 +0000 2011","retweeted":false,"in_reply_to_status_id_str":null,"in_reply_to_user_id_str":null,"user":{"time_zone":"Eastern Time (US & Canada)","profile_link_color":"0084B4","protected":false,"created_at":"Fri Apr 03 15:42:24 +0000 2009","profile_image_url_https":"https:\/\/si0.twimg.com\/profile_images\/188270520\/web_large_normal.jpg","name":"Herman Cain","geo_enabled":false,"favourites_count":1,"profile_background_color":"C0DEED","default_profile_image":false,"notifications":null,"profile_background_tile":false,"utc_offset":-18000,"description":"Official Twitter page of Republican presidential candidate Herman Cain.\r\n\r\nConnect on Facebook: http:\/\/www.facebook.com\/THEHermanCain","statuses_count":1735,"following":null,"verified":true,"profile_sidebar_fill_color":"DDEEF6","followers_count":153570,"profile_image_url":"http:\/\/a3.twimg.com\/profile_images\/188270520\/web_large_normal.jpg","follow_request_sent":null,"profile_sidebar_border_color":"C0DEED","location":"Stockbridge, Georgia","is_translator":false,"default_profile":false,"contributors_enabled":true,"screen_name":"THEHermanCain","profile_use_background_image":true,"url":"http:\/\/www.hermancain.com","id_str":"28587919","show_all_inline_media":false,"profile_background_image_url_https":"https:\/\/si0.twimg.com\/profile_background_images\/345135828\/twitter-background-EJ-10-5-web.jpg","profile_text_color":"333333","id":28587919,"listed_count":3624,"lang":"en","profile_background_image_url":"http:\/\/a2.twimg.com\/profile_background_images\/345135828\/twitter-background-EJ-10-5-web.jpg","friends_count":1749},"contributors":null,"in_reply_to_status_id":null,"source":"<a href=\"http:\/\/www.echofon.com\/\" rel=\"nofollow\">Echofon<\/a>","id_str":"115822065159913473","geo":null,"favorited":false,"id":115822065159913473,"coordinates":null,"in_reply_to_user_id":null,"truncated":false,"text":"My response to President Obama's speech today: http:\/\/t.co\/Ff70wL77","name":"THEHermanCain","boldText":"My response to P<B>resident<\/B> Obama's speech today: http:\/\/t.co\/Ff70wL77"},{"possibly_sensitive":false,"place":null,"retweet_count":33,"in_reply_to_screen_name":null,"created_at":"Sat Sep 17 01:56:28 +0000 2011","retweeted":false,"in_reply_to_status_id_str":null,"in_reply_to_user_id_str":null,"user":{"time_zone":"Eastern Time (US & Canada)","profile_link_color":"0084B4","protected":false,"created_at":"Fri Apr 03 15:42:24 +0000 2009","profile_image_url_https":"https:\/\/si0.twimg.com\/profile_images\/188270520\/web_large_normal.jpg","name":"Herman Cain","geo_enabled":false,"favourites_count":1,"profile_background_color":"C0DEED","default_profile_image":false,"notifications":null,"profile_background_tile":false,"utc_offset":-18000,"description":"Official Twitter page of Republican presidential candidate Herman Cain.\r\n\r\nConnect on Facebook: http:\/\/www.facebook.com\/THEHermanCain","statuses_count":1735,"following":null,"verified":true,"profile_sidebar_fill_color":"DDEEF6","followers_count":153570,"profile_image_url":"http:\/\/a3.twimg.com\/profile_images\/188270520\/web_large_normal.jpg","follow_request_sent":null,"profile_sidebar_border_color":"C0DEED","location":"Stockbridge, Georgia","is_translator":false,"default_profile":false,"contributors_enabled":true,"screen_name":"THEHermanCain","profile_use_background_image":true,"url":"http:\/\/www.hermancain.com","id_str":"28587919","show_all_inline_media":false,"profile_background_image_url_https":"https:\/\/si0.twimg.com\/profile_background_images\/345135828\/twitter-background-EJ-10-5-web.jpg","profile_text_color":"333333","id":28587919,"listed_count":3624,"lang":"en","profile_background_image_url":"http:\/\/a2.twimg.com\/profile_background_images\/345135828\/twitter-background-EJ-10-5-web.jpg","friends_count":1749},"contributors":null,"in_reply_to_status_id":null,"source":"<a href=\"http:\/\/www.tweetdeck.com\" rel=\"nofollow\">TweetDeck<\/a>","id_str":"114880368523493376","geo":null,"favorited":false,"id":114880368523493376,"coordinates":null,"in_reply_to_user_id":null,"truncated":false,"text":"I had a great time Skyping with over 50 students at ITT Tech in Alabama tonight on the bus! http:\/\/t.co\/21zMVMV4 #tcot","name":"THEHermanCain","boldText":"I had a great time Skyping with over 50 students at ITT Tech in <B>Alabama<\/B> tonight on the bus! http:\/\/t.co\/21zMVMV4 #tcot"},{"place":null,"retweet_count":"100+","in_reply_to_screen_name":null,"created_at":"Tue Sep 13 00:25:45 +0000 2011","retweeted":false,"in_reply_to_status_id_str":null,"in_reply_to_user_id_str":null,"user":{"time_zone":"Eastern Time (US & Canada)","profile_link_color":"0084B4","protected":false,"created_at":"Fri Apr 03 15:42:24 +0000 2009","profile_image_url_https":"https:\/\/si0.twimg.com\/profile_images\/188270520\/web_large_normal.jpg","name":"Herman Cain","geo_enabled":false,"favourites_count":1,"profile_background_color":"C0DEED","default_profile_image":false,"notifications":null,"profile_background_tile":false,"utc_offset":-18000,"description":"Official Twitter page of Republican presidential candidate Herman Cain.\r\n\r\nConnect on Facebook: http:\/\/www.facebook.com\/THEHermanCain","statuses_count":1735,"following":null,"verified":true,"profile_sidebar_fill_color":"DDEEF6","followers_count":153570,"profile_image_url":"http:\/\/a3.twimg.com\/profile_images\/188270520\/web_large_normal.jpg","follow_request_sent":null,"profile_sidebar_border_color":"C0DEED","location":"Stockbridge, Georgia","is_translator":false,"default_profile":false,"contributors_enabled":true,"screen_name":"THEHermanCain","profile_use_background_image":true,"url":"http:\/\/www.hermancain.com","id_str":"28587919","show_all_inline_media":false,"profile_background_image_url_https":"https:\/\/si0.twimg.com\/profile_background_images\/345135828\/twitter-background-EJ-10-5-web.jpg","profile_text_color":"333333","id":28587919,"listed_count":3624,"lang":"en","profile_background_image_url":"http:\/\/a2.twimg.com\/profile_background_images\/345135828\/twitter-background-EJ-10-5-web.jpg","friends_count":1749},"contributors":null,"in_reply_to_status_id":null,"source":"<a href=\"http:\/\/www.tweetdeck.com\" rel=\"nofollow\">TweetDeck<\/a>","id_str":"113407985304350720","geo":null,"favorited":false,"id":113407985304350720,"coordinates":null,"in_reply_to_user_id":null,"truncated":false,"text":"I don't care what you call Social Security, it's broken! #cnndebate","name":"THEHermanCain","boldText":"I don't care what you call Social <B>Security<\/B>, it's broken! #cnndebate"},{"id_str":"112309297819557889","place":null,"retweeted":false,"created_at":"Fri Sep 09 23:39:57 +0000 2011","in_reply_to_status_id_str":null,"in_reply_to_user_id":null,"in_reply_to_user_id_str":null,"contributors":null,"user":{"id_str":"227217577","time_zone":null,"created_at":"Thu Dec 16 06:48:40 +0000 2010","profile_text_color":"333333","protected":false,"default_profile_image":false,"profile_background_image_url":"http:\/\/a0.twimg.com\/images\/themes\/theme15\/bg.png","name":"American Patriots","geo_enabled":false,"notifications":null,"profile_link_color":"0084B4","utc_offset":null,"favourites_count":1,"followers_count":3137,"profile_image_url":"http:\/\/a1.twimg.com\/profile_images\/1214948591\/C4C_2_150x200_normal.jpg","description":"A collection of citizen activists solely dedicated to getting Herman Cain the GOP nomination in 2012","default_profile":false,"follow_request_sent":null,"following":null,"verified":false,"friends_count":1004,"profile_background_color":"022330","is_translator":false,"profile_background_tile":false,"profile_background_image_url_https":"https:\/\/si0.twimg.com\/images\/themes\/theme15\/bg.png","location":"USA","profile_sidebar_fill_color":"C0DFEC","screen_name":"Citizens4Cain","contributors_enabled":false,"url":"http:\/\/citizens4cain.com","listed_count":100,"statuses_count":886,"profile_sidebar_border_color":"a8c7f7","profile_image_url_https":"https:\/\/si0.twimg.com\/profile_images\/1214948591\/C4C_2_150x200_normal.jpg","show_all_inline_media":false,"id":227217577,"lang":"en","profile_use_background_image":true},"possibly_sensitive":false,"retweet_count":0,"in_reply_to_status_id":null,"favorited":false,"geo":null,"source":"<a href=\"http:\/\/twitterfeed.com\" rel=\"nofollow\">twitterfeed<\/a>","coordinates":null,"in_reply_to_screen_name":null,"truncated":false,"id":112309297819557889,"text":"God Bless America: A 9-11 Tribute from Herman Cain: Republican presidential Herman Cain pays trib... http:\/\/t.co\/FHLzy3O #tcot #GOP2012","name":"Citizens4Cain","boldText":"God Bless America: A 9-11 Tribute from Herman Cain: Republican p<B>resident<\/B>ial Herman Cain pays trib... http:\/\/t.co\/FHLzy3O #tcot #GOP2012"},{"possibly_sensitive":false,"place":null,"retweet_count":1,"in_reply_to_screen_name":null,"created_at":"Fri Sep 09 22:36:30 +0000 2011","retweeted":false,"in_reply_to_status_id_str":null,"in_reply_to_user_id_str":null,"user":{"time_zone":null,"profile_link_color":"0084B4","protected":false,"created_at":"Thu Dec 16 06:48:40 +0000 2010","profile_image_url_https":"https:\/\/si0.twimg.com\/profile_images\/1214948591\/C4C_2_150x200_normal.jpg","name":"American Patriots","geo_enabled":false,"favourites_count":1,"profile_background_color":"022330","default_profile_image":false,"notifications":null,"profile_background_tile":false,"utc_offset":null,"description":"A collection of citizen activists solely dedicated to getting Herman Cain the GOP nomination in 2012","statuses_count":886,"following":null,"verified":false,"profile_sidebar_fill_color":"C0DFEC","followers_count":3137,"profile_image_url":"http:\/\/a1.twimg.com\/profile_images\/1214948591\/C4C_2_150x200_normal.jpg","default_profile":false,"follow_request_sent":null,"profile_sidebar_border_color":"a8c7f7","location":"USA","is_translator":false,"contributors_enabled":false,"screen_name":"Citizens4Cain","profile_use_background_image":true,"url":"http:\/\/citizens4cain.com","id_str":"227217577","show_all_inline_media":false,"profile_background_image_url_https":"https:\/\/si0.twimg.com\/images\/themes\/theme15\/bg.png","profile_text_color":"333333","id":227217577,"listed_count":100,"lang":"en","profile_background_image_url":"http:\/\/a0.twimg.com\/images\/themes\/theme15\/bg.png","friends_count":1004},"contributors":null,"in_reply_to_status_id":null,"source":"<a href=\"http:\/\/twitterfeed.com\" rel=\"nofollow\">twitterfeed<\/a>","id_str":"112293328510402560","geo":null,"favorited":false,"id":112293328510402560,"coordinates":null,"in_reply_to_user_id":null,"truncated":false,"text":"Herman Cain Weekly Public Schedule: (Stockbridge, GA)- Republican presidential candidate Herman C... http:\/\/t.co\/aWUUDk0 #tcot #GOP2012","name":"Citizens4Cain","boldText":"Herman Cain Weekly Public Schedule: (Stockbridge, GA)- Republican p<B>resident<\/B>ial candidate Herman C... http:\/\/t.co\/aWUUDk0 #tcot #GOP2012"},{"possibly_sensitive":false,"place":null,"retweet_count":0,"in_reply_to_screen_name":null,"created_at":"Fri Sep 09 20:27:41 +0000 2011","retweeted":false,"in_reply_to_status_id_str":null,"in_reply_to_user_id_str":null,"user":{"time_zone":null,"profile_link_color":"0084B4","protected":false,"created_at":"Thu Dec 16 06:48:40 +0000 2010","profile_image_url_https":"https:\/\/si0.twimg.com\/profile_images\/1214948591\/C4C_2_150x200_normal.jpg","name":"American Patriots","geo_enabled":false,"favourites_count":1,"profile_background_color":"022330","default_profile_image":false,"notifications":null,"profile_background_tile":false,"utc_offset":null,"description":"A collection of citizen activists solely dedicated to getting Herman Cain the GOP nomination in 2012","statuses_count":886,"following":null,"verified":false,"profile_sidebar_fill_color":"C0DFEC","followers_count":3137,"profile_image_url":"http:\/\/a1.twimg.com\/profile_images\/1214948591\/C4C_2_150x200_normal.jpg","default_profile":false,"follow_request_sent":null,"profile_sidebar_border_color":"a8c7f7","location":"USA","is_translator":false,"contributors_enabled":false,"screen_name":"Citizens4Cain","profile_use_background_image":true,"url":"http:\/\/citizens4cain.com","id_str":"227217577","show_all_inline_media":false,"profile_background_image_url_https":"https:\/\/si0.twimg.com\/images\/themes\/theme15\/bg.png","profile_text_color":"333333","id":227217577,"listed_count":100,"lang":"en","profile_background_image_url":"http:\/\/a0.twimg.com\/images\/themes\/theme15\/bg.png","friends_count":1004},"contributors":null,"in_reply_to_status_id":null,"source":"<a href=\"http:\/\/twitterfeed.com\" rel=\"nofollow\">twitterfeed<\/a>","id_str":"112260909057056768","geo":null,"favorited":false,"id":112260909057056768,"coordinates":null,"in_reply_to_user_id":null,"truncated":false,"text":"Cain Reflects Upon 10th Anniversary of Terrorist Attacks: (Stockbridge, GA)- Republican president... http:\/\/t.co\/iYF8w3l #tcot #GOP2012","name":"Citizens4Cain","boldText":"Cain Reflects Upon 10th Anniversary of Terrorist Attacks: (Stockbridge, GA)- Republican p<B>resident<\/B>... http:\/\/t.co\/iYF8w3l #tcot #GOP2012"},{"possibly_sensitive":false,"place":null,"retweet_count":0,"in_reply_to_screen_name":null,"created_at":"Wed Sep 07 22:10:14 +0000 2011","retweeted":false,"in_reply_to_status_id_str":null,"in_reply_to_user_id_str":null,"user":{"time_zone":null,"profile_link_color":"0084B4","protected":false,"created_at":"Thu Dec 16 06:48:40 +0000 2010","profile_image_url_https":"https:\/\/si0.twimg.com\/profile_images\/1214948591\/C4C_2_150x200_normal.jpg","name":"American Patriots","geo_enabled":false,"favourites_count":1,"profile_background_color":"022330","default_profile_image":false,"notifications":null,"profile_background_tile":false,"utc_offset":null,"description":"A collection of citizen activists solely dedicated to getting Herman Cain the GOP nomination in 2012","statuses_count":886,"following":null,"verified":false,"profile_sidebar_fill_color":"C0DFEC","followers_count":3137,"profile_image_url":"http:\/\/a1.twimg.com\/profile_images\/1214948591\/C4C_2_150x200_normal.jpg","default_profile":false,"follow_request_sent":null,"profile_sidebar_border_color":"a8c7f7","location":"USA","is_translator":false,"contributors_enabled":false,"screen_name":"Citizens4Cain","profile_use_background_image":true,"url":"http:\/\/citizens4cain.com","id_str":"227217577","show_all_inline_media":false,"profile_background_image_url_https":"https:\/\/si0.twimg.com\/images\/themes\/theme15\/bg.png","profile_text_color":"333333","id":227217577,"listed_count":100,"lang":"en","profile_background_image_url":"http:\/\/a0.twimg.com\/images\/themes\/theme15\/bg.png","friends_count":1004},"contributors":null,"in_reply_to_status_id":null,"source":"<a href=\"http:\/\/twitterfeed.com\" rel=\"nofollow\">twitterfeed<\/a>","id_str":"111561941935337474","geo":null,"favorited":false,"id":111561941935337474,"coordinates":null,"in_reply_to_user_id":null,"truncated":false,"text":"Tim Scott to Host Presidential Town Hall With Herman Cain: Congressman Tim Scott (R-SC) will host... http:\/\/t.co\/C4NfeMw #tcot #GOP2012","name":"Citizens4Cain","boldText":"Tim Scott to Host P<B>resident<\/B>ial Town Hall With Herman Cain: Congressman Tim Scott (R-SC) will host... http:\/\/t.co\/C4NfeMw #tcot #GOP2012"},{"id_str":"110494950420004864","place":null,"retweeted":false,"created_at":"Sun Sep 04 23:30:23 +0000 2011","in_reply_to_status_id_str":null,"in_reply_to_user_id":null,"in_reply_to_user_id_str":null,"contributors":null,"user":{"id_str":"227217577","time_zone":null,"created_at":"Thu Dec 16 06:48:40 +0000 2010","profile_text_color":"333333","protected":false,"default_profile_image":false,"profile_background_image_url":"http:\/\/a0.twimg.com\/images\/themes\/theme15\/bg.png","name":"American Patriots","geo_enabled":false,"notifications":null,"profile_link_color":"0084B4","utc_offset":null,"favourites_count":1,"followers_count":3137,"profile_image_url":"http:\/\/a1.twimg.com\/profile_images\/1214948591\/C4C_2_150x200_normal.jpg","description":"A collection of citizen activists solely dedicated to getting Herman Cain the GOP nomination in 2012","default_profile":false,"follow_request_sent":null,"following":null,"verified":false,"friends_count":1004,"profile_background_color":"022330","is_translator":false,"profile_background_tile":false,"profile_background_image_url_https":"https:\/\/si0.twimg.com\/images\/themes\/theme15\/bg.png","location":"USA","profile_sidebar_fill_color":"C0DFEC","screen_name":"Citizens4Cain","contributors_enabled":false,"url":"http:\/\/citizens4cain.com","listed_count":100,"statuses_count":886,"profile_sidebar_border_color":"a8c7f7","profile_image_url_https":"https:\/\/si0.twimg.com\/profile_images\/1214948591\/C4C_2_150x200_normal.jpg","show_all_inline_media":false,"id":227217577,"lang":"en","profile_use_background_image":true},"possibly_sensitive":false,"retweet_count":1,"in_reply_to_status_id":null,"favorited":false,"geo":null,"source":"<a href=\"http:\/\/twitterfeed.com\" rel=\"nofollow\">twitterfeed<\/a>","coordinates":null,"in_reply_to_screen_name":null,"truncated":false,"id":110494950420004864,"text":"Herman Cain Weekly Public Schedule: (Stockbridge, GA)- Republican presidential candidate Herman C... http:\/\/t.co\/eSUNyXD #tcot #GOP2012","name":"Citizens4Cain","boldText":"Herman Cain Weekly Public Schedule: (Stockbridge, GA)- Republican p<B>resident<\/B>ial candidate Herman C... http:\/\/t.co\/eSUNyXD #tcot #GOP2012"},{"possibly_sensitive":false,"place":null,"retweet_count":1,"in_reply_to_screen_name":null,"created_at":"Fri Sep 02 15:38:31 +0000 2011","retweeted":false,"in_reply_to_status_id_str":null,"in_reply_to_user_id_str":null,"user":{"time_zone":null,"profile_link_color":"0084B4","protected":false,"created_at":"Thu Dec 16 06:48:40 +0000 2010","profile_image_url_https":"https:\/\/si0.twimg.com\/profile_images\/1214948591\/C4C_2_150x200_normal.jpg","name":"American Patriots","geo_enabled":false,"favourites_count":1,"profile_background_color":"022330","default_profile_image":false,"notifications":null,"profile_background_tile":false,"utc_offset":null,"description":"A collection of citizen activists solely dedicated to getting Herman Cain the GOP nomination in 2012","statuses_count":886,"following":null,"verified":false,"profile_sidebar_fill_color":"C0DFEC","followers_count":3137,"profile_image_url":"http:\/\/a1.twimg.com\/profile_images\/1214948591\/C4C_2_150x200_normal.jpg","default_profile":false,"follow_request_sent":null,"profile_sidebar_border_color":"a8c7f7","location":"USA","is_translator":false,"contributors_enabled":false,"screen_name":"Citizens4Cain","profile_use_background_image":true,"url":"http:\/\/citizens4cain.com","id_str":"227217577","show_all_inline_media":false,"profile_background_image_url_https":"https:\/\/si0.twimg.com\/images\/themes\/theme15\/bg.png","profile_text_color":"333333","id":227217577,"listed_count":100,"lang":"en","profile_background_image_url":"http:\/\/a0.twimg.com\/images\/themes\/theme15\/bg.png","friends_count":1004},"contributors":null,"in_reply_to_status_id":null,"source":"<a href=\"http:\/\/twitterfeed.com\" rel=\"nofollow\">twitterfeed<\/a>","id_str":"109651422462746624","geo":null,"favorited":false,"id":109651422462746624,"coordinates":null,"in_reply_to_user_id":null,"truncated":false,"text":"Cain Responds to August Job Numbers: (Stockbridge, GA)- Republican presidential candidate and lon... http:\/\/t.co\/L0K1sl3 #tcot #GOP2012","name":"Citizens4Cain","boldText":"Cain Responds to August Job Numbers: (Stockbridge, GA)- Republican p<B>resident<\/B>ial candidate and lon... http:\/\/t.co\/L0K1sl3 #tcot #GOP2012"},{"possibly_sensitive":false,"place":null,"retweet_count":2,"in_reply_to_screen_name":null,"created_at":"Wed Aug 31 20:13:10 +0000 2011","retweeted":false,"in_reply_to_status_id_str":null,"in_reply_to_user_id_str":null,"user":{"time_zone":null,"profile_link_color":"0084B4","protected":false,"created_at":"Thu Dec 16 06:48:40 +0000 2010","profile_image_url_https":"https:\/\/si0.twimg.com\/profile_images\/1214948591\/C4C_2_150x200_normal.jpg","name":"American Patriots","geo_enabled":false,"favourites_count":1,"profile_background_color":"022330","default_profile_image":false,"notifications":null,"profile_background_tile":false,"utc_offset":null,"description":"A collection of citizen activists solely dedicated to getting Herman Cain the GOP nomination in 2012","statuses_count":886,"following":null,"verified":false,"profile_sidebar_fill_color":"C0DFEC","followers_count":3137,"profile_image_url":"http:\/\/a1.twimg.com\/profile_images\/1214948591\/C4C_2_150x200_normal.jpg","default_profile":false,"follow_request_sent":null,"profile_sidebar_border_color":"a8c7f7","location":"USA","is_translator":false,"contributors_enabled":false,"screen_name":"Citizens4Cain","profile_use_background_image":true,"url":"http:\/\/citizens4cain.com","id_str":"227217577","show_all_inline_media":false,"profile_background_image_url_https":"https:\/\/si0.twimg.com\/images\/themes\/theme15\/bg.png","profile_text_color":"333333","id":227217577,"listed_count":100,"lang":"en","profile_background_image_url":"http:\/\/a0.twimg.com\/images\/themes\/theme15\/bg.png","friends_count":1004},"contributors":null,"in_reply_to_status_id":null,"source":"<a href=\"http:\/\/twitterfeed.com\" rel=\"nofollow\">twitterfeed<\/a>","id_str":"108995767276027904","geo":null,"favorited":false,"id":108995767276027904,"coordinates":null,"in_reply_to_user_id":null,"truncated":false,"text":"Cain Receives Key Georgia Endorsements: (Stockbridge, GA)- Republican presidential candidate Herm... http:\/\/t.co\/Va9PqaV #tcot #GOP2012","name":"Citizens4Cain","boldText":"Cain Receives Key Georgia Endorsements: (Stockbridge, GA)- Republican p<B>resident<\/B>ial candidate Herm... http:\/\/t.co\/Va9PqaV #tcot #GOP2012"},{"possibly_sensitive":false,"place":null,"retweet_count":4,"in_reply_to_screen_name":null,"created_at":"Tue Aug 30 21:11:53 +0000 2011","retweeted":false,"in_reply_to_status_id_str":null,"in_reply_to_user_id_str":null,"user":{"time_zone":null,"profile_link_color":"0084B4","protected":false,"created_at":"Thu Dec 16 06:48:40 +0000 2010","profile_image_url_https":"https:\/\/si0.twimg.com\/profile_images\/1214948591\/C4C_2_150x200_normal.jpg","name":"American Patriots","geo_enabled":false,"favourites_count":1,"profile_background_color":"022330","default_profile_image":false,"notifications":null,"profile_background_tile":false,"utc_offset":null,"description":"A collection of citizen activists solely dedicated to getting Herman Cain the GOP nomination in 2012","statuses_count":886,"following":null,"verified":false,"profile_sidebar_fill_color":"C0DFEC","followers_count":3137,"profile_image_url":"http:\/\/a1.twimg.com\/profile_images\/1214948591\/C4C_2_150x200_normal.jpg","default_profile":false,"follow_request_sent":null,"profile_sidebar_border_color":"a8c7f7","location":"USA","is_translator":false,"contributors_enabled":false,"screen_name":"Citizens4Cain","profile_use_background_image":true,"url":"http:\/\/citizens4cain.com","id_str":"227217577","show_all_inline_media":false,"profile_background_image_url_https":"https:\/\/si0.twimg.com\/images\/themes\/theme15\/bg.png","profile_text_color":"333333","id":227217577,"listed_count":100,"lang":"en","profile_background_image_url":"http:\/\/a0.twimg.com\/images\/themes\/theme15\/bg.png","friends_count":1004},"contributors":null,"in_reply_to_status_id":null,"source":"<a href=\"http:\/\/twitterfeed.com\" rel=\"nofollow\">twitterfeed<\/a>","id_str":"108648153410052097","geo":null,"favorited":false,"id":108648153410052097,"coordinates":null,"in_reply_to_user_id":null,"truncated":false,"text":"Cain to Address Georgia Legislature Wednesday: (Stockbridge, GA)- Republican presidential candida... http:\/\/t.co\/avhoQef #tcot #GOP2012","name":"Citizens4Cain","boldText":"Cain to Address Georgia Legislature Wednesday: (Stockbridge, GA)- Republican p<B>resident<\/B>ial candida... http:\/\/t.co\/avhoQef #tcot #GOP2012"},{"possibly_sensitive":false,"place":null,"retweet_count":0,"in_reply_to_screen_name":null,"created_at":"Sun Aug 28 19:39:51 +0000 2011","retweeted":false,"in_reply_to_status_id_str":null,"in_reply_to_user_id_str":null,"user":{"time_zone":null,"profile_link_color":"0084B4","protected":false,"created_at":"Thu Dec 16 06:48:40 +0000 2010","profile_image_url_https":"https:\/\/si0.twimg.com\/profile_images\/1214948591\/C4C_2_150x200_normal.jpg","name":"American Patriots","geo_enabled":false,"favourites_count":1,"profile_background_color":"022330","default_profile_image":false,"notifications":null,"profile_background_tile":false,"utc_offset":null,"description":"A collection of citizen activists solely dedicated to getting Herman Cain the GOP nomination in 2012","statuses_count":886,"following":null,"verified":false,"profile_sidebar_fill_color":"C0DFEC","followers_count":3137,"profile_image_url":"http:\/\/a1.twimg.com\/profile_images\/1214948591\/C4C_2_150x200_normal.jpg","default_profile":false,"follow_request_sent":null,"profile_sidebar_border_color":"a8c7f7","location":"USA","is_translator":false,"contributors_enabled":false,"screen_name":"Citizens4Cain","profile_use_background_image":true,"url":"http:\/\/citizens4cain.com","id_str":"227217577","show_all_inline_media":false,"profile_background_image_url_https":"https:\/\/si0.twimg.com\/images\/themes\/theme15\/bg.png","profile_text_color":"333333","id":227217577,"listed_count":100,"lang":"en","profile_background_image_url":"http:\/\/a0.twimg.com\/images\/themes\/theme15\/bg.png","friends_count":1004},"contributors":null,"in_reply_to_status_id":null,"source":"<a href=\"http:\/\/twitterfeed.com\" rel=\"nofollow\">twitterfeed<\/a>","id_str":"107900220104388608","geo":null,"favorited":false,"id":107900220104388608,"coordinates":null,"in_reply_to_user_id":null,"truncated":false,"text":"Herman Cain Weekly Public Schedule: (Stockbridge, GA)- Republican presidential candidate Herman C... http:\/\/t.co\/evQAu6K #tcot #GOP2012","name":"Citizens4Cain","boldText":"Herman Cain Weekly Public Schedule: (Stockbridge, GA)- Republican p<B>resident<\/B>ial candidate Herman C... http:\/\/t.co\/evQAu6K #tcot #GOP2012"},{"possibly_sensitive":false,"place":null,"retweet_count":1,"in_reply_to_screen_name":null,"created_at":"Sun Aug 28 14:56:35 +0000 2011","retweeted":false,"in_reply_to_status_id_str":null,"in_reply_to_user_id_str":null,"user":{"time_zone":null,"profile_link_color":"0084B4","protected":false,"created_at":"Thu Dec 16 06:48:40 +0000 2010","profile_image_url_https":"https:\/\/si0.twimg.com\/profile_images\/1214948591\/C4C_2_150x200_normal.jpg","name":"American Patriots","geo_enabled":false,"favourites_count":1,"profile_background_color":"022330","default_profile_image":false,"notifications":null,"profile_background_tile":false,"utc_offset":null,"description":"A collection of citizen activists solely dedicated to getting Herman Cain the GOP nomination in 2012","statuses_count":886,"following":null,"verified":false,"profile_sidebar_fill_color":"C0DFEC","followers_count":3137,"profile_image_url":"http:\/\/a1.twimg.com\/profile_images\/1214948591\/C4C_2_150x200_normal.jpg","default_profile":false,"follow_request_sent":null,"profile_sidebar_border_color":"a8c7f7","location":"USA","is_translator":false,"contributors_enabled":false,"screen_name":"Citizens4Cain","profile_use_background_image":true,"url":"http:\/\/citizens4cain.com","id_str":"227217577","show_all_inline_media":false,"profile_background_image_url_https":"https:\/\/si0.twimg.com\/images\/themes\/theme15\/bg.png","profile_text_color":"333333","id":227217577,"listed_count":100,"lang":"en","profile_background_image_url":"http:\/\/a0.twimg.com\/images\/themes\/theme15\/bg.png","friends_count":1004},"contributors":null,"in_reply_to_status_id":null,"source":"<a href=\"http:\/\/twitterfeed.com\" rel=\"nofollow\">twitterfeed<\/a>","id_str":"107828933214478336","geo":null,"favorited":false,"id":107828933214478336,"coordinates":null,"in_reply_to_user_id":null,"truncated":false,"text":"Herman Cain: \u201cIsrael Has Given Up Enough\u201d: From JPost: Republican US presidential candidate Herma... http:\/\/t.co\/xDTnhg8 #tcot #GOP2012","name":"Citizens4Cain","boldText":"Herman Cain: \u201cIsrael Has Given Up Enough\u201d: From JPost: Republican US p<B>resident<\/B>ial candidate Herma... http:\/\/t.co\/xDTnhg8 #tcot #GOP2012"},{"id_str":"107143461811130368","place":null,"retweeted":false,"created_at":"Fri Aug 26 17:32:46 +0000 2011","in_reply_to_status_id_str":null,"in_reply_to_user_id":null,"in_reply_to_user_id_str":null,"contributors":null,"user":{"id_str":"227217577","time_zone":null,"created_at":"Thu Dec 16 06:48:40 +0000 2010","profile_text_color":"333333","protected":false,"default_profile_image":false,"profile_background_image_url":"http:\/\/a0.twimg.com\/images\/themes\/theme15\/bg.png","name":"American Patriots","geo_enabled":false,"notifications":null,"profile_link_color":"0084B4","utc_offset":null,"favourites_count":1,"followers_count":3137,"profile_image_url":"http:\/\/a1.twimg.com\/profile_images\/1214948591\/C4C_2_150x200_normal.jpg","description":"A collection of citizen activists solely dedicated to getting Herman Cain the GOP nomination in 2012","default_profile":false,"follow_request_sent":null,"following":null,"verified":false,"friends_count":1004,"profile_background_color":"022330","is_translator":false,"profile_background_tile":false,"profile_background_image_url_https":"https:\/\/si0.twimg.com\/images\/themes\/theme15\/bg.png","location":"USA","profile_sidebar_fill_color":"C0DFEC","screen_name":"Citizens4Cain","contributors_enabled":false,"url":"http:\/\/citizens4cain.com","listed_count":100,"statuses_count":886,"profile_sidebar_border_color":"a8c7f7","profile_image_url_https":"https:\/\/si0.twimg.com\/profile_images\/1214948591\/C4C_2_150x200_normal.jpg","show_all_inline_media":false,"id":227217577,"lang":"en","profile_use_background_image":true},"possibly_sensitive":false,"retweet_count":1,"in_reply_to_status_id":null,"favorited":false,"geo":null,"source":"<a href=\"http:\/\/twitterfeed.com\" rel=\"nofollow\">twitterfeed<\/a>","coordinates":null,"in_reply_to_screen_name":null,"truncated":false,"id":107143461811130368,"text":"Cain Announces \u201cGive Back\u201d Meetup Day: (Stockbridge, GA)\u2014Republican presidential candidate Herman... http:\/\/t.co\/8vPBp1w #tcot #GOP2012","name":"Citizens4Cain","boldText":"Cain Announces \u201cGive Back\u201d Meetup Day: (Stockbridge, GA)\u2014Republican p<B>resident<\/B>ial candidate Herman... http:\/\/t.co\/8vPBp1w #tcot #GOP2012"},{"id_str":"106426303435124738","place":null,"retweeted":false,"created_at":"Wed Aug 24 18:03:02 +0000 2011","in_reply_to_status_id_str":null,"in_reply_to_user_id":null,"in_reply_to_user_id_str":null,"contributors":null,"user":{"id_str":"227217577","time_zone":null,"created_at":"Thu Dec 16 06:48:40 +0000 2010","profile_text_color":"333333","protected":false,"default_profile_image":false,"profile_background_image_url":"http:\/\/a0.twimg.com\/images\/themes\/theme15\/bg.png","name":"American Patriots","geo_enabled":false,"notifications":null,"profile_link_color":"0084B4","utc_offset":null,"favourites_count":1,"followers_count":3137,"profile_image_url":"http:\/\/a1.twimg.com\/profile_images\/1214948591\/C4C_2_150x200_normal.jpg","description":"A collection of citizen activists solely dedicated to getting Herman Cain the GOP nomination in 2012","default_profile":false,"follow_request_sent":null,"following":null,"verified":false,"friends_count":1004,"profile_background_color":"022330","is_translator":false,"profile_background_tile":false,"profile_background_image_url_https":"https:\/\/si0.twimg.com\/images\/themes\/theme15\/bg.png","location":"USA","profile_sidebar_fill_color":"C0DFEC","screen_name":"Citizens4Cain","contributors_enabled":false,"url":"http:\/\/citizens4cain.com","listed_count":100,"statuses_count":886,"profile_sidebar_border_color":"a8c7f7","profile_image_url_https":"https:\/\/si0.twimg.com\/profile_images\/1214948591\/C4C_2_150x200_normal.jpg","show_all_inline_media":false,"id":227217577,"lang":"en","profile_use_background_image":true},"possibly_sensitive":false,"retweet_count":0,"in_reply_to_status_id":null,"favorited":false,"geo":null,"source":"<a href=\"http:\/\/twitterfeed.com\" rel=\"nofollow\">twitterfeed<\/a>","coordinates":null,"in_reply_to_screen_name":null,"truncated":false,"id":106426303435124738,"text":"Herman Cain Stands With Us: Meet Merrie\u2026: \u00a0 Friends, In the crowded field of GOP presidential can... http:\/\/t.co\/EiLT8x4 #tcot #GOP2012","name":"Citizens4Cain","boldText":"Herman Cain Stands With Us: Meet Merrie\u2026: \u00a0 Friends, In the crowded field of GOP p<B>resident<\/B>ial can... http:\/\/t.co\/EiLT8x4 #tcot #GOP2012"},{"id_str":"105425663875485697","place":null,"retweeted":false,"created_at":"Sun Aug 21 23:46:51 +0000 2011","in_reply_to_status_id_str":null,"in_reply_to_user_id":null,"in_reply_to_user_id_str":null,"contributors":null,"user":{"id_str":"227217577","time_zone":null,"created_at":"Thu Dec 16 06:48:40 +0000 2010","profile_text_color":"333333","protected":false,"default_profile_image":false,"profile_background_image_url":"http:\/\/a0.twimg.com\/images\/themes\/theme15\/bg.png","name":"American Patriots","geo_enabled":false,"notifications":null,"profile_link_color":"0084B4","utc_offset":null,"favourites_count":1,"followers_count":3137,"profile_image_url":"http:\/\/a1.twimg.com\/profile_images\/1214948591\/C4C_2_150x200_normal.jpg","description":"A collection of citizen activists solely dedicated to getting Herman Cain the GOP nomination in 2012","default_profile":false,"follow_request_sent":null,"following":null,"verified":false,"friends_count":1004,"profile_background_color":"022330","is_translator":false,"profile_background_tile":false,"profile_background_image_url_https":"https:\/\/si0.twimg.com\/images\/themes\/theme15\/bg.png","location":"USA","profile_sidebar_fill_color":"C0DFEC","screen_name":"Citizens4Cain","contributors_enabled":false,"url":"http:\/\/citizens4cain.com","listed_count":100,"statuses_count":886,"profile_sidebar_border_color":"a8c7f7","profile_image_url_https":"https:\/\/si0.twimg.com\/profile_images\/1214948591\/C4C_2_150x200_normal.jpg","show_all_inline_media":false,"id":227217577,"lang":"en","profile_use_background_image":true},"possibly_sensitive":false,"retweet_count":7,"in_reply_to_status_id":null,"favorited":false,"geo":null,"source":"<a href=\"http:\/\/twitterfeed.com\" rel=\"nofollow\">twitterfeed<\/a>","coordinates":null,"in_reply_to_screen_name":null,"truncated":false,"id":105425663875485697,"text":"Mr. President, You\u2019re Fired! (But if you refuse to leave, here\u2019s an economic plan for you): By He... http:\/\/t.co\/s6biaAD #tcot #GOP2012","name":"Citizens4Cain","boldText":"Mr. P<B>resident<\/B>, You\u2019re Fired! (But if you refuse to leave, here\u2019s an economic plan for you): By He... http:\/\/t.co\/s6biaAD #tcot #GOP2012"},{"id_str":"105385139483324416","place":null,"retweeted":false,"created_at":"Sun Aug 21 21:05:49 +0000 2011","in_reply_to_status_id_str":null,"in_reply_to_user_id":null,"in_reply_to_user_id_str":null,"contributors":null,"user":{"id_str":"227217577","time_zone":null,"created_at":"Thu Dec 16 06:48:40 +0000 2010","profile_text_color":"333333","protected":false,"default_profile_image":false,"profile_background_image_url":"http:\/\/a0.twimg.com\/images\/themes\/theme15\/bg.png","name":"American Patriots","geo_enabled":false,"notifications":null,"profile_link_color":"0084B4","utc_offset":null,"favourites_count":1,"followers_count":3137,"profile_image_url":"http:\/\/a1.twimg.com\/profile_images\/1214948591\/C4C_2_150x200_normal.jpg","description":"A collection of citizen activists solely dedicated to getting Herman Cain the GOP nomination in 2012","default_profile":false,"follow_request_sent":null,"following":null,"verified":false,"friends_count":1004,"profile_background_color":"022330","is_translator":false,"profile_background_tile":false,"profile_background_image_url_https":"https:\/\/si0.twimg.com\/images\/themes\/theme15\/bg.png","location":"USA","profile_sidebar_fill_color":"C0DFEC","screen_name":"Citizens4Cain","contributors_enabled":false,"url":"http:\/\/citizens4cain.com","listed_count":100,"statuses_count":886,"profile_sidebar_border_color":"a8c7f7","profile_image_url_https":"https:\/\/si0.twimg.com\/profile_images\/1214948591\/C4C_2_150x200_normal.jpg","show_all_inline_media":false,"id":227217577,"lang":"en","profile_use_background_image":true},"possibly_sensitive":false,"retweet_count":1,"in_reply_to_status_id":null,"favorited":false,"geo":null,"source":"<a href=\"http:\/\/twitterfeed.com\" rel=\"nofollow\">twitterfeed<\/a>","coordinates":null,"in_reply_to_screen_name":null,"truncated":false,"id":105385139483324416,"text":"Cain Responds to President Obama\u2019s Calls for Bashar Assad\u2019s Resignation: (Stockbridge, GA)- Repub... http:\/\/t.co\/0vggZ2V #tcot #GOP2012","name":"Citizens4Cain","boldText":"Cain Responds to P<B>resident<\/B> Obama\u2019s Calls for Bashar Assad\u2019s Resignation: (Stockbridge, GA)- Repub... http:\/\/t.co\/0vggZ2V #tcot #GOP2012"},{"possibly_sensitive":false,"place":null,"retweet_count":3,"in_reply_to_screen_name":null,"created_at":"Fri Aug 19 18:15:30 +0000 2011","retweeted":false,"in_reply_to_status_id_str":null,"in_reply_to_user_id_str":null,"user":{"time_zone":null,"profile_link_color":"0084B4","protected":false,"created_at":"Thu Dec 16 06:48:40 +0000 2010","profile_image_url_https":"https:\/\/si0.twimg.com\/profile_images\/1214948591\/C4C_2_150x200_normal.jpg","name":"American Patriots","geo_enabled":false,"favourites_count":1,"profile_background_color":"022330","default_profile_image":false,"notifications":null,"profile_background_tile":false,"utc_offset":null,"description":"A collection of citizen activists solely dedicated to getting Herman Cain the GOP nomination in 2012","statuses_count":886,"following":null,"verified":false,"profile_sidebar_fill_color":"C0DFEC","followers_count":3137,"profile_image_url":"http:\/\/a1.twimg.com\/profile_images\/1214948591\/C4C_2_150x200_normal.jpg","default_profile":false,"follow_request_sent":null,"profile_sidebar_border_color":"a8c7f7","location":"USA","is_translator":false,"contributors_enabled":false,"screen_name":"Citizens4Cain","profile_use_background_image":true,"url":"http:\/\/citizens4cain.com","id_str":"227217577","show_all_inline_media":false,"profile_background_image_url_https":"https:\/\/si0.twimg.com\/images\/themes\/theme15\/bg.png","profile_text_color":"333333","id":227217577,"listed_count":100,"lang":"en","profile_background_image_url":"http:\/\/a0.twimg.com\/images\/themes\/theme15\/bg.png","friends_count":1004},"contributors":null,"in_reply_to_status_id":null,"source":"<a href=\"http:\/\/twitterfeed.com\" rel=\"nofollow\">twitterfeed<\/a>","id_str":"104617502360879104","geo":null,"favorited":false,"id":104617502360879104,"coordinates":null,"in_reply_to_user_id":null,"truncated":false,"text":"VIDEO: Herman Cain Says He\u2019d \u201cBe Dead\u201d Under \u201cObamaCare\u201d: From the Hill.com: Republican president... http:\/\/t.co\/kPUVsHg #tcot #GOP2012","name":"Citizens4Cain","boldText":"VIDEO: Herman Cain Says He\u2019d \u201cBe Dead\u201d Under \u201cObamaCare\u201d: From the Hill.com: Republican p<B>resident<\/B>... http:\/\/t.co\/kPUVsHg #tcot #GOP2012"},{"possibly_sensitive":false,"place":null,"retweet_count":1,"in_reply_to_screen_name":null,"created_at":"Thu Aug 18 16:32:36 +0000 2011","retweeted":false,"in_reply_to_status_id_str":null,"in_reply_to_user_id_str":null,"user":{"time_zone":null,"profile_link_color":"0084B4","protected":false,"created_at":"Thu Dec 16 06:48:40 +0000 2010","profile_image_url_https":"https:\/\/si0.twimg.com\/profile_images\/1214948591\/C4C_2_150x200_normal.jpg","name":"American Patriots","geo_enabled":false,"favourites_count":1,"profile_background_color":"022330","default_profile_image":false,"notifications":null,"profile_background_tile":false,"utc_offset":null,"description":"A collection of citizen activists solely dedicated to getting Herman Cain the GOP nomination in 2012","statuses_count":886,"following":null,"verified":false,"profile_sidebar_fill_color":"C0DFEC","followers_count":3137,"profile_image_url":"http:\/\/a1.twimg.com\/profile_images\/1214948591\/C4C_2_150x200_normal.jpg","follow_request_sent":null,"profile_sidebar_border_color":"a8c7f7","location":"USA","is_translator":false,"default_profile":false,"contributors_enabled":false,"screen_name":"Citizens4Cain","profile_use_background_image":true,"url":"http:\/\/citizens4cain.com","id_str":"227217577","show_all_inline_media":false,"profile_background_image_url_https":"https:\/\/si0.twimg.com\/images\/themes\/theme15\/bg.png","profile_text_color":"333333","id":227217577,"listed_count":100,"lang":"en","profile_background_image_url":"http:\/\/a0.twimg.com\/images\/themes\/theme15\/bg.png","friends_count":1004},"contributors":null,"in_reply_to_status_id":null,"source":"<a href=\"http:\/\/twitterfeed.com\" rel=\"nofollow\">twitterfeed<\/a>","id_str":"104229217910276096","geo":null,"favorited":false,"id":104229217910276096,"coordinates":null,"in_reply_to_user_id":null,"truncated":false,"text":"Janeane Garofalo: Herman Cain Has Stockholm Syndrome and is Being Paid To Run for President: What... http:\/\/t.co\/7dVc9KK #tcot #GOP2012","name":"Citizens4Cain","boldText":"Janeane Garofalo: Herman Cain Has Stockholm Syndrome and is Being Paid To Run for P<B>resident<\/B>: What... http:\/\/t.co\/7dVc9KK #tcot #GOP2012"},{"possibly_sensitive":false,"place":null,"retweet_count":3,"in_reply_to_screen_name":null,"created_at":"Mon Aug 15 22:25:08 +0000 2011","retweeted":false,"in_reply_to_status_id_str":null,"in_reply_to_user_id_str":null,"user":{"time_zone":null,"profile_link_color":"0084B4","protected":false,"created_at":"Thu Dec 16 06:48:40 +0000 2010","profile_image_url_https":"https:\/\/si0.twimg.com\/profile_images\/1214948591\/C4C_2_150x200_normal.jpg","name":"American Patriots","geo_enabled":false,"favourites_count":1,"profile_background_color":"022330","default_profile_image":false,"notifications":null,"profile_background_tile":false,"utc_offset":null,"description":"A collection of citizen activists solely dedicated to getting Herman Cain the GOP nomination in 2012","statuses_count":886,"following":null,"verified":false,"profile_sidebar_fill_color":"C0DFEC","followers_count":3137,"profile_image_url":"http:\/\/a1.twimg.com\/profile_images\/1214948591\/C4C_2_150x200_normal.jpg","follow_request_sent":null,"profile_sidebar_border_color":"a8c7f7","location":"USA","is_translator":false,"default_profile":false,"contributors_enabled":false,"screen_name":"Citizens4Cain","profile_use_background_image":true,"url":"http:\/\/citizens4cain.com","id_str":"227217577","show_all_inline_media":false,"profile_background_image_url_https":"https:\/\/si0.twimg.com\/images\/themes\/theme15\/bg.png","profile_text_color":"333333","id":227217577,"listed_count":100,"lang":"en","profile_background_image_url":"http:\/\/a0.twimg.com\/images\/themes\/theme15\/bg.png","friends_count":1004},"contributors":null,"in_reply_to_status_id":null,"source":"<a href=\"http:\/\/twitterfeed.com\" rel=\"nofollow\">twitterfeed<\/a>","id_str":"103230772521091072","geo":null,"favorited":false,"id":103230772521091072,"coordinates":null,"in_reply_to_user_id":null,"truncated":false,"text":"Herman\u2019s Weekly Commentary: \u201cInside the presidential debate: A missed opportunity for the voters\u201d... http:\/\/t.co\/KooP6mf #tcot #GOP2012","name":"Citizens4Cain","boldText":"Herman\u2019s Weekly Commentary: \u201cInside the p<B>resident<\/B>ial debate: A missed opportunity for the voters\u201d... http:\/\/t.co\/KooP6mf #tcot #GOP2012"},{"possibly_sensitive":false,"place":null,"retweet_count":1,"in_reply_to_screen_name":null,"created_at":"Mon Aug 15 22:25:08 +0000 2011","retweeted":false,"in_reply_to_status_id_str":null,"in_reply_to_user_id_str":null,"user":{"time_zone":null,"profile_link_color":"0084B4","protected":false,"created_at":"Thu Dec 16 06:48:40 +0000 2010","profile_image_url_https":"https:\/\/si0.twimg.com\/profile_images\/1214948591\/C4C_2_150x200_normal.jpg","name":"American Patriots","geo_enabled":false,"favourites_count":1,"profile_background_color":"022330","default_profile_image":false,"notifications":null,"profile_background_tile":false,"utc_offset":null,"description":"A collection of citizen activists solely dedicated to getting Herman Cain the GOP nomination in 2012","statuses_count":886,"following":null,"verified":false,"profile_sidebar_fill_color":"C0DFEC","followers_count":3137,"profile_image_url":"http:\/\/a1.twimg.com\/profile_images\/1214948591\/C4C_2_150x200_normal.jpg","follow_request_sent":null,"profile_sidebar_border_color":"a8c7f7","location":"USA","is_translator":false,"default_profile":false,"contributors_enabled":false,"screen_name":"Citizens4Cain","profile_use_background_image":true,"url":"http:\/\/citizens4cain.com","id_str":"227217577","show_all_inline_media":false,"profile_background_image_url_https":"https:\/\/si0.twimg.com\/images\/themes\/theme15\/bg.png","profile_text_color":"333333","id":227217577,"listed_count":100,"lang":"en","profile_background_image_url":"http:\/\/a0.twimg.com\/images\/themes\/theme15\/bg.png","friends_count":1004},"contributors":null,"in_reply_to_status_id":null,"source":"<a href=\"http:\/\/twitterfeed.com\" rel=\"nofollow\">twitterfeed<\/a>","id_str":"103230771032100864","geo":null,"favorited":false,"id":103230771032100864,"coordinates":null,"in_reply_to_user_id":null,"truncated":false,"text":"Cain Applauds Court Ruling on Obamacare: (Stockbridge, GA)- Republican presidential candidate Her... http:\/\/t.co\/Tyvxuei #tcot #GOP2012","name":"Citizens4Cain","boldText":"Cain Applauds Court Ruling on Obamacare: (Stockbridge, GA)- Republican p<B>resident<\/B>ial candidate Her... http:\/\/t.co\/Tyvxuei #tcot #GOP2012"},{"possibly_sensitive":false,"place":null,"retweet_count":2,"in_reply_to_screen_name":null,"created_at":"Sun Aug 14 17:19:54 +0000 2011","retweeted":false,"in_reply_to_status_id_str":null,"in_reply_to_user_id_str":null,"user":{"time_zone":null,"profile_link_color":"0084B4","protected":false,"created_at":"Thu Dec 16 06:48:40 +0000 2010","profile_image_url_https":"https:\/\/si0.twimg.com\/profile_images\/1214948591\/C4C_2_150x200_normal.jpg","name":"American Patriots","geo_enabled":false,"favourites_count":1,"profile_background_color":"022330","default_profile_image":false,"notifications":null,"profile_background_tile":false,"utc_offset":null,"description":"A collection of citizen activists solely dedicated to getting Herman Cain the GOP nomination in 2012","statuses_count":886,"following":null,"verified":false,"profile_sidebar_fill_color":"C0DFEC","followers_count":3137,"profile_image_url":"http:\/\/a1.twimg.com\/profile_images\/1214948591\/C4C_2_150x200_normal.jpg","follow_request_sent":null,"profile_sidebar_border_color":"a8c7f7","location":"USA","is_translator":false,"default_profile":false,"contributors_enabled":false,"screen_name":"Citizens4Cain","profile_use_background_image":true,"url":"http:\/\/citizens4cain.com","id_str":"227217577","show_all_inline_media":false,"profile_background_image_url_https":"https:\/\/si0.twimg.com\/images\/themes\/theme15\/bg.png","profile_text_color":"333333","id":227217577,"listed_count":100,"lang":"en","profile_background_image_url":"http:\/\/a0.twimg.com\/images\/themes\/theme15\/bg.png","friends_count":1004},"contributors":null,"in_reply_to_status_id":null,"source":"<a href=\"http:\/\/twitterfeed.com\" rel=\"nofollow\">twitterfeed<\/a>","id_str":"102791568997625856","geo":null,"favorited":false,"id":102791568997625856,"coordinates":null,"in_reply_to_user_id":null,"truncated":false,"text":"Rick Perry\u2019s Not So Conservative Stance on Immigration: According to Tom Tancredo writing @ Polit... http:\/\/t.co\/0vyjPBe #tcot #GOP2012","name":"Citizens4Cain","boldText":"Rick Perry\u2019s Not So Conservative Stance on <B>Immigration<\/B>: According to Tom Tancredo writing @ Polit... http:\/\/t.co\/0vyjPBe #tcot #GOP2012"},{"id_str":"101728774223167488","place":null,"retweeted":false,"created_at":"Thu Aug 11 18:56:44 +0000 2011","in_reply_to_status_id_str":null,"in_reply_to_user_id":null,"in_reply_to_user_id_str":null,"contributors":null,"user":{"id_str":"227217577","time_zone":null,"created_at":"Thu Dec 16 06:48:40 +0000 2010","profile_text_color":"333333","protected":false,"default_profile_image":false,"profile_background_image_url":"http:\/\/a0.twimg.com\/images\/themes\/theme15\/bg.png","name":"American Patriots","geo_enabled":false,"notifications":null,"profile_link_color":"0084B4","utc_offset":null,"favourites_count":1,"followers_count":3137,"profile_image_url":"http:\/\/a1.twimg.com\/profile_images\/1214948591\/C4C_2_150x200_normal.jpg","description":"A collection of citizen activists solely dedicated to getting Herman Cain the GOP nomination in 2012","default_profile":false,"follow_request_sent":null,"following":null,"verified":false,"friends_count":1004,"profile_background_color":"022330","is_translator":false,"profile_background_tile":false,"profile_background_image_url_https":"https:\/\/si0.twimg.com\/images\/themes\/theme15\/bg.png","location":"USA","profile_sidebar_fill_color":"C0DFEC","screen_name":"Citizens4Cain","contributors_enabled":false,"url":"http:\/\/citizens4cain.com","listed_count":100,"statuses_count":886,"profile_sidebar_border_color":"a8c7f7","profile_image_url_https":"https:\/\/si0.twimg.com\/profile_images\/1214948591\/C4C_2_150x200_normal.jpg","show_all_inline_media":false,"id":227217577,"lang":"en","profile_use_background_image":true},"possibly_sensitive":false,"retweet_count":0,"in_reply_to_status_id":null,"favorited":false,"geo":null,"source":"<a href=\"http:\/\/twitterfeed.com\" rel=\"nofollow\">twitterfeed<\/a>","coordinates":null,"in_reply_to_screen_name":null,"truncated":false,"id":101728774223167488,"text":"Live Blogging the 2012 Iowa Republican Presidential Debate: Please Join us as we live blog the 20... http:\/\/bit.ly\/ouVPXM #tcot #GOP2012","name":"Citizens4Cain","boldText":"Live Blogging the 2012 Iowa Republican P<B>resident<\/B>ial Debate: Please Join us as we live blog the 20... http:\/\/bit.ly\/ouVPXM #tcot #GOP2012"},{"id_str":"101720889866993664","place":null,"retweeted":false,"created_at":"Thu Aug 11 18:25:24 +0000 2011","in_reply_to_status_id_str":null,"in_reply_to_user_id":null,"in_reply_to_user_id_str":null,"contributors":null,"user":{"id_str":"227217577","time_zone":null,"created_at":"Thu Dec 16 06:48:40 +0000 2010","profile_text_color":"333333","protected":false,"default_profile_image":false,"profile_background_image_url":"http:\/\/a0.twimg.com\/images\/themes\/theme15\/bg.png","name":"American Patriots","geo_enabled":false,"notifications":null,"profile_link_color":"0084B4","utc_offset":null,"favourites_count":1,"followers_count":3137,"profile_image_url":"http:\/\/a1.twimg.com\/profile_images\/1214948591\/C4C_2_150x200_normal.jpg","description":"A collection of citizen activists solely dedicated to getting Herman Cain the GOP nomination in 2012","default_profile":false,"follow_request_sent":null,"following":null,"verified":false,"friends_count":1004,"profile_background_color":"022330","is_translator":false,"profile_background_tile":false,"profile_background_image_url_https":"https:\/\/si0.twimg.com\/images\/themes\/theme15\/bg.png","location":"USA","profile_sidebar_fill_color":"C0DFEC","screen_name":"Citizens4Cain","contributors_enabled":false,"url":"http:\/\/citizens4cain.com","listed_count":100,"statuses_count":886,"profile_sidebar_border_color":"a8c7f7","profile_image_url_https":"https:\/\/si0.twimg.com\/profile_images\/1214948591\/C4C_2_150x200_normal.jpg","show_all_inline_media":false,"id":227217577,"lang":"en","profile_use_background_image":true},"possibly_sensitive":false,"retweet_count":2,"in_reply_to_status_id":null,"favorited":false,"geo":null,"source":"<a href=\"http:\/\/twitterfeed.com\" rel=\"nofollow\">twitterfeed<\/a>","coordinates":null,"in_reply_to_screen_name":null,"truncated":false,"id":101720889866993664,"text":"Presidential Debate and Iowa Bus Tour- Wish You Were Here!: On Monday, I began my nationwide \u201cCom... http:\/\/bit.ly\/oXf2sS #tcot #GOP2012","name":"Citizens4Cain","boldText":"P<B>resident<\/B>ial Debate and Iowa Bus Tour- Wish You Were Here!: On Monday, I began my nationwide \u201cCom... http:\/\/bit.ly\/oXf2sS #tcot #GOP2012"},{"id_str":"99568219374891009","place":null,"retweeted":false,"created_at":"Fri Aug 05 19:51:28 +0000 2011","in_reply_to_status_id_str":null,"in_reply_to_user_id":null,"in_reply_to_user_id_str":null,"contributors":null,"user":{"id_str":"227217577","time_zone":null,"created_at":"Thu Dec 16 06:48:40 +0000 2010","profile_text_color":"333333","protected":false,"default_profile_image":false,"profile_background_image_url":"http:\/\/a0.twimg.com\/images\/themes\/theme15\/bg.png","name":"American Patriots","geo_enabled":false,"notifications":null,"profile_link_color":"0084B4","utc_offset":null,"favourites_count":1,"followers_count":3137,"profile_image_url":"http:\/\/a1.twimg.com\/profile_images\/1214948591\/C4C_2_150x200_normal.jpg","description":"A collection of citizen activists solely dedicated to getting Herman Cain the GOP nomination in 2012","default_profile":false,"follow_request_sent":null,"following":null,"verified":false,"friends_count":1004,"profile_background_color":"022330","is_translator":false,"profile_background_tile":false,"profile_background_image_url_https":"https:\/\/si0.twimg.com\/images\/themes\/theme15\/bg.png","location":"USA","profile_sidebar_fill_color":"C0DFEC","screen_name":"Citizens4Cain","contributors_enabled":false,"url":"http:\/\/citizens4cain.com","listed_count":100,"statuses_count":886,"profile_sidebar_border_color":"a8c7f7","profile_image_url_https":"https:\/\/si0.twimg.com\/profile_images\/1214948591\/C4C_2_150x200_normal.jpg","show_all_inline_media":false,"id":227217577,"lang":"en","profile_use_background_image":true},"possibly_sensitive":false,"retweet_count":0,"in_reply_to_status_id":null,"favorited":false,"geo":null,"source":"<a href=\"http:\/\/twitterfeed.com\" rel=\"nofollow\">twitterfeed<\/a>","coordinates":null,"in_reply_to_screen_name":null,"truncated":false,"id":99568219374891009,"text":"New Herman Cain Video & Contest: Friends, In the crowded field of GOP presidential candidates, He... http:\/\/bit.ly\/omuDc2 #tcot #GOP2012","name":"Citizens4Cain","boldText":"New Herman Cain Video & Contest: Friends, In the crowded field of GOP p<B>resident<\/B>ial candidates, He... http:\/\/bit.ly\/omuDc2 #tcot #GOP2012"},{"id_str":"94798125658669057","place":null,"retweeted":false,"created_at":"Sat Jul 23 15:56:49 +0000 2011","in_reply_to_status_id_str":null,"in_reply_to_user_id":null,"in_reply_to_user_id_str":null,"contributors":null,"user":{"id_str":"227217577","time_zone":null,"created_at":"Thu Dec 16 06:48:40 +0000 2010","profile_text_color":"333333","protected":false,"default_profile_image":false,"profile_background_image_url":"http:\/\/a0.twimg.com\/images\/themes\/theme15\/bg.png","name":"American Patriots","geo_enabled":false,"notifications":null,"profile_link_color":"0084B4","utc_offset":null,"favourites_count":1,"followers_count":3137,"profile_image_url":"http:\/\/a1.twimg.com\/profile_images\/1214948591\/C4C_2_150x200_normal.jpg","description":"A collection of citizen activists solely dedicated to getting Herman Cain the GOP nomination in 2012","default_profile":false,"follow_request_sent":null,"following":null,"verified":false,"friends_count":1004,"profile_background_color":"022330","is_translator":false,"profile_background_tile":false,"profile_background_image_url_https":"https:\/\/si0.twimg.com\/images\/themes\/theme15\/bg.png","location":"USA","profile_sidebar_fill_color":"C0DFEC","screen_name":"Citizens4Cain","contributors_enabled":false,"url":"http:\/\/citizens4cain.com","listed_count":100,"statuses_count":886,"profile_sidebar_border_color":"a8c7f7","profile_image_url_https":"https:\/\/si0.twimg.com\/profile_images\/1214948591\/C4C_2_150x200_normal.jpg","show_all_inline_media":false,"id":227217577,"lang":"en","profile_use_background_image":true},"possibly_sensitive":false,"retweet_count":3,"in_reply_to_status_id":null,"favorited":false,"geo":null,"source":"<a href=\"http:\/\/twitterfeed.com\" rel=\"nofollow\">twitterfeed<\/a>","coordinates":null,"in_reply_to_screen_name":null,"truncated":false,"id":94798125658669057,"text":"Herman on Neil Cavuto\u2019s \u201cBudget Brawl\u201d TODAY!: You\u2019ve seen President Obama\u2019s press conference. Yo... http:\/\/bit.ly\/oWUzGG #tcot #GOP2012","name":"Citizens4Cain","boldText":"Herman on Neil Cavuto\u2019s \u201cBudget Brawl\u201d TODAY!: You\u2019ve seen P<B>resident<\/B> Obama\u2019s press conference. Yo... http:\/\/bit.ly\/oWUzGG #tcot #GOP2012"},{"id_str":"94131383592681472","place":null,"retweeted":false,"created_at":"Thu Jul 21 19:47:25 +0000 2011","in_reply_to_status_id_str":null,"in_reply_to_user_id":null,"in_reply_to_user_id_str":null,"contributors":null,"user":{"id_str":"227217577","time_zone":null,"created_at":"Thu Dec 16 06:48:40 +0000 2010","profile_text_color":"333333","protected":false,"default_profile_image":false,"profile_background_image_url":"http:\/\/a0.twimg.com\/images\/themes\/theme15\/bg.png","name":"American Patriots","geo_enabled":false,"notifications":null,"profile_link_color":"0084B4","utc_offset":null,"favourites_count":1,"followers_count":3137,"profile_image_url":"http:\/\/a1.twimg.com\/profile_images\/1214948591\/C4C_2_150x200_normal.jpg","description":"A collection of citizen activists solely dedicated to getting Herman Cain the GOP nomination in 2012","default_profile":false,"follow_request_sent":null,"following":null,"verified":false,"friends_count":1004,"profile_background_color":"022330","is_translator":false,"profile_background_tile":false,"profile_background_image_url_https":"https:\/\/si0.twimg.com\/images\/themes\/theme15\/bg.png","location":"USA","profile_sidebar_fill_color":"C0DFEC","screen_name":"Citizens4Cain","contributors_enabled":false,"url":"http:\/\/citizens4cain.com","listed_count":100,"statuses_count":886,"profile_sidebar_border_color":"a8c7f7","profile_image_url_https":"https:\/\/si0.twimg.com\/profile_images\/1214948591\/C4C_2_150x200_normal.jpg","show_all_inline_media":false,"id":227217577,"lang":"en","profile_use_background_image":true},"possibly_sensitive":false,"retweet_count":1,"in_reply_to_status_id":null,"favorited":false,"geo":null,"source":"<a href=\"http:\/\/twitterfeed.com\" rel=\"nofollow\">twitterfeed<\/a>","coordinates":null,"in_reply_to_screen_name":null,"truncated":false,"id":94131383592681472,"text":"Stossel: A Businessman for President? Herman Cain Aims for the White House.: From Reason: Herman ... http:\/\/bit.ly\/qPocD7 #tcot #GOP2012","name":"Citizens4Cain","boldText":"Stossel: A Businessman for P<B>resident<\/B>? Herman Cain Aims for the White House.: From Reason: Herman ... http:\/\/bit.ly\/qPocD7 #tcot #GOP2012"}]