[{"possibly_sensitive":false,"place":null,"retweet_count":"100+","in_reply_to_screen_name":null,"created_at":"Wed Oct 26 18:03:01 +0000 2011","retweeted":false,"in_reply_to_status_id_str":null,"in_reply_to_user_id_str":null,"user":{"time_zone":"Eastern Time (US & Canada)","profile_link_color":"0084B4","protected":false,"default_profile":false,"created_at":"Fri Apr 03 15:42:24 +0000 2009","profile_image_url_https":"https:\/\/si0.twimg.com\/profile_images\/188270520\/web_large_normal.jpg","name":"Herman Cain","geo_enabled":false,"favourites_count":1,"profile_background_color":"C0DEED","default_profile_image":false,"notifications":false,"profile_background_tile":false,"utc_offset":-18000,"description":"Official Twitter page of Republican presidential candidate Herman Cain.\r\n\r\nConnect on Facebook: http:\/\/www.facebook.com\/THEHermanCain","statuses_count":1735,"following":true,"verified":true,"profile_sidebar_fill_color":"DDEEF6","followers_count":153417,"profile_image_url":"http:\/\/a3.twimg.com\/profile_images\/188270520\/web_large_normal.jpg","follow_request_sent":false,"profile_sidebar_border_color":"C0DEED","location":"Stockbridge, Georgia","is_translator":false,"contributors_enabled":true,"screen_name":"THEHermanCain","profile_use_background_image":true,"url":"http:\/\/www.hermancain.com","id_str":"28587919","show_all_inline_media":false,"profile_background_image_url_https":"https:\/\/si0.twimg.com\/profile_background_images\/345135828\/twitter-background-EJ-10-5-web.jpg","profile_text_color":"333333","id":28587919,"listed_count":3620,"lang":"en","profile_background_image_url":"http:\/\/a2.twimg.com\/profile_background_images\/345135828\/twitter-background-EJ-10-5-web.jpg","friends_count":1749},"contributors":null,"in_reply_to_status_id":null,"source":"web","id_str":"129256735289524224","geo":null,"favorited":false,"id":129256735289524224,"coordinates":null,"in_reply_to_user_id":null,"truncated":false,"text":"9-9-9 means Jobs, Jobs, Jobs! RT if you agree! http:\/\/t.co\/Eoj63VTI","name":"THEHermanCain","boldText":"9-9-9 means <B>Jobs<\/B>, <B>Jobs<\/B>, Jobs! RT if you agree! http:\/\/t.co\/Eoj63VTI"},{"possibly_sensitive":false,"place":null,"retweet_count":0,"in_reply_to_screen_name":null,"created_at":"Mon Oct 24 17:59:57 +0000 2011","retweeted":false,"in_reply_to_status_id_str":null,"in_reply_to_user_id_str":null,"user":{"time_zone":null,"profile_link_color":"0084B4","protected":false,"created_at":"Thu Dec 16 06:48:40 +0000 2010","profile_image_url_https":"https:\/\/si0.twimg.com\/profile_images\/1214948591\/C4C_2_150x200_normal.jpg","name":"American Patriots","geo_enabled":false,"favourites_count":1,"profile_background_color":"022330","default_profile_image":false,"notifications":null,"profile_background_tile":false,"utc_offset":null,"description":"A collection of citizen activists solely dedicated to getting Herman Cain the GOP nomination in 2012","statuses_count":886,"following":null,"verified":false,"profile_sidebar_fill_color":"C0DFEC","followers_count":3137,"profile_image_url":"http:\/\/a1.twimg.com\/profile_images\/1214948591\/C4C_2_150x200_normal.jpg","default_profile":false,"follow_request_sent":null,"profile_sidebar_border_color":"a8c7f7","location":"USA","is_translator":false,"contributors_enabled":false,"screen_name":"Citizens4Cain","profile_use_background_image":true,"url":"http:\/\/citizens4cain.com","id_str":"227217577","show_all_inline_media":false,"profile_background_image_url_https":"https:\/\/si0.twimg.com\/images\/themes\/theme15\/bg.png","profile_text_color":"333333","id":227217577,"listed_count":100,"lang":"en","profile_background_image_url":"http:\/\/a0.twimg.com\/images\/themes\/theme15\/bg.png","friends_count":1004},"contributors":null,"in_reply_to_status_id":null,"source":"<a href=\"http:\/\/www.tweetdeck.com\" rel=\"nofollow\">TweetDeck<\/a>","id_str":"128531188116750336","geo":null,"favorited":false,"id":128531188116750336,"coordinates":null,"in_reply_to_user_id":null,"truncated":false,"text":"As Obama Lands in NV\u2026 Where are the Jobs?: http:\/\/t.co\/OAGMWPB4 #NVSen #tcot #FireReid","name":"Citizens4Cain","boldText":"As Obama Lands in NV\u2026 Where are the <B>Jobs<\/B>?: http:\/\/t.co\/OAGMWPB4 #NVSen #tcot #FireReid"},{"place":null,"retweet_count":5,"in_reply_to_screen_name":"Ryanexpress77","created_at":"Fri Oct 21 03:34:17 +0000 2011","retweeted":false,"in_reply_to_status_id_str":"127225621846822912","in_reply_to_user_id_str":"56749735","user":{"time_zone":null,"profile_link_color":"0084B4","protected":false,"created_at":"Thu May 05 17:49:32 +0000 2011","profile_image_url_https":"https:\/\/si0.twimg.com\/profile_images\/1418784344\/HermanCain2_normal.jpg","name":"Cain Staff","geo_enabled":false,"favourites_count":0,"profile_background_color":"C0DEED","default_profile_image":false,"notifications":null,"profile_background_tile":false,"utc_offset":null,"description":"Herman Cain staffers who interact with friends and supporters of Mr. Cain. Visit http:\/\/www.ARealLeader.com to learn more, volunteer and donate.","statuses_count":2039,"following":null,"verified":false,"profile_sidebar_fill_color":"DDEEF6","followers_count":6703,"profile_image_url":"http:\/\/a3.twimg.com\/profile_images\/1418784344\/HermanCain2_normal.jpg","follow_request_sent":null,"profile_sidebar_border_color":"C0DEED","location":"Stockbridge, GA","is_translator":false,"default_profile":false,"contributors_enabled":false,"screen_name":"CainStaff","profile_use_background_image":true,"url":"http:\/\/hermancain.com","id_str":"293627808","show_all_inline_media":false,"profile_background_image_url_https":"https:\/\/si0.twimg.com\/profile_background_images\/246507875\/caintwitbkgd.gif","profile_text_color":"333333","id":293627808,"listed_count":189,"lang":"en","profile_background_image_url":"http:\/\/a3.twimg.com\/profile_background_images\/246507875\/caintwitbkgd.gif","friends_count":1953},"contributors":null,"in_reply_to_status_id":127225621846822912,"source":"<a href=\"http:\/\/www.tweetdeck.com\" rel=\"nofollow\">TweetDeck<\/a>","id_str":"127226170818306048","geo":null,"favorited":false,"id":127226170818306048,"coordinates":null,"in_reply_to_user_id":56749735,"truncated":false,"text":"@Ryanexpress77 We work harder and harder every day. .@TheHermanCain is our inspiratiation.","name":"CainStaff","boldText":"@Ryanexpress77 We <B>work<\/B> harder and harder every day. .@TheHermanCain is our inspiratiation."},{"place":null,"retweet_count":"100+","in_reply_to_screen_name":null,"created_at":"Wed Oct 19 00:19:55 +0000 2011","retweeted":false,"in_reply_to_status_id_str":null,"in_reply_to_user_id_str":null,"user":{"time_zone":"Eastern Time (US & Canada)","profile_link_color":"0084B4","protected":false,"created_at":"Fri Apr 03 15:42:24 +0000 2009","profile_image_url_https":"https:\/\/si0.twimg.com\/profile_images\/188270520\/web_large_normal.jpg","name":"Herman Cain","geo_enabled":false,"favourites_count":1,"profile_background_color":"C0DEED","default_profile_image":false,"notifications":null,"profile_background_tile":false,"utc_offset":-18000,"description":"Official Twitter page of Republican presidential candidate Herman Cain.\r\n\r\nConnect on Facebook: http:\/\/www.facebook.com\/THEHermanCain","statuses_count":1735,"following":null,"verified":true,"profile_sidebar_fill_color":"DDEEF6","followers_count":153570,"profile_image_url":"http:\/\/a3.twimg.com\/profile_images\/188270520\/web_large_normal.jpg","follow_request_sent":null,"profile_sidebar_border_color":"C0DEED","location":"Stockbridge, Georgia","is_translator":false,"default_profile":false,"contributors_enabled":true,"screen_name":"THEHermanCain","profile_use_background_image":true,"url":"http:\/\/www.hermancain.com","id_str":"28587919","show_all_inline_media":false,"profile_background_image_url_https":"https:\/\/si0.twimg.com\/profile_background_images\/345135828\/twitter-background-EJ-10-5-web.jpg","profile_text_color":"333333","id":28587919,"listed_count":3624,"lang":"en","profile_background_image_url":"http:\/\/a2.twimg.com\/profile_background_images\/345135828\/twitter-background-EJ-10-5-web.jpg","friends_count":1749},"contributors":null,"in_reply_to_status_id":null,"source":"<a href=\"http:\/\/www.tweetdeck.com\" rel=\"nofollow\">TweetDeck<\/a>","id_str":"126452479058653184","geo":null,"favorited":false,"id":126452479058653184,"coordinates":null,"in_reply_to_user_id":null,"truncated":false,"text":"RT @philipgoodman: Prices will go down!!! #999 will work . It's transparent, its simple, IT WORKS!!! DO THE MATH. Look at the analysis","name":"THEHermanCain","boldText":"RT @philipgoodman: Prices will go down!!! #999 will <B>work<\/B> . It's transparent, its simple, IT <B>WORK<\/B>S!!! DO THE MATH. Look at the analysis"},{"place":null,"retweet_count":"100+","in_reply_to_screen_name":null,"created_at":"Wed Oct 19 00:14:54 +0000 2011","retweeted":false,"in_reply_to_status_id_str":null,"in_reply_to_user_id_str":null,"user":{"time_zone":"Eastern Time (US & Canada)","profile_link_color":"0084B4","protected":false,"created_at":"Fri Apr 03 15:42:24 +0000 2009","profile_image_url_https":"https:\/\/si0.twimg.com\/profile_images\/188270520\/web_large_normal.jpg","name":"Herman Cain","geo_enabled":false,"favourites_count":1,"profile_background_color":"C0DEED","default_profile_image":false,"notifications":null,"profile_background_tile":false,"utc_offset":-18000,"description":"Official Twitter page of Republican presidential candidate Herman Cain.\r\n\r\nConnect on Facebook: http:\/\/www.facebook.com\/THEHermanCain","statuses_count":1735,"following":null,"verified":true,"profile_sidebar_fill_color":"DDEEF6","followers_count":153570,"profile_image_url":"http:\/\/a3.twimg.com\/profile_images\/188270520\/web_large_normal.jpg","follow_request_sent":null,"profile_sidebar_border_color":"C0DEED","location":"Stockbridge, Georgia","is_translator":false,"default_profile":false,"contributors_enabled":true,"screen_name":"THEHermanCain","profile_use_background_image":true,"url":"http:\/\/www.hermancain.com","id_str":"28587919","show_all_inline_media":false,"profile_background_image_url_https":"https:\/\/si0.twimg.com\/profile_background_images\/345135828\/twitter-background-EJ-10-5-web.jpg","profile_text_color":"333333","id":28587919,"listed_count":3624,"lang":"en","profile_background_image_url":"http:\/\/a2.twimg.com\/profile_background_images\/345135828\/twitter-background-EJ-10-5-web.jpg","friends_count":1749},"contributors":null,"in_reply_to_status_id":null,"source":"<a href=\"http:\/\/www.tweetdeck.com\" rel=\"nofollow\">TweetDeck<\/a>","id_str":"126451220104757248","geo":null,"favorited":false,"id":126451220104757248,"coordinates":null,"in_reply_to_user_id":null,"truncated":false,"text":"The #999 plan will liberate the American workers and liberate American businesses! #cnndebate","name":"THEHermanCain","boldText":"The #999 plan will liberate the American <B><B>work<\/B>er<\/B>s and liberate American businesses! #cnndebate"},{"possibly_sensitive":false,"place":null,"retweet_count":2,"in_reply_to_screen_name":null,"created_at":"Thu Oct 13 17:05:03 +0000 2011","retweeted":false,"in_reply_to_status_id_str":null,"in_reply_to_user_id_str":null,"user":{"time_zone":null,"profile_link_color":"0084B4","protected":false,"created_at":"Thu Dec 16 06:48:40 +0000 2010","profile_image_url_https":"https:\/\/si0.twimg.com\/profile_images\/1214948591\/C4C_2_150x200_normal.jpg","name":"American Patriots","geo_enabled":false,"favourites_count":1,"profile_background_color":"022330","default_profile_image":false,"notifications":null,"profile_background_tile":false,"utc_offset":null,"description":"A collection of citizen activists solely dedicated to getting Herman Cain the GOP nomination in 2012","statuses_count":886,"following":null,"verified":false,"profile_sidebar_fill_color":"C0DFEC","followers_count":3137,"profile_image_url":"http:\/\/a1.twimg.com\/profile_images\/1214948591\/C4C_2_150x200_normal.jpg","default_profile":false,"follow_request_sent":null,"profile_sidebar_border_color":"a8c7f7","location":"USA","is_translator":false,"contributors_enabled":false,"screen_name":"Citizens4Cain","profile_use_background_image":true,"url":"http:\/\/citizens4cain.com","id_str":"227217577","show_all_inline_media":false,"profile_background_image_url_https":"https:\/\/si0.twimg.com\/images\/themes\/theme15\/bg.png","profile_text_color":"333333","id":227217577,"listed_count":100,"lang":"en","profile_background_image_url":"http:\/\/a0.twimg.com\/images\/themes\/theme15\/bg.png","friends_count":1004},"contributors":null,"in_reply_to_status_id":null,"source":"<a href=\"http:\/\/twitterfeed.com\" rel=\"nofollow\">twitterfeed<\/a>","id_str":"124531103859089408","geo":null,"favorited":false,"id":124531103859089408,"coordinates":null,"in_reply_to_user_id":null,"truncated":false,"text":"Dick Morris: 9-9-9 The Truth!: Will 999 really work?\u00a0 Will it be revenue neutral?\u00a0 How will it ef... http:\/\/t.co\/g7HeX1F3 #tcot #GOP2012","name":"Citizens4Cain","boldText":"Dick Morris: 9-9-9 The Truth!: Will 999 really <B>work<\/B>?\u00a0 Will it be revenue neutral?\u00a0 How will it ef... http:\/\/t.co\/g7HeX1F3 #tcot #GOP2012"},{"possibly_sensitive":false,"place":null,"retweet_count":58,"in_reply_to_screen_name":null,"created_at":"Wed Oct 12 15:28:55 +0000 2011","retweeted":false,"in_reply_to_status_id_str":null,"in_reply_to_user_id_str":null,"user":{"time_zone":"Eastern Time (US & Canada)","profile_link_color":"0084B4","protected":false,"created_at":"Fri Apr 03 15:42:24 +0000 2009","profile_image_url_https":"https:\/\/si0.twimg.com\/profile_images\/188270520\/web_large_normal.jpg","name":"Herman Cain","geo_enabled":false,"favourites_count":1,"profile_background_color":"C0DEED","default_profile_image":false,"notifications":null,"profile_background_tile":false,"utc_offset":-18000,"description":"Official Twitter page of Republican presidential candidate Herman Cain.\r\n\r\nConnect on Facebook: http:\/\/www.facebook.com\/THEHermanCain","statuses_count":1735,"following":null,"verified":true,"profile_sidebar_fill_color":"DDEEF6","followers_count":153570,"profile_image_url":"http:\/\/a3.twimg.com\/profile_images\/188270520\/web_large_normal.jpg","follow_request_sent":null,"profile_sidebar_border_color":"C0DEED","location":"Stockbridge, Georgia","is_translator":false,"default_profile":false,"contributors_enabled":true,"screen_name":"THEHermanCain","profile_use_background_image":true,"url":"http:\/\/www.hermancain.com","id_str":"28587919","show_all_inline_media":false,"profile_background_image_url_https":"https:\/\/si0.twimg.com\/profile_background_images\/345135828\/twitter-background-EJ-10-5-web.jpg","profile_text_color":"333333","id":28587919,"listed_count":3624,"lang":"en","profile_background_image_url":"http:\/\/a2.twimg.com\/profile_background_images\/345135828\/twitter-background-EJ-10-5-web.jpg","friends_count":1749},"contributors":null,"in_reply_to_status_id":null,"source":"<a href=\"http:\/\/www.tweetdeck.com\" rel=\"nofollow\">TweetDeck<\/a>","id_str":"124144523906514944","geo":null,"favorited":false,"id":124144523906514944,"coordinates":null,"in_reply_to_user_id":null,"truncated":false,"text":"It was a privilege to address the New Hampshire State Legislature today! http:\/\/t.co\/wxcro5hB","name":"THEHermanCain","boldText":"It was a privilege to address the New Hamps<B>hire<\/B> State Legislature today! http:\/\/t.co\/wxcro5hB"},{"place":null,"retweet_count":"100+","in_reply_to_screen_name":null,"created_at":"Wed Oct 12 01:45:48 +0000 2011","retweeted":false,"in_reply_to_status_id_str":null,"in_reply_to_user_id_str":null,"user":{"time_zone":"Eastern Time (US & Canada)","profile_link_color":"0084B4","protected":false,"created_at":"Fri Apr 03 15:42:24 +0000 2009","profile_image_url_https":"https:\/\/si0.twimg.com\/profile_images\/188270520\/web_large_normal.jpg","name":"Herman Cain","geo_enabled":false,"favourites_count":1,"profile_background_color":"C0DEED","default_profile_image":false,"notifications":null,"profile_background_tile":false,"utc_offset":-18000,"description":"Official Twitter page of Republican presidential candidate Herman Cain.\r\n\r\nConnect on Facebook: http:\/\/www.facebook.com\/THEHermanCain","statuses_count":1735,"following":null,"verified":true,"profile_sidebar_fill_color":"DDEEF6","followers_count":153570,"profile_image_url":"http:\/\/a3.twimg.com\/profile_images\/188270520\/web_large_normal.jpg","follow_request_sent":null,"profile_sidebar_border_color":"C0DEED","location":"Stockbridge, Georgia","is_translator":false,"default_profile":false,"contributors_enabled":true,"screen_name":"THEHermanCain","profile_use_background_image":true,"url":"http:\/\/www.hermancain.com","id_str":"28587919","show_all_inline_media":false,"profile_background_image_url_https":"https:\/\/si0.twimg.com\/profile_background_images\/345135828\/twitter-background-EJ-10-5-web.jpg","profile_text_color":"333333","id":28587919,"listed_count":3624,"lang":"en","profile_background_image_url":"http:\/\/a2.twimg.com\/profile_background_images\/345135828\/twitter-background-EJ-10-5-web.jpg","friends_count":1749},"contributors":null,"in_reply_to_status_id":null,"source":"<a href=\"http:\/\/www.tweetdeck.com\" rel=\"nofollow\">TweetDeck<\/a>","id_str":"123937377646424064","geo":null,"favorited":false,"id":123937377646424064,"coordinates":null,"in_reply_to_user_id":null,"truncated":false,"text":"#OWS should be protesting the failed policies of this Administration and not Wall Street! #econdebate","name":"THEHermanCain","boldText":"#OWS should be protesting the failed policies of this Administration and not <B>Wall Street<\/B>! #econdebate"},{"place":null,"retweet_count":"100+","in_reply_to_screen_name":null,"created_at":"Wed Oct 12 01:17:57 +0000 2011","retweeted":false,"in_reply_to_status_id_str":null,"in_reply_to_user_id_str":null,"user":{"time_zone":"Eastern Time (US & Canada)","profile_link_color":"0084B4","protected":false,"created_at":"Fri Apr 03 15:42:24 +0000 2009","profile_image_url_https":"https:\/\/si0.twimg.com\/profile_images\/188270520\/web_large_normal.jpg","name":"Herman Cain","geo_enabled":false,"favourites_count":1,"profile_background_color":"C0DEED","default_profile_image":false,"notifications":null,"profile_background_tile":false,"utc_offset":-18000,"description":"Official Twitter page of Republican presidential candidate Herman Cain.\r\n\r\nConnect on Facebook: http:\/\/www.facebook.com\/THEHermanCain","statuses_count":1735,"following":null,"verified":true,"profile_sidebar_fill_color":"DDEEF6","followers_count":153570,"profile_image_url":"http:\/\/a3.twimg.com\/profile_images\/188270520\/web_large_normal.jpg","follow_request_sent":null,"profile_sidebar_border_color":"C0DEED","location":"Stockbridge, Georgia","is_translator":false,"default_profile":false,"contributors_enabled":true,"screen_name":"THEHermanCain","profile_use_background_image":true,"url":"http:\/\/www.hermancain.com","id_str":"28587919","show_all_inline_media":false,"profile_background_image_url_https":"https:\/\/si0.twimg.com\/profile_background_images\/345135828\/twitter-background-EJ-10-5-web.jpg","profile_text_color":"333333","id":28587919,"listed_count":3624,"lang":"en","profile_background_image_url":"http:\/\/a2.twimg.com\/profile_background_images\/345135828\/twitter-background-EJ-10-5-web.jpg","friends_count":1749},"contributors":null,"in_reply_to_status_id":null,"source":"<a href=\"http:\/\/www.tweetdeck.com\" rel=\"nofollow\">TweetDeck<\/a>","id_str":"123930372017889280","geo":null,"favorited":false,"id":123930372017889280,"coordinates":null,"in_reply_to_user_id":null,"truncated":false,"text":"My top priority is 9-9-9: Jobs-jobs-jobs! #econdebate","name":"THEHermanCain","boldText":"My top priority is 9-9-9: <B>Jobs<\/B>-<B>jobs<\/B>-jobs! #econdebate"},{"place":null,"retweet_count":12,"in_reply_to_screen_name":null,"created_at":"Wed Oct 12 01:16:53 +0000 2011","retweeted":false,"in_reply_to_status_id_str":null,"in_reply_to_user_id_str":null,"user":{"time_zone":null,"profile_link_color":"0084B4","protected":false,"created_at":"Thu May 05 17:49:32 +0000 2011","profile_image_url_https":"https:\/\/si0.twimg.com\/profile_images\/1418784344\/HermanCain2_normal.jpg","name":"Cain Staff","geo_enabled":false,"favourites_count":0,"profile_background_color":"C0DEED","default_profile_image":false,"default_profile":false,"notifications":null,"profile_background_tile":false,"utc_offset":null,"description":"Herman Cain staffers who interact with friends and supporters of Mr. Cain. Visit http:\/\/www.ARealLeader.com to learn more, volunteer and donate.","statuses_count":2039,"following":null,"verified":false,"profile_sidebar_fill_color":"DDEEF6","followers_count":6703,"profile_image_url":"http:\/\/a3.twimg.com\/profile_images\/1418784344\/HermanCain2_normal.jpg","follow_request_sent":null,"profile_sidebar_border_color":"C0DEED","location":"Stockbridge, GA","is_translator":false,"contributors_enabled":false,"screen_name":"CainStaff","profile_use_background_image":true,"url":"http:\/\/hermancain.com","id_str":"293627808","show_all_inline_media":false,"profile_background_image_url_https":"https:\/\/si0.twimg.com\/profile_background_images\/246507875\/caintwitbkgd.gif","profile_text_color":"333333","id":293627808,"listed_count":189,"lang":"en","profile_background_image_url":"http:\/\/a3.twimg.com\/profile_background_images\/246507875\/caintwitbkgd.gif","friends_count":1953},"contributors":null,"in_reply_to_status_id":null,"source":"web","id_str":"123930103716655104","geo":null,"favorited":false,"id":123930103716655104,"coordinates":null,"in_reply_to_user_id":null,"truncated":false,"text":"\"My top priority is jobs, jobs, jobs.\" --@THEHermanCain #999 #econdebate","name":"CainStaff","boldText":"\"My top priority is <B>jobs<\/B>, <B>jobs<\/B>, jobs.\" --@THEHermanCain #999 #econdebate"},{"place":null,"retweet_count":"100+","in_reply_to_screen_name":null,"created_at":"Wed Oct 12 00:33:27 +0000 2011","retweeted":false,"in_reply_to_status_id_str":null,"in_reply_to_user_id_str":null,"user":{"time_zone":"Eastern Time (US & Canada)","profile_link_color":"0084B4","protected":false,"created_at":"Fri Apr 03 15:42:24 +0000 2009","profile_image_url_https":"https:\/\/si0.twimg.com\/profile_images\/188270520\/web_large_normal.jpg","name":"Herman Cain","geo_enabled":false,"favourites_count":1,"profile_background_color":"C0DEED","default_profile_image":false,"notifications":null,"profile_background_tile":false,"utc_offset":-18000,"description":"Official Twitter page of Republican presidential candidate Herman Cain.\r\n\r\nConnect on Facebook: http:\/\/www.facebook.com\/THEHermanCain","statuses_count":1735,"following":null,"verified":true,"profile_sidebar_fill_color":"DDEEF6","followers_count":153570,"profile_image_url":"http:\/\/a3.twimg.com\/profile_images\/188270520\/web_large_normal.jpg","follow_request_sent":null,"profile_sidebar_border_color":"C0DEED","location":"Stockbridge, Georgia","is_translator":false,"default_profile":false,"contributors_enabled":true,"screen_name":"THEHermanCain","profile_use_background_image":true,"url":"http:\/\/www.hermancain.com","id_str":"28587919","show_all_inline_media":false,"profile_background_image_url_https":"https:\/\/si0.twimg.com\/profile_background_images\/345135828\/twitter-background-EJ-10-5-web.jpg","profile_text_color":"333333","id":28587919,"listed_count":3624,"lang":"en","profile_background_image_url":"http:\/\/a2.twimg.com\/profile_background_images\/345135828\/twitter-background-EJ-10-5-web.jpg","friends_count":1749},"contributors":null,"in_reply_to_status_id":null,"source":"<a href=\"http:\/\/www.tweetdeck.com\" rel=\"nofollow\">TweetDeck<\/a>","id_str":"123919170562826240","geo":null,"favorited":false,"id":123919170562826240,"coordinates":null,"in_reply_to_user_id":null,"truncated":false,"text":"RT @richlowrie: #999 sales tax will NOT increase prices.  It REPLACES taxes already embedded in prices.  Marginal costs go DOWN!","name":"THEHermanCain","boldText":"RT @richlowrie: #999 sales tax will NOT increase prices.  It REPLACES <B>taxes<\/B> already embedded in prices.  Marginal costs go DOWN!"},{"place":null,"retweet_count":"100+","in_reply_to_screen_name":null,"created_at":"Wed Oct 12 00:08:21 +0000 2011","retweeted":false,"in_reply_to_status_id_str":null,"in_reply_to_user_id_str":null,"user":{"time_zone":"Eastern Time (US & Canada)","profile_link_color":"0084B4","protected":false,"created_at":"Fri Apr 03 15:42:24 +0000 2009","profile_image_url_https":"https:\/\/si0.twimg.com\/profile_images\/188270520\/web_large_normal.jpg","name":"Herman Cain","geo_enabled":false,"favourites_count":1,"profile_background_color":"C0DEED","default_profile_image":false,"notifications":null,"profile_background_tile":false,"utc_offset":-18000,"description":"Official Twitter page of Republican presidential candidate Herman Cain.\r\n\r\nConnect on Facebook: http:\/\/www.facebook.com\/THEHermanCain","statuses_count":1735,"following":null,"verified":true,"profile_sidebar_fill_color":"DDEEF6","followers_count":153570,"profile_image_url":"http:\/\/a3.twimg.com\/profile_images\/188270520\/web_large_normal.jpg","follow_request_sent":null,"profile_sidebar_border_color":"C0DEED","location":"Stockbridge, Georgia","is_translator":false,"default_profile":false,"contributors_enabled":true,"screen_name":"THEHermanCain","profile_use_background_image":true,"url":"http:\/\/www.hermancain.com","id_str":"28587919","show_all_inline_media":false,"profile_background_image_url_https":"https:\/\/si0.twimg.com\/profile_background_images\/345135828\/twitter-background-EJ-10-5-web.jpg","profile_text_color":"333333","id":28587919,"listed_count":3624,"lang":"en","profile_background_image_url":"http:\/\/a2.twimg.com\/profile_background_images\/345135828\/twitter-background-EJ-10-5-web.jpg","friends_count":1749},"contributors":null,"in_reply_to_status_id":null,"source":"<a href=\"http:\/\/www.tweetdeck.com\" rel=\"nofollow\">TweetDeck<\/a>","id_str":"123912854205247488","geo":null,"favorited":false,"id":123912854205247488,"coordinates":null,"in_reply_to_user_id":null,"truncated":false,"text":"We must grow this economy with the #999 plan & get serious about not creating annual deficits #econdebate","name":"THEHermanCain","boldText":"We must grow this economy with the #999 plan & get serious about not creating annual <B>deficit<\/B>s #econdebate"},{"possibly_sensitive":false,"place":null,"retweet_count":0,"in_reply_to_screen_name":"DebGBeck","created_at":"Tue Oct 11 05:51:40 +0000 2011","retweeted":false,"in_reply_to_status_id_str":"123636266444128256","in_reply_to_user_id_str":"291493020","user":{"time_zone":null,"profile_link_color":"0084B4","protected":false,"created_at":"Thu May 05 17:49:32 +0000 2011","profile_image_url_https":"https:\/\/si0.twimg.com\/profile_images\/1418784344\/HermanCain2_normal.jpg","name":"Cain Staff","geo_enabled":false,"favourites_count":0,"profile_background_color":"C0DEED","default_profile_image":false,"default_profile":false,"notifications":null,"profile_background_tile":false,"utc_offset":null,"description":"Herman Cain staffers who interact with friends and supporters of Mr. Cain. Visit http:\/\/www.ARealLeader.com to learn more, volunteer and donate.","statuses_count":2039,"following":null,"verified":false,"profile_sidebar_fill_color":"DDEEF6","followers_count":6703,"profile_image_url":"http:\/\/a3.twimg.com\/profile_images\/1418784344\/HermanCain2_normal.jpg","follow_request_sent":null,"profile_sidebar_border_color":"C0DEED","location":"Stockbridge, GA","is_translator":false,"contributors_enabled":false,"screen_name":"CainStaff","profile_use_background_image":true,"url":"http:\/\/hermancain.com","id_str":"293627808","show_all_inline_media":false,"profile_background_image_url_https":"https:\/\/si0.twimg.com\/profile_background_images\/246507875\/caintwitbkgd.gif","profile_text_color":"333333","id":293627808,"listed_count":189,"lang":"en","profile_background_image_url":"http:\/\/a3.twimg.com\/profile_background_images\/246507875\/caintwitbkgd.gif","friends_count":1953},"contributors":null,"in_reply_to_status_id":123636266444128256,"source":"<a href=\"http:\/\/www.tweetdeck.com\" rel=\"nofollow\">TweetDeck<\/a>","id_str":"123636866900692992","geo":null,"favorited":false,"id":123636866900692992,"coordinates":null,"in_reply_to_user_id":291493020,"truncated":false,"text":"@DebGBeck http:\/\/t.co\/7BhhLi80 works.","name":"CainStaff","boldText":"@DebGBeck http:\/\/t.co\/7BhhLi80 <B>work<\/B>s."},{"possibly_sensitive":false,"place":null,"retweet_count":12,"in_reply_to_screen_name":null,"created_at":"Tue Oct 11 04:58:20 +0000 2011","retweeted":false,"in_reply_to_status_id_str":null,"in_reply_to_user_id_str":null,"user":{"time_zone":null,"profile_link_color":"0084B4","protected":false,"created_at":"Thu May 05 17:49:32 +0000 2011","profile_image_url_https":"https:\/\/si0.twimg.com\/profile_images\/1418784344\/HermanCain2_normal.jpg","name":"Cain Staff","geo_enabled":false,"favourites_count":0,"profile_background_color":"C0DEED","default_profile_image":false,"default_profile":false,"notifications":null,"profile_background_tile":false,"utc_offset":null,"description":"Herman Cain staffers who interact with friends and supporters of Mr. Cain. Visit http:\/\/www.ARealLeader.com to learn more, volunteer and donate.","statuses_count":2039,"following":null,"verified":false,"profile_sidebar_fill_color":"DDEEF6","followers_count":6703,"profile_image_url":"http:\/\/a3.twimg.com\/profile_images\/1418784344\/HermanCain2_normal.jpg","follow_request_sent":null,"profile_sidebar_border_color":"C0DEED","location":"Stockbridge, GA","is_translator":false,"contributors_enabled":false,"screen_name":"CainStaff","profile_use_background_image":true,"url":"http:\/\/hermancain.com","id_str":"293627808","show_all_inline_media":false,"profile_background_image_url_https":"https:\/\/si0.twimg.com\/profile_background_images\/246507875\/caintwitbkgd.gif","profile_text_color":"333333","id":293627808,"listed_count":189,"lang":"en","profile_background_image_url":"http:\/\/a3.twimg.com\/profile_background_images\/246507875\/caintwitbkgd.gif","friends_count":1953},"contributors":null,"in_reply_to_status_id":null,"source":"<a href=\"http:\/\/www.tweetdeck.com\" rel=\"nofollow\">TweetDeck<\/a>","id_str":"123623445417312257","geo":null,"favorited":false,"id":123623445417312257,"coordinates":null,"in_reply_to_user_id":null,"truncated":false,"text":"We don;t just work for .@TheHermanCain This is why we do what we do. http:\/\/t.co\/0GJdqH59","name":"CainStaff","boldText":"We don;t just <B>work<\/B> for .@TheHermanCain This is why we do what we do. http:\/\/t.co\/0GJdqH59"},{"place":null,"retweet_count":0,"in_reply_to_screen_name":"hiltsjw","created_at":"Mon Oct 10 18:55:29 +0000 2011","retweeted":false,"in_reply_to_status_id_str":"123457551273689089","in_reply_to_user_id_str":"321821367","user":{"time_zone":null,"profile_link_color":"0084B4","protected":false,"created_at":"Thu May 05 17:49:32 +0000 2011","profile_image_url_https":"https:\/\/si0.twimg.com\/profile_images\/1418784344\/HermanCain2_normal.jpg","name":"Cain Staff","geo_enabled":false,"favourites_count":0,"profile_background_color":"C0DEED","default_profile_image":false,"default_profile":false,"notifications":null,"profile_background_tile":false,"utc_offset":null,"description":"Herman Cain staffers who interact with friends and supporters of Mr. Cain. Visit http:\/\/www.ARealLeader.com to learn more, volunteer and donate.","statuses_count":2039,"following":null,"verified":false,"profile_sidebar_fill_color":"DDEEF6","followers_count":6703,"profile_image_url":"http:\/\/a3.twimg.com\/profile_images\/1418784344\/HermanCain2_normal.jpg","follow_request_sent":null,"profile_sidebar_border_color":"C0DEED","location":"Stockbridge, GA","is_translator":false,"contributors_enabled":false,"screen_name":"CainStaff","profile_use_background_image":true,"url":"http:\/\/hermancain.com","id_str":"293627808","show_all_inline_media":false,"profile_background_image_url_https":"https:\/\/si0.twimg.com\/profile_background_images\/246507875\/caintwitbkgd.gif","profile_text_color":"333333","id":293627808,"listed_count":189,"lang":"en","profile_background_image_url":"http:\/\/a3.twimg.com\/profile_background_images\/246507875\/caintwitbkgd.gif","friends_count":1953},"contributors":null,"in_reply_to_status_id":123457551273689089,"source":"web","id_str":"123471733738061824","geo":null,"favorited":false,"id":123471733738061824,"coordinates":null,"in_reply_to_user_id":321821367,"truncated":false,"text":"@hiltsjw #999 has nothing to do w. state taxes. It's federal. But it wipes out many other fed taxes, so you come out ahead.","name":"CainStaff","boldText":"@hiltsjw #999 has nothing to do w. state <B>taxes<\/B>. It's federal. But it wipes out many other fed <B>taxes<\/B>, so you come out ahead."},{"place":null,"retweet_count":"100+","in_reply_to_screen_name":null,"created_at":"Sun Oct 09 02:56:27 +0000 2011","retweeted":false,"in_reply_to_status_id_str":null,"in_reply_to_user_id_str":null,"user":{"time_zone":"Eastern Time (US & Canada)","profile_link_color":"0084B4","protected":false,"created_at":"Fri Apr 03 15:42:24 +0000 2009","profile_image_url_https":"https:\/\/si0.twimg.com\/profile_images\/188270520\/web_large_normal.jpg","name":"Herman Cain","geo_enabled":false,"favourites_count":1,"profile_background_color":"C0DEED","default_profile_image":false,"notifications":false,"profile_background_tile":false,"utc_offset":-18000,"description":"Official Twitter page of Republican presidential candidate Herman Cain.\r\n\r\nConnect on Facebook: http:\/\/www.facebook.com\/THEHermanCain","statuses_count":1735,"following":false,"verified":true,"profile_sidebar_fill_color":"DDEEF6","followers_count":153533,"profile_image_url":"http:\/\/a3.twimg.com\/profile_images\/188270520\/web_large_normal.jpg","follow_request_sent":false,"profile_sidebar_border_color":"C0DEED","location":"Stockbridge, Georgia","is_translator":false,"default_profile":false,"contributors_enabled":true,"screen_name":"THEHermanCain","profile_use_background_image":true,"url":"http:\/\/www.hermancain.com","id_str":"28587919","show_all_inline_media":false,"profile_background_image_url_https":"https:\/\/si0.twimg.com\/profile_background_images\/345135828\/twitter-background-EJ-10-5-web.jpg","profile_text_color":"333333","id":28587919,"listed_count":3624,"lang":"en","profile_background_image_url":"http:\/\/a2.twimg.com\/profile_background_images\/345135828\/twitter-background-EJ-10-5-web.jpg","friends_count":1749},"contributors":null,"in_reply_to_status_id":null,"source":"<a href=\"http:\/\/www.tweetdeck.com\" rel=\"nofollow\">TweetDeck<\/a>","id_str":"122867994534739969","geo":null,"favorited":false,"id":122867994534739969,"coordinates":null,"in_reply_to_user_id":null,"truncated":false,"text":"Tomorrow I will be on @CNN's State of the Union and Face the Nation on @CBS. Tune in and tell me what you think! #tcot","name":"THEHermanCain","boldText":"Tomorrow I will be on @CNN's State of the <B>Union<\/B> and Face the Nation on @CBS. Tune in and tell me what you think! #tcot"},{"possibly_sensitive":false,"place":null,"retweet_count":0,"in_reply_to_screen_name":"Patriot1st","created_at":"Sat Oct 08 00:28:20 +0000 2011","retweeted":false,"in_reply_to_status_id_str":"122468142864805888","in_reply_to_user_id_str":"135654664","user":{"time_zone":null,"profile_link_color":"0084B4","protected":false,"created_at":"Thu May 05 17:49:32 +0000 2011","profile_image_url_https":"https:\/\/si0.twimg.com\/profile_images\/1418784344\/HermanCain2_normal.jpg","name":"Cain Staff","geo_enabled":false,"favourites_count":0,"profile_background_color":"C0DEED","default_profile_image":false,"notifications":null,"profile_background_tile":false,"utc_offset":null,"description":"Herman Cain staffers who interact with friends and supporters of Mr. Cain. Visit http:\/\/www.ARealLeader.com to learn more, volunteer and donate.","statuses_count":2039,"following":null,"verified":false,"profile_sidebar_fill_color":"DDEEF6","followers_count":6703,"profile_image_url":"http:\/\/a3.twimg.com\/profile_images\/1418784344\/HermanCain2_normal.jpg","follow_request_sent":null,"profile_sidebar_border_color":"C0DEED","location":"Stockbridge, GA","is_translator":false,"contributors_enabled":false,"screen_name":"CainStaff","profile_use_background_image":true,"url":"http:\/\/hermancain.com","id_str":"293627808","default_profile":false,"show_all_inline_media":false,"profile_background_image_url_https":"https:\/\/si0.twimg.com\/profile_background_images\/246507875\/caintwitbkgd.gif","profile_text_color":"333333","id":293627808,"listed_count":189,"lang":"en","profile_background_image_url":"http:\/\/a3.twimg.com\/profile_background_images\/246507875\/caintwitbkgd.gif","friends_count":1953},"contributors":null,"in_reply_to_status_id":122468142864805888,"source":"web","id_str":"122468334095712256","geo":null,"favorited":false,"id":122468334095712256,"coordinates":null,"in_reply_to_user_id":135654664,"truncated":false,"text":"@KarolHansen http:\/\/t.co\/9h20GDMq works.","name":"CainStaff","boldText":"@KarolHansen http:\/\/t.co\/9h20GDMq <B>work<\/B>s."},{"place":null,"retweet_count":"100+","in_reply_to_screen_name":null,"created_at":"Thu Oct 06 03:22:26 +0000 2011","retweeted":false,"in_reply_to_status_id_str":null,"in_reply_to_user_id_str":null,"user":{"time_zone":"Eastern Time (US & Canada)","profile_link_color":"0084B4","protected":false,"created_at":"Fri Apr 03 15:42:24 +0000 2009","profile_image_url_https":"https:\/\/si0.twimg.com\/profile_images\/188270520\/web_large_normal.jpg","name":"Herman Cain","geo_enabled":false,"favourites_count":1,"profile_background_color":"C0DEED","default_profile_image":false,"notifications":null,"profile_background_tile":false,"utc_offset":-18000,"description":"Official Twitter page of Republican presidential candidate Herman Cain.\r\n\r\nConnect on Facebook: http:\/\/www.facebook.com\/THEHermanCain","statuses_count":1735,"following":null,"verified":true,"profile_sidebar_fill_color":"DDEEF6","followers_count":153570,"profile_image_url":"http:\/\/a3.twimg.com\/profile_images\/188270520\/web_large_normal.jpg","follow_request_sent":null,"profile_sidebar_border_color":"C0DEED","location":"Stockbridge, Georgia","is_translator":false,"default_profile":false,"contributors_enabled":true,"screen_name":"THEHermanCain","profile_use_background_image":true,"url":"http:\/\/www.hermancain.com","id_str":"28587919","show_all_inline_media":false,"profile_background_image_url_https":"https:\/\/si0.twimg.com\/profile_background_images\/345135828\/twitter-background-EJ-10-5-web.jpg","profile_text_color":"333333","id":28587919,"listed_count":3624,"lang":"en","profile_background_image_url":"http:\/\/a2.twimg.com\/profile_background_images\/345135828\/twitter-background-EJ-10-5-web.jpg","friends_count":1749},"contributors":null,"in_reply_to_status_id":null,"source":"<a href=\"http:\/\/www.tweetdeck.com\" rel=\"nofollow\">TweetDeck<\/a>","id_str":"121787369140662272","geo":null,"favorited":false,"id":121787369140662272,"coordinates":null,"in_reply_to_user_id":null,"truncated":false,"text":"This country is made great by those who personify the American Dream; Steve Jobs gave us new ways with which to dream","name":"THEHermanCain","boldText":"This country is made great by those who personify the American Dream; Steve <B>Jobs<\/B> gave us new ways with which to dream"},{"id_str":"120677272922505218","place":null,"retweeted":false,"created_at":"Mon Oct 03 01:51:18 +0000 2011","in_reply_to_status_id_str":null,"in_reply_to_user_id":null,"in_reply_to_user_id_str":null,"contributors":null,"user":{"id_str":"227217577","time_zone":null,"created_at":"Thu Dec 16 06:48:40 +0000 2010","profile_text_color":"333333","protected":false,"default_profile_image":false,"profile_background_image_url":"http:\/\/a0.twimg.com\/images\/themes\/theme15\/bg.png","name":"American Patriots","geo_enabled":false,"notifications":null,"profile_link_color":"0084B4","utc_offset":null,"favourites_count":1,"followers_count":3137,"profile_image_url":"http:\/\/a1.twimg.com\/profile_images\/1214948591\/C4C_2_150x200_normal.jpg","description":"A collection of citizen activists solely dedicated to getting Herman Cain the GOP nomination in 2012","default_profile":false,"follow_request_sent":null,"following":null,"verified":false,"friends_count":1004,"profile_background_color":"022330","is_translator":false,"profile_background_tile":false,"profile_background_image_url_https":"https:\/\/si0.twimg.com\/images\/themes\/theme15\/bg.png","location":"USA","profile_sidebar_fill_color":"C0DFEC","screen_name":"Citizens4Cain","contributors_enabled":false,"url":"http:\/\/citizens4cain.com","listed_count":100,"statuses_count":886,"profile_sidebar_border_color":"a8c7f7","profile_image_url_https":"https:\/\/si0.twimg.com\/profile_images\/1214948591\/C4C_2_150x200_normal.jpg","show_all_inline_media":false,"id":227217577,"lang":"en","profile_use_background_image":true},"possibly_sensitive":false,"retweet_count":2,"in_reply_to_status_id":null,"favorited":false,"geo":null,"source":"<a href=\"http:\/\/www.tweetdeck.com\" rel=\"nofollow\">TweetDeck<\/a>","coordinates":null,"in_reply_to_screen_name":null,"truncated":false,"id":120677272922505218,"text":"Checking out the Keystone XL Pipeline and sign the petition www.fuelingjobs.com","name":"Citizens4Cain","boldText":"Checking out the Keystone XL Pipeline and sign the petition www.fueling<B>jobs<\/B>.com"},{"place":null,"retweet_count":99,"in_reply_to_screen_name":null,"created_at":"Mon Sep 26 15:56:12 +0000 2011","retweeted":false,"in_reply_to_status_id_str":null,"in_reply_to_user_id_str":null,"user":{"time_zone":"Eastern Time (US & Canada)","profile_link_color":"0084B4","protected":false,"created_at":"Fri Apr 03 15:42:24 +0000 2009","profile_image_url_https":"https:\/\/si0.twimg.com\/profile_images\/188270520\/web_large_normal.jpg","name":"Herman Cain","geo_enabled":false,"favourites_count":1,"profile_background_color":"C0DEED","default_profile_image":false,"notifications":null,"profile_background_tile":false,"utc_offset":-18000,"description":"Official Twitter page of Republican presidential candidate Herman Cain.\r\n\r\nConnect on Facebook: http:\/\/www.facebook.com\/THEHermanCain","statuses_count":1735,"following":null,"verified":true,"profile_sidebar_fill_color":"DDEEF6","followers_count":153570,"profile_image_url":"http:\/\/a3.twimg.com\/profile_images\/188270520\/web_large_normal.jpg","follow_request_sent":null,"profile_sidebar_border_color":"C0DEED","location":"Stockbridge, Georgia","is_translator":false,"default_profile":false,"contributors_enabled":true,"screen_name":"THEHermanCain","profile_use_background_image":true,"url":"http:\/\/www.hermancain.com","id_str":"28587919","show_all_inline_media":false,"profile_background_image_url_https":"https:\/\/si0.twimg.com\/profile_background_images\/345135828\/twitter-background-EJ-10-5-web.jpg","profile_text_color":"333333","id":28587919,"listed_count":3624,"lang":"en","profile_background_image_url":"http:\/\/a2.twimg.com\/profile_background_images\/345135828\/twitter-background-EJ-10-5-web.jpg","friends_count":1749},"contributors":null,"in_reply_to_status_id":null,"source":"<a href=\"http:\/\/www.tweetdeck.com\" rel=\"nofollow\">TweetDeck<\/a>","id_str":"118353183574724608","geo":null,"favorited":false,"id":118353183574724608,"coordinates":null,"in_reply_to_user_id":null,"truncated":false,"text":"I'd like to thank @DennisDMZ for his support. I look forward to working with him as we continue our journey to the White House!","name":"THEHermanCain","boldText":"I'd like to thank @DennisDMZ for his support. I look forward to <B>work<\/B>ing with him as we continue our journey to the White House!"},{"id_str":"114389026361974784","place":null,"retweeted":false,"created_at":"Thu Sep 15 17:24:03 +0000 2011","in_reply_to_status_id_str":null,"in_reply_to_user_id":null,"in_reply_to_user_id_str":null,"contributors":null,"user":{"id_str":"227217577","time_zone":null,"created_at":"Thu Dec 16 06:48:40 +0000 2010","profile_text_color":"333333","protected":false,"default_profile_image":false,"profile_background_image_url":"http:\/\/a0.twimg.com\/images\/themes\/theme15\/bg.png","name":"American Patriots","geo_enabled":false,"notifications":null,"profile_link_color":"0084B4","utc_offset":null,"favourites_count":1,"followers_count":3137,"profile_image_url":"http:\/\/a1.twimg.com\/profile_images\/1214948591\/C4C_2_150x200_normal.jpg","description":"A collection of citizen activists solely dedicated to getting Herman Cain the GOP nomination in 2012","default_profile":false,"follow_request_sent":null,"following":null,"verified":false,"friends_count":1004,"profile_background_color":"022330","is_translator":false,"profile_background_tile":false,"profile_background_image_url_https":"https:\/\/si0.twimg.com\/images\/themes\/theme15\/bg.png","location":"USA","profile_sidebar_fill_color":"C0DFEC","screen_name":"Citizens4Cain","contributors_enabled":false,"url":"http:\/\/citizens4cain.com","listed_count":100,"statuses_count":886,"profile_sidebar_border_color":"a8c7f7","profile_image_url_https":"https:\/\/si0.twimg.com\/profile_images\/1214948591\/C4C_2_150x200_normal.jpg","show_all_inline_media":false,"id":227217577,"lang":"en","profile_use_background_image":true},"possibly_sensitive":false,"retweet_count":1,"in_reply_to_status_id":null,"favorited":false,"geo":null,"source":"<a href=\"http:\/\/twitterfeed.com\" rel=\"nofollow\">twitterfeed<\/a>","coordinates":null,"in_reply_to_screen_name":null,"truncated":false,"id":114389026361974784,"text":"WSJ Editorial: My Plan to Revive Economic Growth: Today, the Wall Street Journal published Herman... http:\/\/t.co\/GY2w6zed #tcot #GOP2012","name":"Citizens4Cain","boldText":"WSJ Editorial: My Plan to Revive Economic Growth: Today, the <B>Wall Street<\/B> Journal published Herman... http:\/\/t.co\/GY2w6zed #tcot #GOP2012"},{"possibly_sensitive":false,"place":null,"retweet_count":"100+","in_reply_to_screen_name":null,"created_at":"Thu Sep 15 13:00:01 +0000 2011","retweeted":false,"in_reply_to_status_id_str":null,"in_reply_to_user_id_str":null,"user":{"time_zone":"Eastern Time (US & Canada)","profile_link_color":"0084B4","protected":false,"created_at":"Fri Apr 03 15:42:24 +0000 2009","profile_image_url_https":"https:\/\/si0.twimg.com\/profile_images\/188270520\/web_large_normal.jpg","name":"Herman Cain","geo_enabled":false,"favourites_count":1,"profile_background_color":"C0DEED","default_profile_image":false,"notifications":null,"profile_background_tile":false,"utc_offset":-18000,"description":"Official Twitter page of Republican presidential candidate Herman Cain.\r\n\r\nConnect on Facebook: http:\/\/www.facebook.com\/THEHermanCain","statuses_count":1735,"following":null,"verified":true,"profile_sidebar_fill_color":"DDEEF6","followers_count":153570,"profile_image_url":"http:\/\/a3.twimg.com\/profile_images\/188270520\/web_large_normal.jpg","follow_request_sent":null,"profile_sidebar_border_color":"C0DEED","location":"Stockbridge, Georgia","is_translator":false,"default_profile":false,"contributors_enabled":true,"screen_name":"THEHermanCain","profile_use_background_image":true,"url":"http:\/\/www.hermancain.com","id_str":"28587919","show_all_inline_media":false,"profile_background_image_url_https":"https:\/\/si0.twimg.com\/profile_background_images\/345135828\/twitter-background-EJ-10-5-web.jpg","profile_text_color":"333333","id":28587919,"listed_count":3624,"lang":"en","profile_background_image_url":"http:\/\/a2.twimg.com\/profile_background_images\/345135828\/twitter-background-EJ-10-5-web.jpg","friends_count":1749},"contributors":null,"in_reply_to_status_id":null,"source":"<a href=\"http:\/\/www.tweetdeck.com\" rel=\"nofollow\">TweetDeck<\/a>","id_str":"114322579745026049","geo":null,"favorited":false,"id":114322579745026049,"coordinates":null,"in_reply_to_user_id":null,"truncated":false,"text":"My Wall Street Journal editorial published today: \"My Plan to Revive Economic Growth\" http:\/\/t.co\/HwJr0pxI #tcot #2012","name":"THEHermanCain","boldText":"My <B>Wall Street<\/B> Journal editorial published today: \"My Plan to Revive Economic Growth\" http:\/\/t.co\/HwJr0pxI #tcot #2012"},{"place":null,"retweet_count":"100+","in_reply_to_screen_name":null,"created_at":"Tue Sep 13 00:54:12 +0000 2011","retweeted":false,"in_reply_to_status_id_str":null,"in_reply_to_user_id_str":null,"user":{"time_zone":"Eastern Time (US & Canada)","profile_link_color":"0084B4","protected":false,"created_at":"Fri Apr 03 15:42:24 +0000 2009","profile_image_url_https":"https:\/\/si0.twimg.com\/profile_images\/188270520\/web_large_normal.jpg","name":"Herman Cain","geo_enabled":false,"favourites_count":1,"profile_background_color":"C0DEED","default_profile_image":false,"notifications":null,"profile_background_tile":false,"utc_offset":-18000,"description":"Official Twitter page of Republican presidential candidate Herman Cain.\r\n\r\nConnect on Facebook: http:\/\/www.facebook.com\/THEHermanCain","statuses_count":1735,"following":null,"verified":true,"profile_sidebar_fill_color":"DDEEF6","followers_count":153570,"profile_image_url":"http:\/\/a3.twimg.com\/profile_images\/188270520\/web_large_normal.jpg","follow_request_sent":null,"profile_sidebar_border_color":"C0DEED","location":"Stockbridge, Georgia","is_translator":false,"default_profile":false,"contributors_enabled":true,"screen_name":"THEHermanCain","profile_use_background_image":true,"url":"http:\/\/www.hermancain.com","id_str":"28587919","show_all_inline_media":false,"profile_background_image_url_https":"https:\/\/si0.twimg.com\/profile_background_images\/345135828\/twitter-background-EJ-10-5-web.jpg","profile_text_color":"333333","id":28587919,"listed_count":3624,"lang":"en","profile_background_image_url":"http:\/\/a2.twimg.com\/profile_background_images\/345135828\/twitter-background-EJ-10-5-web.jpg","friends_count":1749},"contributors":null,"in_reply_to_status_id":null,"source":"<a href=\"http:\/\/www.tweetdeck.com\" rel=\"nofollow\">TweetDeck<\/a>","id_str":"113415146176651264","geo":null,"favorited":false,"id":113415146176651264,"coordinates":null,"in_reply_to_user_id":null,"truncated":false,"text":"My mother was a domestic worker. My father was a barber,  janitor,  & a chauffeur. I understand work because that's how I came up!","name":"THEHermanCain","boldText":"My mother was a domestic <B><B>work<\/B>er<\/B>. My father was a barber,  janitor,  & a chauffeur. I understand <B><B>work<\/B><\/B> because that's how I came up!"},{"place":null,"retweet_count":"100+","in_reply_to_screen_name":null,"created_at":"Tue Sep 13 00:43:47 +0000 2011","retweeted":false,"in_reply_to_status_id_str":null,"in_reply_to_user_id_str":null,"user":{"time_zone":"Eastern Time (US & Canada)","profile_link_color":"0084B4","protected":false,"created_at":"Fri Apr 03 15:42:24 +0000 2009","profile_image_url_https":"https:\/\/si0.twimg.com\/profile_images\/188270520\/web_large_normal.jpg","name":"Herman Cain","geo_enabled":false,"favourites_count":1,"profile_background_color":"C0DEED","default_profile_image":false,"notifications":null,"profile_background_tile":false,"utc_offset":-18000,"description":"Official Twitter page of Republican presidential candidate Herman Cain.\r\n\r\nConnect on Facebook: http:\/\/www.facebook.com\/THEHermanCain","statuses_count":1735,"following":null,"verified":true,"profile_sidebar_fill_color":"DDEEF6","followers_count":153570,"profile_image_url":"http:\/\/a3.twimg.com\/profile_images\/188270520\/web_large_normal.jpg","follow_request_sent":null,"profile_sidebar_border_color":"C0DEED","location":"Stockbridge, Georgia","is_translator":false,"default_profile":false,"contributors_enabled":true,"screen_name":"THEHermanCain","profile_use_background_image":true,"url":"http:\/\/www.hermancain.com","id_str":"28587919","show_all_inline_media":false,"profile_background_image_url_https":"https:\/\/si0.twimg.com\/profile_background_images\/345135828\/twitter-background-EJ-10-5-web.jpg","profile_text_color":"333333","id":28587919,"listed_count":3624,"lang":"en","profile_background_image_url":"http:\/\/a2.twimg.com\/profile_background_images\/345135828\/twitter-background-EJ-10-5-web.jpg","friends_count":1749},"contributors":null,"in_reply_to_status_id":null,"source":"<a href=\"http:\/\/www.tweetdeck.com\" rel=\"nofollow\">TweetDeck<\/a>","id_str":"113412524229136384","geo":null,"favorited":false,"id":113412524229136384,"coordinates":null,"in_reply_to_user_id":null,"truncated":false,"text":"I know how Washington works: it doesn't! The American people are ready for something bold: #999","name":"THEHermanCain","boldText":"I know how Washington <B>work<\/B>s: it doesn't! The American people are ready for something bold: #999"},{"possibly_sensitive":false,"place":null,"retweet_count":0,"in_reply_to_screen_name":null,"created_at":"Mon Sep 05 16:35:46 +0000 2011","retweeted":false,"in_reply_to_status_id_str":null,"in_reply_to_user_id_str":null,"user":{"time_zone":null,"profile_link_color":"0084B4","protected":false,"created_at":"Thu Dec 16 06:48:40 +0000 2010","profile_image_url_https":"https:\/\/si0.twimg.com\/profile_images\/1214948591\/C4C_2_150x200_normal.jpg","name":"American Patriots","geo_enabled":false,"favourites_count":1,"profile_background_color":"022330","default_profile_image":false,"notifications":null,"profile_background_tile":false,"utc_offset":null,"description":"A collection of citizen activists solely dedicated to getting Herman Cain the GOP nomination in 2012","statuses_count":886,"following":null,"verified":false,"profile_sidebar_fill_color":"C0DFEC","followers_count":3137,"profile_image_url":"http:\/\/a1.twimg.com\/profile_images\/1214948591\/C4C_2_150x200_normal.jpg","default_profile":false,"follow_request_sent":null,"profile_sidebar_border_color":"a8c7f7","location":"USA","is_translator":false,"contributors_enabled":false,"screen_name":"Citizens4Cain","profile_use_background_image":true,"url":"http:\/\/citizens4cain.com","id_str":"227217577","show_all_inline_media":false,"profile_background_image_url_https":"https:\/\/si0.twimg.com\/images\/themes\/theme15\/bg.png","profile_text_color":"333333","id":227217577,"listed_count":100,"lang":"en","profile_background_image_url":"http:\/\/a0.twimg.com\/images\/themes\/theme15\/bg.png","friends_count":1004},"contributors":null,"in_reply_to_status_id":null,"source":"<a href=\"http:\/\/twitterfeed.com\" rel=\"nofollow\">twitterfeed<\/a>","id_str":"110752996492709888","geo":null,"favorited":false,"id":110752996492709888,"coordinates":null,"in_reply_to_user_id":null,"truncated":false,"text":"Watch Herman Cain @ The Palmetto Freedom Forum Live 3PM Eastern: SC Labor Day Candidate Forum Dra... http:\/\/t.co\/PxQOQxk #tcot #GOP2012","name":"Citizens4Cain","boldText":"Watch Herman Cain @ The Palmetto Freedom Forum Live 3PM Eastern: SC <B>Labor<\/B> Day Candidate Forum Dra... http:\/\/t.co\/PxQOQxk #tcot #GOP2012"},{"possibly_sensitive":false,"place":null,"retweet_count":1,"in_reply_to_screen_name":null,"created_at":"Thu Sep 01 07:18:51 +0000 2011","retweeted":false,"in_reply_to_status_id_str":null,"in_reply_to_user_id_str":null,"user":{"time_zone":null,"profile_link_color":"0084B4","protected":false,"created_at":"Thu Dec 16 06:48:40 +0000 2010","profile_image_url_https":"https:\/\/si0.twimg.com\/profile_images\/1214948591\/C4C_2_150x200_normal.jpg","name":"American Patriots","geo_enabled":false,"favourites_count":1,"profile_background_color":"022330","default_profile_image":false,"notifications":null,"profile_background_tile":false,"utc_offset":null,"description":"A collection of citizen activists solely dedicated to getting Herman Cain the GOP nomination in 2012","statuses_count":886,"following":null,"verified":false,"profile_sidebar_fill_color":"C0DFEC","followers_count":3137,"profile_image_url":"http:\/\/a1.twimg.com\/profile_images\/1214948591\/C4C_2_150x200_normal.jpg","default_profile":false,"follow_request_sent":null,"profile_sidebar_border_color":"a8c7f7","location":"USA","is_translator":false,"contributors_enabled":false,"screen_name":"Citizens4Cain","profile_use_background_image":true,"url":"http:\/\/citizens4cain.com","id_str":"227217577","show_all_inline_media":false,"profile_background_image_url_https":"https:\/\/si0.twimg.com\/images\/themes\/theme15\/bg.png","profile_text_color":"333333","id":227217577,"listed_count":100,"lang":"en","profile_background_image_url":"http:\/\/a0.twimg.com\/images\/themes\/theme15\/bg.png","friends_count":1004},"contributors":null,"in_reply_to_status_id":null,"source":"<a href=\"http:\/\/twitterfeed.com\" rel=\"nofollow\">twitterfeed<\/a>","id_str":"109163293163274240","geo":null,"favorited":false,"id":109163293163274240,"coordinates":null,"in_reply_to_user_id":null,"truncated":false,"text":"Herman Cain With Greta: Dems vs. Tea Party and Jobs: Watch the latest video at video.foxnews.com ... http:\/\/t.co\/gwEiVnt #tcot #GOP2012","name":"Citizens4Cain","boldText":"Herman Cain With Greta: Dems vs. Tea Party and <B>Jobs<\/B>: Watch the latest video at video.foxnews.com ... http:\/\/t.co\/gwEiVnt #tcot #GOP2012"},{"id_str":"104319876767809536","place":null,"retweeted":false,"created_at":"Thu Aug 18 22:32:51 +0000 2011","in_reply_to_status_id_str":null,"in_reply_to_user_id":null,"in_reply_to_user_id_str":null,"contributors":null,"user":{"id_str":"227217577","time_zone":null,"created_at":"Thu Dec 16 06:48:40 +0000 2010","profile_text_color":"333333","protected":false,"default_profile_image":false,"profile_background_image_url":"http:\/\/a0.twimg.com\/images\/themes\/theme15\/bg.png","name":"American Patriots","geo_enabled":false,"notifications":null,"profile_link_color":"0084B4","utc_offset":null,"favourites_count":1,"followers_count":3137,"profile_image_url":"http:\/\/a1.twimg.com\/profile_images\/1214948591\/C4C_2_150x200_normal.jpg","description":"A collection of citizen activists solely dedicated to getting Herman Cain the GOP nomination in 2012","default_profile":false,"follow_request_sent":null,"following":null,"verified":false,"friends_count":1004,"profile_background_color":"022330","is_translator":false,"profile_background_tile":false,"profile_background_image_url_https":"https:\/\/si0.twimg.com\/images\/themes\/theme15\/bg.png","location":"USA","profile_sidebar_fill_color":"C0DFEC","screen_name":"Citizens4Cain","contributors_enabled":false,"url":"http:\/\/citizens4cain.com","listed_count":100,"statuses_count":886,"profile_sidebar_border_color":"a8c7f7","profile_image_url_https":"https:\/\/si0.twimg.com\/profile_images\/1214948591\/C4C_2_150x200_normal.jpg","show_all_inline_media":false,"id":227217577,"lang":"en","profile_use_background_image":true},"possibly_sensitive":false,"retweet_count":1,"in_reply_to_status_id":null,"favorited":false,"geo":null,"source":"<a href=\"http:\/\/twitterfeed.com\" rel=\"nofollow\">twitterfeed<\/a>","coordinates":null,"in_reply_to_screen_name":null,"truncated":false,"id":104319876767809536,"text":"Cain\u2019s \u201cCommon Sense Solutions\u201d Bus Tour to Visit New Hampshire: (Stockbridge, GA)- Republican pr... http:\/\/t.co\/Dneh9aJ #tcot #GOP2012","name":"Citizens4Cain","boldText":"Cain\u2019s \u201cCommon Sense Solutions\u201d Bus Tour to Visit New Hamps<B>hire<\/B>: (Stockbridge, GA)- Republican pr... http:\/\/t.co\/Dneh9aJ #tcot #GOP2012"},{"possibly_sensitive":false,"place":null,"retweet_count":3,"in_reply_to_screen_name":null,"created_at":"Wed Aug 17 15:35:16 +0000 2011","retweeted":false,"in_reply_to_status_id_str":null,"in_reply_to_user_id_str":null,"user":{"time_zone":null,"profile_link_color":"0084B4","protected":false,"created_at":"Thu Dec 16 06:48:40 +0000 2010","profile_image_url_https":"https:\/\/si0.twimg.com\/profile_images\/1214948591\/C4C_2_150x200_normal.jpg","name":"American Patriots","geo_enabled":false,"favourites_count":1,"profile_background_color":"022330","default_profile_image":false,"notifications":null,"profile_background_tile":false,"utc_offset":null,"description":"A collection of citizen activists solely dedicated to getting Herman Cain the GOP nomination in 2012","statuses_count":886,"following":null,"verified":false,"profile_sidebar_fill_color":"C0DFEC","followers_count":3137,"profile_image_url":"http:\/\/a1.twimg.com\/profile_images\/1214948591\/C4C_2_150x200_normal.jpg","follow_request_sent":null,"profile_sidebar_border_color":"a8c7f7","location":"USA","is_translator":false,"default_profile":false,"contributors_enabled":false,"screen_name":"Citizens4Cain","profile_use_background_image":true,"url":"http:\/\/citizens4cain.com","id_str":"227217577","show_all_inline_media":false,"profile_background_image_url_https":"https:\/\/si0.twimg.com\/images\/themes\/theme15\/bg.png","profile_text_color":"333333","id":227217577,"listed_count":100,"lang":"en","profile_background_image_url":"http:\/\/a0.twimg.com\/images\/themes\/theme15\/bg.png","friends_count":1004},"contributors":null,"in_reply_to_status_id":null,"source":"<a href=\"http:\/\/twitterfeed.com\" rel=\"nofollow\">twitterfeed<\/a>","id_str":"103852400317693952","geo":null,"favorited":false,"id":103852400317693952,"coordinates":null,"in_reply_to_user_id":null,"truncated":false,"text":"Cain Announces New Hampshire Stops of \u201cCommon Sense Solutions\u201d Bus Tour: Cain Announces New Hamps... http:\/\/t.co\/0v1U236 #tcot #GOP2012","name":"Citizens4Cain","boldText":"Cain Announces New Hamps<B>hire<\/B> Stops of \u201cCommon Sense Solutions\u201d Bus Tour: Cain Announces New Hamps... http:\/\/t.co\/0v1U236 #tcot #GOP2012"},{"id_str":"90799934357516288","place":null,"retweeted":false,"created_at":"Tue Jul 12 15:09:25 +0000 2011","in_reply_to_status_id_str":null,"in_reply_to_user_id":null,"in_reply_to_user_id_str":null,"contributors":null,"user":{"id_str":"227217577","time_zone":null,"created_at":"Thu Dec 16 06:48:40 +0000 2010","profile_text_color":"333333","protected":false,"default_profile_image":false,"profile_background_image_url":"http:\/\/a0.twimg.com\/images\/themes\/theme15\/bg.png","name":"American Patriots","geo_enabled":false,"notifications":null,"profile_link_color":"0084B4","utc_offset":null,"favourites_count":1,"followers_count":3137,"profile_image_url":"http:\/\/a1.twimg.com\/profile_images\/1214948591\/C4C_2_150x200_normal.jpg","description":"A collection of citizen activists solely dedicated to getting Herman Cain the GOP nomination in 2012","default_profile":false,"follow_request_sent":null,"following":null,"verified":false,"friends_count":1004,"profile_background_color":"022330","is_translator":false,"profile_background_tile":false,"profile_background_image_url_https":"https:\/\/si0.twimg.com\/images\/themes\/theme15\/bg.png","location":"USA","profile_sidebar_fill_color":"C0DFEC","screen_name":"Citizens4Cain","contributors_enabled":false,"url":"http:\/\/citizens4cain.com","listed_count":100,"statuses_count":886,"profile_sidebar_border_color":"a8c7f7","profile_image_url_https":"https:\/\/si0.twimg.com\/profile_images\/1214948591\/C4C_2_150x200_normal.jpg","show_all_inline_media":false,"id":227217577,"lang":"en","profile_use_background_image":true},"possibly_sensitive":false,"retweet_count":1,"in_reply_to_status_id":null,"favorited":false,"geo":null,"source":"<a href=\"http:\/\/twitterfeed.com\" rel=\"nofollow\">twitterfeed<\/a>","coordinates":null,"in_reply_to_screen_name":null,"truncated":false,"id":90799934357516288,"text":"Economic Vision, Part 3: A Fairer Tax: \u00a0 By: Herman Cain July 10, 2011 Paying taxes is a fact of ... http:\/\/bit.ly\/qid5za #tcot #GOP2012","name":"Citizens4Cain","boldText":"Economic Vision, Part 3: A Fairer Tax: \u00a0 By: Herman Cain July 10, 2011 Paying <B>taxes<\/B> is a fact of ... http:\/\/bit.ly\/qid5za #tcot #GOP2012"}]