[{"place":null,"retweet_count":0,"in_reply_to_screen_name":"KLSouth","created_at":"Wed Oct 12 01:07:11 +0000 2011","retweeted":false,"in_reply_to_status_id_str":"123927196728430592","in_reply_to_user_id_str":"32497478","user":{"time_zone":null,"profile_link_color":"0084B4","protected":false,"created_at":"Thu May 05 17:49:32 +0000 2011","profile_image_url_https":"https:\/\/si0.twimg.com\/profile_images\/1418784344\/HermanCain2_normal.jpg","name":"Cain Staff","geo_enabled":false,"favourites_count":0,"profile_background_color":"C0DEED","default_profile_image":false,"default_profile":false,"notifications":null,"profile_background_tile":false,"utc_offset":null,"description":"Herman Cain staffers who interact with friends and supporters of Mr. Cain. Visit http:\/\/www.ARealLeader.com to learn more, volunteer and donate.","statuses_count":2039,"following":null,"verified":false,"profile_sidebar_fill_color":"DDEEF6","followers_count":6703,"profile_image_url":"http:\/\/a3.twimg.com\/profile_images\/1418784344\/HermanCain2_normal.jpg","follow_request_sent":null,"profile_sidebar_border_color":"C0DEED","location":"Stockbridge, GA","is_translator":false,"contributors_enabled":false,"screen_name":"CainStaff","profile_use_background_image":true,"url":"http:\/\/hermancain.com","id_str":"293627808","show_all_inline_media":false,"profile_background_image_url_https":"https:\/\/si0.twimg.com\/profile_background_images\/246507875\/caintwitbkgd.gif","profile_text_color":"333333","id":293627808,"listed_count":189,"lang":"en","profile_background_image_url":"http:\/\/a3.twimg.com\/profile_background_images\/246507875\/caintwitbkgd.gif","friends_count":1953},"contributors":null,"in_reply_to_status_id":123927196728430592,"source":"web","id_str":"123927661537009664","geo":null,"favorited":false,"id":123927661537009664,"coordinates":null,"in_reply_to_user_id":32497478,"truncated":false,"text":"@KLSouth Needs to educate on phase 1 before phase 2. Clearly, many don't know benefits of #999 yet.","name":"CainStaff","boldText":"@KLSouth Needs to educate on phase 1 before phase 2. Clearly, many don't know <B>benefits<\/B> of #999 yet."}]