[{"place":null,"retweet_count":"100+","in_reply_to_screen_name":null,"created_at":"Wed Oct 12 01:45:48 +0000 2011","retweeted":false,"in_reply_to_status_id_str":null,"in_reply_to_user_id_str":null,"user":{"time_zone":"Eastern Time (US & Canada)","profile_link_color":"0084B4","protected":false,"created_at":"Fri Apr 03 15:42:24 +0000 2009","profile_image_url_https":"https:\/\/si0.twimg.com\/profile_images\/188270520\/web_large_normal.jpg","name":"Herman Cain","geo_enabled":false,"favourites_count":1,"profile_background_color":"C0DEED","default_profile_image":false,"notifications":null,"profile_background_tile":false,"utc_offset":-18000,"description":"Official Twitter page of Republican presidential candidate Herman Cain.\r\n\r\nConnect on Facebook: http:\/\/www.facebook.com\/THEHermanCain","statuses_count":1735,"following":null,"verified":true,"profile_sidebar_fill_color":"DDEEF6","followers_count":153570,"profile_image_url":"http:\/\/a3.twimg.com\/profile_images\/188270520\/web_large_normal.jpg","follow_request_sent":null,"profile_sidebar_border_color":"C0DEED","location":"Stockbridge, Georgia","is_translator":false,"default_profile":false,"contributors_enabled":true,"screen_name":"THEHermanCain","profile_use_background_image":true,"url":"http:\/\/www.hermancain.com","id_str":"28587919","show_all_inline_media":false,"profile_background_image_url_https":"https:\/\/si0.twimg.com\/profile_background_images\/345135828\/twitter-background-EJ-10-5-web.jpg","profile_text_color":"333333","id":28587919,"listed_count":3624,"lang":"en","profile_background_image_url":"http:\/\/a2.twimg.com\/profile_background_images\/345135828\/twitter-background-EJ-10-5-web.jpg","friends_count":1749},"contributors":null,"in_reply_to_status_id":null,"source":"<a href=\"http:\/\/www.tweetdeck.com\" rel=\"nofollow\">TweetDeck<\/a>","id_str":"123937377646424064","geo":null,"favorited":false,"id":123937377646424064,"coordinates":null,"in_reply_to_user_id":null,"truncated":false,"text":"#OWS should be protesting the failed policies of this Administration and not Wall Street! #econdebate","name":"THEHermanCain","boldText":"#OWS should be protesting the failed policies of this Administration and not <B>Wall Street<\/B>! #econdebate"},{"place":null,"retweet_count":"100+","in_reply_to_screen_name":null,"created_at":"Wed Oct 12 00:33:27 +0000 2011","retweeted":false,"in_reply_to_status_id_str":null,"in_reply_to_user_id_str":null,"user":{"time_zone":"Eastern Time (US & Canada)","profile_link_color":"0084B4","protected":false,"created_at":"Fri Apr 03 15:42:24 +0000 2009","profile_image_url_https":"https:\/\/si0.twimg.com\/profile_images\/188270520\/web_large_normal.jpg","name":"Herman Cain","geo_enabled":false,"favourites_count":1,"profile_background_color":"C0DEED","default_profile_image":false,"notifications":null,"profile_background_tile":false,"utc_offset":-18000,"description":"Official Twitter page of Republican presidential candidate Herman Cain.\r\n\r\nConnect on Facebook: http:\/\/www.facebook.com\/THEHermanCain","statuses_count":1735,"following":null,"verified":true,"profile_sidebar_fill_color":"DDEEF6","followers_count":153570,"profile_image_url":"http:\/\/a3.twimg.com\/profile_images\/188270520\/web_large_normal.jpg","follow_request_sent":null,"profile_sidebar_border_color":"C0DEED","location":"Stockbridge, Georgia","is_translator":false,"default_profile":false,"contributors_enabled":true,"screen_name":"THEHermanCain","profile_use_background_image":true,"url":"http:\/\/www.hermancain.com","id_str":"28587919","show_all_inline_media":false,"profile_background_image_url_https":"https:\/\/si0.twimg.com\/profile_background_images\/345135828\/twitter-background-EJ-10-5-web.jpg","profile_text_color":"333333","id":28587919,"listed_count":3624,"lang":"en","profile_background_image_url":"http:\/\/a2.twimg.com\/profile_background_images\/345135828\/twitter-background-EJ-10-5-web.jpg","friends_count":1749},"contributors":null,"in_reply_to_status_id":null,"source":"<a href=\"http:\/\/www.tweetdeck.com\" rel=\"nofollow\">TweetDeck<\/a>","id_str":"123919170562826240","geo":null,"favorited":false,"id":123919170562826240,"coordinates":null,"in_reply_to_user_id":null,"truncated":false,"text":"RT @richlowrie: #999 sales tax will NOT increase prices.  It REPLACES taxes already embedded in prices.  Marginal costs go DOWN!","name":"THEHermanCain","boldText":"RT @richlowrie: #999 sales tax will NOT increase prices.  It REPLACES <B>taxes<\/B> already embedded in prices.  Marginal costs go DOWN!"},{"place":null,"retweet_count":0,"in_reply_to_screen_name":"hiltsjw","created_at":"Mon Oct 10 18:55:29 +0000 2011","retweeted":false,"in_reply_to_status_id_str":"123457551273689089","in_reply_to_user_id_str":"321821367","user":{"time_zone":null,"profile_link_color":"0084B4","protected":false,"created_at":"Thu May 05 17:49:32 +0000 2011","profile_image_url_https":"https:\/\/si0.twimg.com\/profile_images\/1418784344\/HermanCain2_normal.jpg","name":"Cain Staff","geo_enabled":false,"favourites_count":0,"profile_background_color":"C0DEED","default_profile_image":false,"default_profile":false,"notifications":null,"profile_background_tile":false,"utc_offset":null,"description":"Herman Cain staffers who interact with friends and supporters of Mr. Cain. Visit http:\/\/www.ARealLeader.com to learn more, volunteer and donate.","statuses_count":2039,"following":null,"verified":false,"profile_sidebar_fill_color":"DDEEF6","followers_count":6703,"profile_image_url":"http:\/\/a3.twimg.com\/profile_images\/1418784344\/HermanCain2_normal.jpg","follow_request_sent":null,"profile_sidebar_border_color":"C0DEED","location":"Stockbridge, GA","is_translator":false,"contributors_enabled":false,"screen_name":"CainStaff","profile_use_background_image":true,"url":"http:\/\/hermancain.com","id_str":"293627808","show_all_inline_media":false,"profile_background_image_url_https":"https:\/\/si0.twimg.com\/profile_background_images\/246507875\/caintwitbkgd.gif","profile_text_color":"333333","id":293627808,"listed_count":189,"lang":"en","profile_background_image_url":"http:\/\/a3.twimg.com\/profile_background_images\/246507875\/caintwitbkgd.gif","friends_count":1953},"contributors":null,"in_reply_to_status_id":123457551273689089,"source":"web","id_str":"123471733738061824","geo":null,"favorited":false,"id":123471733738061824,"coordinates":null,"in_reply_to_user_id":321821367,"truncated":false,"text":"@hiltsjw #999 has nothing to do w. state taxes. It's federal. But it wipes out many other fed taxes, so you come out ahead.","name":"CainStaff","boldText":"@hiltsjw #999 has nothing to do w. state <B>taxes<\/B>. It's <B><B>fed<\/B><\/B>eral. But it wipes out many other <B><B>fed<\/B><\/B> <B>taxes<\/B>, so you come out ahead."},{"id_str":"120723340125155329","place":null,"retweeted":false,"created_at":"Mon Oct 03 04:54:21 +0000 2011","in_reply_to_status_id_str":null,"in_reply_to_user_id":null,"in_reply_to_user_id_str":null,"contributors":null,"user":{"id_str":"227217577","time_zone":null,"created_at":"Thu Dec 16 06:48:40 +0000 2010","profile_text_color":"333333","protected":false,"default_profile_image":false,"profile_background_image_url":"http:\/\/a0.twimg.com\/images\/themes\/theme15\/bg.png","name":"American Patriots","geo_enabled":false,"notifications":null,"profile_link_color":"0084B4","utc_offset":null,"favourites_count":1,"followers_count":3137,"profile_image_url":"http:\/\/a1.twimg.com\/profile_images\/1214948591\/C4C_2_150x200_normal.jpg","description":"A collection of citizen activists solely dedicated to getting Herman Cain the GOP nomination in 2012","default_profile":false,"follow_request_sent":null,"following":null,"verified":false,"friends_count":1004,"profile_background_color":"022330","is_translator":false,"profile_background_tile":false,"profile_background_image_url_https":"https:\/\/si0.twimg.com\/images\/themes\/theme15\/bg.png","location":"USA","profile_sidebar_fill_color":"C0DFEC","screen_name":"Citizens4Cain","contributors_enabled":false,"url":"http:\/\/citizens4cain.com","listed_count":100,"statuses_count":886,"profile_sidebar_border_color":"a8c7f7","profile_image_url_https":"https:\/\/si0.twimg.com\/profile_images\/1214948591\/C4C_2_150x200_normal.jpg","show_all_inline_media":false,"id":227217577,"lang":"en","profile_use_background_image":true},"possibly_sensitive":false,"retweet_count":2,"in_reply_to_status_id":null,"favorited":false,"geo":null,"source":"<a href=\"http:\/\/twitterfeed.com\" rel=\"nofollow\">twitterfeed<\/a>","coordinates":null,"in_reply_to_screen_name":null,"truncated":false,"id":120723340125155329,"text":"Cain Wins National Federation of Republican Women\u2019s Straw Poll: From MSNBC: KANSAS CITY, Mo. \u2014 Af... http:\/\/t.co\/BZ8ol2LG #tcot #GOP2012","name":"Citizens4Cain","boldText":"Cain Wins National <B>Fed<\/B>eration of Republican Women\u2019s Straw Poll: From MSNBC: KANSAS CITY, Mo. \u2014 Af... http:\/\/t.co\/BZ8ol2LG #tcot #GOP2012"},{"possibly_sensitive":false,"place":null,"retweet_count":"100+","in_reply_to_screen_name":null,"created_at":"Sun Oct 02 20:51:26 +0000 2011","retweeted":false,"in_reply_to_status_id_str":null,"in_reply_to_user_id_str":null,"user":{"time_zone":"Eastern Time (US & Canada)","profile_link_color":"0084B4","protected":false,"created_at":"Fri Apr 03 15:42:24 +0000 2009","profile_image_url_https":"https:\/\/si0.twimg.com\/profile_images\/188270520\/web_large_normal.jpg","name":"Herman Cain","geo_enabled":false,"favourites_count":1,"profile_background_color":"C0DEED","default_profile_image":false,"notifications":null,"profile_background_tile":false,"utc_offset":-18000,"description":"Official Twitter page of Republican presidential candidate Herman Cain.\r\n\r\nConnect on Facebook: http:\/\/www.facebook.com\/THEHermanCain","statuses_count":1735,"following":null,"verified":true,"profile_sidebar_fill_color":"DDEEF6","followers_count":153570,"profile_image_url":"http:\/\/a3.twimg.com\/profile_images\/188270520\/web_large_normal.jpg","follow_request_sent":null,"profile_sidebar_border_color":"C0DEED","location":"Stockbridge, Georgia","is_translator":false,"default_profile":false,"contributors_enabled":true,"screen_name":"THEHermanCain","profile_use_background_image":true,"url":"http:\/\/www.hermancain.com","id_str":"28587919","show_all_inline_media":false,"profile_background_image_url_https":"https:\/\/si0.twimg.com\/profile_background_images\/345135828\/twitter-background-EJ-10-5-web.jpg","profile_text_color":"333333","id":28587919,"listed_count":3624,"lang":"en","profile_background_image_url":"http:\/\/a2.twimg.com\/profile_background_images\/345135828\/twitter-background-EJ-10-5-web.jpg","friends_count":1749},"contributors":null,"in_reply_to_status_id":null,"source":"<a href=\"http:\/\/twitter.com\/download\/android\" rel=\"nofollow\">Twitter for Android<\/a>","id_str":"120601809365630976","geo":null,"favorited":false,"id":120601809365630976,"coordinates":null,"in_reply_to_user_id":null,"truncated":false,"text":"Proud to hear I won the National Federation of Republican Women's Straw Poll with over 48% of the vote! http:\/\/t.co\/aa1MjPgV","name":"THEHermanCain","boldText":"Proud to hear I won the National <B>Fed<\/B>eration of Republican Women's Straw Poll with over 48% of the vote! http:\/\/t.co\/aa1MjPgV"},{"place":null,"retweet_count":"100+","in_reply_to_screen_name":null,"created_at":"Fri Sep 23 01:45:21 +0000 2011","retweeted":false,"in_reply_to_status_id_str":null,"in_reply_to_user_id_str":null,"user":{"time_zone":"Eastern Time (US & Canada)","profile_link_color":"0084B4","protected":false,"created_at":"Fri Apr 03 15:42:24 +0000 2009","profile_image_url_https":"https:\/\/si0.twimg.com\/profile_images\/188270520\/web_large_normal.jpg","name":"Herman Cain","geo_enabled":false,"favourites_count":1,"profile_background_color":"C0DEED","default_profile_image":false,"notifications":null,"profile_background_tile":false,"utc_offset":-18000,"description":"Official Twitter page of Republican presidential candidate Herman Cain.\r\n\r\nConnect on Facebook: http:\/\/www.facebook.com\/THEHermanCain","statuses_count":1735,"following":null,"verified":true,"profile_sidebar_fill_color":"DDEEF6","followers_count":153570,"profile_image_url":"http:\/\/a3.twimg.com\/profile_images\/188270520\/web_large_normal.jpg","follow_request_sent":null,"profile_sidebar_border_color":"C0DEED","location":"Stockbridge, Georgia","is_translator":false,"default_profile":false,"contributors_enabled":true,"screen_name":"THEHermanCain","profile_use_background_image":true,"url":"http:\/\/www.hermancain.com","id_str":"28587919","show_all_inline_media":false,"profile_background_image_url_https":"https:\/\/si0.twimg.com\/profile_background_images\/345135828\/twitter-background-EJ-10-5-web.jpg","profile_text_color":"333333","id":28587919,"listed_count":3624,"lang":"en","profile_background_image_url":"http:\/\/a2.twimg.com\/profile_background_images\/345135828\/twitter-background-EJ-10-5-web.jpg","friends_count":1749},"contributors":null,"in_reply_to_status_id":null,"source":"<a href=\"http:\/\/www.tweetdeck.com\" rel=\"nofollow\">TweetDeck<\/a>","id_str":"117051895532621824","geo":null,"favorited":false,"id":117051895532621824,"coordinates":null,"in_reply_to_user_id":null,"truncated":false,"text":"Education solution: Get the Federal Government out of trying to educate our kids at the local level! #gopdebate #tcot","name":"THEHermanCain","boldText":"Education solution: Get the <B>Fed<\/B>eral Government out of trying to educate our kids at the local level! #gopdebate #tcot"},{"place":null,"retweet_count":35,"in_reply_to_screen_name":null,"created_at":"Sun Sep 18 13:24:07 +0000 2011","retweeted":false,"in_reply_to_status_id_str":null,"in_reply_to_user_id_str":null,"user":{"time_zone":"Eastern Time (US & Canada)","profile_link_color":"0084B4","protected":false,"created_at":"Fri Apr 03 15:42:24 +0000 2009","profile_image_url_https":"https:\/\/si0.twimg.com\/profile_images\/188270520\/web_large_normal.jpg","name":"Herman Cain","geo_enabled":false,"favourites_count":1,"profile_background_color":"C0DEED","default_profile_image":false,"notifications":null,"profile_background_tile":false,"utc_offset":-18000,"description":"Official Twitter page of Republican presidential candidate Herman Cain.\r\n\r\nConnect on Facebook: http:\/\/www.facebook.com\/THEHermanCain","statuses_count":1735,"following":null,"verified":true,"profile_sidebar_fill_color":"DDEEF6","followers_count":153570,"profile_image_url":"http:\/\/a3.twimg.com\/profile_images\/188270520\/web_large_normal.jpg","follow_request_sent":null,"profile_sidebar_border_color":"C0DEED","location":"Stockbridge, Georgia","is_translator":false,"default_profile":false,"contributors_enabled":true,"screen_name":"THEHermanCain","profile_use_background_image":true,"url":"http:\/\/www.hermancain.com","id_str":"28587919","show_all_inline_media":false,"profile_background_image_url_https":"https:\/\/si0.twimg.com\/profile_background_images\/345135828\/twitter-background-EJ-10-5-web.jpg","profile_text_color":"333333","id":28587919,"listed_count":3624,"lang":"en","profile_background_image_url":"http:\/\/a2.twimg.com\/profile_background_images\/345135828\/twitter-background-EJ-10-5-web.jpg","friends_count":1749},"contributors":null,"in_reply_to_status_id":null,"source":"<a href=\"http:\/\/www.tweetdeck.com\" rel=\"nofollow\">TweetDeck<\/a>","id_str":"115415809010057217","geo":null,"favorited":false,"id":115415809010057217,"coordinates":null,"in_reply_to_user_id":null,"truncated":false,"text":"RT @FoxNewsSunday: @thehermancain says uncertainty is killing the economy and cutting payroll tax 'too little, too late' #999","name":"THEHermanCain","boldText":"RT @FoxNewsSunday: @thehermancain says uncertainty is killing the economy and cutting <B>payroll tax<\/B> 'too little, too late' #999"},{"id_str":"114389026361974784","place":null,"retweeted":false,"created_at":"Thu Sep 15 17:24:03 +0000 2011","in_reply_to_status_id_str":null,"in_reply_to_user_id":null,"in_reply_to_user_id_str":null,"contributors":null,"user":{"id_str":"227217577","time_zone":null,"created_at":"Thu Dec 16 06:48:40 +0000 2010","profile_text_color":"333333","protected":false,"default_profile_image":false,"profile_background_image_url":"http:\/\/a0.twimg.com\/images\/themes\/theme15\/bg.png","name":"American Patriots","geo_enabled":false,"notifications":null,"profile_link_color":"0084B4","utc_offset":null,"favourites_count":1,"followers_count":3137,"profile_image_url":"http:\/\/a1.twimg.com\/profile_images\/1214948591\/C4C_2_150x200_normal.jpg","description":"A collection of citizen activists solely dedicated to getting Herman Cain the GOP nomination in 2012","default_profile":false,"follow_request_sent":null,"following":null,"verified":false,"friends_count":1004,"profile_background_color":"022330","is_translator":false,"profile_background_tile":false,"profile_background_image_url_https":"https:\/\/si0.twimg.com\/images\/themes\/theme15\/bg.png","location":"USA","profile_sidebar_fill_color":"C0DFEC","screen_name":"Citizens4Cain","contributors_enabled":false,"url":"http:\/\/citizens4cain.com","listed_count":100,"statuses_count":886,"profile_sidebar_border_color":"a8c7f7","profile_image_url_https":"https:\/\/si0.twimg.com\/profile_images\/1214948591\/C4C_2_150x200_normal.jpg","show_all_inline_media":false,"id":227217577,"lang":"en","profile_use_background_image":true},"possibly_sensitive":false,"retweet_count":1,"in_reply_to_status_id":null,"favorited":false,"geo":null,"source":"<a href=\"http:\/\/twitterfeed.com\" rel=\"nofollow\">twitterfeed<\/a>","coordinates":null,"in_reply_to_screen_name":null,"truncated":false,"id":114389026361974784,"text":"WSJ Editorial: My Plan to Revive Economic Growth: Today, the Wall Street Journal published Herman... http:\/\/t.co\/GY2w6zed #tcot #GOP2012","name":"Citizens4Cain","boldText":"WSJ Editorial: My Plan to Revive Economic Growth: Today, the <B>Wall Street<\/B> Journal published Herman... http:\/\/t.co\/GY2w6zed #tcot #GOP2012"},{"possibly_sensitive":false,"place":null,"retweet_count":"100+","in_reply_to_screen_name":null,"created_at":"Thu Sep 15 13:00:01 +0000 2011","retweeted":false,"in_reply_to_status_id_str":null,"in_reply_to_user_id_str":null,"user":{"time_zone":"Eastern Time (US & Canada)","profile_link_color":"0084B4","protected":false,"created_at":"Fri Apr 03 15:42:24 +0000 2009","profile_image_url_https":"https:\/\/si0.twimg.com\/profile_images\/188270520\/web_large_normal.jpg","name":"Herman Cain","geo_enabled":false,"favourites_count":1,"profile_background_color":"C0DEED","default_profile_image":false,"notifications":null,"profile_background_tile":false,"utc_offset":-18000,"description":"Official Twitter page of Republican presidential candidate Herman Cain.\r\n\r\nConnect on Facebook: http:\/\/www.facebook.com\/THEHermanCain","statuses_count":1735,"following":null,"verified":true,"profile_sidebar_fill_color":"DDEEF6","followers_count":153570,"profile_image_url":"http:\/\/a3.twimg.com\/profile_images\/188270520\/web_large_normal.jpg","follow_request_sent":null,"profile_sidebar_border_color":"C0DEED","location":"Stockbridge, Georgia","is_translator":false,"default_profile":false,"contributors_enabled":true,"screen_name":"THEHermanCain","profile_use_background_image":true,"url":"http:\/\/www.hermancain.com","id_str":"28587919","show_all_inline_media":false,"profile_background_image_url_https":"https:\/\/si0.twimg.com\/profile_background_images\/345135828\/twitter-background-EJ-10-5-web.jpg","profile_text_color":"333333","id":28587919,"listed_count":3624,"lang":"en","profile_background_image_url":"http:\/\/a2.twimg.com\/profile_background_images\/345135828\/twitter-background-EJ-10-5-web.jpg","friends_count":1749},"contributors":null,"in_reply_to_status_id":null,"source":"<a href=\"http:\/\/www.tweetdeck.com\" rel=\"nofollow\">TweetDeck<\/a>","id_str":"114322579745026049","geo":null,"favorited":false,"id":114322579745026049,"coordinates":null,"in_reply_to_user_id":null,"truncated":false,"text":"My Wall Street Journal editorial published today: \"My Plan to Revive Economic Growth\" http:\/\/t.co\/HwJr0pxI #tcot #2012","name":"THEHermanCain","boldText":"My <B>Wall Street<\/B> Journal editorial published today: \"My Plan to Revive Economic Growth\" http:\/\/t.co\/HwJr0pxI #tcot #2012"},{"id_str":"90799934357516288","place":null,"retweeted":false,"created_at":"Tue Jul 12 15:09:25 +0000 2011","in_reply_to_status_id_str":null,"in_reply_to_user_id":null,"in_reply_to_user_id_str":null,"contributors":null,"user":{"id_str":"227217577","time_zone":null,"created_at":"Thu Dec 16 06:48:40 +0000 2010","profile_text_color":"333333","protected":false,"default_profile_image":false,"profile_background_image_url":"http:\/\/a0.twimg.com\/images\/themes\/theme15\/bg.png","name":"American Patriots","geo_enabled":false,"notifications":null,"profile_link_color":"0084B4","utc_offset":null,"favourites_count":1,"followers_count":3137,"profile_image_url":"http:\/\/a1.twimg.com\/profile_images\/1214948591\/C4C_2_150x200_normal.jpg","description":"A collection of citizen activists solely dedicated to getting Herman Cain the GOP nomination in 2012","default_profile":false,"follow_request_sent":null,"following":null,"verified":false,"friends_count":1004,"profile_background_color":"022330","is_translator":false,"profile_background_tile":false,"profile_background_image_url_https":"https:\/\/si0.twimg.com\/images\/themes\/theme15\/bg.png","location":"USA","profile_sidebar_fill_color":"C0DFEC","screen_name":"Citizens4Cain","contributors_enabled":false,"url":"http:\/\/citizens4cain.com","listed_count":100,"statuses_count":886,"profile_sidebar_border_color":"a8c7f7","profile_image_url_https":"https:\/\/si0.twimg.com\/profile_images\/1214948591\/C4C_2_150x200_normal.jpg","show_all_inline_media":false,"id":227217577,"lang":"en","profile_use_background_image":true},"possibly_sensitive":false,"retweet_count":1,"in_reply_to_status_id":null,"favorited":false,"geo":null,"source":"<a href=\"http:\/\/twitterfeed.com\" rel=\"nofollow\">twitterfeed<\/a>","coordinates":null,"in_reply_to_screen_name":null,"truncated":false,"id":90799934357516288,"text":"Economic Vision, Part 3: A Fairer Tax: \u00a0 By: Herman Cain July 10, 2011 Paying taxes is a fact of ... http:\/\/bit.ly\/qid5za #tcot #GOP2012","name":"Citizens4Cain","boldText":"Economic Vision, Part 3: A Fairer Tax: \u00a0 By: Herman Cain July 10, 2011 Paying <B>taxes<\/B> is a fact of ... http:\/\/bit.ly\/qid5za #tcot #GOP2012"}]