[{"possibly_sensitive":false,"place":null,"retweet_count":7,"in_reply_to_screen_name":null,"created_at":"Wed Nov 02 01:09:49 +0000 2011","retweeted":false,"in_reply_to_status_id_str":null,"in_reply_to_user_id_str":null,"user":{"time_zone":"Mountain Time (US & Canada)","profile_link_color":"990000","protected":false,"created_at":"Sat Apr 04 02:35:24 +0000 2009","profile_image_url_https":"https:\/\/si0.twimg.com\/profile_images\/120922080\/Barack_Obama_normal.jpg","name":"Barack Obama","geo_enabled":false,"favourites_count":0,"profile_background_color":"03031b","default_profile_image":false,"notifications":null,"profile_background_tile":false,"utc_offset":-25200,"description":"44th President of the United States","statuses_count":1597,"following":null,"verified":false,"profile_sidebar_fill_color":"F3F3F3","followers_count":41090,"profile_image_url":"http:\/\/a2.twimg.com\/profile_images\/120922080\/Barack_Obama_normal.jpg","follow_request_sent":null,"profile_sidebar_border_color":"DFDFDF","location":"Washington DC","is_translator":false,"contributors_enabled":false,"screen_name":"BarackObamaUSA","profile_use_background_image":true,"url":"http:\/\/whitehouse.gov","id_str":"28720516","show_all_inline_media":true,"profile_background_image_url_https":"https:\/\/si0.twimg.com\/profile_background_images\/7449575\/0b0b21.png","profile_text_color":"333333","id":28720516,"default_profile":false,"listed_count":513,"lang":"en","profile_background_image_url":"http:\/\/a2.twimg.com\/profile_background_images\/7449575\/0b0b21.png","friends_count":743},"contributors":null,"in_reply_to_status_id":null,"source":"<a href=\"http:\/\/twitterfeed.com\" rel=\"nofollow\">twitterfeed<\/a>","id_str":"131538467699171328","geo":null,"favorited":false,"id":131538467699171328,"coordinates":null,"in_reply_to_user_id":null,"truncated":false,"text":"GreenGov Presidential Award Winners of 2011: \n\tIn 2009, President Obama challenged the Federal Government\u00a0to lea... http:\/\/t.co\/q0DnZlig","name":"BarackObamaUSA","boldText":"GreenGov Presidential Award Winners of 2011: \n\tIn 2009, President Obama challenged the Federal Government\u00a0to lea... http:\/\/t.co\/q0DnZlig"},{"possibly_sensitive":false,"place":null,"retweet_count":1,"in_reply_to_screen_name":null,"created_at":"Tue Nov 01 23:55:05 +0000 2011","retweeted":false,"in_reply_to_status_id_str":null,"in_reply_to_user_id_str":null,"user":{"time_zone":"Eastern Time (US & Canada)","profile_link_color":"2575AD","protected":false,"created_at":"Sat Mar 08 09:37:29 +0000 2008","profile_image_url_https":"https:\/\/si0.twimg.com\/profile_images\/435642791\/Barack-Obama_normal.jpg","name":"Barack Obama News","geo_enabled":false,"favourites_count":0,"profile_background_color":"02245D","default_profile_image":false,"notifications":false,"profile_background_tile":false,"utc_offset":-18000,"description":"News about Barack Obama - UNOFFICIAL TWITTER","statuses_count":23787,"following":true,"verified":false,"profile_sidebar_fill_color":"E6E6E6","followers_count":249613,"profile_image_url":"http:\/\/a0.twimg.com\/profile_images\/435642791\/Barack-Obama_normal.jpg","follow_request_sent":false,"profile_sidebar_border_color":"C8C8C8","location":"Washington DC","is_translator":false,"default_profile":false,"contributors_enabled":false,"screen_name":"ObamaNews","profile_use_background_image":false,"url":"http:\/\/barackobama.govne.ws","id_str":"14099695","show_all_inline_media":false,"profile_background_image_url_https":"https:\/\/si0.twimg.com\/profile_background_images\/12276350\/twitter_bg.gif","profile_text_color":"000000","id":14099695,"listed_count":4612,"lang":"en","profile_background_image_url":"http:\/\/a3.twimg.com\/profile_background_images\/12276350\/twitter_bg.gif","friends_count":4309},"contributors":null,"in_reply_to_status_id":null,"source":"<a href=\"http:\/\/dlvr.it\" rel=\"nofollow\">dlvr.it<\/a>","id_str":"131519660880433152","geo":null,"favorited":false,"id":131519660880433152,"coordinates":null,"in_reply_to_user_id":null,"truncated":false,"text":"Blog Post: GreenGov Presidential Award Winners of 2011 http:\/\/t.co\/FTvvM7Dx","name":"ObamaNews","boldText":"Blog Post: <B>Green<\/B>Gov Presidential Award Winners of 2011 http:\/\/t.co\/FTvvM7Dx"},{"possibly_sensitive":false,"place":null,"retweet_count":43,"in_reply_to_screen_name":null,"created_at":"Tue Nov 01 15:47:20 +0000 2011","retweeted":false,"in_reply_to_status_id_str":null,"in_reply_to_user_id_str":null,"user":{"time_zone":"Eastern Time (US & Canada)","profile_link_color":"336699","protected":false,"created_at":"Fri Apr 10 21:10:30 +0000 2009","profile_image_url_https":"https:\/\/si0.twimg.com\/profile_images\/1599616465\/wh-twitter-icon_normal.jpg","name":"The White House","geo_enabled":true,"favourites_count":2,"profile_background_color":"f2f2f2","default_profile_image":false,"notifications":false,"profile_background_tile":false,"utc_offset":-18000,"description":"Official WH twitter account. Comments & messages received through official WH pages are subject to the PRA and may be archived. Learn more http:\/\/wh.gov\/privacy","default_profile":false,"statuses_count":4220,"following":false,"verified":true,"profile_sidebar_fill_color":"e1e8ee","followers_count":2481735,"profile_image_url":"http:\/\/a0.twimg.com\/profile_images\/1599616465\/wh-twitter-icon_normal.jpg","follow_request_sent":false,"profile_sidebar_border_color":"e1e8ee","location":"Washington, DC USA","is_translator":false,"contributors_enabled":false,"screen_name":"whitehouse","profile_use_background_image":true,"url":"http:\/\/www.whitehouse.gov","id_str":"30313925","show_all_inline_media":true,"profile_background_image_url_https":"https:\/\/si0.twimg.com\/profile_background_images\/199764862\/wh_twitter_back.jpg","profile_text_color":"666666","id":30313925,"listed_count":43235,"lang":"en","profile_background_image_url":"http:\/\/a0.twimg.com\/profile_background_images\/199764862\/wh_twitter_back.jpg","friends_count":138},"contributors":null,"in_reply_to_status_id":null,"source":"web","id_str":"131396913567244289","geo":null,"favorited":false,"id":131396913567244289,"coordinates":null,"in_reply_to_user_id":null,"truncated":false,"text":"Happening @ 12:15ET: @MotherNatureNet & @WhiteHouse #greengov2011 panel on green energy, clean tech & more. Watch live: http:\/\/t.co\/iyR7kc6x","name":"whitehouse","boldText":"Happening @ 12:15ET: @MotherNatureNet & @WhiteHouse #<B>green<\/B>gov2011 panel on <B>green<\/B> energy, clean tech & more. Watch live: http:\/\/t.co\/iyR7kc6x"},{"possibly_sensitive":false,"place":null,"retweet_count":5,"in_reply_to_screen_name":null,"created_at":"Tue Nov 01 03:47:05 +0000 2011","retweeted":false,"in_reply_to_status_id_str":null,"in_reply_to_user_id_str":null,"user":{"time_zone":"Eastern Time (US & Canada)","profile_link_color":"2575AD","protected":false,"created_at":"Sat Mar 08 09:37:29 +0000 2008","profile_image_url_https":"https:\/\/si0.twimg.com\/profile_images\/435642791\/Barack-Obama_normal.jpg","name":"Barack Obama News","geo_enabled":false,"favourites_count":0,"profile_background_color":"02245D","default_profile_image":false,"notifications":null,"profile_background_tile":false,"utc_offset":-18000,"description":"News about Barack Obama - UNOFFICIAL TWITTER","statuses_count":23788,"following":null,"verified":false,"profile_sidebar_fill_color":"E6E6E6","followers_count":249612,"profile_image_url":"http:\/\/a0.twimg.com\/profile_images\/435642791\/Barack-Obama_normal.jpg","follow_request_sent":null,"profile_sidebar_border_color":"C8C8C8","location":"Washington DC","is_translator":false,"default_profile":false,"contributors_enabled":false,"screen_name":"ObamaNews","profile_use_background_image":false,"url":"http:\/\/barackobama.govne.ws","id_str":"14099695","show_all_inline_media":false,"profile_background_image_url_https":"https:\/\/si0.twimg.com\/profile_background_images\/12276350\/twitter_bg.gif","profile_text_color":"000000","id":14099695,"listed_count":4612,"lang":"en","profile_background_image_url":"http:\/\/a3.twimg.com\/profile_background_images\/12276350\/twitter_bg.gif","friends_count":4309},"contributors":null,"in_reply_to_status_id":null,"source":"<a href=\"http:\/\/dlvr.it\" rel=\"nofollow\">dlvr.it<\/a>","id_str":"131215658393411584","geo":null,"favorited":false,"id":131215658393411584,"coordinates":null,"in_reply_to_user_id":null,"truncated":false,"text":"Photo:  First Lady Michelle Obama waits with Caroline Kennedy Schlossberg in the Green Room of the... http:\/\/t.co\/JU5cS3y4","name":"ObamaNews","boldText":"Photo:  First Lady Michelle Obama waits with Caroline Kennedy Schlossberg in the <B>Green<\/B> Room of the... http:\/\/t.co\/JU5cS3y4"},{"possibly_sensitive":false,"place":null,"retweet_count":0,"in_reply_to_screen_name":null,"created_at":"Mon Oct 31 20:07:17 +0000 2011","retweeted":false,"in_reply_to_status_id_str":null,"in_reply_to_user_id_str":null,"user":{"time_zone":"Eastern Time (US & Canada)","profile_link_color":"2575AD","protected":false,"created_at":"Sat Mar 08 09:37:29 +0000 2008","profile_image_url_https":"https:\/\/si0.twimg.com\/profile_images\/435642791\/Barack-Obama_normal.jpg","name":"Barack Obama News","geo_enabled":false,"favourites_count":0,"profile_background_color":"02245D","default_profile_image":false,"notifications":false,"profile_background_tile":false,"utc_offset":-18000,"description":"News about Barack Obama - UNOFFICIAL TWITTER","statuses_count":23787,"following":true,"verified":false,"profile_sidebar_fill_color":"E6E6E6","followers_count":249613,"profile_image_url":"http:\/\/a0.twimg.com\/profile_images\/435642791\/Barack-Obama_normal.jpg","follow_request_sent":false,"profile_sidebar_border_color":"C8C8C8","location":"Washington DC","is_translator":false,"default_profile":false,"contributors_enabled":false,"screen_name":"ObamaNews","profile_use_background_image":false,"url":"http:\/\/barackobama.govne.ws","id_str":"14099695","show_all_inline_media":false,"profile_background_image_url_https":"https:\/\/si0.twimg.com\/profile_background_images\/12276350\/twitter_bg.gif","profile_text_color":"000000","id":14099695,"listed_count":4612,"lang":"en","profile_background_image_url":"http:\/\/a3.twimg.com\/profile_background_images\/12276350\/twitter_bg.gif","friends_count":4309},"contributors":null,"in_reply_to_status_id":null,"source":"<a href=\"http:\/\/dlvr.it\" rel=\"nofollow\">dlvr.it<\/a>","id_str":"131099947213930496","geo":null,"favorited":false,"id":131099947213930496,"coordinates":null,"in_reply_to_user_id":null,"truncated":false,"text":"Blog Post: Watch Live: GreenGov 2011 Panel with Mother Nature Network http:\/\/t.co\/pO7unm67","name":"ObamaNews","boldText":"Blog Post: Watch Live: <B>Green<\/B>Gov 2011 Panel with Mother Nature Network http:\/\/t.co\/pO7unm67"},{"possibly_sensitive":false,"place":null,"retweet_count":1,"in_reply_to_screen_name":null,"created_at":"Mon Oct 31 18:57:10 +0000 2011","retweeted":false,"in_reply_to_status_id_str":null,"in_reply_to_user_id_str":null,"user":{"time_zone":"Mountain Time (US & Canada)","profile_link_color":"990000","protected":false,"created_at":"Sat Apr 04 02:35:24 +0000 2009","profile_image_url_https":"https:\/\/si0.twimg.com\/profile_images\/120922080\/Barack_Obama_normal.jpg","name":"Barack Obama","geo_enabled":false,"favourites_count":0,"profile_background_color":"03031b","default_profile_image":false,"notifications":false,"profile_background_tile":false,"utc_offset":-25200,"description":"44th President of the United States","statuses_count":1597,"following":true,"verified":false,"profile_sidebar_fill_color":"F3F3F3","followers_count":41088,"profile_image_url":"http:\/\/a2.twimg.com\/profile_images\/120922080\/Barack_Obama_normal.jpg","default_profile":false,"follow_request_sent":false,"profile_sidebar_border_color":"DFDFDF","location":"Washington DC","is_translator":false,"contributors_enabled":false,"screen_name":"BarackObamaUSA","profile_use_background_image":true,"url":"http:\/\/whitehouse.gov","id_str":"28720516","show_all_inline_media":true,"profile_background_image_url_https":"https:\/\/si0.twimg.com\/profile_background_images\/7449575\/0b0b21.png","profile_text_color":"333333","id":28720516,"listed_count":513,"lang":"en","profile_background_image_url":"http:\/\/a2.twimg.com\/profile_background_images\/7449575\/0b0b21.png","friends_count":743},"contributors":null,"in_reply_to_status_id":null,"source":"<a href=\"http:\/\/twitterfeed.com\" rel=\"nofollow\">twitterfeed<\/a>","id_str":"131082301349175296","geo":null,"favorited":false,"id":131082301349175296,"coordinates":null,"in_reply_to_user_id":null,"truncated":false,"text":"Watch Live: GreenGov 2011 Panel with Mother Nature Network: \n\tIn 2009, President Obama challenged the Federal Go... http:\/\/t.co\/DXMFbnGd","name":"BarackObamaUSA","boldText":"Watch Live: <B>Green<\/B>Gov 2011 Panel with Mother Nature Network: \n\tIn 2009, President Obama challenged the Federal Go... http:\/\/t.co\/DXMFbnGd"},{"possibly_sensitive":false,"place":null,"retweet_count":22,"in_reply_to_screen_name":null,"created_at":"Fri Oct 28 21:33:38 +0000 2011","retweeted":false,"in_reply_to_status_id_str":null,"in_reply_to_user_id_str":null,"user":{"time_zone":"Eastern Time (US & Canada)","profile_link_color":"016fd0","protected":false,"created_at":"Sun Apr 13 20:23:13 +0000 2008","profile_image_url_https":"https:\/\/si0.twimg.com\/profile_images\/1169754210\/democrats-twitter-icon_normal.png","name":"The Democrats","geo_enabled":false,"favourites_count":3,"profile_background_color":"00aef3","default_profile_image":false,"notifications":null,"profile_background_tile":false,"utc_offset":-18000,"description":"This is the official Twitter account of the Democratic Party.  Follow our tweets to get the latest info on Democratic news, issues, and events.","statuses_count":4412,"following":null,"verified":true,"profile_sidebar_fill_color":"eff0f1","followers_count":54990,"profile_image_url":"http:\/\/a3.twimg.com\/profile_images\/1169754210\/democrats-twitter-icon_normal.png","default_profile":false,"follow_request_sent":null,"profile_sidebar_border_color":"a6a6a6","location":"Washington, DC","is_translator":false,"contributors_enabled":true,"screen_name":"TheDemocrats","profile_use_background_image":true,"url":"http:\/\/www.democrats.org\/","id_str":"14377605","show_all_inline_media":false,"profile_background_image_url_https":"https:\/\/si0.twimg.com\/profile_background_images\/172797255\/democrats-twitter-comp.jpg","profile_text_color":"333333","id":14377605,"listed_count":2934,"lang":"en","profile_background_image_url":"http:\/\/a1.twimg.com\/profile_background_images\/172797255\/democrats-twitter-comp.jpg","friends_count":1018},"contributors":null,"in_reply_to_status_id":null,"source":"<a href=\"http:\/\/www.hootsuite.com\" rel=\"nofollow\">HootSuite<\/a>","id_str":"130034512217374720","geo":null,"favorited":false,"id":130034512217374720,"coordinates":null,"in_reply_to_user_id":null,"truncated":false,"text":"Today in #WhichMitt: Romney flips 180 degrees on climate change, saying, \"We don't know what's causing [it].\" http:\/\/t.co\/rcr0OziX","name":"TheDemocrats","boldText":"Today in #WhichMitt: Romney flips 180 degrees on <B>climate<\/B> change, saying, \"We don't know what's causing [it].\" http:\/\/t.co\/rcr0OziX"},{"possibly_sensitive":false,"place":null,"retweet_count":7,"in_reply_to_screen_name":null,"created_at":"Fri Oct 28 20:23:14 +0000 2011","retweeted":false,"in_reply_to_status_id_str":null,"in_reply_to_user_id_str":null,"user":{"time_zone":"Eastern Time (US & Canada)","profile_link_color":"016fd0","protected":false,"created_at":"Sun Apr 13 20:23:13 +0000 2008","profile_image_url_https":"https:\/\/si0.twimg.com\/profile_images\/1169754210\/democrats-twitter-icon_normal.png","name":"The Democrats","geo_enabled":false,"favourites_count":3,"profile_background_color":"00aef3","default_profile_image":false,"notifications":null,"profile_background_tile":false,"utc_offset":-18000,"description":"This is the official Twitter account of the Democratic Party.  Follow our tweets to get the latest info on Democratic news, issues, and events.","statuses_count":4412,"following":null,"verified":true,"profile_sidebar_fill_color":"eff0f1","followers_count":54990,"profile_image_url":"http:\/\/a3.twimg.com\/profile_images\/1169754210\/democrats-twitter-icon_normal.png","default_profile":false,"follow_request_sent":null,"profile_sidebar_border_color":"a6a6a6","location":"Washington, DC","is_translator":false,"contributors_enabled":true,"screen_name":"TheDemocrats","profile_use_background_image":true,"url":"http:\/\/www.democrats.org\/","id_str":"14377605","show_all_inline_media":false,"profile_background_image_url_https":"https:\/\/si0.twimg.com\/profile_background_images\/172797255\/democrats-twitter-comp.jpg","profile_text_color":"333333","id":14377605,"listed_count":2934,"lang":"en","profile_background_image_url":"http:\/\/a1.twimg.com\/profile_background_images\/172797255\/democrats-twitter-comp.jpg","friends_count":1018},"contributors":null,"in_reply_to_status_id":null,"source":"<a href=\"http:\/\/www.hootsuite.com\" rel=\"nofollow\">HootSuite<\/a>","id_str":"130016796882386944","geo":null,"favorited":false,"id":130016796882386944,"coordinates":null,"in_reply_to_user_id":null,"truncated":false,"text":"\"Romney makes new shift in global warming position\" (via @BostonGlobe): http:\/\/t.co\/yYbcxPrq","name":"TheDemocrats","boldText":"\"Romney makes new shift in <B>global warming<\/B> position\" (via @BostonGlobe): http:\/\/t.co\/yYbcxPrq"},{"possibly_sensitive":false,"place":null,"retweet_count":0,"in_reply_to_screen_name":null,"created_at":"Wed Oct 26 15:31:38 +0000 2011","retweeted":false,"in_reply_to_status_id_str":null,"in_reply_to_user_id_str":null,"user":{"time_zone":"Central Time (US & Canada)","profile_link_color":"10338C","protected":false,"created_at":"Thu Apr 17 01:17:18 +0000 2008","profile_image_url_https":"https:\/\/si0.twimg.com\/profile_images\/53118521\/ObamaFunFace_normal.jpg","name":"Obama Palooza","geo_enabled":false,"favourites_count":0,"profile_background_color":"9ae4e8","default_profile_image":false,"notifications":null,"profile_background_tile":true,"utc_offset":-21600,"description":"All Obama - All the time!","statuses_count":17015,"following":null,"verified":false,"profile_sidebar_fill_color":"d8e3fe","followers_count":3231,"profile_image_url":"http:\/\/a3.twimg.com\/profile_images\/53118521\/ObamaFunFace_normal.jpg","follow_request_sent":null,"profile_sidebar_border_color":"002DD0","location":"","is_translator":false,"default_profile":false,"contributors_enabled":false,"screen_name":"ObamaPalooza","profile_use_background_image":true,"url":null,"id_str":"14415091","show_all_inline_media":false,"profile_background_image_url_https":"https:\/\/si0.twimg.com\/profile_background_images\/3438544\/ObamaFunnyFace.jpeg","profile_text_color":"000000","id":14415091,"listed_count":65,"lang":"en","profile_background_image_url":"http:\/\/a3.twimg.com\/profile_background_images\/3438544\/ObamaFunnyFace.jpeg","friends_count":1},"contributors":null,"in_reply_to_status_id":null,"source":"<a href=\"http:\/\/dlvr.it\" rel=\"nofollow\">dlvr.it<\/a>","id_str":"129218635586736128","geo":null,"favorited":false,"id":129218635586736128,"coordinates":null,"in_reply_to_user_id":null,"truncated":false,"text":"The Center for Public Integrity: VIDEO: Republicans call for probe of Obama's green car program http:\/\/t.co\/MHHWRA4U #Obama","name":"ObamaPalooza","boldText":"The Center for Public Integrity: VIDEO: Republicans call for probe of Obama's <B>green<\/B> car program http:\/\/t.co\/MHHWRA4U #Obama"},{"possibly_sensitive":false,"place":null,"retweet_count":0,"in_reply_to_screen_name":null,"created_at":"Mon Oct 24 19:47:00 +0000 2011","retweeted":false,"in_reply_to_status_id_str":null,"in_reply_to_user_id_str":null,"user":{"time_zone":"Central Time (US & Canada)","profile_link_color":"10338C","protected":false,"created_at":"Thu Apr 17 01:17:18 +0000 2008","profile_image_url_https":"https:\/\/si0.twimg.com\/profile_images\/53118521\/ObamaFunFace_normal.jpg","name":"Obama Palooza","geo_enabled":false,"favourites_count":0,"profile_background_color":"9ae4e8","default_profile_image":false,"notifications":null,"profile_background_tile":true,"utc_offset":-21600,"description":"All Obama - All the time!","statuses_count":17015,"following":null,"verified":false,"profile_sidebar_fill_color":"d8e3fe","followers_count":3231,"profile_image_url":"http:\/\/a3.twimg.com\/profile_images\/53118521\/ObamaFunFace_normal.jpg","follow_request_sent":null,"profile_sidebar_border_color":"002DD0","location":"","is_translator":false,"default_profile":false,"contributors_enabled":false,"screen_name":"ObamaPalooza","profile_use_background_image":true,"url":null,"id_str":"14415091","show_all_inline_media":false,"profile_background_image_url_https":"https:\/\/si0.twimg.com\/profile_background_images\/3438544\/ObamaFunnyFace.jpeg","profile_text_color":"000000","id":14415091,"listed_count":65,"lang":"en","profile_background_image_url":"http:\/\/a3.twimg.com\/profile_background_images\/3438544\/ObamaFunnyFace.jpeg","friends_count":1},"contributors":null,"in_reply_to_status_id":null,"source":"<a href=\"http:\/\/dlvr.it\" rel=\"nofollow\">dlvr.it<\/a>","id_str":"128558126168408064","geo":null,"favorited":false,"id":128558126168408064,"coordinates":null,"in_reply_to_user_id":null,"truncated":false,"text":"Greens: Obama campaign hire 'stinks' http:\/\/t.co\/mIZsCCTT #Obama","name":"ObamaPalooza","boldText":"Greens: Obama campaign hire 'stinks' http:\/\/t.co\/mIZsCCTT #Obama"},{"possibly_sensitive":false,"place":null,"retweet_count":90,"in_reply_to_screen_name":null,"created_at":"Fri Oct 21 18:48:08 +0000 2011","retweeted":false,"in_reply_to_status_id_str":null,"in_reply_to_user_id_str":null,"user":{"time_zone":"Eastern Time (US & Canada)","profile_link_color":"2574ad","protected":false,"created_at":"Mon Mar 05 22:08:25 +0000 2007","profile_image_url_https":"https:\/\/si0.twimg.com\/profile_images\/1400727240\/o2012_twitter_normal.jpg","name":"Barack Obama","geo_enabled":false,"favourites_count":0,"profile_background_color":"77b0dc","default_profile_image":false,"notifications":false,"profile_background_tile":false,"utc_offset":-18000,"description":"This account is run by #Obama2012 campaign staff. Tweets from the President are signed -BO.\r\n","statuses_count":2119,"following":false,"verified":true,"profile_sidebar_fill_color":"c2e0f6","followers_count":10933530,"profile_image_url":"http:\/\/a1.twimg.com\/profile_images\/1400727240\/o2012_twitter_normal.jpg","default_profile":false,"follow_request_sent":false,"profile_sidebar_border_color":"c2e0f6","location":"Washington, DC","is_translator":false,"contributors_enabled":true,"screen_name":"BarackObama","profile_use_background_image":true,"url":"http:\/\/www.barackobama.com","id_str":"813286","show_all_inline_media":false,"profile_background_image_url_https":"https:\/\/si0.twimg.com\/profile_background_images\/272273809\/2012background_less.jpg","profile_text_color":"333333","id":813286,"listed_count":158350,"lang":"en","profile_background_image_url":"http:\/\/a2.twimg.com\/profile_background_images\/272273809\/2012background_less.jpg","friends_count":687236},"contributors":null,"in_reply_to_status_id":null,"source":"web","id_str":"127456147354562560","geo":null,"favorited":false,"id":127456147354562560,"coordinates":null,"in_reply_to_user_id":null,"truncated":false,"text":"RT @OFA_NC: So many friendly fired up faces at the #Greensboro Office Opening. #NC #Obama2012 http:\/\/t.co\/yaFeTbYM","name":"BarackObama","boldText":"RT @OFA_NC: So many friendly fired up faces at the #<B>Green<\/B>sboro Office Opening. #NC #Obama2012 http:\/\/t.co\/yaFeTbYM"},{"possibly_sensitive":false,"place":null,"retweet_count":28,"in_reply_to_screen_name":null,"created_at":"Tue Oct 18 20:56:00 +0000 2011","retweeted":false,"in_reply_to_status_id_str":null,"in_reply_to_user_id_str":null,"user":{"time_zone":"Eastern Time (US & Canada)","profile_link_color":"336699","protected":false,"created_at":"Fri Apr 10 21:10:30 +0000 2009","profile_image_url_https":"https:\/\/si0.twimg.com\/profile_images\/1599616465\/wh-twitter-icon_normal.jpg","name":"The White House","geo_enabled":true,"favourites_count":2,"profile_background_color":"f2f2f2","default_profile_image":false,"notifications":false,"profile_background_tile":false,"utc_offset":-18000,"description":"Official WH twitter account. Comments & messages received through official WH pages are subject to the PRA and may be archived. Learn more http:\/\/wh.gov\/privacy","statuses_count":4222,"following":true,"verified":true,"profile_sidebar_fill_color":"e1e8ee","followers_count":2481976,"profile_image_url":"http:\/\/a0.twimg.com\/profile_images\/1599616465\/wh-twitter-icon_normal.jpg","follow_request_sent":false,"profile_sidebar_border_color":"e1e8ee","location":"Washington, DC USA","is_translator":false,"default_profile":false,"contributors_enabled":false,"screen_name":"whitehouse","profile_use_background_image":true,"url":"http:\/\/www.whitehouse.gov","id_str":"30313925","show_all_inline_media":true,"profile_background_image_url_https":"https:\/\/si0.twimg.com\/profile_background_images\/199764862\/wh_twitter_back.jpg","profile_text_color":"666666","id":30313925,"listed_count":43236,"lang":"en","profile_background_image_url":"http:\/\/a0.twimg.com\/profile_background_images\/199764862\/wh_twitter_back.jpg","friends_count":138},"contributors":null,"in_reply_to_status_id":null,"source":"<a href=\"http:\/\/www.hootsuite.com\" rel=\"nofollow\">HootSuite<\/a>","id_str":"126401162705518592","geo":null,"favorited":false,"id":126401162705518592,"coordinates":null,"in_reply_to_user_id":null,"truncated":false,"text":"Happening @ 5ET: President Obama speaks on #JobsNow @ Greensville County High School in #Emporia #VA. Watch live: http:\/\/t.co\/hhNoX4fh","name":"whitehouse","boldText":"Happening @ 5ET: President Obama speaks on #JobsNow @ <B>Green<\/B>sville County High School in #Emporia #VA. Watch live: http:\/\/t.co\/hhNoX4fh"},{"possibly_sensitive":false,"place":null,"retweet_count":2,"in_reply_to_screen_name":null,"created_at":"Thu Sep 15 20:54:47 +0000 2011","retweeted":false,"in_reply_to_status_id_str":null,"in_reply_to_user_id_str":null,"user":{"time_zone":"Mountain Time (US & Canada)","profile_link_color":"990000","protected":false,"created_at":"Sat Apr 04 02:35:24 +0000 2009","profile_image_url_https":"https:\/\/si0.twimg.com\/profile_images\/120922080\/Barack_Obama_normal.jpg","name":"Barack Obama","geo_enabled":false,"favourites_count":0,"profile_background_color":"03031b","default_profile_image":false,"notifications":null,"profile_background_tile":false,"utc_offset":-25200,"description":"44th President of the United States","statuses_count":1597,"following":null,"verified":false,"profile_sidebar_fill_color":"F3F3F3","followers_count":41089,"profile_image_url":"http:\/\/a2.twimg.com\/profile_images\/120922080\/Barack_Obama_normal.jpg","default_profile":false,"follow_request_sent":null,"profile_sidebar_border_color":"DFDFDF","location":"Washington DC","is_translator":false,"contributors_enabled":false,"screen_name":"BarackObamaUSA","profile_use_background_image":true,"url":"http:\/\/whitehouse.gov","id_str":"28720516","show_all_inline_media":true,"profile_background_image_url_https":"https:\/\/si0.twimg.com\/profile_background_images\/7449575\/0b0b21.png","profile_text_color":"333333","id":28720516,"listed_count":513,"lang":"en","profile_background_image_url":"http:\/\/a2.twimg.com\/profile_background_images\/7449575\/0b0b21.png","friends_count":743},"contributors":null,"in_reply_to_status_id":null,"source":"<a href=\"http:\/\/twitterfeed.com\" rel=\"nofollow\">twitterfeed<\/a>","id_str":"114442057229156353","geo":null,"favorited":false,"id":114442057229156353,"coordinates":null,"in_reply_to_user_id":null,"truncated":false,"text":"Attacks to the Clean Air Act & the False Choice between a Healthy Environment and Healthy Economy: \n\tOver the... http:\/\/t.co\/rA6qeXgU","name":"BarackObamaUSA","boldText":"Attacks to the Clean Air Act & the False Choice between a Healthy <B>Environment<\/B> and Healthy Economy: \n\tOver the... http:\/\/t.co\/rA6qeXgU"},{"possibly_sensitive":false,"place":null,"retweet_count":5,"in_reply_to_screen_name":null,"created_at":"Thu Sep 15 16:33:59 +0000 2011","retweeted":false,"in_reply_to_status_id_str":null,"in_reply_to_user_id_str":null,"user":{"default_profile":false,"time_zone":"Mountain Time (US & Canada)","profile_link_color":"990000","protected":false,"created_at":"Sat Apr 04 02:35:24 +0000 2009","profile_image_url_https":"https:\/\/si0.twimg.com\/profile_images\/120922080\/Barack_Obama_normal.jpg","name":"Barack Obama","geo_enabled":false,"favourites_count":0,"profile_background_color":"03031b","default_profile_image":false,"notifications":null,"profile_background_tile":false,"utc_offset":-25200,"description":"44th President of the United States","statuses_count":1597,"following":null,"verified":false,"profile_sidebar_fill_color":"F3F3F3","followers_count":41089,"profile_image_url":"http:\/\/a2.twimg.com\/profile_images\/120922080\/Barack_Obama_normal.jpg","follow_request_sent":null,"profile_sidebar_border_color":"DFDFDF","location":"Washington DC","is_translator":false,"contributors_enabled":false,"screen_name":"BarackObamaUSA","profile_use_background_image":true,"url":"http:\/\/whitehouse.gov","id_str":"28720516","show_all_inline_media":true,"profile_background_image_url_https":"https:\/\/si0.twimg.com\/profile_background_images\/7449575\/0b0b21.png","profile_text_color":"333333","id":28720516,"listed_count":513,"lang":"en","profile_background_image_url":"http:\/\/a2.twimg.com\/profile_background_images\/7449575\/0b0b21.png","friends_count":743},"contributors":null,"in_reply_to_status_id":null,"source":"<a href=\"http:\/\/twitterfeed.com\" rel=\"nofollow\">twitterfeed<\/a>","id_str":"114376424865017856","geo":null,"favorited":false,"id":114376424865017856,"coordinates":null,"in_reply_to_user_id":null,"truncated":false,"text":"The Truth about Clean Energy Jobs: \n\tEd note: This has been cross posted from energy.gov\n\n\tThe Washington Pos... http:\/\/t.co\/PG7BznIZ","name":"BarackObamaUSA","boldText":"The Truth about <B>Clean Energy<\/B> Jobs: \n\tEd note: This has been cross posted from energy.gov\n\n\tThe Washington Pos... http:\/\/t.co\/PG7BznIZ"}]