[{"possibly_sensitive":false,"place":null,"retweet_count":0,"in_reply_to_screen_name":null,"created_at":"Tue Nov 01 00:57:03 +0000 2011","retweeted":false,"in_reply_to_status_id_str":null,"in_reply_to_user_id_str":null,"user":{"time_zone":"Central Time (US & Canada)","profile_link_color":"10338C","protected":false,"created_at":"Thu Apr 17 01:17:18 +0000 2008","profile_image_url_https":"https:\/\/si0.twimg.com\/profile_images\/53118521\/ObamaFunFace_normal.jpg","name":"Obama Palooza","geo_enabled":false,"favourites_count":0,"profile_background_color":"9ae4e8","default_profile_image":false,"notifications":null,"profile_background_tile":true,"utc_offset":-21600,"description":"All Obama - All the time!","statuses_count":17015,"following":null,"verified":false,"profile_sidebar_fill_color":"d8e3fe","followers_count":3231,"profile_image_url":"http:\/\/a3.twimg.com\/profile_images\/53118521\/ObamaFunFace_normal.jpg","follow_request_sent":null,"profile_sidebar_border_color":"002DD0","location":"","is_translator":false,"default_profile":false,"contributors_enabled":false,"screen_name":"ObamaPalooza","profile_use_background_image":true,"url":null,"id_str":"14415091","show_all_inline_media":false,"profile_background_image_url_https":"https:\/\/si0.twimg.com\/profile_background_images\/3438544\/ObamaFunnyFace.jpeg","profile_text_color":"000000","id":14415091,"listed_count":65,"lang":"en","profile_background_image_url":"http:\/\/a3.twimg.com\/profile_background_images\/3438544\/ObamaFunnyFace.jpeg","friends_count":1},"contributors":null,"in_reply_to_status_id":null,"source":"<a href=\"http:\/\/dlvr.it\" rel=\"nofollow\">dlvr.it<\/a>","id_str":"131172868242423808","geo":null,"favorited":false,"id":131172868242423808,"coordinates":null,"in_reply_to_user_id":null,"truncated":false,"text":"Obama 'In Excellent Health' And Tobacco Free, Physician Says http:\/\/t.co\/0Ze2sge1 #Obama","name":"ObamaPalooza","boldText":"Obama 'In Excellent Health' And Tobacco Free, <B>Physician<\/B> Says http:\/\/t.co\/0Ze2sge1 #Obama"},{"possibly_sensitive":false,"place":null,"retweet_count":0,"in_reply_to_screen_name":null,"created_at":"Mon Oct 31 13:56:04 +0000 2011","retweeted":false,"in_reply_to_status_id_str":null,"in_reply_to_user_id_str":null,"user":{"time_zone":"Central Time (US & Canada)","profile_link_color":"10338C","protected":false,"created_at":"Thu Apr 17 01:17:18 +0000 2008","profile_image_url_https":"https:\/\/si0.twimg.com\/profile_images\/53118521\/ObamaFunFace_normal.jpg","name":"Obama Palooza","geo_enabled":false,"favourites_count":0,"profile_background_color":"9ae4e8","default_profile_image":false,"notifications":null,"profile_background_tile":true,"utc_offset":-21600,"description":"All Obama - All the time!","statuses_count":17015,"following":null,"verified":false,"profile_sidebar_fill_color":"d8e3fe","followers_count":3231,"profile_image_url":"http:\/\/a3.twimg.com\/profile_images\/53118521\/ObamaFunFace_normal.jpg","follow_request_sent":null,"profile_sidebar_border_color":"002DD0","location":"","is_translator":false,"default_profile":false,"contributors_enabled":false,"screen_name":"ObamaPalooza","profile_use_background_image":true,"url":null,"id_str":"14415091","show_all_inline_media":false,"profile_background_image_url_https":"https:\/\/si0.twimg.com\/profile_background_images\/3438544\/ObamaFunnyFace.jpeg","profile_text_color":"000000","id":14415091,"listed_count":65,"lang":"en","profile_background_image_url":"http:\/\/a3.twimg.com\/profile_background_images\/3438544\/ObamaFunnyFace.jpeg","friends_count":1},"contributors":null,"in_reply_to_status_id":null,"source":"<a href=\"http:\/\/dlvr.it\" rel=\"nofollow\">dlvr.it<\/a>","id_str":"131006527887769600","geo":null,"favorited":false,"id":131006527887769600,"coordinates":null,"in_reply_to_user_id":null,"truncated":false,"text":"Medicine Shortages Addressed in Obama Executive Order http:\/\/t.co\/vHz0ieuw #Obama","name":"ObamaPalooza","boldText":"Medicine Shortages Addressed in Obama Executive Order http:\/\/t.co\/vHz0ieuw #Obama"},{"possibly_sensitive":false,"place":null,"retweet_count":0,"in_reply_to_screen_name":null,"created_at":"Mon Oct 31 04:45:04 +0000 2011","retweeted":false,"in_reply_to_status_id_str":null,"in_reply_to_user_id_str":null,"user":{"time_zone":"Central Time (US & Canada)","profile_link_color":"10338C","protected":false,"created_at":"Thu Apr 17 01:17:18 +0000 2008","profile_image_url_https":"https:\/\/si0.twimg.com\/profile_images\/53118521\/ObamaFunFace_normal.jpg","name":"Obama Palooza","geo_enabled":false,"favourites_count":0,"profile_background_color":"9ae4e8","default_profile_image":false,"notifications":null,"profile_background_tile":true,"utc_offset":-21600,"description":"All Obama - All the time!","statuses_count":17015,"following":null,"verified":false,"profile_sidebar_fill_color":"d8e3fe","followers_count":3231,"profile_image_url":"http:\/\/a3.twimg.com\/profile_images\/53118521\/ObamaFunFace_normal.jpg","follow_request_sent":null,"profile_sidebar_border_color":"002DD0","location":"","is_translator":false,"default_profile":false,"contributors_enabled":false,"screen_name":"ObamaPalooza","profile_use_background_image":true,"url":null,"id_str":"14415091","show_all_inline_media":false,"profile_background_image_url_https":"https:\/\/si0.twimg.com\/profile_background_images\/3438544\/ObamaFunnyFace.jpeg","profile_text_color":"000000","id":14415091,"listed_count":65,"lang":"en","profile_background_image_url":"http:\/\/a3.twimg.com\/profile_background_images\/3438544\/ObamaFunnyFace.jpeg","friends_count":1},"contributors":null,"in_reply_to_status_id":null,"source":"<a href=\"http:\/\/dlvr.it\" rel=\"nofollow\">dlvr.it<\/a>","id_str":"130867861404123136","geo":null,"favorited":false,"id":130867861404123136,"coordinates":null,"in_reply_to_user_id":null,"truncated":false,"text":"Medicine Shortages Addressed in Obama Executive Order http:\/\/t.co\/xyGhwnl0 #Obama","name":"ObamaPalooza","boldText":"Medicine Shortages Addressed in Obama Executive Order http:\/\/t.co\/xyGhwnl0 #Obama"},{"possibly_sensitive":false,"place":null,"retweet_count":1,"in_reply_to_screen_name":null,"created_at":"Mon Oct 31 04:28:56 +0000 2011","retweeted":false,"in_reply_to_status_id_str":null,"in_reply_to_user_id_str":null,"user":{"time_zone":"Central Time (US & Canada)","profile_link_color":"10338C","protected":false,"created_at":"Thu Apr 17 01:17:18 +0000 2008","profile_image_url_https":"https:\/\/si0.twimg.com\/profile_images\/53118521\/ObamaFunFace_normal.jpg","name":"Obama Palooza","geo_enabled":false,"favourites_count":0,"profile_background_color":"9ae4e8","default_profile_image":false,"notifications":null,"profile_background_tile":true,"utc_offset":-21600,"description":"All Obama - All the time!","statuses_count":17015,"following":null,"verified":false,"profile_sidebar_fill_color":"d8e3fe","followers_count":3231,"profile_image_url":"http:\/\/a3.twimg.com\/profile_images\/53118521\/ObamaFunFace_normal.jpg","follow_request_sent":null,"profile_sidebar_border_color":"002DD0","location":"","is_translator":false,"default_profile":false,"contributors_enabled":false,"screen_name":"ObamaPalooza","profile_use_background_image":true,"url":null,"id_str":"14415091","show_all_inline_media":false,"profile_background_image_url_https":"https:\/\/si0.twimg.com\/profile_background_images\/3438544\/ObamaFunnyFace.jpeg","profile_text_color":"000000","id":14415091,"listed_count":65,"lang":"en","profile_background_image_url":"http:\/\/a3.twimg.com\/profile_background_images\/3438544\/ObamaFunnyFace.jpeg","friends_count":1},"contributors":null,"in_reply_to_status_id":null,"source":"<a href=\"http:\/\/dlvr.it\" rel=\"nofollow\">dlvr.it<\/a>","id_str":"130863803519873024","geo":null,"favorited":false,"id":130863803519873024,"coordinates":null,"in_reply_to_user_id":null,"truncated":false,"text":"Medicine Shortages Addressed in Obama Executive Order http:\/\/t.co\/ptEMjnHn #Obama","name":"ObamaPalooza","boldText":"Medicine Shortages Addressed in Obama Executive Order http:\/\/t.co\/ptEMjnHn #Obama"},{"possibly_sensitive":false,"place":null,"retweet_count":0,"in_reply_to_screen_name":null,"created_at":"Fri Oct 28 18:06:07 +0000 2011","retweeted":false,"in_reply_to_status_id_str":null,"in_reply_to_user_id_str":null,"user":{"time_zone":"Central Time (US & Canada)","profile_link_color":"10338C","protected":false,"created_at":"Thu Apr 17 01:17:18 +0000 2008","profile_image_url_https":"https:\/\/si0.twimg.com\/profile_images\/53118521\/ObamaFunFace_normal.jpg","name":"Obama Palooza","geo_enabled":false,"favourites_count":0,"profile_background_color":"9ae4e8","default_profile_image":false,"notifications":null,"profile_background_tile":true,"utc_offset":-21600,"description":"All Obama - All the time!","statuses_count":17015,"following":null,"verified":false,"profile_sidebar_fill_color":"d8e3fe","followers_count":3231,"profile_image_url":"http:\/\/a3.twimg.com\/profile_images\/53118521\/ObamaFunFace_normal.jpg","follow_request_sent":null,"profile_sidebar_border_color":"002DD0","location":"","is_translator":false,"contributors_enabled":false,"screen_name":"ObamaPalooza","profile_use_background_image":true,"url":null,"id_str":"14415091","show_all_inline_media":false,"profile_background_image_url_https":"https:\/\/si0.twimg.com\/profile_background_images\/3438544\/ObamaFunnyFace.jpeg","profile_text_color":"000000","id":14415091,"default_profile":false,"listed_count":65,"lang":"en","profile_background_image_url":"http:\/\/a3.twimg.com\/profile_background_images\/3438544\/ObamaFunnyFace.jpeg","friends_count":1},"contributors":null,"in_reply_to_status_id":null,"source":"<a href=\"http:\/\/dlvr.it\" rel=\"nofollow\">dlvr.it<\/a>","id_str":"129982290695692288","geo":null,"favorited":false,"id":129982290695692288,"coordinates":null,"in_reply_to_user_id":null,"truncated":false,"text":"American Medical Group Association Throws Support Behind New Obama Medicare Plan http:\/\/t.co\/40pOBVEu #Obama","name":"ObamaPalooza","boldText":"American <B>Medical<\/B> Group Association Throws Support Behind New Obama <B><B>Medicare<\/B><\/B> Plan http:\/\/t.co\/40pOBVEu #Obama"},{"possibly_sensitive":false,"place":null,"retweet_count":"100+","in_reply_to_screen_name":null,"created_at":"Wed Oct 19 02:04:22 +0000 2011","retweeted":false,"in_reply_to_status_id_str":null,"in_reply_to_user_id_str":null,"user":{"time_zone":"Eastern Time (US & Canada)","profile_link_color":"2574ad","protected":false,"created_at":"Mon Mar 05 22:08:25 +0000 2007","profile_image_url_https":"https:\/\/si0.twimg.com\/profile_images\/1400727240\/o2012_twitter_normal.jpg","name":"Barack Obama","geo_enabled":false,"favourites_count":0,"profile_background_color":"77b0dc","default_profile_image":false,"notifications":false,"profile_background_tile":false,"utc_offset":-18000,"description":"This account is run by #Obama2012 campaign staff. Tweets from the President are signed -BO.\r\n","default_profile":false,"statuses_count":2119,"following":true,"verified":true,"profile_sidebar_fill_color":"c2e0f6","followers_count":10933257,"profile_image_url":"http:\/\/a1.twimg.com\/profile_images\/1400727240\/o2012_twitter_normal.jpg","follow_request_sent":false,"profile_sidebar_border_color":"c2e0f6","location":"Washington, DC","is_translator":false,"contributors_enabled":true,"screen_name":"BarackObama","profile_use_background_image":true,"url":"http:\/\/www.barackobama.com","id_str":"813286","show_all_inline_media":false,"profile_background_image_url_https":"https:\/\/si0.twimg.com\/profile_background_images\/272273809\/2012background_less.jpg","profile_text_color":"333333","id":813286,"listed_count":158350,"lang":"en","profile_background_image_url":"http:\/\/a2.twimg.com\/profile_background_images\/272273809\/2012background_less.jpg","friends_count":687237},"contributors":null,"in_reply_to_status_id":null,"source":"web","id_str":"126478765013483520","geo":null,"favorited":false,"id":126478765013483520,"coordinates":null,"in_reply_to_user_id":null,"truncated":false,"text":"\"Obamacare,\" \"fence,\" and \u201crepeal\u201d were the top words of tonight's debate\u2014but #Obama2012 was the real winner. http:\/\/t.co\/fWoGVwfR","name":"BarackObama","boldText":"\"<B>Obamacare<\/B>,\" \"fence,\" and \u201crepeal\u201d were the top words of tonight's debate\u2014but #Obama2012 was the real winner. http:\/\/t.co\/fWoGVwfR"},{"possibly_sensitive":false,"place":null,"retweet_count":"100+","in_reply_to_screen_name":null,"created_at":"Wed Oct 19 01:46:09 +0000 2011","retweeted":false,"in_reply_to_status_id_str":null,"in_reply_to_user_id_str":null,"user":{"time_zone":"Eastern Time (US & Canada)","profile_link_color":"2574ad","protected":false,"created_at":"Mon Mar 05 22:08:25 +0000 2007","profile_image_url_https":"https:\/\/si0.twimg.com\/profile_images\/1400727240\/o2012_twitter_normal.jpg","name":"Barack Obama","geo_enabled":false,"favourites_count":0,"profile_background_color":"77b0dc","default_profile_image":false,"notifications":false,"profile_background_tile":false,"utc_offset":-18000,"description":"This account is run by #Obama2012 campaign staff. Tweets from the President are signed -BO.\r\n","statuses_count":2119,"following":true,"verified":true,"profile_sidebar_fill_color":"c2e0f6","followers_count":10933268,"profile_image_url":"http:\/\/a1.twimg.com\/profile_images\/1400727240\/o2012_twitter_normal.jpg","follow_request_sent":false,"profile_sidebar_border_color":"c2e0f6","location":"Washington, DC","is_translator":false,"contributors_enabled":true,"screen_name":"BarackObama","profile_use_background_image":true,"url":"http:\/\/www.barackobama.com","id_str":"813286","default_profile":false,"show_all_inline_media":false,"profile_background_image_url_https":"https:\/\/si0.twimg.com\/profile_background_images\/272273809\/2012background_less.jpg","profile_text_color":"333333","id":813286,"listed_count":158350,"lang":"en","profile_background_image_url":"http:\/\/a2.twimg.com\/profile_background_images\/272273809\/2012background_less.jpg","friends_count":687237},"contributors":null,"in_reply_to_status_id":null,"source":"web","id_str":"126474183868825600","geo":null,"favorited":false,"id":126474183868825600,"coordinates":null,"in_reply_to_user_id":null,"truncated":false,"text":"With less than 20 minutes left, \u201cObamacare\u201d is still on top. http:\/\/t.co\/37nJq1lL #debatewatch","name":"BarackObama","boldText":"With less than 20 minutes left, \u201c<B>Obamacare<\/B>\u201d is still on top. http:\/\/t.co\/37nJq1lL #debatewatch"},{"possibly_sensitive":false,"place":null,"retweet_count":"100+","in_reply_to_screen_name":null,"created_at":"Wed Oct 19 01:17:13 +0000 2011","retweeted":false,"in_reply_to_status_id_str":null,"in_reply_to_user_id_str":null,"user":{"time_zone":"Eastern Time (US & Canada)","profile_link_color":"2574ad","protected":false,"created_at":"Mon Mar 05 22:08:25 +0000 2007","profile_image_url_https":"https:\/\/si0.twimg.com\/profile_images\/1400727240\/o2012_twitter_normal.jpg","name":"Barack Obama","geo_enabled":false,"favourites_count":0,"profile_background_color":"77b0dc","default_profile_image":false,"notifications":null,"profile_background_tile":false,"utc_offset":-18000,"description":"This account is run by #Obama2012 campaign staff. Tweets from the President are signed -BO.\r\n","default_profile":false,"statuses_count":2119,"following":null,"verified":true,"profile_sidebar_fill_color":"c2e0f6","followers_count":10933658,"profile_image_url":"http:\/\/a1.twimg.com\/profile_images\/1400727240\/o2012_twitter_normal.jpg","follow_request_sent":null,"profile_sidebar_border_color":"c2e0f6","location":"Washington, DC","is_translator":false,"contributors_enabled":true,"screen_name":"BarackObama","profile_use_background_image":true,"url":"http:\/\/www.barackobama.com","id_str":"813286","show_all_inline_media":false,"profile_background_image_url_https":"https:\/\/si0.twimg.com\/profile_background_images\/272273809\/2012background_less.jpg","profile_text_color":"333333","id":813286,"listed_count":158346,"lang":"en","profile_background_image_url":"http:\/\/a2.twimg.com\/profile_background_images\/272273809\/2012background_less.jpg","friends_count":687233},"contributors":null,"in_reply_to_status_id":null,"source":"web","id_str":"126466902687092736","geo":null,"favorited":false,"id":126466902687092736,"coordinates":null,"in_reply_to_user_id":null,"truncated":false,"text":"At the second break, \"Obamacare\" is still in the lead -- but \"fence\" is catching up. Check it out: http:\/\/t.co\/UGkZ4D0a #debatewatch","name":"BarackObama","boldText":"At the second break, \"<B>Obamacare<\/B>\" is still in the lead -- but \"fence\" is catching up. Check it out: http:\/\/t.co\/UGkZ4D0a #debatewatch"},{"id_str":"126457908325130240","place":null,"favorited":false,"in_reply_to_user_id":null,"truncated":false,"created_at":"Wed Oct 19 00:41:29 +0000 2011","retweet_count":"100+","in_reply_to_screen_name":null,"retweeted":false,"in_reply_to_status_id_str":null,"user":{"id_str":"813286","show_all_inline_media":false,"profile_background_image_url_https":"https:\/\/si0.twimg.com\/profile_background_images\/272273809\/2012background_less.jpg","profile_text_color":"333333","protected":false,"listed_count":158346,"profile_background_image_url":"http:\/\/a2.twimg.com\/profile_background_images\/272273809\/2012background_less.jpg","created_at":"Mon Mar 05 22:08:25 +0000 2007","friends_count":687234,"name":"Barack Obama","time_zone":"Eastern Time (US & Canada)","profile_link_color":"2574ad","notifications":false,"utc_offset":-18000,"profile_image_url_https":"https:\/\/si0.twimg.com\/profile_images\/1400727240\/o2012_twitter_normal.jpg","description":"This account is run by #Obama2012 campaign staff. Tweets from the President are signed -BO.\r\n","default_profile":false,"following":true,"geo_enabled":false,"favourites_count":0,"profile_background_color":"77b0dc","default_profile_image":false,"profile_background_tile":false,"statuses_count":2119,"verified":true,"profile_sidebar_fill_color":"c2e0f6","followers_count":10933621,"profile_image_url":"http:\/\/a1.twimg.com\/profile_images\/1400727240\/o2012_twitter_normal.jpg","location":"Washington, DC","screen_name":"BarackObama","follow_request_sent":false,"profile_sidebar_border_color":"c2e0f6","url":"http:\/\/www.barackobama.com","is_translator":false,"contributors_enabled":true,"id":813286,"lang":"en","profile_use_background_image":true},"in_reply_to_user_id_str":null,"contributors":null,"source":"web","geo":null,"id":126457908325130240,"coordinates":null,"in_reply_to_status_id":null,"text":"At the first commercial break, \"Obamacare\" is in the lead with \"repeal\" close behind. Did you pick either of those? #debatewatch","name":"BarackObama","boldText":"At the first commercial break, \"<B>Obamacare<\/B>\" is in the lead with \"repeal\" close behind. Did you pick either of those? #debatewatch"},{"possibly_sensitive":false,"place":null,"retweet_count":62,"in_reply_to_screen_name":null,"created_at":"Wed Oct 19 00:41:18 +0000 2011","retweeted":false,"in_reply_to_status_id_str":null,"in_reply_to_user_id_str":null,"user":{"time_zone":"Eastern Time (US & Canada)","profile_link_color":"016fd0","protected":false,"created_at":"Sun Apr 13 20:23:13 +0000 2008","profile_image_url_https":"https:\/\/si0.twimg.com\/profile_images\/1169754210\/democrats-twitter-icon_normal.png","name":"The Democrats","geo_enabled":false,"favourites_count":3,"profile_background_color":"00aef3","default_profile_image":false,"notifications":null,"profile_background_tile":false,"utc_offset":-18000,"description":"This is the official Twitter account of the Democratic Party.  Follow our tweets to get the latest info on Democratic news, issues, and events.","statuses_count":4412,"following":null,"verified":true,"profile_sidebar_fill_color":"eff0f1","followers_count":54990,"profile_image_url":"http:\/\/a3.twimg.com\/profile_images\/1169754210\/democrats-twitter-icon_normal.png","follow_request_sent":null,"profile_sidebar_border_color":"a6a6a6","location":"Washington, DC","is_translator":false,"contributors_enabled":true,"screen_name":"TheDemocrats","profile_use_background_image":true,"url":"http:\/\/www.democrats.org\/","id_str":"14377605","default_profile":false,"show_all_inline_media":false,"profile_background_image_url_https":"https:\/\/si0.twimg.com\/profile_background_images\/172797255\/democrats-twitter-comp.jpg","profile_text_color":"333333","id":14377605,"listed_count":2934,"lang":"en","profile_background_image_url":"http:\/\/a1.twimg.com\/profile_background_images\/172797255\/democrats-twitter-comp.jpg","friends_count":1018},"contributors":null,"in_reply_to_status_id":null,"source":"<a href=\"http:\/\/www.hootsuite.com\" rel=\"nofollow\">HootSuite<\/a>","id_str":"126457862338789378","geo":null,"favorited":false,"id":126457862338789378,"coordinates":null,"in_reply_to_user_id":null,"truncated":false,"text":"FACT: Approx. 1 million more young adults have insurance because of health reform. http:\/\/t.co\/ez5xLksx #CNNdebate","name":"TheDemocrats","boldText":"FACT: Approx. 1 million more young adults have <B>insurance<\/B> because of health reform. http:\/\/t.co\/ez5xLksx #CNNdebate"},{"possibly_sensitive":false,"place":null,"retweet_count":42,"in_reply_to_screen_name":null,"created_at":"Wed Oct 19 00:40:52 +0000 2011","retweeted":false,"in_reply_to_status_id_str":null,"in_reply_to_user_id_str":null,"user":{"time_zone":"Eastern Time (US & Canada)","profile_link_color":"016fd0","protected":false,"created_at":"Sun Apr 13 20:23:13 +0000 2008","profile_image_url_https":"https:\/\/si0.twimg.com\/profile_images\/1169754210\/democrats-twitter-icon_normal.png","name":"The Democrats","geo_enabled":false,"favourites_count":3,"profile_background_color":"00aef3","default_profile_image":false,"notifications":null,"profile_background_tile":false,"utc_offset":-18000,"description":"This is the official Twitter account of the Democratic Party.  Follow our tweets to get the latest info on Democratic news, issues, and events.","statuses_count":4412,"following":null,"verified":true,"profile_sidebar_fill_color":"eff0f1","followers_count":54990,"profile_image_url":"http:\/\/a3.twimg.com\/profile_images\/1169754210\/democrats-twitter-icon_normal.png","follow_request_sent":null,"profile_sidebar_border_color":"a6a6a6","location":"Washington, DC","is_translator":false,"contributors_enabled":true,"screen_name":"TheDemocrats","profile_use_background_image":true,"url":"http:\/\/www.democrats.org\/","id_str":"14377605","default_profile":false,"show_all_inline_media":false,"profile_background_image_url_https":"https:\/\/si0.twimg.com\/profile_background_images\/172797255\/democrats-twitter-comp.jpg","profile_text_color":"333333","id":14377605,"listed_count":2934,"lang":"en","profile_background_image_url":"http:\/\/a1.twimg.com\/profile_background_images\/172797255\/democrats-twitter-comp.jpg","friends_count":1018},"contributors":null,"in_reply_to_status_id":null,"source":"<a href=\"http:\/\/www.hootsuite.com\" rel=\"nofollow\">HootSuite<\/a>","id_str":"126457751785308160","geo":null,"favorited":false,"id":126457751785308160,"coordinates":null,"in_reply_to_user_id":null,"truncated":false,"text":"FACT: Because of #HCR, 102 million Americans will no longer have lifetime limit on insurance policies. http:\/\/t.co\/DCSoadeX #CNNdebate","name":"TheDemocrats","boldText":"FACT: Because of #HCR, 102 million Americans will no longer have lifetime limit on <B>insurance<\/B> policies. http:\/\/t.co\/DCSoadeX #CNNdebate"},{"possibly_sensitive":false,"place":null,"retweet_count":52,"in_reply_to_screen_name":null,"created_at":"Wed Oct 12 01:29:25 +0000 2011","retweeted":false,"in_reply_to_status_id_str":null,"in_reply_to_user_id_str":null,"user":{"time_zone":"Eastern Time (US & Canada)","profile_link_color":"016fd0","protected":false,"created_at":"Sun Apr 13 20:23:13 +0000 2008","profile_image_url_https":"https:\/\/si0.twimg.com\/profile_images\/1169754210\/democrats-twitter-icon_normal.png","name":"The Democrats","geo_enabled":false,"favourites_count":3,"profile_background_color":"00aef3","default_profile_image":false,"notifications":null,"profile_background_tile":false,"utc_offset":-18000,"description":"This is the official Twitter account of the Democratic Party.  Follow our tweets to get the latest info on Democratic news, issues, and events.","statuses_count":4412,"following":null,"verified":true,"profile_sidebar_fill_color":"eff0f1","followers_count":54990,"profile_image_url":"http:\/\/a3.twimg.com\/profile_images\/1169754210\/democrats-twitter-icon_normal.png","follow_request_sent":null,"profile_sidebar_border_color":"a6a6a6","location":"Washington, DC","is_translator":false,"contributors_enabled":true,"screen_name":"TheDemocrats","profile_use_background_image":true,"url":"http:\/\/www.democrats.org\/","id_str":"14377605","default_profile":false,"show_all_inline_media":false,"profile_background_image_url_https":"https:\/\/si0.twimg.com\/profile_background_images\/172797255\/democrats-twitter-comp.jpg","profile_text_color":"333333","id":14377605,"listed_count":2934,"lang":"en","profile_background_image_url":"http:\/\/a1.twimg.com\/profile_background_images\/172797255\/democrats-twitter-comp.jpg","friends_count":1018},"contributors":null,"in_reply_to_status_id":null,"source":"<a href=\"http:\/\/www.hootsuite.com\" rel=\"nofollow\">HootSuite<\/a>","id_str":"123933256071659521","geo":null,"favorited":false,"id":123933256071659521,"coordinates":null,"in_reply_to_user_id":null,"truncated":false,"text":"FACT: Under Perry, health insurance premiums have soared by 105 percent. http:\/\/t.co\/WP3TZ0Tv #econdebate","name":"TheDemocrats","boldText":"FACT: Under Perry, health <B>insurance<\/B> premiums have soared by 105 percent. http:\/\/t.co\/WP3TZ0Tv #econdebate"},{"possibly_sensitive":false,"place":null,"retweet_count":32,"in_reply_to_screen_name":null,"created_at":"Wed Oct 12 01:18:43 +0000 2011","retweeted":false,"in_reply_to_status_id_str":null,"in_reply_to_user_id_str":null,"user":{"time_zone":"Eastern Time (US & Canada)","profile_link_color":"016fd0","protected":false,"created_at":"Sun Apr 13 20:23:13 +0000 2008","profile_image_url_https":"https:\/\/si0.twimg.com\/profile_images\/1169754210\/democrats-twitter-icon_normal.png","name":"The Democrats","geo_enabled":false,"favourites_count":3,"profile_background_color":"00aef3","default_profile_image":false,"notifications":null,"profile_background_tile":false,"utc_offset":-18000,"description":"This is the official Twitter account of the Democratic Party.  Follow our tweets to get the latest info on Democratic news, issues, and events.","statuses_count":4412,"following":null,"verified":true,"profile_sidebar_fill_color":"eff0f1","followers_count":54990,"profile_image_url":"http:\/\/a3.twimg.com\/profile_images\/1169754210\/democrats-twitter-icon_normal.png","follow_request_sent":null,"profile_sidebar_border_color":"a6a6a6","location":"Washington, DC","is_translator":false,"contributors_enabled":true,"screen_name":"TheDemocrats","profile_use_background_image":true,"url":"http:\/\/www.democrats.org\/","id_str":"14377605","default_profile":false,"show_all_inline_media":false,"profile_background_image_url_https":"https:\/\/si0.twimg.com\/profile_background_images\/172797255\/democrats-twitter-comp.jpg","profile_text_color":"333333","id":14377605,"listed_count":2934,"lang":"en","profile_background_image_url":"http:\/\/a1.twimg.com\/profile_background_images\/172797255\/democrats-twitter-comp.jpg","friends_count":1018},"contributors":null,"in_reply_to_status_id":null,"source":"<a href=\"http:\/\/www.hootsuite.com\" rel=\"nofollow\">HootSuite<\/a>","id_str":"123930564775514112","geo":null,"favorited":false,"id":123930564775514112,"coordinates":null,"in_reply_to_user_id":null,"truncated":false,"text":"FACT: The AARP CEO said the Affordable Care Act doesn\u2019t reduce any guaranteed Medicare benefits. http:\/\/t.co\/rouuY3ih #econdebate","name":"TheDemocrats","boldText":"FACT: The AARP CEO said the Affordable Care Act doesn\u2019t reduce any guaranteed <B>Medicare<\/B> <B>benefits<\/B>. http:\/\/t.co\/rouuY3ih #econdebate"},{"possibly_sensitive":false,"place":null,"retweet_count":35,"in_reply_to_screen_name":null,"created_at":"Wed Oct 12 00:21:17 +0000 2011","retweeted":false,"in_reply_to_status_id_str":null,"in_reply_to_user_id_str":null,"user":{"time_zone":"Eastern Time (US & Canada)","profile_link_color":"016fd0","protected":false,"created_at":"Sun Apr 13 20:23:13 +0000 2008","profile_image_url_https":"https:\/\/si0.twimg.com\/profile_images\/1169754210\/democrats-twitter-icon_normal.png","name":"The Democrats","geo_enabled":false,"favourites_count":3,"profile_background_color":"00aef3","default_profile_image":false,"notifications":null,"profile_background_tile":false,"utc_offset":-18000,"description":"This is the official Twitter account of the Democratic Party.  Follow our tweets to get the latest info on Democratic news, issues, and events.","statuses_count":4412,"following":null,"verified":true,"profile_sidebar_fill_color":"eff0f1","followers_count":54990,"profile_image_url":"http:\/\/a3.twimg.com\/profile_images\/1169754210\/democrats-twitter-icon_normal.png","follow_request_sent":null,"profile_sidebar_border_color":"a6a6a6","location":"Washington, DC","is_translator":false,"contributors_enabled":true,"screen_name":"TheDemocrats","profile_use_background_image":true,"url":"http:\/\/www.democrats.org\/","id_str":"14377605","default_profile":false,"show_all_inline_media":false,"profile_background_image_url_https":"https:\/\/si0.twimg.com\/profile_background_images\/172797255\/democrats-twitter-comp.jpg","profile_text_color":"333333","id":14377605,"listed_count":2934,"lang":"en","profile_background_image_url":"http:\/\/a1.twimg.com\/profile_background_images\/172797255\/democrats-twitter-comp.jpg","friends_count":1018},"contributors":null,"in_reply_to_status_id":null,"source":"<a href=\"http:\/\/www.hootsuite.com\" rel=\"nofollow\">HootSuite<\/a>","id_str":"123916108918038528","geo":null,"favorited":false,"id":123916108918038528,"coordinates":null,"in_reply_to_user_id":null,"truncated":false,"text":"http:\/\/t.co\/5NadsEVc debunks claims that seniors would suffer cuts to Medicare under Affordable Care Act. http:\/\/t.co\/0ju3bxLW #econdebate","name":"TheDemocrats","boldText":"http:\/\/t.co\/5NadsEVc debunks claims that seniors would suffer cuts to <B>Medicare<\/B> under Affordable Care Act. http:\/\/t.co\/0ju3bxLW #econdebate"},{"possibly_sensitive":false,"place":null,"retweet_count":18,"in_reply_to_screen_name":null,"created_at":"Wed Oct 12 00:18:28 +0000 2011","retweeted":false,"in_reply_to_status_id_str":null,"in_reply_to_user_id_str":null,"user":{"time_zone":"Eastern Time (US & Canada)","profile_link_color":"016fd0","protected":false,"created_at":"Sun Apr 13 20:23:13 +0000 2008","profile_image_url_https":"https:\/\/si0.twimg.com\/profile_images\/1169754210\/democrats-twitter-icon_normal.png","name":"The Democrats","default_profile":false,"geo_enabled":false,"favourites_count":3,"profile_background_color":"00aef3","default_profile_image":false,"notifications":null,"profile_background_tile":false,"utc_offset":-18000,"description":"This is the official Twitter account of the Democratic Party.  Follow our tweets to get the latest info on Democratic news, issues, and events.","statuses_count":4412,"following":null,"verified":true,"profile_sidebar_fill_color":"eff0f1","followers_count":54990,"profile_image_url":"http:\/\/a3.twimg.com\/profile_images\/1169754210\/democrats-twitter-icon_normal.png","follow_request_sent":null,"profile_sidebar_border_color":"a6a6a6","location":"Washington, DC","is_translator":false,"contributors_enabled":true,"screen_name":"TheDemocrats","profile_use_background_image":true,"url":"http:\/\/www.democrats.org\/","id_str":"14377605","show_all_inline_media":false,"profile_background_image_url_https":"https:\/\/si0.twimg.com\/profile_background_images\/172797255\/democrats-twitter-comp.jpg","profile_text_color":"333333","id":14377605,"listed_count":2934,"lang":"en","profile_background_image_url":"http:\/\/a1.twimg.com\/profile_background_images\/172797255\/democrats-twitter-comp.jpg","friends_count":1018},"contributors":null,"in_reply_to_status_id":null,"source":"<a href=\"http:\/\/www.hootsuite.com\" rel=\"nofollow\">HootSuite<\/a>","id_str":"123915399678017536","geo":null,"favorited":false,"id":123915399678017536,"coordinates":null,"in_reply_to_user_id":null,"truncated":false,"text":"FACT: Gingrich admits the GOP wants to end Medicare but says it'd be better to let it \"wither on the vine.\" http:\/\/t.co\/IToyJPkQ #econdebate","name":"TheDemocrats","boldText":"FACT: Gingrich admits the GOP wants to end <B>Medicare<\/B> but says it'd be better to let it \"wither on the vine.\" http:\/\/t.co\/IToyJPkQ #econdebate"},{"possibly_sensitive":false,"place":null,"retweet_count":3,"in_reply_to_screen_name":null,"created_at":"Tue Sep 27 16:16:53 +0000 2011","retweeted":false,"in_reply_to_status_id_str":null,"in_reply_to_user_id_str":null,"user":{"default_profile":false,"time_zone":"Mountain Time (US & Canada)","profile_link_color":"990000","protected":false,"created_at":"Sat Apr 04 02:35:24 +0000 2009","profile_image_url_https":"https:\/\/si0.twimg.com\/profile_images\/120922080\/Barack_Obama_normal.jpg","name":"Barack Obama","geo_enabled":false,"favourites_count":0,"profile_background_color":"03031b","default_profile_image":false,"notifications":null,"profile_background_tile":false,"utc_offset":-25200,"description":"44th President of the United States","statuses_count":1597,"following":null,"verified":false,"profile_sidebar_fill_color":"F3F3F3","followers_count":41089,"profile_image_url":"http:\/\/a2.twimg.com\/profile_images\/120922080\/Barack_Obama_normal.jpg","follow_request_sent":null,"profile_sidebar_border_color":"DFDFDF","location":"Washington DC","is_translator":false,"contributors_enabled":false,"screen_name":"BarackObamaUSA","profile_use_background_image":true,"url":"http:\/\/whitehouse.gov","id_str":"28720516","show_all_inline_media":true,"profile_background_image_url_https":"https:\/\/si0.twimg.com\/profile_background_images\/7449575\/0b0b21.png","profile_text_color":"333333","id":28720516,"listed_count":513,"lang":"en","profile_background_image_url":"http:\/\/a2.twimg.com\/profile_background_images\/7449575\/0b0b21.png","friends_count":743},"contributors":null,"in_reply_to_status_id":null,"source":"<a href=\"http:\/\/twitterfeed.com\" rel=\"nofollow\">twitterfeed<\/a>","id_str":"118720776366075904","geo":null,"favorited":false,"id":118720776366075904,"coordinates":null,"in_reply_to_user_id":null,"truncated":false,"text":"Health Insurance Premium Update: \n\tToday, we received two updates on health insurance premiums. The Kaiser Fa... http:\/\/t.co\/MMyh0mJu","name":"BarackObamaUSA","boldText":"Health <B>Insurance<\/B> Premium Update: \n\tToday, we received two updates on health <B>insurance<\/B> premiums. The Kaiser Fa... http:\/\/t.co\/MMyh0mJu"},{"possibly_sensitive":false,"place":null,"retweet_count":3,"in_reply_to_screen_name":null,"created_at":"Wed Sep 21 14:28:43 +0000 2011","retweeted":false,"in_reply_to_status_id_str":null,"in_reply_to_user_id_str":null,"user":{"default_profile":false,"time_zone":"Mountain Time (US & Canada)","profile_link_color":"990000","protected":false,"created_at":"Sat Apr 04 02:35:24 +0000 2009","profile_image_url_https":"https:\/\/si0.twimg.com\/profile_images\/120922080\/Barack_Obama_normal.jpg","name":"Barack Obama","geo_enabled":false,"favourites_count":0,"profile_background_color":"03031b","default_profile_image":false,"notifications":null,"profile_background_tile":false,"utc_offset":-25200,"description":"44th President of the United States","statuses_count":1597,"following":null,"verified":false,"profile_sidebar_fill_color":"F3F3F3","followers_count":41089,"profile_image_url":"http:\/\/a2.twimg.com\/profile_images\/120922080\/Barack_Obama_normal.jpg","follow_request_sent":null,"profile_sidebar_border_color":"DFDFDF","location":"Washington DC","is_translator":false,"contributors_enabled":false,"screen_name":"BarackObamaUSA","profile_use_background_image":true,"url":"http:\/\/whitehouse.gov","id_str":"28720516","show_all_inline_media":true,"profile_background_image_url_https":"https:\/\/si0.twimg.com\/profile_background_images\/7449575\/0b0b21.png","profile_text_color":"333333","id":28720516,"listed_count":513,"lang":"en","profile_background_image_url":"http:\/\/a2.twimg.com\/profile_background_images\/7449575\/0b0b21.png","friends_count":743},"contributors":null,"in_reply_to_status_id":null,"source":"<a href=\"http:\/\/twitterfeed.com\" rel=\"nofollow\">twitterfeed<\/a>","id_str":"116519227749449728","geo":null,"favorited":false,"id":116519227749449728,"coordinates":null,"in_reply_to_user_id":null,"truncated":false,"text":"New Report Shows \"Significant\" Drop in Uninsured Young People, Thanks to Affordable Care Act: \n\tA new poll fi... http:\/\/t.co\/BtWoCUTE","name":"BarackObamaUSA","boldText":"New Report Shows \"Significant\" Drop in Un<B>insured<\/B> Young People, Thanks to Affordable Care Act: \n\tA new poll fi... http:\/\/t.co\/BtWoCUTE"},{"possibly_sensitive":false,"place":null,"retweet_count":3,"in_reply_to_screen_name":null,"created_at":"Tue Sep 13 15:11:12 +0000 2011","retweeted":false,"in_reply_to_status_id_str":null,"in_reply_to_user_id_str":null,"user":{"default_profile":false,"time_zone":"Mountain Time (US & Canada)","profile_link_color":"990000","protected":false,"created_at":"Sat Apr 04 02:35:24 +0000 2009","profile_image_url_https":"https:\/\/si0.twimg.com\/profile_images\/120922080\/Barack_Obama_normal.jpg","name":"Barack Obama","geo_enabled":false,"favourites_count":0,"profile_background_color":"03031b","default_profile_image":false,"notifications":null,"profile_background_tile":false,"utc_offset":-25200,"description":"44th President of the United States","statuses_count":1597,"following":null,"verified":false,"profile_sidebar_fill_color":"F3F3F3","followers_count":41089,"profile_image_url":"http:\/\/a2.twimg.com\/profile_images\/120922080\/Barack_Obama_normal.jpg","follow_request_sent":null,"profile_sidebar_border_color":"DFDFDF","location":"Washington DC","is_translator":false,"contributors_enabled":false,"screen_name":"BarackObamaUSA","profile_use_background_image":true,"url":"http:\/\/whitehouse.gov","id_str":"28720516","show_all_inline_media":true,"profile_background_image_url_https":"https:\/\/si0.twimg.com\/profile_background_images\/7449575\/0b0b21.png","profile_text_color":"333333","id":28720516,"listed_count":513,"lang":"en","profile_background_image_url":"http:\/\/a2.twimg.com\/profile_background_images\/7449575\/0b0b21.png","friends_count":743},"contributors":null,"in_reply_to_status_id":null,"source":"<a href=\"http:\/\/twitterfeed.com\" rel=\"nofollow\">twitterfeed<\/a>","id_str":"113630818282373121","geo":null,"favorited":false,"id":113630818282373121,"coordinates":null,"in_reply_to_user_id":null,"truncated":false,"text":"Affordable Care Act in Action: Fewer Uninsured Young Adults in America: \n\tEd note: This post has been cross-p... http:\/\/t.co\/7ZfQ8yc","name":"BarackObamaUSA","boldText":"Affordable Care Act in Action: Fewer Un<B>insured<\/B> Young Adults in America: \n\tEd note: This post has been cross-p... http:\/\/t.co\/7ZfQ8yc"}]