[{"possibly_sensitive":false,"place":null,"retweet_count":32,"in_reply_to_screen_name":null,"created_at":"Wed Oct 12 01:18:43 +0000 2011","retweeted":false,"in_reply_to_status_id_str":null,"in_reply_to_user_id_str":null,"user":{"time_zone":"Eastern Time (US & Canada)","profile_link_color":"016fd0","protected":false,"created_at":"Sun Apr 13 20:23:13 +0000 2008","profile_image_url_https":"https:\/\/si0.twimg.com\/profile_images\/1169754210\/democrats-twitter-icon_normal.png","name":"The Democrats","geo_enabled":false,"favourites_count":3,"profile_background_color":"00aef3","default_profile_image":false,"notifications":null,"profile_background_tile":false,"utc_offset":-18000,"description":"This is the official Twitter account of the Democratic Party.  Follow our tweets to get the latest info on Democratic news, issues, and events.","statuses_count":4412,"following":null,"verified":true,"profile_sidebar_fill_color":"eff0f1","followers_count":54990,"profile_image_url":"http:\/\/a3.twimg.com\/profile_images\/1169754210\/democrats-twitter-icon_normal.png","follow_request_sent":null,"profile_sidebar_border_color":"a6a6a6","location":"Washington, DC","is_translator":false,"contributors_enabled":true,"screen_name":"TheDemocrats","profile_use_background_image":true,"url":"http:\/\/www.democrats.org\/","id_str":"14377605","default_profile":false,"show_all_inline_media":false,"profile_background_image_url_https":"https:\/\/si0.twimg.com\/profile_background_images\/172797255\/democrats-twitter-comp.jpg","profile_text_color":"333333","id":14377605,"listed_count":2934,"lang":"en","profile_background_image_url":"http:\/\/a1.twimg.com\/profile_background_images\/172797255\/democrats-twitter-comp.jpg","friends_count":1018},"contributors":null,"in_reply_to_status_id":null,"source":"<a href=\"http:\/\/www.hootsuite.com\" rel=\"nofollow\">HootSuite<\/a>","id_str":"123930564775514112","geo":null,"favorited":false,"id":123930564775514112,"coordinates":null,"in_reply_to_user_id":null,"truncated":false,"text":"FACT: The AARP CEO said the Affordable Care Act doesn\u2019t reduce any guaranteed Medicare benefits. http:\/\/t.co\/rouuY3ih #econdebate","name":"TheDemocrats","boldText":"FACT: The AARP CEO said the Affordable Care Act doesn\u2019t reduce any guaranteed Medicare <B>benefits<\/B>. http:\/\/t.co\/rouuY3ih #econdebate"},{"possibly_sensitive":false,"place":null,"retweet_count":"100+","in_reply_to_screen_name":null,"created_at":"Thu Oct 06 23:41:33 +0000 2011","retweeted":false,"in_reply_to_status_id_str":null,"in_reply_to_user_id_str":null,"user":{"time_zone":"Eastern Time (US & Canada)","profile_link_color":"2574ad","protected":false,"created_at":"Mon Mar 05 22:08:25 +0000 2007","profile_image_url_https":"https:\/\/si0.twimg.com\/profile_images\/1400727240\/o2012_twitter_normal.jpg","name":"Barack Obama","geo_enabled":false,"favourites_count":0,"profile_background_color":"77b0dc","default_profile_image":false,"notifications":false,"profile_background_tile":false,"utc_offset":-18000,"description":"This account is run by #Obama2012 campaign staff. Tweets from the President are signed -BO.\r\n","statuses_count":2119,"following":true,"verified":true,"profile_sidebar_fill_color":"c2e0f6","followers_count":10933769,"profile_image_url":"http:\/\/a1.twimg.com\/profile_images\/1400727240\/o2012_twitter_normal.jpg","default_profile":false,"follow_request_sent":false,"profile_sidebar_border_color":"c2e0f6","location":"Washington, DC","is_translator":false,"contributors_enabled":true,"screen_name":"BarackObama","profile_use_background_image":true,"url":"http:\/\/www.barackobama.com","id_str":"813286","show_all_inline_media":false,"profile_background_image_url_https":"https:\/\/si0.twimg.com\/profile_background_images\/272273809\/2012background_less.jpg","profile_text_color":"333333","id":813286,"listed_count":158348,"lang":"en","profile_background_image_url":"http:\/\/a2.twimg.com\/profile_background_images\/272273809\/2012background_less.jpg","friends_count":687233},"contributors":null,"in_reply_to_status_id":null,"source":"web","id_str":"122094173225615360","geo":null,"favorited":false,"id":122094173225615360,"coordinates":null,"in_reply_to_user_id":null,"truncated":false,"text":"Photo of the day: Captain Mark Kelly hugs his wife, Congresswoman Gabrielle Giffords, at his retirement ceremony. http:\/\/t.co\/gc57VId8","name":"BarackObama","boldText":"Photo of the day: Captain Mark Kelly hugs his wife, Congresswoman Gabrielle Giffords, at his <B>retirement<\/B> ceremony. http:\/\/t.co\/gc57VId8"}]