[{"possibly_sensitive":false,"place":null,"retweet_count":0,"in_reply_to_screen_name":null,"created_at":"Wed Nov 02 21:15:04 +0000 2011","retweeted":false,"in_reply_to_status_id_str":null,"in_reply_to_user_id_str":null,"user":{"time_zone":"Central Time (US & Canada)","profile_link_color":"10338C","protected":false,"created_at":"Thu Apr 17 01:17:18 +0000 2008","profile_image_url_https":"https:\/\/si0.twimg.com\/profile_images\/53118521\/ObamaFunFace_normal.jpg","name":"Obama Palooza","geo_enabled":false,"favourites_count":0,"profile_background_color":"9ae4e8","default_profile_image":false,"notifications":null,"profile_background_tile":true,"utc_offset":-21600,"description":"All Obama - All the time!","statuses_count":17015,"following":null,"verified":false,"profile_sidebar_fill_color":"d8e3fe","followers_count":3231,"profile_image_url":"http:\/\/a3.twimg.com\/profile_images\/53118521\/ObamaFunFace_normal.jpg","default_profile":false,"follow_request_sent":null,"profile_sidebar_border_color":"002DD0","location":"","is_translator":false,"contributors_enabled":false,"screen_name":"ObamaPalooza","profile_use_background_image":true,"url":null,"id_str":"14415091","show_all_inline_media":false,"profile_background_image_url_https":"https:\/\/si0.twimg.com\/profile_background_images\/3438544\/ObamaFunnyFace.jpeg","profile_text_color":"000000","id":14415091,"listed_count":65,"lang":"en","profile_background_image_url":"http:\/\/a3.twimg.com\/profile_background_images\/3438544\/ObamaFunnyFace.jpeg","friends_count":1},"contributors":null,"in_reply_to_status_id":null,"source":"<a href=\"http:\/\/dlvr.it\" rel=\"nofollow\">dlvr.it<\/a>","id_str":"131841780281901057","geo":null,"favorited":false,"id":131841780281901057,"coordinates":null,"in_reply_to_user_id":null,"truncated":false,"text":"Barack Obama's Top Wall Street Fundraiser Corzine Under Investigation http:\/\/t.co\/rXN86737 #Obama","name":"ObamaPalooza","boldText":"Barack Obama's Top <B>Wall Street<\/B> Fundraiser Corzine Under Investigation http:\/\/t.co\/rXN86737 #Obama"},{"possibly_sensitive":false,"place":null,"retweet_count":7,"in_reply_to_screen_name":null,"created_at":"Wed Nov 02 01:09:49 +0000 2011","retweeted":false,"in_reply_to_status_id_str":null,"in_reply_to_user_id_str":null,"user":{"time_zone":"Mountain Time (US & Canada)","profile_link_color":"990000","protected":false,"created_at":"Sat Apr 04 02:35:24 +0000 2009","profile_image_url_https":"https:\/\/si0.twimg.com\/profile_images\/120922080\/Barack_Obama_normal.jpg","name":"Barack Obama","geo_enabled":false,"favourites_count":0,"profile_background_color":"03031b","default_profile_image":false,"notifications":null,"profile_background_tile":false,"utc_offset":-25200,"description":"44th President of the United States","statuses_count":1597,"following":null,"verified":false,"profile_sidebar_fill_color":"F3F3F3","followers_count":41090,"profile_image_url":"http:\/\/a2.twimg.com\/profile_images\/120922080\/Barack_Obama_normal.jpg","follow_request_sent":null,"profile_sidebar_border_color":"DFDFDF","location":"Washington DC","is_translator":false,"contributors_enabled":false,"screen_name":"BarackObamaUSA","profile_use_background_image":true,"url":"http:\/\/whitehouse.gov","id_str":"28720516","show_all_inline_media":true,"profile_background_image_url_https":"https:\/\/si0.twimg.com\/profile_background_images\/7449575\/0b0b21.png","profile_text_color":"333333","id":28720516,"default_profile":false,"listed_count":513,"lang":"en","profile_background_image_url":"http:\/\/a2.twimg.com\/profile_background_images\/7449575\/0b0b21.png","friends_count":743},"contributors":null,"in_reply_to_status_id":null,"source":"<a href=\"http:\/\/twitterfeed.com\" rel=\"nofollow\">twitterfeed<\/a>","id_str":"131538467699171328","geo":null,"favorited":false,"id":131538467699171328,"coordinates":null,"in_reply_to_user_id":null,"truncated":false,"text":"GreenGov Presidential Award Winners of 2011: \n\tIn 2009, President Obama challenged the Federal Government\u00a0to lea... http:\/\/t.co\/q0DnZlig","name":"BarackObamaUSA","boldText":"GreenGov Presidential Award Winners of 2011: \n\tIn 2009, President Obama challenged the <B>Fed<\/B>eral Government\u00a0to lea... http:\/\/t.co\/q0DnZlig"},{"possibly_sensitive":false,"place":null,"retweet_count":19,"in_reply_to_screen_name":null,"created_at":"Tue Nov 01 20:08:02 +0000 2011","retweeted":false,"in_reply_to_status_id_str":null,"in_reply_to_user_id_str":null,"user":{"time_zone":"Eastern Time (US & Canada)","profile_link_color":"016fd0","protected":false,"created_at":"Sun Apr 13 20:23:13 +0000 2008","profile_image_url_https":"https:\/\/si0.twimg.com\/profile_images\/1169754210\/democrats-twitter-icon_normal.png","name":"The Democrats","geo_enabled":false,"favourites_count":3,"profile_background_color":"00aef3","default_profile_image":false,"notifications":null,"profile_background_tile":false,"utc_offset":-18000,"description":"This is the official Twitter account of the Democratic Party.  Follow our tweets to get the latest info on Democratic news, issues, and events.","statuses_count":4412,"following":null,"verified":true,"profile_sidebar_fill_color":"eff0f1","followers_count":54990,"profile_image_url":"http:\/\/a3.twimg.com\/profile_images\/1169754210\/democrats-twitter-icon_normal.png","default_profile":false,"follow_request_sent":null,"profile_sidebar_border_color":"a6a6a6","location":"Washington, DC","is_translator":false,"contributors_enabled":true,"screen_name":"TheDemocrats","profile_use_background_image":true,"url":"http:\/\/www.democrats.org\/","id_str":"14377605","show_all_inline_media":false,"profile_background_image_url_https":"https:\/\/si0.twimg.com\/profile_background_images\/172797255\/democrats-twitter-comp.jpg","profile_text_color":"333333","id":14377605,"listed_count":2934,"lang":"en","profile_background_image_url":"http:\/\/a1.twimg.com\/profile_background_images\/172797255\/democrats-twitter-comp.jpg","friends_count":1018},"contributors":null,"in_reply_to_status_id":null,"source":"<a href=\"http:\/\/www.hootsuite.com\" rel=\"nofollow\">HootSuite<\/a>","id_str":"131462522380365826","geo":null,"favorited":false,"id":131462522380365826,"coordinates":null,"in_reply_to_user_id":null,"truncated":false,"text":"\"The Wall Street 1% are raking in the cash for Mitt Romney\" (via @businessinsider): http:\/\/t.co\/RwgvCACR","name":"TheDemocrats","boldText":"\"The <B>Wall Street<\/B> 1% are raking in the cash for Mitt Romney\" (via @businessinsider): http:\/\/t.co\/RwgvCACR"},{"possibly_sensitive":false,"place":null,"retweet_count":1,"in_reply_to_screen_name":null,"created_at":"Mon Oct 31 18:57:10 +0000 2011","retweeted":false,"in_reply_to_status_id_str":null,"in_reply_to_user_id_str":null,"user":{"time_zone":"Mountain Time (US & Canada)","profile_link_color":"990000","protected":false,"created_at":"Sat Apr 04 02:35:24 +0000 2009","profile_image_url_https":"https:\/\/si0.twimg.com\/profile_images\/120922080\/Barack_Obama_normal.jpg","name":"Barack Obama","geo_enabled":false,"favourites_count":0,"profile_background_color":"03031b","default_profile_image":false,"notifications":false,"profile_background_tile":false,"utc_offset":-25200,"description":"44th President of the United States","statuses_count":1597,"following":true,"verified":false,"profile_sidebar_fill_color":"F3F3F3","followers_count":41088,"profile_image_url":"http:\/\/a2.twimg.com\/profile_images\/120922080\/Barack_Obama_normal.jpg","default_profile":false,"follow_request_sent":false,"profile_sidebar_border_color":"DFDFDF","location":"Washington DC","is_translator":false,"contributors_enabled":false,"screen_name":"BarackObamaUSA","profile_use_background_image":true,"url":"http:\/\/whitehouse.gov","id_str":"28720516","show_all_inline_media":true,"profile_background_image_url_https":"https:\/\/si0.twimg.com\/profile_background_images\/7449575\/0b0b21.png","profile_text_color":"333333","id":28720516,"listed_count":513,"lang":"en","profile_background_image_url":"http:\/\/a2.twimg.com\/profile_background_images\/7449575\/0b0b21.png","friends_count":743},"contributors":null,"in_reply_to_status_id":null,"source":"<a href=\"http:\/\/twitterfeed.com\" rel=\"nofollow\">twitterfeed<\/a>","id_str":"131082301349175296","geo":null,"favorited":false,"id":131082301349175296,"coordinates":null,"in_reply_to_user_id":null,"truncated":false,"text":"Watch Live: GreenGov 2011 Panel with Mother Nature Network: \n\tIn 2009, President Obama challenged the Federal Go... http:\/\/t.co\/DXMFbnGd","name":"BarackObamaUSA","boldText":"Watch Live: GreenGov 2011 Panel with Mother Nature Network: \n\tIn 2009, President Obama challenged the <B>Fed<\/B>eral Go... http:\/\/t.co\/DXMFbnGd"},{"possibly_sensitive":false,"place":null,"retweet_count":5,"in_reply_to_screen_name":null,"created_at":"Fri Oct 28 20:49:06 +0000 2011","retweeted":false,"in_reply_to_status_id_str":null,"in_reply_to_user_id_str":null,"user":{"default_profile":false,"time_zone":"Eastern Time (US & Canada)","profile_link_color":"2575AD","protected":false,"created_at":"Sat Mar 08 09:37:29 +0000 2008","profile_image_url_https":"https:\/\/si0.twimg.com\/profile_images\/435642791\/Barack-Obama_normal.jpg","name":"Barack Obama News","geo_enabled":false,"favourites_count":0,"profile_background_color":"02245D","default_profile_image":false,"notifications":null,"profile_background_tile":false,"utc_offset":-18000,"description":"News about Barack Obama - UNOFFICIAL TWITTER","statuses_count":23787,"following":null,"verified":false,"profile_sidebar_fill_color":"E6E6E6","followers_count":249612,"profile_image_url":"http:\/\/a0.twimg.com\/profile_images\/435642791\/Barack-Obama_normal.jpg","follow_request_sent":null,"profile_sidebar_border_color":"C8C8C8","location":"Washington DC","is_translator":false,"contributors_enabled":false,"screen_name":"ObamaNews","profile_use_background_image":false,"url":"http:\/\/barackobama.govne.ws","id_str":"14099695","show_all_inline_media":false,"profile_background_image_url_https":"https:\/\/si0.twimg.com\/profile_background_images\/12276350\/twitter_bg.gif","profile_text_color":"000000","id":14099695,"listed_count":4612,"lang":"en","profile_background_image_url":"http:\/\/a3.twimg.com\/profile_background_images\/12276350\/twitter_bg.gif","friends_count":4309},"contributors":null,"in_reply_to_status_id":null,"source":"<a href=\"http:\/\/dlvr.it\" rel=\"nofollow\">dlvr.it<\/a>","id_str":"130023305141956609","geo":null,"favorited":false,"id":130023305141956609,"coordinates":null,"in_reply_to_user_id":null,"truncated":false,"text":"Press Release: Driving Reforms and Results in Federal Grants http:\/\/t.co\/7OLmnAws","name":"ObamaNews","boldText":"Press Release: Driving Reforms and Results in <B>Fed<\/B>eral Grants http:\/\/t.co\/7OLmnAws"},{"possibly_sensitive":false,"place":null,"retweet_count":3,"in_reply_to_screen_name":null,"created_at":"Fri Oct 28 19:38:12 +0000 2011","retweeted":false,"in_reply_to_status_id_str":null,"in_reply_to_user_id_str":null,"user":{"default_profile":false,"time_zone":"Eastern Time (US & Canada)","profile_link_color":"2575AD","protected":false,"created_at":"Sat Mar 08 09:37:29 +0000 2008","profile_image_url_https":"https:\/\/si0.twimg.com\/profile_images\/435642791\/Barack-Obama_normal.jpg","name":"Barack Obama News","geo_enabled":false,"favourites_count":0,"profile_background_color":"02245D","default_profile_image":false,"notifications":null,"profile_background_tile":false,"utc_offset":-18000,"description":"News about Barack Obama - UNOFFICIAL TWITTER","statuses_count":23787,"following":null,"verified":false,"profile_sidebar_fill_color":"E6E6E6","followers_count":249612,"profile_image_url":"http:\/\/a0.twimg.com\/profile_images\/435642791\/Barack-Obama_normal.jpg","follow_request_sent":null,"profile_sidebar_border_color":"C8C8C8","location":"Washington DC","is_translator":false,"contributors_enabled":false,"screen_name":"ObamaNews","profile_use_background_image":false,"url":"http:\/\/barackobama.govne.ws","id_str":"14099695","show_all_inline_media":false,"profile_background_image_url_https":"https:\/\/si0.twimg.com\/profile_background_images\/12276350\/twitter_bg.gif","profile_text_color":"000000","id":14099695,"listed_count":4612,"lang":"en","profile_background_image_url":"http:\/\/a3.twimg.com\/profile_background_images\/12276350\/twitter_bg.gif","friends_count":4309},"contributors":null,"in_reply_to_status_id":null,"source":"<a href=\"http:\/\/dlvr.it\" rel=\"nofollow\">dlvr.it<\/a>","id_str":"130005463193489409","geo":null,"favorited":false,"id":130005463193489409,"coordinates":null,"in_reply_to_user_id":null,"truncated":false,"text":"Blog Post: Driving Reforms and Results in Federal Grants http:\/\/t.co\/bFv2Mjug","name":"ObamaNews","boldText":"Blog Post: Driving Reforms and Results in <B>Fed<\/B>eral Grants http:\/\/t.co\/bFv2Mjug"},{"possibly_sensitive":false,"place":null,"retweet_count":0,"in_reply_to_screen_name":null,"created_at":"Fri Oct 28 18:39:27 +0000 2011","retweeted":false,"in_reply_to_status_id_str":null,"in_reply_to_user_id_str":null,"user":{"time_zone":"Central Time (US & Canada)","profile_link_color":"10338C","protected":false,"created_at":"Thu Apr 17 01:17:18 +0000 2008","profile_image_url_https":"https:\/\/si0.twimg.com\/profile_images\/53118521\/ObamaFunFace_normal.jpg","name":"Obama Palooza","geo_enabled":false,"favourites_count":0,"profile_background_color":"9ae4e8","default_profile_image":false,"notifications":null,"profile_background_tile":true,"utc_offset":-21600,"description":"All Obama - All the time!","statuses_count":17015,"following":null,"verified":false,"profile_sidebar_fill_color":"d8e3fe","followers_count":3231,"profile_image_url":"http:\/\/a3.twimg.com\/profile_images\/53118521\/ObamaFunFace_normal.jpg","follow_request_sent":null,"profile_sidebar_border_color":"002DD0","location":"","is_translator":false,"contributors_enabled":false,"screen_name":"ObamaPalooza","profile_use_background_image":true,"url":null,"id_str":"14415091","show_all_inline_media":false,"profile_background_image_url_https":"https:\/\/si0.twimg.com\/profile_background_images\/3438544\/ObamaFunnyFace.jpeg","profile_text_color":"000000","id":14415091,"default_profile":false,"listed_count":65,"lang":"en","profile_background_image_url":"http:\/\/a3.twimg.com\/profile_background_images\/3438544\/ObamaFunnyFace.jpeg","friends_count":1},"contributors":null,"in_reply_to_status_id":null,"source":"<a href=\"http:\/\/dlvr.it\" rel=\"nofollow\">dlvr.it<\/a>","id_str":"129990677240094720","geo":null,"favorited":false,"id":129990677240094720,"coordinates":null,"in_reply_to_user_id":null,"truncated":false,"text":"The Caucus: Protesters at Occupy Wall Street Disapprove of Obama, a Survey Finds http:\/\/t.co\/PE8YCFD1 #Obama","name":"ObamaPalooza","boldText":"The Caucus: Protesters at Occupy <B>Wall Street<\/B> Disapprove of Obama, a Survey Finds http:\/\/t.co\/PE8YCFD1 #Obama"},{"possibly_sensitive":false,"place":null,"retweet_count":8,"in_reply_to_screen_name":null,"created_at":"Fri Oct 28 18:07:05 +0000 2011","retweeted":false,"in_reply_to_status_id_str":null,"in_reply_to_user_id_str":null,"user":{"time_zone":"Eastern Time (US & Canada)","profile_link_color":"2575AD","protected":false,"created_at":"Sat Mar 08 09:37:29 +0000 2008","profile_image_url_https":"https:\/\/si0.twimg.com\/profile_images\/435642791\/Barack-Obama_normal.jpg","name":"Barack Obama News","geo_enabled":false,"favourites_count":0,"profile_background_color":"02245D","default_profile_image":false,"notifications":null,"profile_background_tile":false,"utc_offset":-18000,"description":"News about Barack Obama - UNOFFICIAL TWITTER","statuses_count":23787,"following":null,"verified":false,"profile_sidebar_fill_color":"E6E6E6","followers_count":249612,"profile_image_url":"http:\/\/a0.twimg.com\/profile_images\/435642791\/Barack-Obama_normal.jpg","follow_request_sent":null,"profile_sidebar_border_color":"C8C8C8","location":"Washington DC","is_translator":false,"default_profile":false,"contributors_enabled":false,"screen_name":"ObamaNews","profile_use_background_image":false,"url":"http:\/\/barackobama.govne.ws","id_str":"14099695","show_all_inline_media":false,"profile_background_image_url_https":"https:\/\/si0.twimg.com\/profile_background_images\/12276350\/twitter_bg.gif","profile_text_color":"000000","id":14099695,"listed_count":4612,"lang":"en","profile_background_image_url":"http:\/\/a3.twimg.com\/profile_background_images\/12276350\/twitter_bg.gif","friends_count":4309},"contributors":null,"in_reply_to_status_id":null,"source":"<a href=\"http:\/\/dlvr.it\" rel=\"nofollow\">dlvr.it<\/a>","id_str":"129982534334427136","geo":null,"favorited":false,"id":129982534334427136,"coordinates":null,"in_reply_to_user_id":null,"truncated":false,"text":"Press Release: Presidential Memorandum -- Accelerating Technology Transfer and Commercialization of Federal Research... http:\/\/t.co\/8cYjNgsm","name":"ObamaNews","boldText":"Press Release: Presidential Memorandum -- Accelerating Technology Transfer and Commercialization of <B>Fed<\/B>eral Research... http:\/\/t.co\/8cYjNgsm"},{"possibly_sensitive":false,"place":null,"retweet_count":15,"in_reply_to_screen_name":null,"created_at":"Wed Oct 26 18:30:03 +0000 2011","retweeted":false,"in_reply_to_status_id_str":null,"in_reply_to_user_id_str":null,"user":{"time_zone":"Eastern Time (US & Canada)","profile_link_color":"016fd0","protected":false,"created_at":"Sun Apr 13 20:23:13 +0000 2008","profile_image_url_https":"https:\/\/si0.twimg.com\/profile_images\/1169754210\/democrats-twitter-icon_normal.png","name":"The Democrats","geo_enabled":false,"favourites_count":3,"profile_background_color":"00aef3","default_profile_image":false,"notifications":null,"profile_background_tile":false,"utc_offset":-18000,"description":"This is the official Twitter account of the Democratic Party.  Follow our tweets to get the latest info on Democratic news, issues, and events.","statuses_count":4412,"following":null,"verified":true,"profile_sidebar_fill_color":"eff0f1","followers_count":54990,"profile_image_url":"http:\/\/a3.twimg.com\/profile_images\/1169754210\/democrats-twitter-icon_normal.png","default_profile":false,"follow_request_sent":null,"profile_sidebar_border_color":"a6a6a6","location":"Washington, DC","is_translator":false,"contributors_enabled":true,"screen_name":"TheDemocrats","profile_use_background_image":true,"url":"http:\/\/www.democrats.org\/","id_str":"14377605","show_all_inline_media":false,"profile_background_image_url_https":"https:\/\/si0.twimg.com\/profile_background_images\/172797255\/democrats-twitter-comp.jpg","profile_text_color":"333333","id":14377605,"listed_count":2934,"lang":"en","profile_background_image_url":"http:\/\/a1.twimg.com\/profile_background_images\/172797255\/democrats-twitter-comp.jpg","friends_count":1018},"contributors":null,"in_reply_to_status_id":null,"source":"<a href=\"http:\/\/www.hootsuite.com\" rel=\"nofollow\">HootSuite<\/a>","id_str":"129263538253475840","geo":null,"favorited":false,"id":129263538253475840,"coordinates":null,"in_reply_to_user_id":null,"truncated":false,"text":"\"Wasserman Schultz blasts Perry's flat tax plan as 'definition of insanity'\" (via @thehill): http:\/\/t.co\/jhxIRsTl","name":"TheDemocrats","boldText":"\"Wasserman Schultz blasts Perry's <B>flat tax<\/B> plan as 'definition of insanity'\" (via @thehill): http:\/\/t.co\/jhxIRsTl"},{"possibly_sensitive":false,"place":null,"retweet_count":0,"in_reply_to_screen_name":null,"created_at":"Wed Oct 26 14:02:02 +0000 2011","retweeted":false,"in_reply_to_status_id_str":null,"in_reply_to_user_id_str":null,"user":{"time_zone":"Central Time (US & Canada)","profile_link_color":"10338C","protected":false,"created_at":"Thu Apr 17 01:17:18 +0000 2008","profile_image_url_https":"https:\/\/si0.twimg.com\/profile_images\/53118521\/ObamaFunFace_normal.jpg","name":"Obama Palooza","geo_enabled":false,"favourites_count":0,"profile_background_color":"9ae4e8","default_profile_image":false,"notifications":null,"profile_background_tile":true,"utc_offset":-21600,"description":"All Obama - All the time!","statuses_count":17015,"following":null,"verified":false,"profile_sidebar_fill_color":"d8e3fe","followers_count":3231,"profile_image_url":"http:\/\/a3.twimg.com\/profile_images\/53118521\/ObamaFunFace_normal.jpg","follow_request_sent":null,"profile_sidebar_border_color":"002DD0","location":"","is_translator":false,"default_profile":false,"contributors_enabled":false,"screen_name":"ObamaPalooza","profile_use_background_image":true,"url":null,"id_str":"14415091","show_all_inline_media":false,"profile_background_image_url_https":"https:\/\/si0.twimg.com\/profile_background_images\/3438544\/ObamaFunnyFace.jpeg","profile_text_color":"000000","id":14415091,"listed_count":65,"lang":"en","profile_background_image_url":"http:\/\/a3.twimg.com\/profile_background_images\/3438544\/ObamaFunnyFace.jpeg","friends_count":1},"contributors":null,"in_reply_to_status_id":null,"source":"<a href=\"http:\/\/dlvr.it\" rel=\"nofollow\">dlvr.it<\/a>","id_str":"129196087314616320","geo":null,"favorited":false,"id":129196087314616320,"coordinates":null,"in_reply_to_user_id":null,"truncated":false,"text":"Robert Reich: Wall Street Is Still Out of Control -- Obama Should Call for Glass-Steagall and a Breakup of... http:\/\/t.co\/6lHyYGdl #Obama","name":"ObamaPalooza","boldText":"Robert Reich: <B>Wall Street<\/B> Is Still Out of Control -- Obama Should Call for Glass-Steagall and a Breakup of... http:\/\/t.co\/6lHyYGdl #Obama"},{"possibly_sensitive":false,"place":null,"retweet_count":3,"in_reply_to_screen_name":null,"created_at":"Wed Oct 26 02:35:54 +0000 2011","retweeted":false,"in_reply_to_status_id_str":null,"in_reply_to_user_id_str":null,"user":{"time_zone":"Mountain Time (US & Canada)","profile_link_color":"990000","protected":false,"created_at":"Sat Apr 04 02:35:24 +0000 2009","profile_image_url_https":"https:\/\/si0.twimg.com\/profile_images\/120922080\/Barack_Obama_normal.jpg","name":"Barack Obama","geo_enabled":false,"favourites_count":0,"profile_background_color":"03031b","default_profile_image":false,"notifications":null,"profile_background_tile":false,"utc_offset":-25200,"description":"44th President of the United States","statuses_count":1597,"following":null,"verified":false,"profile_sidebar_fill_color":"F3F3F3","followers_count":41090,"profile_image_url":"http:\/\/a2.twimg.com\/profile_images\/120922080\/Barack_Obama_normal.jpg","follow_request_sent":null,"profile_sidebar_border_color":"DFDFDF","location":"Washington DC","is_translator":false,"contributors_enabled":false,"screen_name":"BarackObamaUSA","profile_use_background_image":true,"url":"http:\/\/whitehouse.gov","id_str":"28720516","show_all_inline_media":true,"profile_background_image_url_https":"https:\/\/si0.twimg.com\/profile_background_images\/7449575\/0b0b21.png","profile_text_color":"333333","id":28720516,"default_profile":false,"listed_count":513,"lang":"en","profile_background_image_url":"http:\/\/a2.twimg.com\/profile_background_images\/7449575\/0b0b21.png","friends_count":743},"contributors":null,"in_reply_to_status_id":null,"source":"<a href=\"http:\/\/twitterfeed.com\" rel=\"nofollow\">twitterfeed<\/a>","id_str":"129023419260997633","geo":null,"favorited":false,"id":129023419260997633,"coordinates":null,"in_reply_to_user_id":null,"truncated":false,"text":"Watch: A Vision for Federal Information Technology: \n\tTonight, I\u2019ll be making my first public appearance as Fede... http:\/\/t.co\/niXOR7qX","name":"BarackObamaUSA","boldText":"Watch: A Vision for <B>Fed<\/B>eral Information Technology: \n\tTonight, I\u2019ll be making my first public appearance as <B>Fed<\/B>e... http:\/\/t.co\/niXOR7qX"},{"possibly_sensitive":false,"place":null,"retweet_count":0,"in_reply_to_screen_name":null,"created_at":"Tue Oct 25 17:41:26 +0000 2011","retweeted":false,"in_reply_to_status_id_str":null,"in_reply_to_user_id_str":null,"user":{"time_zone":"Central Time (US & Canada)","profile_link_color":"10338C","protected":false,"created_at":"Thu Apr 17 01:17:18 +0000 2008","profile_image_url_https":"https:\/\/si0.twimg.com\/profile_images\/53118521\/ObamaFunFace_normal.jpg","name":"Obama Palooza","geo_enabled":false,"favourites_count":0,"profile_background_color":"9ae4e8","default_profile_image":false,"notifications":null,"profile_background_tile":true,"utc_offset":-21600,"description":"All Obama - All the time!","statuses_count":17015,"following":null,"verified":false,"profile_sidebar_fill_color":"d8e3fe","followers_count":3231,"profile_image_url":"http:\/\/a3.twimg.com\/profile_images\/53118521\/ObamaFunFace_normal.jpg","follow_request_sent":null,"profile_sidebar_border_color":"002DD0","location":"","is_translator":false,"default_profile":false,"contributors_enabled":false,"screen_name":"ObamaPalooza","profile_use_background_image":true,"url":null,"id_str":"14415091","show_all_inline_media":false,"profile_background_image_url_https":"https:\/\/si0.twimg.com\/profile_background_images\/3438544\/ObamaFunnyFace.jpeg","profile_text_color":"000000","id":14415091,"listed_count":65,"lang":"en","profile_background_image_url":"http:\/\/a3.twimg.com\/profile_background_images\/3438544\/ObamaFunnyFace.jpeg","friends_count":1},"contributors":null,"in_reply_to_status_id":null,"source":"<a href=\"http:\/\/dlvr.it\" rel=\"nofollow\">dlvr.it<\/a>","id_str":"128888914537754625","geo":null,"favorited":false,"id":128888914537754625,"coordinates":null,"in_reply_to_user_id":null,"truncated":false,"text":"Lincoln Mitchell: Obama, Occupy Wall Street and 2012 http:\/\/t.co\/yWwf9q7z #Obama","name":"ObamaPalooza","boldText":"Lincoln Mitchell: Obama, Occupy <B>Wall Street<\/B> and 2012 http:\/\/t.co\/yWwf9q7z #Obama"},{"possibly_sensitive":false,"place":null,"retweet_count":0,"in_reply_to_screen_name":null,"created_at":"Tue Oct 25 11:17:20 +0000 2011","retweeted":false,"in_reply_to_status_id_str":null,"in_reply_to_user_id_str":null,"user":{"time_zone":"Central Time (US & Canada)","profile_link_color":"10338C","protected":false,"created_at":"Thu Apr 17 01:17:18 +0000 2008","profile_image_url_https":"https:\/\/si0.twimg.com\/profile_images\/53118521\/ObamaFunFace_normal.jpg","name":"Obama Palooza","geo_enabled":false,"favourites_count":0,"profile_background_color":"9ae4e8","default_profile_image":false,"notifications":null,"profile_background_tile":true,"utc_offset":-21600,"description":"All Obama - All the time!","statuses_count":17015,"following":null,"verified":false,"profile_sidebar_fill_color":"d8e3fe","followers_count":3231,"profile_image_url":"http:\/\/a3.twimg.com\/profile_images\/53118521\/ObamaFunFace_normal.jpg","follow_request_sent":null,"profile_sidebar_border_color":"002DD0","location":"","is_translator":false,"default_profile":false,"contributors_enabled":false,"screen_name":"ObamaPalooza","profile_use_background_image":true,"url":null,"id_str":"14415091","show_all_inline_media":false,"profile_background_image_url_https":"https:\/\/si0.twimg.com\/profile_background_images\/3438544\/ObamaFunnyFace.jpeg","profile_text_color":"000000","id":14415091,"listed_count":65,"lang":"en","profile_background_image_url":"http:\/\/a3.twimg.com\/profile_background_images\/3438544\/ObamaFunnyFace.jpeg","friends_count":1},"contributors":null,"in_reply_to_status_id":null,"source":"<a href=\"http:\/\/dlvr.it\" rel=\"nofollow\">dlvr.it<\/a>","id_str":"128792251802451969","geo":null,"favorited":false,"id":128792251802451969,"coordinates":null,"in_reply_to_user_id":null,"truncated":false,"text":"The Caucus: Obama Attacks Perry on Flat Tax http:\/\/t.co\/2yr41iEj #Obama","name":"ObamaPalooza","boldText":"The Caucus: Obama Attacks Perry on <B>Flat Tax<\/B> http:\/\/t.co\/2yr41iEj #Obama"},{"possibly_sensitive":false,"place":null,"retweet_count":0,"in_reply_to_screen_name":null,"created_at":"Tue Oct 25 03:20:04 +0000 2011","retweeted":false,"in_reply_to_status_id_str":null,"in_reply_to_user_id_str":null,"user":{"time_zone":"Central Time (US & Canada)","profile_link_color":"10338C","protected":false,"created_at":"Thu Apr 17 01:17:18 +0000 2008","profile_image_url_https":"https:\/\/si0.twimg.com\/profile_images\/53118521\/ObamaFunFace_normal.jpg","name":"Obama Palooza","geo_enabled":false,"favourites_count":0,"profile_background_color":"9ae4e8","default_profile_image":false,"notifications":null,"profile_background_tile":true,"utc_offset":-21600,"description":"All Obama - All the time!","statuses_count":17015,"following":null,"verified":false,"profile_sidebar_fill_color":"d8e3fe","followers_count":3231,"profile_image_url":"http:\/\/a3.twimg.com\/profile_images\/53118521\/ObamaFunFace_normal.jpg","follow_request_sent":null,"profile_sidebar_border_color":"002DD0","location":"","is_translator":false,"default_profile":false,"contributors_enabled":false,"screen_name":"ObamaPalooza","profile_use_background_image":true,"url":null,"id_str":"14415091","show_all_inline_media":false,"profile_background_image_url_https":"https:\/\/si0.twimg.com\/profile_background_images\/3438544\/ObamaFunnyFace.jpeg","profile_text_color":"000000","id":14415091,"listed_count":65,"lang":"en","profile_background_image_url":"http:\/\/a3.twimg.com\/profile_background_images\/3438544\/ObamaFunnyFace.jpeg","friends_count":1},"contributors":null,"in_reply_to_status_id":null,"source":"<a href=\"http:\/\/dlvr.it\" rel=\"nofollow\">dlvr.it<\/a>","id_str":"128672144078028800","geo":null,"favorited":false,"id":128672144078028800,"coordinates":null,"in_reply_to_user_id":null,"truncated":false,"text":"Lincoln Mitchell: Obama and Occupy Wall Street http:\/\/t.co\/wdKivhpR #Obama","name":"ObamaPalooza","boldText":"Lincoln Mitchell: Obama and Occupy <B>Wall Street<\/B> http:\/\/t.co\/wdKivhpR #Obama"},{"possibly_sensitive":false,"place":null,"retweet_count":3,"in_reply_to_screen_name":null,"created_at":"Thu Oct 20 14:08:02 +0000 2011","retweeted":false,"in_reply_to_status_id_str":null,"in_reply_to_user_id_str":null,"user":{"time_zone":"Mountain Time (US & Canada)","profile_link_color":"990000","protected":false,"created_at":"Sat Apr 04 02:35:24 +0000 2009","profile_image_url_https":"https:\/\/si0.twimg.com\/profile_images\/120922080\/Barack_Obama_normal.jpg","name":"Barack Obama","geo_enabled":false,"favourites_count":0,"profile_background_color":"03031b","default_profile_image":false,"notifications":null,"profile_background_tile":false,"utc_offset":-25200,"description":"44th President of the United States","statuses_count":1597,"following":null,"verified":false,"profile_sidebar_fill_color":"F3F3F3","followers_count":41090,"profile_image_url":"http:\/\/a2.twimg.com\/profile_images\/120922080\/Barack_Obama_normal.jpg","follow_request_sent":null,"profile_sidebar_border_color":"DFDFDF","location":"Washington DC","is_translator":false,"contributors_enabled":false,"screen_name":"BarackObamaUSA","profile_use_background_image":true,"url":"http:\/\/whitehouse.gov","id_str":"28720516","show_all_inline_media":true,"profile_background_image_url_https":"https:\/\/si0.twimg.com\/profile_background_images\/7449575\/0b0b21.png","profile_text_color":"333333","id":28720516,"default_profile":false,"listed_count":513,"lang":"en","profile_background_image_url":"http:\/\/a2.twimg.com\/profile_background_images\/7449575\/0b0b21.png","friends_count":743},"contributors":null,"in_reply_to_status_id":null,"source":"<a href=\"http:\/\/twitterfeed.com\" rel=\"nofollow\">twitterfeed<\/a>","id_str":"127023272767406080","geo":null,"favorited":false,"id":127023272767406080,"coordinates":null,"in_reply_to_user_id":null,"truncated":false,"text":"For Sale: Cutting Waste By Getting Rid of Excess Real Estate: \n\tOver the years the federal government accumulate... http:\/\/t.co\/4hqxAS8F","name":"BarackObamaUSA","boldText":"For Sale: Cutting Waste By Getting Rid of Excess Real Estate: \n\tOver the years the <B>fed<\/B>eral government accumulate... http:\/\/t.co\/4hqxAS8F"},{"possibly_sensitive":false,"place":null,"retweet_count":6,"in_reply_to_screen_name":null,"created_at":"Wed Oct 19 19:50:07 +0000 2011","retweeted":false,"in_reply_to_status_id_str":null,"in_reply_to_user_id_str":null,"user":{"time_zone":"Eastern Time (US & Canada)","profile_link_color":"016fd0","protected":false,"created_at":"Sun Apr 13 20:23:13 +0000 2008","profile_image_url_https":"https:\/\/si0.twimg.com\/profile_images\/1169754210\/democrats-twitter-icon_normal.png","name":"The Democrats","geo_enabled":false,"favourites_count":3,"profile_background_color":"00aef3","default_profile_image":false,"notifications":null,"profile_background_tile":false,"utc_offset":-18000,"description":"This is the official Twitter account of the Democratic Party.  Follow our tweets to get the latest info on Democratic news, issues, and events.","statuses_count":4412,"following":null,"verified":true,"profile_sidebar_fill_color":"eff0f1","followers_count":54990,"profile_image_url":"http:\/\/a3.twimg.com\/profile_images\/1169754210\/democrats-twitter-icon_normal.png","follow_request_sent":null,"profile_sidebar_border_color":"a6a6a6","location":"Washington, DC","is_translator":false,"contributors_enabled":true,"screen_name":"TheDemocrats","profile_use_background_image":true,"url":"http:\/\/www.democrats.org\/","id_str":"14377605","default_profile":false,"show_all_inline_media":false,"profile_background_image_url_https":"https:\/\/si0.twimg.com\/profile_background_images\/172797255\/democrats-twitter-comp.jpg","profile_text_color":"333333","id":14377605,"listed_count":2934,"lang":"en","profile_background_image_url":"http:\/\/a1.twimg.com\/profile_background_images\/172797255\/democrats-twitter-comp.jpg","friends_count":1018},"contributors":null,"in_reply_to_status_id":null,"source":"<a href=\"http:\/\/www.hootsuite.com\" rel=\"nofollow\">HootSuite<\/a>","id_str":"126746972941070336","geo":null,"favorited":false,"id":126746972941070336,"coordinates":null,"in_reply_to_user_id":null,"truncated":false,"text":"\"Fact check: Misfires on taxes and more in debate\" (via @AP): http:\/\/t.co\/VdW0g3XB","name":"TheDemocrats","boldText":"\"Fact check: Misfires on <B>taxes<\/B> and more in debate\" (via @AP): http:\/\/t.co\/VdW0g3XB"},{"possibly_sensitive":false,"place":null,"retweet_count":41,"in_reply_to_screen_name":null,"created_at":"Wed Oct 19 00:30:06 +0000 2011","retweeted":false,"in_reply_to_status_id_str":null,"in_reply_to_user_id_str":null,"user":{"time_zone":"Eastern Time (US & Canada)","profile_link_color":"016fd0","protected":false,"created_at":"Sun Apr 13 20:23:13 +0000 2008","profile_image_url_https":"https:\/\/si0.twimg.com\/profile_images\/1169754210\/democrats-twitter-icon_normal.png","name":"The Democrats","geo_enabled":false,"favourites_count":3,"profile_background_color":"00aef3","default_profile_image":false,"notifications":null,"profile_background_tile":false,"utc_offset":-18000,"description":"This is the official Twitter account of the Democratic Party.  Follow our tweets to get the latest info on Democratic news, issues, and events.","statuses_count":4412,"following":null,"verified":true,"profile_sidebar_fill_color":"eff0f1","followers_count":54990,"profile_image_url":"http:\/\/a3.twimg.com\/profile_images\/1169754210\/democrats-twitter-icon_normal.png","follow_request_sent":null,"profile_sidebar_border_color":"a6a6a6","location":"Washington, DC","is_translator":false,"contributors_enabled":true,"screen_name":"TheDemocrats","profile_use_background_image":true,"url":"http:\/\/www.democrats.org\/","id_str":"14377605","default_profile":false,"show_all_inline_media":false,"profile_background_image_url_https":"https:\/\/si0.twimg.com\/profile_background_images\/172797255\/democrats-twitter-comp.jpg","profile_text_color":"333333","id":14377605,"listed_count":2934,"lang":"en","profile_background_image_url":"http:\/\/a1.twimg.com\/profile_background_images\/172797255\/democrats-twitter-comp.jpg","friends_count":1018},"contributors":null,"in_reply_to_status_id":null,"source":"<a href=\"http:\/\/www.hootsuite.com\" rel=\"nofollow\">HootSuite<\/a>","id_str":"126455044865400833","geo":null,"favorited":false,"id":126455044865400833,"coordinates":null,"in_reply_to_user_id":null,"truncated":false,"text":"FACT: Romneycare is \u201cthe same as the federal plan. \u2026 Anyone who says this isn\u2019t true is not being honest.\u201d http:\/\/t.co\/YZoXZ9Ty #CNNdebate","name":"TheDemocrats","boldText":"FACT: Romneycare is \u201cthe same as the <B>fed<\/B>eral plan. \u2026 Anyone who says this isn\u2019t true is not being honest.\u201d http:\/\/t.co\/YZoXZ9Ty #CNNdebate"},{"possibly_sensitive":false,"place":null,"retweet_count":13,"in_reply_to_screen_name":null,"created_at":"Wed Oct 19 00:22:39 +0000 2011","retweeted":false,"in_reply_to_status_id_str":null,"in_reply_to_user_id_str":null,"user":{"time_zone":"Eastern Time (US & Canada)","profile_link_color":"016fd0","protected":false,"created_at":"Sun Apr 13 20:23:13 +0000 2008","profile_image_url_https":"https:\/\/si0.twimg.com\/profile_images\/1169754210\/democrats-twitter-icon_normal.png","name":"The Democrats","geo_enabled":false,"favourites_count":3,"profile_background_color":"00aef3","default_profile_image":false,"notifications":null,"profile_background_tile":false,"utc_offset":-18000,"description":"This is the official Twitter account of the Democratic Party.  Follow our tweets to get the latest info on Democratic news, issues, and events.","statuses_count":4412,"following":null,"verified":true,"profile_sidebar_fill_color":"eff0f1","followers_count":54990,"profile_image_url":"http:\/\/a3.twimg.com\/profile_images\/1169754210\/democrats-twitter-icon_normal.png","follow_request_sent":null,"profile_sidebar_border_color":"a6a6a6","location":"Washington, DC","is_translator":false,"contributors_enabled":true,"screen_name":"TheDemocrats","profile_use_background_image":true,"url":"http:\/\/www.democrats.org\/","id_str":"14377605","default_profile":false,"show_all_inline_media":false,"profile_background_image_url_https":"https:\/\/si0.twimg.com\/profile_background_images\/172797255\/democrats-twitter-comp.jpg","profile_text_color":"333333","id":14377605,"listed_count":2934,"lang":"en","profile_background_image_url":"http:\/\/a1.twimg.com\/profile_background_images\/172797255\/democrats-twitter-comp.jpg","friends_count":1018},"contributors":null,"in_reply_to_status_id":null,"source":"<a href=\"http:\/\/www.hootsuite.com\" rel=\"nofollow\">HootSuite<\/a>","id_str":"126453167515897857","geo":null,"favorited":false,"id":126453167515897857,"coordinates":null,"in_reply_to_user_id":null,"truncated":false,"text":"FACT: Romney would eliminate cap gains tax for those making less than $200K\u2014but most cap gains taxes paid by wealthy. http:\/\/t.co\/7bh7Xgnw","name":"TheDemocrats","boldText":"FACT: Romney would eliminate cap gains tax for those making less than $200K\u2014but most cap gains <B>taxes<\/B> paid by wealthy. http:\/\/t.co\/7bh7Xgnw"},{"possibly_sensitive":false,"place":null,"retweet_count":40,"in_reply_to_screen_name":null,"created_at":"Wed Oct 19 00:15:08 +0000 2011","retweeted":false,"in_reply_to_status_id_str":null,"in_reply_to_user_id_str":null,"user":{"time_zone":"Eastern Time (US & Canada)","profile_link_color":"016fd0","protected":false,"created_at":"Sun Apr 13 20:23:13 +0000 2008","profile_image_url_https":"https:\/\/si0.twimg.com\/profile_images\/1169754210\/democrats-twitter-icon_normal.png","name":"The Democrats","geo_enabled":false,"favourites_count":3,"profile_background_color":"00aef3","default_profile_image":false,"notifications":null,"profile_background_tile":false,"utc_offset":-18000,"description":"This is the official Twitter account of the Democratic Party.  Follow our tweets to get the latest info on Democratic news, issues, and events.","statuses_count":4412,"following":null,"verified":true,"profile_sidebar_fill_color":"eff0f1","followers_count":54990,"profile_image_url":"http:\/\/a3.twimg.com\/profile_images\/1169754210\/democrats-twitter-icon_normal.png","follow_request_sent":null,"profile_sidebar_border_color":"a6a6a6","location":"Washington, DC","is_translator":false,"contributors_enabled":true,"screen_name":"TheDemocrats","profile_use_background_image":true,"url":"http:\/\/www.democrats.org\/","id_str":"14377605","default_profile":false,"show_all_inline_media":false,"profile_background_image_url_https":"https:\/\/si0.twimg.com\/profile_background_images\/172797255\/democrats-twitter-comp.jpg","profile_text_color":"333333","id":14377605,"listed_count":2934,"lang":"en","profile_background_image_url":"http:\/\/a1.twimg.com\/profile_background_images\/172797255\/democrats-twitter-comp.jpg","friends_count":1018},"contributors":null,"in_reply_to_status_id":null,"source":"<a href=\"http:\/\/www.hootsuite.com\" rel=\"nofollow\">HootSuite<\/a>","id_str":"126451275549257728","geo":null,"favorited":false,"id":126451275549257728,"coordinates":null,"in_reply_to_user_id":null,"truncated":false,"text":"FACT: Weekly Standard reports that a family making $25K \u201cwould pay thousands...more in taxes under Cain.\u201d http:\/\/t.co\/y2oUFFgo #CNNdebate","name":"TheDemocrats","boldText":"FACT: Weekly Standard reports that a family making $25K \u201cwould pay thousands...more in <B>taxes<\/B> under Cain.\u201d http:\/\/t.co\/y2oUFFgo #CNNdebate"},{"possibly_sensitive":false,"place":null,"retweet_count":2,"in_reply_to_screen_name":null,"created_at":"Tue Oct 18 22:23:07 +0000 2011","retweeted":false,"in_reply_to_status_id_str":null,"in_reply_to_user_id_str":null,"user":{"default_profile":false,"time_zone":"Mountain Time (US & Canada)","profile_link_color":"990000","protected":false,"created_at":"Sat Apr 04 02:35:24 +0000 2009","profile_image_url_https":"https:\/\/si0.twimg.com\/profile_images\/120922080\/Barack_Obama_normal.jpg","name":"Barack Obama","geo_enabled":false,"favourites_count":0,"profile_background_color":"03031b","default_profile_image":false,"notifications":null,"profile_background_tile":false,"utc_offset":-25200,"description":"44th President of the United States","statuses_count":1597,"following":null,"verified":false,"profile_sidebar_fill_color":"F3F3F3","followers_count":41089,"profile_image_url":"http:\/\/a2.twimg.com\/profile_images\/120922080\/Barack_Obama_normal.jpg","follow_request_sent":null,"profile_sidebar_border_color":"DFDFDF","location":"Washington DC","is_translator":false,"contributors_enabled":false,"screen_name":"BarackObamaUSA","profile_use_background_image":true,"url":"http:\/\/whitehouse.gov","id_str":"28720516","show_all_inline_media":true,"profile_background_image_url_https":"https:\/\/si0.twimg.com\/profile_background_images\/7449575\/0b0b21.png","profile_text_color":"333333","id":28720516,"listed_count":513,"lang":"en","profile_background_image_url":"http:\/\/a2.twimg.com\/profile_background_images\/7449575\/0b0b21.png","friends_count":743},"contributors":null,"in_reply_to_status_id":null,"source":"<a href=\"http:\/\/twitterfeed.com\" rel=\"nofollow\">twitterfeed<\/a>","id_str":"126423089335644160","geo":null,"favorited":false,"id":126423089335644160,"coordinates":null,"in_reply_to_user_id":null,"truncated":false,"text":"Dismantling the Myths Around Wall Street Reform - Day 2: A Look at U.S. Competitiveness: \n\tEd. Note: Cross-poste... http:\/\/t.co\/SKAgYPIS","name":"BarackObamaUSA","boldText":"Dismantling the Myths Around <B>Wall Street<\/B> Reform - Day 2: A Look at U.S. Competitiveness: \n\tEd. Note: Cross-poste... http:\/\/t.co\/SKAgYPIS"},{"possibly_sensitive":false,"place":null,"retweet_count":38,"in_reply_to_screen_name":null,"created_at":"Tue Oct 18 18:00:06 +0000 2011","retweeted":false,"in_reply_to_status_id_str":null,"in_reply_to_user_id_str":null,"user":{"time_zone":"Eastern Time (US & Canada)","profile_link_color":"016fd0","protected":false,"created_at":"Sun Apr 13 20:23:13 +0000 2008","profile_image_url_https":"https:\/\/si0.twimg.com\/profile_images\/1169754210\/democrats-twitter-icon_normal.png","name":"The Democrats","geo_enabled":false,"favourites_count":3,"profile_background_color":"00aef3","default_profile_image":false,"notifications":null,"profile_background_tile":false,"utc_offset":-18000,"description":"This is the official Twitter account of the Democratic Party.  Follow our tweets to get the latest info on Democratic news, issues, and events.","statuses_count":4412,"following":null,"verified":true,"profile_sidebar_fill_color":"eff0f1","followers_count":54990,"profile_image_url":"http:\/\/a3.twimg.com\/profile_images\/1169754210\/democrats-twitter-icon_normal.png","follow_request_sent":null,"profile_sidebar_border_color":"a6a6a6","location":"Washington, DC","is_translator":false,"contributors_enabled":true,"screen_name":"TheDemocrats","profile_use_background_image":true,"url":"http:\/\/www.democrats.org\/","id_str":"14377605","default_profile":false,"show_all_inline_media":false,"profile_background_image_url_https":"https:\/\/si0.twimg.com\/profile_background_images\/172797255\/democrats-twitter-comp.jpg","profile_text_color":"333333","id":14377605,"listed_count":2934,"lang":"en","profile_background_image_url":"http:\/\/a1.twimg.com\/profile_background_images\/172797255\/democrats-twitter-comp.jpg","friends_count":1018},"contributors":null,"in_reply_to_status_id":null,"source":"<a href=\"http:\/\/www.hootsuite.com\" rel=\"nofollow\">HootSuite<\/a>","id_str":"126356899020013568","geo":null,"favorited":false,"id":126356899020013568,"coordinates":null,"in_reply_to_user_id":null,"truncated":false,"text":"\"Wall Street donates twice as much to Romney as Obama\" (via @CNBC): http:\/\/t.co\/ahbFGqn8","name":"TheDemocrats","boldText":"\"<B>Wall Street<\/B> donates twice as much to Romney as Obama\" (via @CNBC): http:\/\/t.co\/ahbFGqn8"},{"possibly_sensitive":false,"place":null,"retweet_count":29,"in_reply_to_screen_name":null,"created_at":"Wed Oct 12 01:43:43 +0000 2011","retweeted":false,"in_reply_to_status_id_str":null,"in_reply_to_user_id_str":null,"user":{"time_zone":"Eastern Time (US & Canada)","profile_link_color":"016fd0","protected":false,"created_at":"Sun Apr 13 20:23:13 +0000 2008","profile_image_url_https":"https:\/\/si0.twimg.com\/profile_images\/1169754210\/democrats-twitter-icon_normal.png","name":"The Democrats","geo_enabled":false,"favourites_count":3,"profile_background_color":"00aef3","default_profile_image":false,"notifications":null,"profile_background_tile":false,"utc_offset":-18000,"description":"This is the official Twitter account of the Democratic Party.  Follow our tweets to get the latest info on Democratic news, issues, and events.","statuses_count":4412,"following":null,"verified":true,"profile_sidebar_fill_color":"eff0f1","followers_count":54990,"profile_image_url":"http:\/\/a3.twimg.com\/profile_images\/1169754210\/democrats-twitter-icon_normal.png","follow_request_sent":null,"profile_sidebar_border_color":"a6a6a6","location":"Washington, DC","is_translator":false,"contributors_enabled":true,"screen_name":"TheDemocrats","profile_use_background_image":true,"url":"http:\/\/www.democrats.org\/","id_str":"14377605","default_profile":false,"show_all_inline_media":false,"profile_background_image_url_https":"https:\/\/si0.twimg.com\/profile_background_images\/172797255\/democrats-twitter-comp.jpg","profile_text_color":"333333","id":14377605,"listed_count":2934,"lang":"en","profile_background_image_url":"http:\/\/a1.twimg.com\/profile_background_images\/172797255\/democrats-twitter-comp.jpg","friends_count":1018},"contributors":null,"in_reply_to_status_id":null,"source":"<a href=\"http:\/\/www.hootsuite.com\" rel=\"nofollow\">HootSuite<\/a>","id_str":"123936855690457089","geo":null,"favorited":false,"id":123936855690457089,"coordinates":null,"in_reply_to_user_id":null,"truncated":false,"text":"FACT: Romney wrote in an op-ed that lowering the payroll tax on employers encourages \u201cmore good jobs.\u201d http:\/\/t.co\/5tVnQJ0n #econdebate","name":"TheDemocrats","boldText":"FACT: Romney wrote in an op-ed that lowering the <B>payroll tax<\/B> on employers encourages \u201cmore good jobs.\u201d http:\/\/t.co\/5tVnQJ0n #econdebate"},{"possibly_sensitive":false,"place":null,"retweet_count":7,"in_reply_to_screen_name":null,"created_at":"Wed Oct 12 01:11:23 +0000 2011","retweeted":false,"in_reply_to_status_id_str":null,"in_reply_to_user_id_str":null,"user":{"time_zone":"Eastern Time (US & Canada)","profile_link_color":"016fd0","protected":false,"created_at":"Sun Apr 13 20:23:13 +0000 2008","profile_image_url_https":"https:\/\/si0.twimg.com\/profile_images\/1169754210\/democrats-twitter-icon_normal.png","name":"The Democrats","default_profile":false,"geo_enabled":false,"favourites_count":3,"profile_background_color":"00aef3","default_profile_image":false,"notifications":null,"profile_background_tile":false,"utc_offset":-18000,"description":"This is the official Twitter account of the Democratic Party.  Follow our tweets to get the latest info on Democratic news, issues, and events.","statuses_count":4412,"following":null,"verified":true,"profile_sidebar_fill_color":"eff0f1","followers_count":54990,"profile_image_url":"http:\/\/a3.twimg.com\/profile_images\/1169754210\/democrats-twitter-icon_normal.png","follow_request_sent":null,"profile_sidebar_border_color":"a6a6a6","location":"Washington, DC","is_translator":false,"contributors_enabled":true,"screen_name":"TheDemocrats","profile_use_background_image":true,"url":"http:\/\/www.democrats.org\/","id_str":"14377605","show_all_inline_media":false,"profile_background_image_url_https":"https:\/\/si0.twimg.com\/profile_background_images\/172797255\/democrats-twitter-comp.jpg","profile_text_color":"333333","id":14377605,"listed_count":2934,"lang":"en","profile_background_image_url":"http:\/\/a1.twimg.com\/profile_background_images\/172797255\/democrats-twitter-comp.jpg","friends_count":1018},"contributors":null,"in_reply_to_status_id":null,"source":"<a href=\"http:\/\/www.hootsuite.com\" rel=\"nofollow\">HootSuite<\/a>","id_str":"123928717759221760","geo":null,"favorited":false,"id":123928717759221760,"coordinates":null,"in_reply_to_user_id":null,"truncated":false,"text":"Romney would eliminate capital gains tax for those making less than $200K\u2014but most capital gains taxes paid by wealthy. http:\/\/t.co\/7bh7Xgnw","name":"TheDemocrats","boldText":"Romney would eliminate <B>capital gains tax<\/B> for those making less than $200K\u2014but most capital gains <B>taxes<\/B> paid by wealthy. http:\/\/t.co\/7bh7Xgnw"},{"possibly_sensitive":false,"place":null,"retweet_count":6,"in_reply_to_screen_name":null,"created_at":"Wed Oct 12 00:42:12 +0000 2011","retweeted":false,"in_reply_to_status_id_str":null,"in_reply_to_user_id_str":null,"user":{"time_zone":"Eastern Time (US & Canada)","profile_link_color":"016fd0","protected":false,"created_at":"Sun Apr 13 20:23:13 +0000 2008","profile_image_url_https":"https:\/\/si0.twimg.com\/profile_images\/1169754210\/democrats-twitter-icon_normal.png","name":"The Democrats","geo_enabled":false,"favourites_count":3,"profile_background_color":"00aef3","default_profile_image":false,"notifications":null,"profile_background_tile":false,"utc_offset":-18000,"description":"This is the official Twitter account of the Democratic Party.  Follow our tweets to get the latest info on Democratic news, issues, and events.","statuses_count":4412,"following":null,"verified":true,"profile_sidebar_fill_color":"eff0f1","followers_count":54990,"profile_image_url":"http:\/\/a3.twimg.com\/profile_images\/1169754210\/democrats-twitter-icon_normal.png","follow_request_sent":null,"profile_sidebar_border_color":"a6a6a6","location":"Washington, DC","is_translator":false,"contributors_enabled":true,"screen_name":"TheDemocrats","profile_use_background_image":true,"url":"http:\/\/www.democrats.org\/","id_str":"14377605","default_profile":false,"show_all_inline_media":false,"profile_background_image_url_https":"https:\/\/si0.twimg.com\/profile_background_images\/172797255\/democrats-twitter-comp.jpg","profile_text_color":"333333","id":14377605,"listed_count":2934,"lang":"en","profile_background_image_url":"http:\/\/a1.twimg.com\/profile_background_images\/172797255\/democrats-twitter-comp.jpg","friends_count":1018},"contributors":null,"in_reply_to_status_id":null,"source":"<a href=\"http:\/\/www.hootsuite.com\" rel=\"nofollow\">HootSuite<\/a>","id_str":"123921373788774401","geo":null,"favorited":false,"id":123921373788774401,"coordinates":null,"in_reply_to_user_id":null,"truncated":false,"text":"FACT: Wall Street Journal: \u201cRomney\u2019s pitch to S&P boasted of revenue raisers.\u201d http:\/\/t.co\/CTrqpQot #econdebate","name":"TheDemocrats","boldText":"FACT: <B>Wall Street<\/B> Journal: \u201cRomney\u2019s pitch to S&P boasted of revenue raisers.\u201d http:\/\/t.co\/CTrqpQot #econdebate"},{"possibly_sensitive":false,"place":null,"retweet_count":29,"in_reply_to_screen_name":null,"created_at":"Wed Oct 12 00:22:45 +0000 2011","retweeted":false,"in_reply_to_status_id_str":null,"in_reply_to_user_id_str":null,"user":{"time_zone":"Eastern Time (US & Canada)","profile_link_color":"016fd0","protected":false,"created_at":"Sun Apr 13 20:23:13 +0000 2008","profile_image_url_https":"https:\/\/si0.twimg.com\/profile_images\/1169754210\/democrats-twitter-icon_normal.png","name":"The Democrats","geo_enabled":false,"favourites_count":3,"profile_background_color":"00aef3","default_profile_image":false,"notifications":null,"profile_background_tile":false,"utc_offset":-18000,"description":"This is the official Twitter account of the Democratic Party.  Follow our tweets to get the latest info on Democratic news, issues, and events.","default_profile":false,"statuses_count":4412,"following":null,"verified":true,"profile_sidebar_fill_color":"eff0f1","followers_count":54990,"profile_image_url":"http:\/\/a3.twimg.com\/profile_images\/1169754210\/democrats-twitter-icon_normal.png","follow_request_sent":null,"profile_sidebar_border_color":"a6a6a6","location":"Washington, DC","is_translator":false,"contributors_enabled":true,"screen_name":"TheDemocrats","profile_use_background_image":true,"url":"http:\/\/www.democrats.org\/","id_str":"14377605","show_all_inline_media":false,"profile_background_image_url_https":"https:\/\/si0.twimg.com\/profile_background_images\/172797255\/democrats-twitter-comp.jpg","profile_text_color":"333333","id":14377605,"listed_count":2934,"lang":"en","profile_background_image_url":"http:\/\/a1.twimg.com\/profile_background_images\/172797255\/democrats-twitter-comp.jpg","friends_count":1018},"contributors":null,"in_reply_to_status_id":null,"source":"<a href=\"http:\/\/www.hootsuite.com\" rel=\"nofollow\">HootSuite<\/a>","id_str":"123916481040883712","geo":null,"favorited":false,"id":123916481040883712,"coordinates":null,"in_reply_to_user_id":null,"truncated":false,"text":"FACT: Huntsman\u2019s plan would increase taxes on the middle class & introduce new taxes on seniors, vets & poor families. http:\/\/t.co\/IkCW36Gs","name":"TheDemocrats","boldText":"FACT: Huntsman\u2019s plan would increase <B>taxes<\/B> on the middle class & introduce new <B>taxes<\/B> on seniors, vets & poor families. http:\/\/t.co\/IkCW36Gs"},{"possibly_sensitive":false,"place":null,"retweet_count":11,"in_reply_to_screen_name":null,"created_at":"Tue Oct 11 15:47:14 +0000 2011","retweeted":false,"in_reply_to_status_id_str":null,"in_reply_to_user_id_str":null,"user":{"time_zone":"Eastern Time (US & Canada)","profile_link_color":"016fd0","protected":false,"created_at":"Sun Apr 13 20:23:13 +0000 2008","profile_image_url_https":"https:\/\/si0.twimg.com\/profile_images\/1169754210\/democrats-twitter-icon_normal.png","name":"The Democrats","geo_enabled":false,"favourites_count":3,"profile_background_color":"00aef3","default_profile_image":false,"notifications":null,"profile_background_tile":false,"utc_offset":-18000,"description":"This is the official Twitter account of the Democratic Party.  Follow our tweets to get the latest info on Democratic news, issues, and events.","statuses_count":4412,"following":null,"verified":true,"profile_sidebar_fill_color":"eff0f1","followers_count":54990,"profile_image_url":"http:\/\/a3.twimg.com\/profile_images\/1169754210\/democrats-twitter-icon_normal.png","follow_request_sent":null,"profile_sidebar_border_color":"a6a6a6","location":"Washington, DC","is_translator":false,"contributors_enabled":true,"screen_name":"TheDemocrats","profile_use_background_image":true,"url":"http:\/\/www.democrats.org\/","id_str":"14377605","default_profile":false,"show_all_inline_media":false,"profile_background_image_url_https":"https:\/\/si0.twimg.com\/profile_background_images\/172797255\/democrats-twitter-comp.jpg","profile_text_color":"333333","id":14377605,"listed_count":2934,"lang":"en","profile_background_image_url":"http:\/\/a1.twimg.com\/profile_background_images\/172797255\/democrats-twitter-comp.jpg","friends_count":1018},"contributors":null,"in_reply_to_status_id":null,"source":"<a href=\"http:\/\/www.hootsuite.com\" rel=\"nofollow\">HootSuite<\/a>","id_str":"123786743651635200","geo":null,"favorited":false,"id":123786743651635200,"coordinates":null,"in_reply_to_user_id":null,"truncated":false,"text":"\"White House used Mitt Romney health care law as blueprint for federal law\" (via @msnbc): http:\/\/t.co\/StVr161B","name":"TheDemocrats","boldText":"\"White House used Mitt Romney health care law as blueprint for <B>fed<\/B>eral law\" (via @msnbc): http:\/\/t.co\/StVr161B"},{"possibly_sensitive":false,"place":null,"retweet_count":"100+","in_reply_to_screen_name":null,"created_at":"Thu Oct 06 21:16:48 +0000 2011","retweeted":false,"in_reply_to_status_id_str":null,"in_reply_to_user_id_str":null,"user":{"time_zone":"Eastern Time (US & Canada)","profile_link_color":"2574ad","protected":false,"created_at":"Mon Mar 05 22:08:25 +0000 2007","profile_image_url_https":"https:\/\/si0.twimg.com\/profile_images\/1400727240\/o2012_twitter_normal.jpg","name":"Barack Obama","geo_enabled":false,"favourites_count":0,"profile_background_color":"77b0dc","default_profile_image":false,"notifications":false,"profile_background_tile":false,"utc_offset":-18000,"description":"This account is run by #Obama2012 campaign staff. Tweets from the President are signed -BO.\r\n","statuses_count":2119,"following":true,"verified":true,"profile_sidebar_fill_color":"c2e0f6","followers_count":10933497,"profile_image_url":"http:\/\/a1.twimg.com\/profile_images\/1400727240\/o2012_twitter_normal.jpg","default_profile":false,"follow_request_sent":false,"profile_sidebar_border_color":"c2e0f6","location":"Washington, DC","is_translator":false,"contributors_enabled":true,"screen_name":"BarackObama","profile_use_background_image":true,"url":"http:\/\/www.barackobama.com","id_str":"813286","show_all_inline_media":false,"profile_background_image_url_https":"https:\/\/si0.twimg.com\/profile_background_images\/272273809\/2012background_less.jpg","profile_text_color":"333333","id":813286,"listed_count":158350,"lang":"en","profile_background_image_url":"http:\/\/a2.twimg.com\/profile_background_images\/272273809\/2012background_less.jpg","friends_count":687238},"contributors":null,"in_reply_to_status_id":null,"source":"web","id_str":"122057745364041729","geo":null,"favorited":false,"id":122057745364041729,"coordinates":null,"in_reply_to_user_id":null,"truncated":false,"text":"Help protect Wall Street reform\u2014tell Senate Republicans that the @CFPB needs a director now: http:\/\/t.co\/84pOFc4d","name":"BarackObama","boldText":"Help protect <B>Wall Street<\/B> reform\u2014tell Senate Republicans that the @CFPB needs a director now: http:\/\/t.co\/84pOFc4d"},{"possibly_sensitive":false,"place":null,"retweet_count":"100+","in_reply_to_screen_name":null,"created_at":"Thu Oct 06 20:04:39 +0000 2011","retweeted":false,"in_reply_to_status_id_str":null,"in_reply_to_user_id_str":null,"user":{"time_zone":"Eastern Time (US & Canada)","profile_link_color":"2574ad","protected":false,"created_at":"Mon Mar 05 22:08:25 +0000 2007","profile_image_url_https":"https:\/\/si0.twimg.com\/profile_images\/1400727240\/o2012_twitter_normal.jpg","name":"Barack Obama","geo_enabled":false,"favourites_count":0,"profile_background_color":"77b0dc","default_profile_image":false,"notifications":false,"profile_background_tile":false,"utc_offset":-18000,"description":"This account is run by #Obama2012 campaign staff. Tweets from the President are signed -BO.\r\n","default_profile":false,"statuses_count":2119,"following":true,"verified":true,"profile_sidebar_fill_color":"c2e0f6","followers_count":10933053,"profile_image_url":"http:\/\/a1.twimg.com\/profile_images\/1400727240\/o2012_twitter_normal.jpg","follow_request_sent":false,"profile_sidebar_border_color":"c2e0f6","location":"Washington, DC","is_translator":false,"contributors_enabled":true,"screen_name":"BarackObama","profile_use_background_image":true,"url":"http:\/\/www.barackobama.com","id_str":"813286","show_all_inline_media":false,"profile_background_image_url_https":"https:\/\/si0.twimg.com\/profile_background_images\/272273809\/2012background_less.jpg","profile_text_color":"333333","id":813286,"listed_count":158350,"lang":"en","profile_background_image_url":"http:\/\/a2.twimg.com\/profile_background_images\/272273809\/2012background_less.jpg","friends_count":687239},"contributors":null,"in_reply_to_status_id":null,"source":"web","id_str":"122039584908509184","geo":null,"favorited":false,"id":122039584908509184,"coordinates":null,"in_reply_to_user_id":null,"truncated":false,"text":"The GOP isn't just against the President's nominee\u2014they're against Wall Street reform. Tell them not to block the vote: http:\/\/t.co\/8KroiCCJ","name":"BarackObama","boldText":"The GOP isn't just against the President's nominee\u2014they're against <B>Wall Street<\/B> reform. Tell them not to block the vote: http:\/\/t.co\/8KroiCCJ"},{"possibly_sensitive":false,"place":null,"retweet_count":33,"in_reply_to_screen_name":null,"created_at":"Thu Oct 06 17:01:57 +0000 2011","retweeted":false,"in_reply_to_status_id_str":null,"in_reply_to_user_id_str":null,"user":{"time_zone":"Eastern Time (US & Canada)","profile_link_color":"016fd0","protected":false,"created_at":"Sun Apr 13 20:23:13 +0000 2008","profile_image_url_https":"https:\/\/si0.twimg.com\/profile_images\/1169754210\/democrats-twitter-icon_normal.png","name":"The Democrats","geo_enabled":false,"favourites_count":3,"profile_background_color":"00aef3","default_profile_image":false,"notifications":null,"profile_background_tile":false,"utc_offset":-18000,"description":"This is the official Twitter account of the Democratic Party.  Follow our tweets to get the latest info on Democratic news, issues, and events.","statuses_count":4412,"following":null,"verified":true,"profile_sidebar_fill_color":"eff0f1","followers_count":54990,"profile_image_url":"http:\/\/a3.twimg.com\/profile_images\/1169754210\/democrats-twitter-icon_normal.png","follow_request_sent":null,"profile_sidebar_border_color":"a6a6a6","location":"Washington, DC","is_translator":false,"contributors_enabled":true,"screen_name":"TheDemocrats","profile_use_background_image":true,"url":"http:\/\/www.democrats.org\/","id_str":"14377605","default_profile":false,"show_all_inline_media":false,"profile_background_image_url_https":"https:\/\/si0.twimg.com\/profile_background_images\/172797255\/democrats-twitter-comp.jpg","profile_text_color":"333333","id":14377605,"listed_count":2934,"lang":"en","profile_background_image_url":"http:\/\/a1.twimg.com\/profile_background_images\/172797255\/democrats-twitter-comp.jpg","friends_count":1018},"contributors":null,"in_reply_to_status_id":null,"source":"<a href=\"http:\/\/www.hootsuite.com\" rel=\"nofollow\">HootSuite<\/a>","id_str":"121993609938599936","geo":null,"favorited":false,"id":121993609938599936,"coordinates":null,"in_reply_to_user_id":null,"truncated":false,"text":"Tell Republicans\u2014put consumers ahead of Wall Street. Confirm Richard Cordray to run the @CFPB. http:\/\/j.mp\/nyADl1","name":"TheDemocrats","boldText":"Tell Republicans\u2014put consumers ahead of <B>Wall Street<\/B>. Confirm Richard Cordray to run the @CFPB. http:\/\/j.mp\/nyADl1"},{"possibly_sensitive":false,"place":null,"retweet_count":18,"in_reply_to_screen_name":null,"created_at":"Thu Oct 06 16:15:12 +0000 2011","retweeted":false,"in_reply_to_status_id_str":null,"in_reply_to_user_id_str":null,"user":{"time_zone":"Eastern Time (US & Canada)","profile_link_color":"016fd0","protected":false,"created_at":"Sun Apr 13 20:23:13 +0000 2008","profile_image_url_https":"https:\/\/si0.twimg.com\/profile_images\/1169754210\/democrats-twitter-icon_normal.png","name":"The Democrats","geo_enabled":false,"favourites_count":3,"profile_background_color":"00aef3","default_profile_image":false,"notifications":null,"profile_background_tile":false,"utc_offset":-18000,"description":"This is the official Twitter account of the Democratic Party.  Follow our tweets to get the latest info on Democratic news, issues, and events.","statuses_count":4412,"following":null,"verified":true,"profile_sidebar_fill_color":"eff0f1","followers_count":54990,"profile_image_url":"http:\/\/a3.twimg.com\/profile_images\/1169754210\/democrats-twitter-icon_normal.png","follow_request_sent":null,"profile_sidebar_border_color":"a6a6a6","location":"Washington, DC","is_translator":false,"contributors_enabled":true,"screen_name":"TheDemocrats","profile_use_background_image":true,"url":"http:\/\/www.democrats.org\/","id_str":"14377605","default_profile":false,"show_all_inline_media":false,"profile_background_image_url_https":"https:\/\/si0.twimg.com\/profile_background_images\/172797255\/democrats-twitter-comp.jpg","profile_text_color":"333333","id":14377605,"listed_count":2934,"lang":"en","profile_background_image_url":"http:\/\/a1.twimg.com\/profile_background_images\/172797255\/democrats-twitter-comp.jpg","friends_count":1018},"contributors":null,"in_reply_to_status_id":null,"source":"<a href=\"http:\/\/www.hootsuite.com\" rel=\"nofollow\">HootSuite<\/a>","id_str":"121981844999770113","geo":null,"favorited":false,"id":121981844999770113,"coordinates":null,"in_reply_to_user_id":null,"truncated":false,"text":"\"Coordinated Dem attack will tie Republicans to Wall Street\" (via @politico): http:\/\/j.mp\/pWYser","name":"TheDemocrats","boldText":"\"Coordinated Dem attack will tie Republicans to <B>Wall Street<\/B>\" (via @politico): http:\/\/j.mp\/pWYser"},{"possibly_sensitive":false,"place":null,"retweet_count":7,"in_reply_to_screen_name":null,"created_at":"Thu Sep 29 20:52:28 +0000 2011","retweeted":false,"in_reply_to_status_id_str":null,"in_reply_to_user_id_str":null,"user":{"time_zone":"Mountain Time (US & Canada)","profile_link_color":"990000","protected":false,"default_profile":false,"created_at":"Sat Apr 04 02:35:24 +0000 2009","profile_image_url_https":"https:\/\/si0.twimg.com\/profile_images\/120922080\/Barack_Obama_normal.jpg","name":"Barack Obama","geo_enabled":false,"favourites_count":0,"profile_background_color":"03031b","default_profile_image":false,"notifications":null,"profile_background_tile":false,"utc_offset":-25200,"description":"44th President of the United States","statuses_count":1597,"following":null,"verified":false,"profile_sidebar_fill_color":"F3F3F3","followers_count":41088,"profile_image_url":"http:\/\/a2.twimg.com\/profile_images\/120922080\/Barack_Obama_normal.jpg","follow_request_sent":null,"profile_sidebar_border_color":"DFDFDF","location":"Washington DC","is_translator":false,"contributors_enabled":false,"screen_name":"BarackObamaUSA","profile_use_background_image":true,"url":"http:\/\/whitehouse.gov","id_str":"28720516","show_all_inline_media":true,"profile_background_image_url_https":"https:\/\/si0.twimg.com\/profile_background_images\/7449575\/0b0b21.png","profile_text_color":"333333","id":28720516,"listed_count":513,"lang":"en","profile_background_image_url":"http:\/\/a2.twimg.com\/profile_background_images\/7449575\/0b0b21.png","friends_count":743},"contributors":null,"in_reply_to_status_id":null,"source":"<a href=\"http:\/\/twitterfeed.com\" rel=\"nofollow\">twitterfeed<\/a>","id_str":"119514905773748224","geo":null,"favorited":false,"id":119514905773748224,"coordinates":null,"in_reply_to_user_id":null,"truncated":false,"text":"Tackling Waste in Contracting: \n\tAs part of the Administration\u2019s Campaign to Cut Waste, OMB\u2019s Office of Feder... http:\/\/t.co\/0YUyqG0H","name":"BarackObamaUSA","boldText":"Tackling Waste in Contracting: \n\tAs part of the Administration\u2019s Campaign to Cut Waste, OMB\u2019s Office of <B>Fed<\/B>er... http:\/\/t.co\/0YUyqG0H"},{"possibly_sensitive":false,"place":null,"retweet_count":4,"in_reply_to_screen_name":null,"created_at":"Thu Sep 29 14:22:49 +0000 2011","retweeted":false,"in_reply_to_status_id_str":null,"in_reply_to_user_id_str":null,"user":{"default_profile":false,"time_zone":"Mountain Time (US & Canada)","profile_link_color":"990000","protected":false,"created_at":"Sat Apr 04 02:35:24 +0000 2009","profile_image_url_https":"https:\/\/si0.twimg.com\/profile_images\/120922080\/Barack_Obama_normal.jpg","name":"Barack Obama","geo_enabled":false,"favourites_count":0,"profile_background_color":"03031b","default_profile_image":false,"notifications":null,"profile_background_tile":false,"utc_offset":-25200,"description":"44th President of the United States","statuses_count":1597,"following":null,"verified":false,"profile_sidebar_fill_color":"F3F3F3","followers_count":41089,"profile_image_url":"http:\/\/a2.twimg.com\/profile_images\/120922080\/Barack_Obama_normal.jpg","follow_request_sent":null,"profile_sidebar_border_color":"DFDFDF","location":"Washington DC","is_translator":false,"contributors_enabled":false,"screen_name":"BarackObamaUSA","profile_use_background_image":true,"url":"http:\/\/whitehouse.gov","id_str":"28720516","show_all_inline_media":true,"profile_background_image_url_https":"https:\/\/si0.twimg.com\/profile_background_images\/7449575\/0b0b21.png","profile_text_color":"333333","id":28720516,"listed_count":513,"lang":"en","profile_background_image_url":"http:\/\/a2.twimg.com\/profile_background_images\/7449575\/0b0b21.png","friends_count":743},"contributors":null,"in_reply_to_status_id":null,"source":"<a href=\"http:\/\/twitterfeed.com\" rel=\"nofollow\">twitterfeed<\/a>","id_str":"119416847132135424","geo":null,"favorited":false,"id":119416847132135424,"coordinates":null,"in_reply_to_user_id":null,"truncated":false,"text":"A Dynamic Approach to Federal Cybersecurity: \n\tAt the 2010 RSA Conference, I issued a rallying call for the c... http:\/\/t.co\/7euRmr0f","name":"BarackObamaUSA","boldText":"A Dynamic Approach to <B>Fed<\/B>eral Cybersecurity: \n\tAt the 2010 RSA Conference, I issued a rallying call for the c... http:\/\/t.co\/7euRmr0f"},{"possibly_sensitive":false,"place":null,"retweet_count":"100+","in_reply_to_screen_name":null,"created_at":"Wed Sep 28 19:05:01 +0000 2011","retweeted":false,"in_reply_to_status_id_str":null,"in_reply_to_user_id_str":null,"user":{"time_zone":"Eastern Time (US & Canada)","profile_link_color":"2574ad","protected":false,"default_profile":false,"created_at":"Mon Mar 05 22:08:25 +0000 2007","profile_image_url_https":"https:\/\/si0.twimg.com\/profile_images\/1400727240\/o2012_twitter_normal.jpg","name":"Barack Obama","geo_enabled":false,"favourites_count":0,"profile_background_color":"77b0dc","default_profile_image":false,"notifications":false,"profile_background_tile":false,"utc_offset":-18000,"description":"This account is run by #Obama2012 campaign staff. Tweets from the President are signed -BO.\r\n","statuses_count":2119,"following":true,"verified":true,"profile_sidebar_fill_color":"c2e0f6","followers_count":10933317,"profile_image_url":"http:\/\/a1.twimg.com\/profile_images\/1400727240\/o2012_twitter_normal.jpg","follow_request_sent":false,"profile_sidebar_border_color":"c2e0f6","location":"Washington, DC","is_translator":false,"contributors_enabled":true,"screen_name":"BarackObama","profile_use_background_image":true,"url":"http:\/\/www.barackobama.com","id_str":"813286","show_all_inline_media":false,"profile_background_image_url_https":"https:\/\/si0.twimg.com\/profile_background_images\/272273809\/2012background_less.jpg","profile_text_color":"333333","id":813286,"listed_count":158348,"lang":"en","profile_background_image_url":"http:\/\/a2.twimg.com\/profile_background_images\/272273809\/2012background_less.jpg","friends_count":687239},"contributors":null,"in_reply_to_status_id":null,"source":"web","id_str":"119125477574193152","geo":null,"favorited":false,"id":119125477574193152,"coordinates":null,"in_reply_to_user_id":null,"truncated":false,"text":"Let President Obama know you\u2019ve got his back in asking the wealthiest Americans to pay their fair share in taxes. http:\/\/t.co\/Mx77JfwL","name":"BarackObama","boldText":"Let President Obama know you\u2019ve got his back in asking the wealthiest Americans to pay their fair share in <B>taxes<\/B>. http:\/\/t.co\/Mx77JfwL"},{"possibly_sensitive":false,"place":null,"retweet_count":8,"in_reply_to_screen_name":null,"created_at":"Mon Sep 19 21:43:23 +0000 2011","retweeted":false,"in_reply_to_status_id_str":null,"in_reply_to_user_id_str":null,"user":{"default_profile":false,"time_zone":"Mountain Time (US & Canada)","profile_link_color":"990000","protected":false,"created_at":"Sat Apr 04 02:35:24 +0000 2009","profile_image_url_https":"https:\/\/si0.twimg.com\/profile_images\/120922080\/Barack_Obama_normal.jpg","name":"Barack Obama","geo_enabled":false,"favourites_count":0,"profile_background_color":"03031b","default_profile_image":false,"notifications":null,"profile_background_tile":false,"utc_offset":-25200,"description":"44th President of the United States","statuses_count":1597,"following":null,"verified":false,"profile_sidebar_fill_color":"F3F3F3","followers_count":41089,"profile_image_url":"http:\/\/a2.twimg.com\/profile_images\/120922080\/Barack_Obama_normal.jpg","follow_request_sent":null,"profile_sidebar_border_color":"DFDFDF","location":"Washington DC","is_translator":false,"contributors_enabled":false,"screen_name":"BarackObamaUSA","profile_use_background_image":true,"url":"http:\/\/whitehouse.gov","id_str":"28720516","show_all_inline_media":true,"profile_background_image_url_https":"https:\/\/si0.twimg.com\/profile_background_images\/7449575\/0b0b21.png","profile_text_color":"333333","id":28720516,"listed_count":513,"lang":"en","profile_background_image_url":"http:\/\/a2.twimg.com\/profile_background_images\/7449575\/0b0b21.png","friends_count":743},"contributors":null,"in_reply_to_status_id":null,"source":"<a href=\"http:\/\/twitterfeed.com\" rel=\"nofollow\">twitterfeed<\/a>","id_str":"115903842054447104","geo":null,"favorited":false,"id":115903842054447104,"coordinates":null,"in_reply_to_user_id":null,"truncated":false,"text":"How Do You Think Federal Websites Can Improve?: \n\tIf you've ever been on a .gov site and thought, \"Hey, this ... http:\/\/t.co\/yug1oYz0","name":"BarackObamaUSA","boldText":"How Do You Think <B>Fed<\/B>eral Websites Can Improve?: \n\tIf you've ever been on a .gov site and thought, \"Hey, this ... http:\/\/t.co\/yug1oYz0"},{"possibly_sensitive":false,"place":null,"retweet_count":2,"in_reply_to_screen_name":null,"created_at":"Sat Sep 17 23:05:21 +0000 2011","retweeted":false,"in_reply_to_status_id_str":null,"in_reply_to_user_id_str":null,"user":{"default_profile":false,"time_zone":"Mountain Time (US & Canada)","profile_link_color":"990000","protected":false,"created_at":"Sat Apr 04 02:35:24 +0000 2009","profile_image_url_https":"https:\/\/si0.twimg.com\/profile_images\/120922080\/Barack_Obama_normal.jpg","name":"Barack Obama","geo_enabled":false,"favourites_count":0,"profile_background_color":"03031b","default_profile_image":false,"notifications":null,"profile_background_tile":false,"utc_offset":-25200,"description":"44th President of the United States","statuses_count":1597,"following":null,"verified":false,"profile_sidebar_fill_color":"F3F3F3","followers_count":41089,"profile_image_url":"http:\/\/a2.twimg.com\/profile_images\/120922080\/Barack_Obama_normal.jpg","follow_request_sent":null,"profile_sidebar_border_color":"DFDFDF","location":"Washington DC","is_translator":false,"contributors_enabled":false,"screen_name":"BarackObamaUSA","profile_use_background_image":true,"url":"http:\/\/whitehouse.gov","id_str":"28720516","show_all_inline_media":true,"profile_background_image_url_https":"https:\/\/si0.twimg.com\/profile_background_images\/7449575\/0b0b21.png","profile_text_color":"333333","id":28720516,"listed_count":513,"lang":"en","profile_background_image_url":"http:\/\/a2.twimg.com\/profile_background_images\/7449575\/0b0b21.png","friends_count":743},"contributors":null,"in_reply_to_status_id":null,"source":"<a href=\"http:\/\/twitterfeed.com\" rel=\"nofollow\">twitterfeed<\/a>","id_str":"115199693214068736","geo":null,"favorited":false,"id":115199693214068736,"coordinates":null,"in_reply_to_user_id":null,"truncated":false,"text":"Honoring Our Nation\u2019s Finest Federal Employees: \n\tFrom investigating crooks who swindle Americans out of thei... http:\/\/t.co\/c5fNwcLM","name":"BarackObamaUSA","boldText":"Honoring Our Nation\u2019s Finest <B>Fed<\/B>eral Employees: \n\tFrom investigating crooks who swindle Americans out of thei... http:\/\/t.co\/c5fNwcLM"},{"possibly_sensitive":false,"place":null,"retweet_count":3,"in_reply_to_screen_name":null,"created_at":"Fri Sep 16 20:57:24 +0000 2011","retweeted":false,"in_reply_to_status_id_str":null,"in_reply_to_user_id_str":null,"user":{"default_profile":false,"time_zone":"Mountain Time (US & Canada)","profile_link_color":"990000","protected":false,"created_at":"Sat Apr 04 02:35:24 +0000 2009","profile_image_url_https":"https:\/\/si0.twimg.com\/profile_images\/120922080\/Barack_Obama_normal.jpg","name":"Barack Obama","geo_enabled":false,"favourites_count":0,"profile_background_color":"03031b","default_profile_image":false,"notifications":null,"profile_background_tile":false,"utc_offset":-25200,"description":"44th President of the United States","statuses_count":1597,"following":null,"verified":false,"profile_sidebar_fill_color":"F3F3F3","followers_count":41089,"profile_image_url":"http:\/\/a2.twimg.com\/profile_images\/120922080\/Barack_Obama_normal.jpg","follow_request_sent":null,"profile_sidebar_border_color":"DFDFDF","location":"Washington DC","is_translator":false,"contributors_enabled":false,"screen_name":"BarackObamaUSA","profile_use_background_image":true,"url":"http:\/\/whitehouse.gov","id_str":"28720516","show_all_inline_media":true,"profile_background_image_url_https":"https:\/\/si0.twimg.com\/profile_background_images\/7449575\/0b0b21.png","profile_text_color":"333333","id":28720516,"listed_count":513,"lang":"en","profile_background_image_url":"http:\/\/a2.twimg.com\/profile_background_images\/7449575\/0b0b21.png","friends_count":743},"contributors":null,"in_reply_to_status_id":null,"source":"<a href=\"http:\/\/twitterfeed.com\" rel=\"nofollow\">twitterfeed<\/a>","id_str":"114805103315255297","geo":null,"favorited":false,"id":114805103315255297,"coordinates":null,"in_reply_to_user_id":null,"truncated":false,"text":"American Jobs Act: Rebuilding the Economy the American Way: \n\tIn this morning\u2019s Wall Street Journal, U.S. Cha... http:\/\/t.co\/A8f3fdtt","name":"BarackObamaUSA","boldText":"American Jobs Act: Rebuilding the Economy the American Way: \n\tIn this morning\u2019s <B>Wall Street<\/B> Journal, U.S. Cha... http:\/\/t.co\/A8f3fdtt"},{"possibly_sensitive":false,"place":null,"retweet_count":0,"in_reply_to_screen_name":null,"created_at":"Tue Sep 13 14:05:18 +0000 2011","retweeted":false,"in_reply_to_status_id_str":null,"in_reply_to_user_id_str":null,"user":{"default_profile":false,"time_zone":"Mountain Time (US & Canada)","profile_link_color":"990000","protected":false,"created_at":"Sat Apr 04 02:35:24 +0000 2009","profile_image_url_https":"https:\/\/si0.twimg.com\/profile_images\/120922080\/Barack_Obama_normal.jpg","name":"Barack Obama","geo_enabled":false,"favourites_count":0,"profile_background_color":"03031b","default_profile_image":false,"notifications":null,"profile_background_tile":false,"utc_offset":-25200,"description":"44th President of the United States","statuses_count":1597,"following":null,"verified":false,"profile_sidebar_fill_color":"F3F3F3","followers_count":41089,"profile_image_url":"http:\/\/a2.twimg.com\/profile_images\/120922080\/Barack_Obama_normal.jpg","follow_request_sent":null,"profile_sidebar_border_color":"DFDFDF","location":"Washington DC","is_translator":false,"contributors_enabled":false,"screen_name":"BarackObamaUSA","profile_use_background_image":true,"url":"http:\/\/whitehouse.gov","id_str":"28720516","show_all_inline_media":true,"profile_background_image_url_https":"https:\/\/si0.twimg.com\/profile_background_images\/7449575\/0b0b21.png","profile_text_color":"333333","id":28720516,"listed_count":513,"lang":"en","profile_background_image_url":"http:\/\/a2.twimg.com\/profile_background_images\/7449575\/0b0b21.png","friends_count":743},"contributors":null,"in_reply_to_status_id":null,"source":"<a href=\"http:\/\/twitterfeed.com\" rel=\"nofollow\">twitterfeed<\/a>","id_str":"113614230263050240","geo":null,"favorited":false,"id":113614230263050240,"coordinates":null,"in_reply_to_user_id":null,"truncated":false,"text":"Back on the Job Thanks to Federal Transportation Investments: \n\tEd. Note: The following is cross-listed with ... http:\/\/t.co\/6flIF3O","name":"BarackObamaUSA","boldText":"Back on the Job Thanks to <B>Fed<\/B>eral Transportation Investments: \n\tEd. Note: The following is cross-listed with ... http:\/\/t.co\/6flIF3O"}]