[{"possibly_sensitive":false,"place":{"country_code":"US","place_type":"city","name":"Austin","bounding_box":{"type":"Polygon","coordinates":[[[-97.938282,30.098659],[-97.56842,30.098659],[-97.56842,30.49685],[-97.938282,30.49685]]]},"attributes":{},"full_name":"Austin, TX","country":"United States","url":"http:\/\/api.twitter.com\/1\/geo\/id\/c3f37afa9efcf94b.json","id":"c3f37afa9efcf94b"},"retweet_count":29,"in_reply_to_screen_name":null,"created_at":"Tue Nov 01 16:37:02 +0000 2011","retweeted":false,"in_reply_to_status_id_str":null,"in_reply_to_user_id_str":null,"user":{"time_zone":"Central Time (US & Canada)","profile_link_color":"173852","protected":false,"created_at":"Wed Jan 21 15:27:55 +0000 2009","profile_image_url_https":"https:\/\/si0.twimg.com\/profile_images\/103613091\/TexGov-Twitter_normal.jpg","name":"Office of Gov Perry","geo_enabled":true,"favourites_count":0,"profile_background_color":"173652","default_profile_image":false,"notifications":false,"profile_background_tile":false,"utc_offset":-21600,"description":"Official news from the Office of Texas Governor Rick Perry.","statuses_count":1136,"following":false,"verified":false,"profile_sidebar_fill_color":"d4e1e9","followers_count":19350,"profile_image_url":"http:\/\/a0.twimg.com\/profile_images\/103613091\/TexGov-Twitter_normal.jpg","follow_request_sent":false,"profile_sidebar_border_color":"d4e1e9","location":"The Texas Capitol, Austin, TX","is_translator":false,"contributors_enabled":false,"screen_name":"TexGov","profile_use_background_image":true,"url":"http:\/\/www.governor.state.tx.us","id_str":"19291441","default_profile":false,"show_all_inline_media":false,"profile_background_image_url_https":"https:\/\/si0.twimg.com\/profile_background_images\/263535204\/Background-NEW.png","profile_text_color":"173852","id":19291441,"listed_count":878,"lang":"en","profile_background_image_url":"http:\/\/a2.twimg.com\/profile_background_images\/263535204\/Background-NEW.png","friends_count":3555},"contributors":null,"in_reply_to_status_id":null,"source":"<a href=\"http:\/\/twitter.com\/#!\/download\/iphone\" rel=\"nofollow\">Twitter for iPhone<\/a>","id_str":"131409423779377153","geo":{"type":"Point","coordinates":[30.27235882,-97.73885057]},"favorited":false,"id":131409423779377153,"coordinates":{"type":"Point","coordinates":[-97.73885057,30.27235882]},"in_reply_to_user_id":null,"truncated":false,"text":"Texas again takes #1 spot in 2011 State #Business Climate rankings by Site Selection Magazine. http:\/\/t.co\/HNfYHPtR via @TexasOne","name":"TexGov","boldText":"Texas again takes #1 spot in 2011 State #Business <B>Climate<\/B> rankings by Site Selection Magazine. http:\/\/t.co\/HNfYHPtR via @TexasOne"},{"possibly_sensitive":false,"place":null,"retweet_count":7,"in_reply_to_screen_name":null,"created_at":"Fri Oct 28 18:47:49 +0000 2011","retweeted":false,"in_reply_to_status_id_str":null,"in_reply_to_user_id_str":null,"user":{"time_zone":"Central Time (US & Canada)","profile_link_color":"0084B4","protected":false,"created_at":"Tue Aug 23 00:05:24 +0000 2011","profile_image_url_https":"https:\/\/si0.twimg.com\/profile_images\/1510194492\/Projection_Logo_Black_sq_normal.jpg","name":"PerryTruthTeam","geo_enabled":false,"favourites_count":0,"profile_background_color":"C0DEED","default_profile_image":false,"notifications":false,"profile_background_tile":false,"utc_offset":-21600,"description":"Campaign account for @GovernorPerry, candidate for president in 2012. Send tips to PerryTruthTeam@rickperry.org.","statuses_count":164,"following":false,"verified":false,"profile_sidebar_fill_color":"DDEEF6","followers_count":3937,"profile_image_url":"http:\/\/a3.twimg.com\/profile_images\/1510194492\/Projection_Logo_Black_sq_normal.jpg","follow_request_sent":false,"profile_sidebar_border_color":"C0DEED","location":"","is_translator":false,"default_profile":false,"contributors_enabled":false,"screen_name":"PerryTruthTeam","profile_use_background_image":true,"url":"http:\/\/www.rickperry.org","id_str":"360286555","show_all_inline_media":false,"profile_background_image_url_https":"https:\/\/si0.twimg.com\/profile_background_images\/318027808\/RP_Twitter_logo.jpg","profile_text_color":"333333","id":360286555,"listed_count":126,"lang":"en","profile_background_image_url":"http:\/\/a3.twimg.com\/profile_background_images\/318027808\/RP_Twitter_logo.jpg","friends_count":256},"contributors":null,"in_reply_to_status_id":null,"source":"<a href=\"http:\/\/www.tweetdeck.com\" rel=\"nofollow\">TweetDeck<\/a>","id_str":"129992782386438144","geo":null,"favorited":false,"id":129992782386438144,"coordinates":null,"in_reply_to_user_id":null,"truncated":false,"text":"Romney Flips On Manmade Global Warming http:\/\/t.co\/7SCn6kVC #flipflopmitt","name":"PerryTruthTeam","boldText":"Romney Flips On Manmade <B>Global Warming<\/B> http:\/\/t.co\/7SCn6kVC #flipflopmitt"},{"possibly_sensitive":false,"place":null,"retweet_count":18,"in_reply_to_screen_name":null,"created_at":"Fri Oct 28 18:38:59 +0000 2011","retweeted":false,"in_reply_to_status_id_str":null,"in_reply_to_user_id_str":null,"user":{"time_zone":"Central Time (US & Canada)","profile_link_color":"f00514","protected":false,"created_at":"Fri Jan 16 20:35:54 +0000 2009","profile_image_url_https":"https:\/\/si0.twimg.com\/profile_images\/786044783\/iPhoneAppIconBlueRedBkg_normal.png","name":"Team Rick Perry","geo_enabled":false,"favourites_count":3931,"profile_background_color":"070536","default_profile_image":false,"notifications":null,"profile_background_tile":false,"utc_offset":-21600,"description":"Campaign account for @GovernorPerry, candidate for president in 2012. Visit http:\/\/rickperry.org to get involved today!","statuses_count":5513,"following":null,"verified":false,"profile_sidebar_fill_color":"fafafa","followers_count":22405,"profile_image_url":"http:\/\/a3.twimg.com\/profile_images\/786044783\/iPhoneAppIconBlueRedBkg_normal.png","follow_request_sent":null,"profile_sidebar_border_color":"0a0a0a","location":"Texas","is_translator":false,"default_profile":false,"contributors_enabled":false,"screen_name":"TeamRickPerry","profile_use_background_image":true,"url":"http:\/\/www.RickPerry.org","id_str":"19084128","show_all_inline_media":true,"profile_background_image_url_https":"https:\/\/si0.twimg.com\/profile_background_images\/310770335\/RP_Twitter_logo.jpg","profile_text_color":"030303","id":19084128,"listed_count":941,"lang":"en","profile_background_image_url":"http:\/\/a3.twimg.com\/profile_background_images\/310770335\/RP_Twitter_logo.jpg","friends_count":6964},"contributors":null,"in_reply_to_status_id":null,"source":"web","id_str":"129990561091436544","geo":null,"favorited":false,"id":129990561091436544,"coordinates":null,"in_reply_to_user_id":null,"truncated":false,"text":"Romney flips on man-made global warming http:\/\/t.co\/WImG8od4 #flipflopmitt","name":"TeamRickPerry","boldText":"Romney flips on man-made <B>global warming<\/B> http:\/\/t.co\/WImG8od4 #flipflopmitt"},{"possibly_sensitive":false,"place":null,"retweet_count":11,"in_reply_to_screen_name":null,"created_at":"Fri Oct 14 15:06:02 +0000 2011","retweeted":false,"in_reply_to_status_id_str":null,"in_reply_to_user_id_str":null,"user":{"time_zone":"Central Time (US & Canada)","profile_link_color":"f00514","protected":false,"created_at":"Fri Jan 16 20:35:54 +0000 2009","profile_image_url_https":"https:\/\/si0.twimg.com\/profile_images\/786044783\/iPhoneAppIconBlueRedBkg_normal.png","name":"Team Rick Perry","geo_enabled":false,"favourites_count":3931,"profile_background_color":"070536","default_profile_image":false,"notifications":null,"profile_background_tile":false,"utc_offset":-21600,"description":"Campaign account for @GovernorPerry, candidate for president in 2012. Visit http:\/\/rickperry.org to get involved today!","statuses_count":5513,"following":null,"verified":false,"profile_sidebar_fill_color":"fafafa","followers_count":22405,"profile_image_url":"http:\/\/a3.twimg.com\/profile_images\/786044783\/iPhoneAppIconBlueRedBkg_normal.png","follow_request_sent":null,"profile_sidebar_border_color":"0a0a0a","location":"Texas","is_translator":false,"default_profile":false,"contributors_enabled":false,"screen_name":"TeamRickPerry","profile_use_background_image":true,"url":"http:\/\/www.RickPerry.org","id_str":"19084128","show_all_inline_media":true,"profile_background_image_url_https":"https:\/\/si0.twimg.com\/profile_background_images\/310770335\/RP_Twitter_logo.jpg","profile_text_color":"030303","id":19084128,"listed_count":941,"lang":"en","profile_background_image_url":"http:\/\/a3.twimg.com\/profile_background_images\/310770335\/RP_Twitter_logo.jpg","friends_count":6964},"contributors":null,"in_reply_to_status_id":null,"source":"web","id_str":"124863538593406977","geo":null,"favorited":false,"id":124863538593406977,"coordinates":null,"in_reply_to_user_id":null,"truncated":false,"text":".@GovernorPerry will stop the EPA\u2019s draconian measures related to the regulation of greenhouse gases http:\/\/t.co\/3eMSlyHh","name":"TeamRickPerry","boldText":".@GovernorPerry will stop the EPA\u2019s draconian measures related to the regulation of <B>green<\/B>house gases http:\/\/t.co\/3eMSlyHh"},{"possibly_sensitive":false,"place":null,"retweet_count":19,"in_reply_to_screen_name":null,"created_at":"Thu Oct 13 17:21:19 +0000 2011","retweeted":false,"in_reply_to_status_id_str":null,"in_reply_to_user_id_str":null,"user":{"time_zone":"Central Time (US & Canada)","profile_link_color":"f00514","protected":false,"default_profile":false,"created_at":"Fri Jan 16 20:35:54 +0000 2009","profile_image_url_https":"https:\/\/si0.twimg.com\/profile_images\/786044783\/iPhoneAppIconBlueRedBkg_normal.png","name":"Team Rick Perry","geo_enabled":false,"favourites_count":3931,"profile_background_color":"070536","default_profile_image":false,"notifications":false,"profile_background_tile":false,"utc_offset":-21600,"description":"Campaign account for @GovernorPerry, candidate for president in 2012. Visit http:\/\/rickperry.org to get involved today!","statuses_count":5511,"following":false,"verified":false,"profile_sidebar_fill_color":"fafafa","followers_count":22404,"profile_image_url":"http:\/\/a3.twimg.com\/profile_images\/786044783\/iPhoneAppIconBlueRedBkg_normal.png","follow_request_sent":false,"profile_sidebar_border_color":"0a0a0a","location":"Texas","is_translator":false,"contributors_enabled":false,"screen_name":"TeamRickPerry","profile_use_background_image":true,"url":"http:\/\/www.RickPerry.org","id_str":"19084128","show_all_inline_media":true,"profile_background_image_url_https":"https:\/\/si0.twimg.com\/profile_background_images\/310770335\/RP_Twitter_logo.jpg","profile_text_color":"030303","id":19084128,"listed_count":941,"lang":"en","profile_background_image_url":"http:\/\/a3.twimg.com\/profile_background_images\/310770335\/RP_Twitter_logo.jpg","friends_count":6964},"contributors":null,"in_reply_to_status_id":null,"source":"web","id_str":"124535195910144000","geo":null,"favorited":false,"id":124535195910144000,"coordinates":null,"in_reply_to_user_id":null,"truncated":false,"text":"The Hill: @GovernorPerry calls expanding U.S. drilling \u2018key\u2019 to economic plan http:\/\/t.co\/YaRXg6BX","name":"TeamRickPerry","boldText":"The Hill: @GovernorPerry calls expanding U.S. <B>drilling<\/B> \u2018key\u2019 to economic plan http:\/\/t.co\/YaRXg6BX"},{"possibly_sensitive":false,"place":{"country_code":"US","place_type":"city","name":"Austin","bounding_box":{"type":"Polygon","coordinates":[[[-97.938383,30.098659],[-97.56842,30.098659],[-97.56842,30.49685],[-97.938383,30.49685]]]},"attributes":{},"full_name":"Austin, TX","country":"United States","url":"http:\/\/api.twitter.com\/1\/geo\/id\/c3f37afa9efcf94b.json","id":"c3f37afa9efcf94b"},"retweet_count":17,"in_reply_to_screen_name":null,"created_at":"Fri Sep 30 23:03:18 +0000 2011","retweeted":false,"in_reply_to_status_id_str":null,"in_reply_to_user_id_str":null,"user":{"time_zone":"Central Time (US & Canada)","profile_link_color":"173852","protected":false,"created_at":"Wed Jan 21 15:27:55 +0000 2009","profile_image_url_https":"https:\/\/si0.twimg.com\/profile_images\/103613091\/TexGov-Twitter_normal.jpg","name":"Office of Gov Perry","geo_enabled":true,"favourites_count":0,"profile_background_color":"173652","default_profile_image":false,"notifications":null,"profile_background_tile":false,"utc_offset":-21600,"description":"Official news from the Office of Texas Governor Rick Perry.","statuses_count":1136,"following":null,"verified":false,"profile_sidebar_fill_color":"d4e1e9","followers_count":19356,"profile_image_url":"http:\/\/a0.twimg.com\/profile_images\/103613091\/TexGov-Twitter_normal.jpg","follow_request_sent":null,"profile_sidebar_border_color":"d4e1e9","location":"The Texas Capitol, Austin, TX","is_translator":false,"default_profile":false,"contributors_enabled":false,"screen_name":"TexGov","profile_use_background_image":true,"url":"http:\/\/www.governor.state.tx.us","id_str":"19291441","show_all_inline_media":false,"profile_background_image_url_https":"https:\/\/si0.twimg.com\/profile_background_images\/263535204\/Background-NEW.png","profile_text_color":"173852","id":19291441,"listed_count":878,"lang":"en","profile_background_image_url":"http:\/\/a2.twimg.com\/profile_background_images\/263535204\/Background-NEW.png","friends_count":3555},"contributors":null,"in_reply_to_status_id":null,"source":"<a href=\"http:\/\/twitter.com\/#!\/download\/iphone\" rel=\"nofollow\">Twitter for iPhone<\/a>","id_str":"119910217470324736","geo":{"type":"Point","coordinates":[30.27275264,-97.73883131]},"favorited":false,"id":119910217470324736,"coordinates":{"type":"Point","coordinates":[-97.73883131,30.27275264]},"in_reply_to_user_id":null,"truncated":false,"text":"500 New #Jobs Coming to Aransas Pass, #Texas - Gulf Island Fab., expects to fill positions by 2012. #business http:\/\/t.co\/l2DHHDHn","name":"TexGov","boldText":"500 New #Jobs Coming to Aransas Pass, #Texas - <B>Gulf<\/B> Island Fab., expects to fill positions by 2012. #business http:\/\/t.co\/l2DHHDHn"},{"possibly_sensitive":false,"place":null,"retweet_count":17,"in_reply_to_screen_name":null,"created_at":"Fri Sep 30 01:49:21 +0000 2011","retweeted":false,"in_reply_to_status_id_str":null,"in_reply_to_user_id_str":null,"user":{"time_zone":"Central Time (US & Canada)","profile_link_color":"f00514","protected":false,"created_at":"Fri Jan 16 20:35:54 +0000 2009","profile_image_url_https":"https:\/\/si0.twimg.com\/profile_images\/786044783\/iPhoneAppIconBlueRedBkg_normal.png","name":"Team Rick Perry","geo_enabled":false,"favourites_count":3931,"profile_background_color":"070536","default_profile_image":false,"notifications":null,"profile_background_tile":false,"utc_offset":-21600,"description":"Campaign account for @GovernorPerry, candidate for president in 2012. Visit http:\/\/rickperry.org to get involved today!","statuses_count":5513,"following":null,"verified":false,"profile_sidebar_fill_color":"fafafa","followers_count":22405,"profile_image_url":"http:\/\/a3.twimg.com\/profile_images\/786044783\/iPhoneAppIconBlueRedBkg_normal.png","follow_request_sent":null,"profile_sidebar_border_color":"0a0a0a","location":"Texas","is_translator":false,"contributors_enabled":false,"screen_name":"TeamRickPerry","profile_use_background_image":true,"url":"http:\/\/www.RickPerry.org","id_str":"19084128","show_all_inline_media":true,"profile_background_image_url_https":"https:\/\/si0.twimg.com\/profile_background_images\/310770335\/RP_Twitter_logo.jpg","profile_text_color":"030303","id":19084128,"default_profile":false,"listed_count":941,"lang":"en","profile_background_image_url":"http:\/\/a3.twimg.com\/profile_background_images\/310770335\/RP_Twitter_logo.jpg","friends_count":6964},"contributors":null,"in_reply_to_status_id":null,"source":"web","id_str":"119589617765851136","geo":null,"favorited":false,"id":119589617765851136,"coordinates":null,"in_reply_to_user_id":null,"truncated":false,"text":"Obama\u2019s environmentalist army declares war on West Virginia jobs http:\/\/t.co\/kBSeaENq","name":"TeamRickPerry","boldText":"Obama\u2019s <B>environment<\/B>alist army declares war on West Virginia jobs http:\/\/t.co\/kBSeaENq"},{"possibly_sensitive":false,"place":null,"retweet_count":15,"in_reply_to_screen_name":null,"created_at":"Tue Sep 27 20:02:56 +0000 2011","retweeted":false,"in_reply_to_status_id_str":null,"in_reply_to_user_id_str":null,"user":{"time_zone":"Central Time (US & Canada)","profile_link_color":"173852","protected":false,"created_at":"Wed Jan 21 15:27:55 +0000 2009","profile_image_url_https":"https:\/\/si0.twimg.com\/profile_images\/103613091\/TexGov-Twitter_normal.jpg","name":"Office of Gov Perry","geo_enabled":true,"favourites_count":0,"profile_background_color":"173652","default_profile_image":false,"notifications":null,"profile_background_tile":false,"utc_offset":-21600,"description":"Official news from the Office of Texas Governor Rick Perry.","statuses_count":1136,"following":null,"verified":false,"profile_sidebar_fill_color":"d4e1e9","followers_count":19356,"profile_image_url":"http:\/\/a0.twimg.com\/profile_images\/103613091\/TexGov-Twitter_normal.jpg","follow_request_sent":null,"profile_sidebar_border_color":"d4e1e9","location":"The Texas Capitol, Austin, TX","is_translator":false,"default_profile":false,"contributors_enabled":false,"screen_name":"TexGov","profile_use_background_image":true,"url":"http:\/\/www.governor.state.tx.us","id_str":"19291441","show_all_inline_media":false,"profile_background_image_url_https":"https:\/\/si0.twimg.com\/profile_background_images\/263535204\/Background-NEW.png","profile_text_color":"173852","id":19291441,"listed_count":878,"lang":"en","profile_background_image_url":"http:\/\/a2.twimg.com\/profile_background_images\/263535204\/Background-NEW.png","friends_count":3555},"contributors":null,"in_reply_to_status_id":null,"source":"<a href=\"http:\/\/twitter.com\/tweetbutton\" rel=\"nofollow\">Tweet Button<\/a>","id_str":"118777664558465024","geo":null,"favorited":false,"id":118777664558465024,"coordinates":null,"in_reply_to_user_id":null,"truncated":false,"text":"Texas Takes Top Spot in Two Economic Development Surveys: Texas' jobs climate continues to receive accolades. http:\/\/t.co\/Zk9QU6XX","name":"TexGov","boldText":"Texas Takes Top Spot in Two Economic Development Surveys: Texas' jobs <B>climate<\/B> continues to receive accolades. http:\/\/t.co\/Zk9QU6XX"},{"possibly_sensitive":false,"place":null,"retweet_count":37,"in_reply_to_screen_name":null,"created_at":"Fri Sep 23 22:53:47 +0000 2011","retweeted":false,"in_reply_to_status_id_str":null,"in_reply_to_user_id_str":null,"user":{"time_zone":"Central Time (US & Canada)","profile_link_color":"0084B4","protected":false,"created_at":"Tue Aug 23 00:05:24 +0000 2011","profile_image_url_https":"https:\/\/si0.twimg.com\/profile_images\/1510194492\/Projection_Logo_Black_sq_normal.jpg","name":"PerryTruthTeam","geo_enabled":false,"favourites_count":0,"profile_background_color":"C0DEED","default_profile_image":false,"notifications":null,"profile_background_tile":false,"utc_offset":-21600,"description":"Campaign account for @GovernorPerry, candidate for president in 2012. Send tips to PerryTruthTeam@rickperry.org.","statuses_count":164,"following":null,"verified":false,"profile_sidebar_fill_color":"DDEEF6","followers_count":3939,"profile_image_url":"http:\/\/a3.twimg.com\/profile_images\/1510194492\/Projection_Logo_Black_sq_normal.jpg","follow_request_sent":null,"profile_sidebar_border_color":"C0DEED","location":"","is_translator":false,"default_profile":false,"contributors_enabled":false,"screen_name":"PerryTruthTeam","profile_use_background_image":true,"url":"http:\/\/www.rickperry.org","id_str":"360286555","show_all_inline_media":false,"profile_background_image_url_https":"https:\/\/si0.twimg.com\/profile_background_images\/318027808\/RP_Twitter_logo.jpg","profile_text_color":"333333","id":360286555,"listed_count":126,"lang":"en","profile_background_image_url":"http:\/\/a3.twimg.com\/profile_background_images\/318027808\/RP_Twitter_logo.jpg","friends_count":256},"contributors":null,"in_reply_to_status_id":null,"source":"<a href=\"http:\/\/www.tweetdeck.com\" rel=\"nofollow\">TweetDeck<\/a>","id_str":"117371109137063936","geo":null,"favorited":false,"id":117371109137063936,"coordinates":null,"in_reply_to_user_id":null,"truncated":false,"text":"Romney admits changing book, attributes fluctuating positions to \"changes in the climate\" http:\/\/t.co\/pLZbHkO5","name":"PerryTruthTeam","boldText":"Romney admits changing book, attributes fluctuating positions to \"changes in the <B>climate<\/B>\" http:\/\/t.co\/pLZbHkO5"},{"possibly_sensitive":false,"place":null,"retweet_count":23,"in_reply_to_screen_name":null,"created_at":"Fri Sep 23 19:16:33 +0000 2011","retweeted":false,"in_reply_to_status_id_str":null,"in_reply_to_user_id_str":null,"user":{"time_zone":"Central Time (US & Canada)","profile_link_color":"f00514","protected":false,"default_profile":false,"created_at":"Fri Jan 16 20:35:54 +0000 2009","profile_image_url_https":"https:\/\/si0.twimg.com\/profile_images\/786044783\/iPhoneAppIconBlueRedBkg_normal.png","name":"Team Rick Perry","geo_enabled":false,"favourites_count":3931,"profile_background_color":"070536","default_profile_image":false,"notifications":false,"profile_background_tile":false,"utc_offset":-21600,"description":"Campaign account for @GovernorPerry, candidate for president in 2012. Visit http:\/\/rickperry.org to get involved today!","statuses_count":5511,"following":false,"verified":false,"profile_sidebar_fill_color":"fafafa","followers_count":22404,"profile_image_url":"http:\/\/a3.twimg.com\/profile_images\/786044783\/iPhoneAppIconBlueRedBkg_normal.png","follow_request_sent":false,"profile_sidebar_border_color":"0a0a0a","location":"Texas","is_translator":false,"contributors_enabled":false,"screen_name":"TeamRickPerry","profile_use_background_image":true,"url":"http:\/\/www.RickPerry.org","id_str":"19084128","show_all_inline_media":true,"profile_background_image_url_https":"https:\/\/si0.twimg.com\/profile_background_images\/310770335\/RP_Twitter_logo.jpg","profile_text_color":"030303","id":19084128,"listed_count":941,"lang":"en","profile_background_image_url":"http:\/\/a3.twimg.com\/profile_background_images\/310770335\/RP_Twitter_logo.jpg","friends_count":6964},"contributors":null,"in_reply_to_status_id":null,"source":"web","id_str":"117316441300156416","geo":null,"favorited":false,"id":117316441300156416,"coordinates":null,"in_reply_to_user_id":null,"truncated":false,"text":"Romney admits \u201cchanges in the climate\u201d caused changes in his book, flip-flopping on Romneycare http:\/\/t.co\/Y9L60yCN","name":"TeamRickPerry","boldText":"Romney admits \u201cchanges in the <B>climate<\/B>\u201d caused changes in his book, flip-flopping on Romneycare http:\/\/t.co\/Y9L60yCN"},{"possibly_sensitive":false,"place":null,"retweet_count":9,"in_reply_to_screen_name":null,"created_at":"Thu Sep 08 01:39:32 +0000 2011","retweeted":false,"in_reply_to_status_id_str":null,"in_reply_to_user_id_str":null,"user":{"time_zone":"Central Time (US & Canada)","profile_link_color":"0084B4","protected":false,"created_at":"Tue Aug 23 00:05:24 +0000 2011","profile_image_url_https":"https:\/\/si0.twimg.com\/profile_images\/1510194492\/Projection_Logo_Black_sq_normal.jpg","name":"PerryTruthTeam","geo_enabled":false,"favourites_count":0,"profile_background_color":"C0DEED","default_profile_image":false,"notifications":null,"profile_background_tile":false,"utc_offset":-21600,"description":"Campaign account for @GovernorPerry, candidate for president in 2012. Send tips to PerryTruthTeam@rickperry.org.","statuses_count":164,"following":null,"verified":false,"profile_sidebar_fill_color":"DDEEF6","followers_count":3939,"profile_image_url":"http:\/\/a3.twimg.com\/profile_images\/1510194492\/Projection_Logo_Black_sq_normal.jpg","follow_request_sent":null,"profile_sidebar_border_color":"C0DEED","location":"","is_translator":false,"default_profile":false,"contributors_enabled":false,"screen_name":"PerryTruthTeam","profile_use_background_image":true,"url":"http:\/\/www.rickperry.org","id_str":"360286555","show_all_inline_media":false,"profile_background_image_url_https":"https:\/\/si0.twimg.com\/profile_background_images\/318027808\/RP_Twitter_logo.jpg","profile_text_color":"333333","id":360286555,"listed_count":126,"lang":"en","profile_background_image_url":"http:\/\/a3.twimg.com\/profile_background_images\/318027808\/RP_Twitter_logo.jpg","friends_count":256},"contributors":null,"in_reply_to_status_id":null,"source":"<a href=\"http:\/\/www.tweetdeck.com\" rel=\"nofollow\">TweetDeck<\/a>","id_str":"111614613082210305","geo":null,"favorited":false,"id":111614613082210305,"coordinates":null,"in_reply_to_user_id":null,"truncated":false,"text":"TX a natl leader in advancing renewable energy sources http:\/\/t.co\/wv9r7Kr #reagandebate #voteperry","name":"PerryTruthTeam","boldText":"TX a natl leader in advancing <B>renewable energy<\/B> sources http:\/\/t.co\/wv9r7Kr #reagandebate #voteperry"},{"possibly_sensitive":false,"place":null,"retweet_count":53,"in_reply_to_screen_name":null,"created_at":"Thu Sep 08 01:38:30 +0000 2011","retweeted":false,"in_reply_to_status_id_str":null,"in_reply_to_user_id_str":null,"user":{"time_zone":"Central Time (US & Canada)","profile_link_color":"0084B4","protected":false,"created_at":"Tue Aug 23 00:05:24 +0000 2011","profile_image_url_https":"https:\/\/si0.twimg.com\/profile_images\/1510194492\/Projection_Logo_Black_sq_normal.jpg","name":"PerryTruthTeam","geo_enabled":false,"favourites_count":0,"profile_background_color":"C0DEED","default_profile_image":false,"notifications":null,"profile_background_tile":false,"utc_offset":-21600,"description":"Campaign account for @GovernorPerry, candidate for president in 2012. Send tips to PerryTruthTeam@rickperry.org.","statuses_count":164,"following":null,"verified":false,"profile_sidebar_fill_color":"DDEEF6","followers_count":3939,"profile_image_url":"http:\/\/a3.twimg.com\/profile_images\/1510194492\/Projection_Logo_Black_sq_normal.jpg","follow_request_sent":null,"profile_sidebar_border_color":"C0DEED","location":"","is_translator":false,"default_profile":false,"contributors_enabled":false,"screen_name":"PerryTruthTeam","profile_use_background_image":true,"url":"http:\/\/www.rickperry.org","id_str":"360286555","show_all_inline_media":false,"profile_background_image_url_https":"https:\/\/si0.twimg.com\/profile_background_images\/318027808\/RP_Twitter_logo.jpg","profile_text_color":"333333","id":360286555,"listed_count":126,"lang":"en","profile_background_image_url":"http:\/\/a3.twimg.com\/profile_background_images\/318027808\/RP_Twitter_logo.jpg","friends_count":256},"contributors":null,"in_reply_to_status_id":null,"source":"<a href=\"http:\/\/www.tweetdeck.com\" rel=\"nofollow\">TweetDeck<\/a>","id_str":"111614353077317632","geo":null,"favorited":false,"id":111614353077317632,"coordinates":null,"in_reply_to_user_id":null,"truncated":false,"text":"More than 31k scientists skeptical of global warming http:\/\/t.co\/wv9r7Kr #reagandebate #voteperry","name":"PerryTruthTeam","boldText":"More than 31k scientists skeptical of <B>global warming<\/B> http:\/\/t.co\/wv9r7Kr #reagandebate #voteperry"},{"place":null,"retweet_count":56,"in_reply_to_screen_name":null,"created_at":"Tue Aug 16 16:16:11 +0000 2011","retweeted":false,"in_reply_to_status_id_str":null,"in_reply_to_user_id_str":null,"user":{"time_zone":"Central Time (US & Canada)","profile_link_color":"e00d0d","protected":false,"created_at":"Mon Jan 12 16:59:54 +0000 2009","profile_image_url_https":"https:\/\/si0.twimg.com\/profile_images\/334300811\/IMG_0270_2_normal.gif","name":"Rick Perry","geo_enabled":false,"favourites_count":155,"profile_background_color":"101c6e","default_profile_image":false,"notifications":null,"profile_background_tile":false,"utc_offset":-21600,"description":"Personal Twitter feed of Texas' 47th Governor. Follow @TeamRickPerry for updates from campaign staff, @TexGov for official state updates.","statuses_count":1224,"following":null,"verified":true,"profile_sidebar_fill_color":"f2f2f2","followers_count":100900,"profile_image_url":"http:\/\/a2.twimg.com\/profile_images\/334300811\/IMG_0270_2_normal.gif","follow_request_sent":null,"profile_sidebar_border_color":"0a0a0a","location":"Texas","is_translator":false,"contributors_enabled":false,"screen_name":"GovernorPerry","default_profile":false,"profile_use_background_image":true,"url":"http:\/\/www.rickperry.org","id_str":"18906561","show_all_inline_media":false,"profile_background_image_url_https":"https:\/\/si0.twimg.com\/profile_background_images\/310775007\/RP_Twitter_pic__1_.jpg","profile_text_color":"000000","id":18906561,"listed_count":3421,"lang":"en","profile_background_image_url":"http:\/\/a0.twimg.com\/profile_background_images\/310775007\/RP_Twitter_pic__1_.jpg","friends_count":31087},"contributors":null,"in_reply_to_status_id":null,"source":"web","id_str":"103500308637941761","geo":null,"favorited":false,"id":103500308637941761,"coordinates":null,"in_reply_to_user_id":null,"truncated":false,"text":"The Iowa countryside is incredibly green.  Looks like they will have a fine and bountiful crops this year. Lots of happy farmers!!","name":"GovernorPerry","boldText":"The Iowa countryside is incredibly <B>green<\/B>.  Looks like they will have a fine and bountiful crops this year. Lots of happy farmers!!"},{"possibly_sensitive":false,"place":null,"retweet_count":7,"in_reply_to_screen_name":null,"created_at":"Thu Jul 28 01:00:03 +0000 2011","retweeted":false,"in_reply_to_status_id_str":null,"in_reply_to_user_id_str":null,"user":{"time_zone":"Central Time (US & Canada)","profile_link_color":"173852","protected":false,"created_at":"Wed Jan 21 15:27:55 +0000 2009","profile_image_url_https":"https:\/\/si0.twimg.com\/profile_images\/103613091\/TexGov-Twitter_normal.jpg","name":"Office of Gov Perry","geo_enabled":true,"favourites_count":0,"profile_background_color":"173652","default_profile_image":false,"notifications":null,"profile_background_tile":false,"utc_offset":-21600,"description":"Official news from the Office of Texas Governor Rick Perry.","statuses_count":1136,"following":null,"verified":false,"profile_sidebar_fill_color":"d4e1e9","followers_count":19356,"profile_image_url":"http:\/\/a0.twimg.com\/profile_images\/103613091\/TexGov-Twitter_normal.jpg","follow_request_sent":null,"profile_sidebar_border_color":"d4e1e9","location":"The Texas Capitol, Austin, TX","is_translator":false,"default_profile":false,"contributors_enabled":false,"screen_name":"TexGov","profile_use_background_image":true,"url":"http:\/\/www.governor.state.tx.us","id_str":"19291441","show_all_inline_media":false,"profile_background_image_url_https":"https:\/\/si0.twimg.com\/profile_background_images\/263535204\/Background-NEW.png","profile_text_color":"173852","id":19291441,"listed_count":878,"lang":"en","profile_background_image_url":"http:\/\/a2.twimg.com\/profile_background_images\/263535204\/Background-NEW.png","friends_count":3555},"contributors":null,"in_reply_to_status_id":null,"source":"<a href=\"http:\/\/www.hootsuite.com\" rel=\"nofollow\">HootSuite<\/a>","id_str":"96384386735415297","geo":null,"favorited":false,"id":96384386735415297,"coordinates":null,"in_reply_to_user_id":null,"truncated":false,"text":"Tropical Storm #Don is developing in the Gulf of Mexico.  Here is the latest from the NHC. http:\/\/www.nhc.noaa.gov\/","name":"TexGov","boldText":"Tropical Storm #Don is developing in the <B>Gulf<\/B> of Mexico.  Here is the latest from the NHC. http:\/\/www.nhc.noaa.gov\/"}]