[{"possibly_sensitive":false,"place":null,"retweet_count":18,"in_reply_to_screen_name":null,"created_at":"Tue Oct 25 15:24:00 +0000 2011","retweeted":false,"in_reply_to_status_id_str":null,"in_reply_to_user_id_str":null,"user":{"time_zone":"Central Time (US & Canada)","profile_link_color":"f00514","protected":false,"created_at":"Fri Jan 16 20:35:54 +0000 2009","profile_image_url_https":"https:\/\/si0.twimg.com\/profile_images\/786044783\/iPhoneAppIconBlueRedBkg_normal.png","name":"Team Rick Perry","geo_enabled":false,"favourites_count":3931,"profile_background_color":"070536","default_profile_image":false,"notifications":null,"profile_background_tile":false,"utc_offset":-21600,"description":"Campaign account for @GovernorPerry, candidate for president in 2012. Visit http:\/\/rickperry.org to get involved today!","statuses_count":5513,"following":null,"verified":false,"profile_sidebar_fill_color":"fafafa","followers_count":22405,"profile_image_url":"http:\/\/a3.twimg.com\/profile_images\/786044783\/iPhoneAppIconBlueRedBkg_normal.png","follow_request_sent":null,"profile_sidebar_border_color":"0a0a0a","location":"Texas","is_translator":false,"default_profile":false,"contributors_enabled":false,"screen_name":"TeamRickPerry","profile_use_background_image":true,"url":"http:\/\/www.RickPerry.org","id_str":"19084128","show_all_inline_media":true,"profile_background_image_url_https":"https:\/\/si0.twimg.com\/profile_background_images\/310770335\/RP_Twitter_logo.jpg","profile_text_color":"030303","id":19084128,"listed_count":941,"lang":"en","profile_background_image_url":"http:\/\/a3.twimg.com\/profile_background_images\/310770335\/RP_Twitter_logo.jpg","friends_count":6964},"contributors":null,"in_reply_to_status_id":null,"source":"web","id_str":"128854330043400192","geo":null,"favorited":false,"id":128854330043400192,"coordinates":null,"in_reply_to_user_id":null,"truncated":false,"text":"No taxes on social security benefits http:\/\/t.co\/U8D6kvId","name":"TeamRickPerry","boldText":"No taxes on social security <B>benefits<\/B> http:\/\/t.co\/U8D6kvId"},{"possibly_sensitive":false,"place":null,"retweet_count":25,"in_reply_to_screen_name":null,"created_at":"Mon Oct 24 17:17:19 +0000 2011","retweeted":false,"in_reply_to_status_id_str":null,"in_reply_to_user_id_str":null,"user":{"time_zone":"Central Time (US & Canada)","profile_link_color":"0084B4","protected":false,"created_at":"Tue Aug 23 00:05:24 +0000 2011","profile_image_url_https":"https:\/\/si0.twimg.com\/profile_images\/1510194492\/Projection_Logo_Black_sq_normal.jpg","name":"PerryTruthTeam","geo_enabled":false,"favourites_count":0,"profile_background_color":"C0DEED","default_profile_image":false,"notifications":false,"profile_background_tile":false,"utc_offset":-21600,"description":"Campaign account for @GovernorPerry, candidate for president in 2012. Send tips to PerryTruthTeam@rickperry.org.","statuses_count":164,"following":false,"verified":false,"profile_sidebar_fill_color":"DDEEF6","followers_count":3936,"profile_image_url":"http:\/\/a3.twimg.com\/profile_images\/1510194492\/Projection_Logo_Black_sq_normal.jpg","follow_request_sent":false,"profile_sidebar_border_color":"C0DEED","location":"","is_translator":false,"contributors_enabled":false,"screen_name":"PerryTruthTeam","default_profile":false,"profile_use_background_image":true,"url":"http:\/\/www.rickperry.org","id_str":"360286555","show_all_inline_media":false,"profile_background_image_url_https":"https:\/\/si0.twimg.com\/profile_background_images\/318027808\/RP_Twitter_logo.jpg","profile_text_color":"333333","id":360286555,"listed_count":126,"lang":"en","profile_background_image_url":"http:\/\/a3.twimg.com\/profile_background_images\/318027808\/RP_Twitter_logo.jpg","friends_count":256},"contributors":null,"in_reply_to_status_id":null,"source":"<a href=\"http:\/\/www.tweetdeck.com\" rel=\"nofollow\">TweetDeck<\/a>","id_str":"128520458508308480","geo":null,"favorited":false,"id":128520458508308480,"coordinates":null,"in_reply_to_user_id":null,"truncated":false,"text":"Romney\u2019s 2004 rules allowed free health care benefits for illegal immigrants http:\/\/t.co\/OlpBSZrj","name":"PerryTruthTeam","boldText":"Romney\u2019s 2004 rules allowed free health care <B>benefits<\/B> for illegal immigrants http:\/\/t.co\/OlpBSZrj"},{"possibly_sensitive":false,"place":null,"retweet_count":24,"in_reply_to_screen_name":null,"created_at":"Mon Oct 24 03:06:10 +0000 2011","retweeted":false,"in_reply_to_status_id_str":null,"in_reply_to_user_id_str":null,"user":{"time_zone":"Central Time (US & Canada)","profile_link_color":"0084B4","protected":false,"created_at":"Tue Aug 23 00:05:24 +0000 2011","profile_image_url_https":"https:\/\/si0.twimg.com\/profile_images\/1510194492\/Projection_Logo_Black_sq_normal.jpg","name":"PerryTruthTeam","geo_enabled":false,"favourites_count":0,"profile_background_color":"C0DEED","default_profile_image":false,"notifications":false,"profile_background_tile":false,"utc_offset":-21600,"description":"Campaign account for @GovernorPerry, candidate for president in 2012. Send tips to PerryTruthTeam@rickperry.org.","statuses_count":164,"following":false,"verified":false,"profile_sidebar_fill_color":"DDEEF6","followers_count":3936,"profile_image_url":"http:\/\/a3.twimg.com\/profile_images\/1510194492\/Projection_Logo_Black_sq_normal.jpg","follow_request_sent":false,"profile_sidebar_border_color":"C0DEED","location":"","is_translator":false,"contributors_enabled":false,"screen_name":"PerryTruthTeam","default_profile":false,"profile_use_background_image":true,"url":"http:\/\/www.rickperry.org","id_str":"360286555","show_all_inline_media":false,"profile_background_image_url_https":"https:\/\/si0.twimg.com\/profile_background_images\/318027808\/RP_Twitter_logo.jpg","profile_text_color":"333333","id":360286555,"listed_count":126,"lang":"en","profile_background_image_url":"http:\/\/a3.twimg.com\/profile_background_images\/318027808\/RP_Twitter_logo.jpg","friends_count":256},"contributors":null,"in_reply_to_status_id":null,"source":"<a href=\"http:\/\/www.tweetdeck.com\" rel=\"nofollow\">TweetDeck<\/a>","id_str":"128306258817200129","geo":null,"favorited":false,"id":128306258817200129,"coordinates":null,"in_reply_to_user_id":null,"truncated":false,"text":"LA Times: \"Gov. Romney OKd healthcare for illegal immigrants\" http:\/\/t.co\/y0N6HuDS","name":"PerryTruthTeam","boldText":"LA Times: \"Gov. Romney OKd <B>healthcare<\/B> for illegal immigrants\" http:\/\/t.co\/y0N6HuDS"},{"possibly_sensitive":false,"place":null,"retweet_count":18,"in_reply_to_screen_name":null,"created_at":"Fri Oct 21 17:34:45 +0000 2011","retweeted":false,"in_reply_to_status_id_str":null,"in_reply_to_user_id_str":null,"user":{"time_zone":"Central Time (US & Canada)","profile_link_color":"0084B4","protected":false,"created_at":"Tue Aug 23 00:05:24 +0000 2011","profile_image_url_https":"https:\/\/si0.twimg.com\/profile_images\/1510194492\/Projection_Logo_Black_sq_normal.jpg","name":"PerryTruthTeam","geo_enabled":false,"favourites_count":0,"profile_background_color":"C0DEED","default_profile_image":false,"notifications":false,"profile_background_tile":false,"utc_offset":-21600,"description":"Campaign account for @GovernorPerry, candidate for president in 2012. Send tips to PerryTruthTeam@rickperry.org.","statuses_count":164,"following":false,"verified":false,"profile_sidebar_fill_color":"DDEEF6","followers_count":3939,"profile_image_url":"http:\/\/a3.twimg.com\/profile_images\/1510194492\/Projection_Logo_Black_sq_normal.jpg","follow_request_sent":false,"profile_sidebar_border_color":"C0DEED","location":"","is_translator":false,"default_profile":false,"contributors_enabled":false,"screen_name":"PerryTruthTeam","profile_use_background_image":true,"url":"http:\/\/www.rickperry.org","id_str":"360286555","show_all_inline_media":false,"profile_background_image_url_https":"https:\/\/si0.twimg.com\/profile_background_images\/318027808\/RP_Twitter_logo.jpg","profile_text_color":"333333","id":360286555,"listed_count":126,"lang":"en","profile_background_image_url":"http:\/\/a3.twimg.com\/profile_background_images\/318027808\/RP_Twitter_logo.jpg","friends_count":256},"contributors":null,"in_reply_to_status_id":null,"source":"<a href=\"http:\/\/www.tweetdeck.com\" rel=\"nofollow\">TweetDeck<\/a>","id_str":"127437681037803520","geo":null,"favorited":false,"id":127437681037803520,"coordinates":null,"in_reply_to_user_id":null,"truncated":false,"text":"Politifact confirms @PerryTruthTeam delivers truth: \"Romneycare was model for Obamacare.\" http:\/\/t.co\/UozhiDBM","name":"PerryTruthTeam","boldText":"Politifact confirms @PerryTruthTeam delivers truth: \"Romneycare was model for <B>Obamacare<\/B>.\" http:\/\/t.co\/UozhiDBM"},{"possibly_sensitive":false,"place":null,"retweet_count":17,"in_reply_to_screen_name":"GovernorPerry","created_at":"Wed Oct 19 20:52:16 +0000 2011","retweeted":false,"in_reply_to_status_id_str":null,"in_reply_to_user_id_str":"18906561","user":{"time_zone":"Central Time (US & Canada)","profile_link_color":"f00514","protected":false,"created_at":"Fri Jan 16 20:35:54 +0000 2009","profile_image_url_https":"https:\/\/si0.twimg.com\/profile_images\/786044783\/iPhoneAppIconBlueRedBkg_normal.png","name":"Team Rick Perry","geo_enabled":false,"favourites_count":3931,"profile_background_color":"070536","default_profile_image":false,"notifications":false,"profile_background_tile":false,"utc_offset":-21600,"description":"Campaign account for @GovernorPerry, candidate for president in 2012. Visit http:\/\/rickperry.org to get involved today!","statuses_count":5511,"following":false,"verified":false,"profile_sidebar_fill_color":"fafafa","followers_count":22404,"profile_image_url":"http:\/\/a3.twimg.com\/profile_images\/786044783\/iPhoneAppIconBlueRedBkg_normal.png","follow_request_sent":false,"profile_sidebar_border_color":"0a0a0a","location":"Texas","is_translator":false,"contributors_enabled":false,"screen_name":"TeamRickPerry","profile_use_background_image":true,"url":"http:\/\/www.RickPerry.org","id_str":"19084128","default_profile":false,"show_all_inline_media":true,"profile_background_image_url_https":"https:\/\/si0.twimg.com\/profile_background_images\/310770335\/RP_Twitter_logo.jpg","profile_text_color":"030303","id":19084128,"listed_count":941,"lang":"en","profile_background_image_url":"http:\/\/a3.twimg.com\/profile_background_images\/310770335\/RP_Twitter_logo.jpg","friends_count":6964},"contributors":null,"in_reply_to_status_id":null,"source":"web","id_str":"126762611973951492","geo":null,"favorited":false,"id":126762611973951492,"coordinates":null,"in_reply_to_user_id":18906561,"truncated":false,"text":"@GovernorPerry: My plan ends earmarks for good. It\u2019s time to bring tough medicine to Washington. http:\/\/t.co\/CZXbmMxh","name":"TeamRickPerry","boldText":"@GovernorPerry: My plan ends earmarks for good. It\u2019s time to bring tough <B>medicine<\/B> to Washington. http:\/\/t.co\/CZXbmMxh"},{"possibly_sensitive":false,"place":null,"retweet_count":14,"in_reply_to_screen_name":null,"created_at":"Wed Oct 19 00:36:45 +0000 2011","retweeted":false,"in_reply_to_status_id_str":null,"in_reply_to_user_id_str":null,"user":{"time_zone":"Central Time (US & Canada)","profile_link_color":"0084B4","protected":false,"created_at":"Tue Aug 23 00:05:24 +0000 2011","profile_image_url_https":"https:\/\/si0.twimg.com\/profile_images\/1510194492\/Projection_Logo_Black_sq_normal.jpg","name":"PerryTruthTeam","geo_enabled":false,"favourites_count":0,"profile_background_color":"C0DEED","default_profile_image":false,"notifications":null,"profile_background_tile":false,"utc_offset":-21600,"description":"Campaign account for @GovernorPerry, candidate for president in 2012. Send tips to PerryTruthTeam@rickperry.org.","statuses_count":164,"following":null,"verified":false,"profile_sidebar_fill_color":"DDEEF6","followers_count":3939,"profile_image_url":"http:\/\/a3.twimg.com\/profile_images\/1510194492\/Projection_Logo_Black_sq_normal.jpg","follow_request_sent":null,"profile_sidebar_border_color":"C0DEED","location":"","is_translator":false,"default_profile":false,"contributors_enabled":false,"screen_name":"PerryTruthTeam","profile_use_background_image":true,"url":"http:\/\/www.rickperry.org","id_str":"360286555","show_all_inline_media":false,"profile_background_image_url_https":"https:\/\/si0.twimg.com\/profile_background_images\/318027808\/RP_Twitter_logo.jpg","profile_text_color":"333333","id":360286555,"listed_count":126,"lang":"en","profile_background_image_url":"http:\/\/a3.twimg.com\/profile_background_images\/318027808\/RP_Twitter_logo.jpg","friends_count":256},"contributors":null,"in_reply_to_status_id":null,"source":"<a href=\"http:\/\/www.tweetdeck.com\" rel=\"nofollow\">TweetDeck<\/a>","id_str":"126456717604159488","geo":null,"favorited":false,"id":126456717604159488,"coordinates":null,"in_reply_to_user_id":null,"truncated":false,"text":"Insurance premiums rose significantly because of Romneycare http:\/\/t.co\/yPjlTjfB #cnndebate","name":"PerryTruthTeam","boldText":"Insurance premiums rose significantly because of Romneycare http:\/\/t.co\/yPjlTjfB #cnndebate"},{"possibly_sensitive":false,"place":{"country_code":"US","place_type":"city","name":"Austin","bounding_box":{"type":"Polygon","coordinates":[[[-97.938383,30.098659],[-97.56842,30.098659],[-97.56842,30.49685],[-97.938383,30.49685]]]},"attributes":{},"full_name":"Austin, TX","country":"United States","url":"http:\/\/api.twitter.com\/1\/geo\/id\/c3f37afa9efcf94b.json","id":"c3f37afa9efcf94b"},"retweet_count":6,"in_reply_to_screen_name":null,"created_at":"Thu Oct 13 15:44:39 +0000 2011","retweeted":false,"in_reply_to_status_id_str":null,"in_reply_to_user_id_str":null,"user":{"time_zone":"Central Time (US & Canada)","profile_link_color":"173852","protected":false,"created_at":"Wed Jan 21 15:27:55 +0000 2009","profile_image_url_https":"https:\/\/si0.twimg.com\/profile_images\/103613091\/TexGov-Twitter_normal.jpg","name":"Office of Gov Perry","geo_enabled":true,"favourites_count":0,"profile_background_color":"173652","default_profile_image":false,"notifications":null,"profile_background_tile":false,"utc_offset":-21600,"description":"Official news from the Office of Texas Governor Rick Perry.","statuses_count":1136,"following":null,"verified":false,"profile_sidebar_fill_color":"d4e1e9","followers_count":19356,"profile_image_url":"http:\/\/a0.twimg.com\/profile_images\/103613091\/TexGov-Twitter_normal.jpg","follow_request_sent":null,"profile_sidebar_border_color":"d4e1e9","location":"The Texas Capitol, Austin, TX","is_translator":false,"default_profile":false,"contributors_enabled":false,"screen_name":"TexGov","profile_use_background_image":true,"url":"http:\/\/www.governor.state.tx.us","id_str":"19291441","show_all_inline_media":false,"profile_background_image_url_https":"https:\/\/si0.twimg.com\/profile_background_images\/263535204\/Background-NEW.png","profile_text_color":"173852","id":19291441,"listed_count":878,"lang":"en","profile_background_image_url":"http:\/\/a2.twimg.com\/profile_background_images\/263535204\/Background-NEW.png","friends_count":3555},"contributors":null,"in_reply_to_status_id":null,"source":"<a href=\"http:\/\/twitter.com\/#!\/download\/iphone\" rel=\"nofollow\">Twitter for iPhone<\/a>","id_str":"124510870100389888","geo":{"type":"Point","coordinates":[30.26912072,-97.73777798]},"favorited":false,"id":124510870100389888,"coordinates":{"type":"Point","coordinates":[-97.73777798,30.26912072]},"in_reply_to_user_id":null,"truncated":false,"text":"Progressive Car Insurance to add 120 new #jobs in Austin by end of year. http:\/\/t.co\/eSSDMzeS #Texas #business via @TexasOne","name":"TexGov","boldText":"Progressive Car <B>Insurance<\/B> to add 120 new #jobs in Austin by end of year. http:\/\/t.co\/eSSDMzeS #Texas #business via @TexasOne"},{"possibly_sensitive":false,"place":null,"retweet_count":18,"in_reply_to_screen_name":null,"created_at":"Wed Oct 12 01:32:26 +0000 2011","retweeted":false,"in_reply_to_status_id_str":null,"in_reply_to_user_id_str":null,"user":{"time_zone":"Central Time (US & Canada)","profile_link_color":"0084B4","protected":false,"created_at":"Tue Aug 23 00:05:24 +0000 2011","profile_image_url_https":"https:\/\/si0.twimg.com\/profile_images\/1510194492\/Projection_Logo_Black_sq_normal.jpg","name":"PerryTruthTeam","geo_enabled":false,"favourites_count":0,"profile_background_color":"C0DEED","default_profile_image":false,"notifications":null,"profile_background_tile":false,"utc_offset":-21600,"description":"Campaign account for @GovernorPerry, candidate for president in 2012. Send tips to PerryTruthTeam@rickperry.org.","statuses_count":164,"following":null,"verified":false,"profile_sidebar_fill_color":"DDEEF6","followers_count":3939,"profile_image_url":"http:\/\/a3.twimg.com\/profile_images\/1510194492\/Projection_Logo_Black_sq_normal.jpg","follow_request_sent":null,"profile_sidebar_border_color":"C0DEED","location":"","is_translator":false,"default_profile":false,"contributors_enabled":false,"screen_name":"PerryTruthTeam","profile_use_background_image":true,"url":"http:\/\/www.rickperry.org","id_str":"360286555","show_all_inline_media":false,"profile_background_image_url_https":"https:\/\/si0.twimg.com\/profile_background_images\/318027808\/RP_Twitter_logo.jpg","profile_text_color":"333333","id":360286555,"listed_count":126,"lang":"en","profile_background_image_url":"http:\/\/a3.twimg.com\/profile_background_images\/318027808\/RP_Twitter_logo.jpg","friends_count":256},"contributors":null,"in_reply_to_status_id":null,"source":"<a href=\"http:\/\/www.tweetdeck.com\" rel=\"nofollow\">TweetDeck<\/a>","id_str":"123934017283297281","geo":null,"favorited":false,"id":123934017283297281,"coordinates":null,"in_reply_to_user_id":null,"truncated":false,"text":"Perry increased access to health insurance in TX. Premiums lower than most states http:\/\/t.co\/6bhBJ2Sh #econdebate","name":"PerryTruthTeam","boldText":"Perry increased <B>access<\/B> to health <B><B>insurance<\/B><\/B> in TX. Premiums lower than most states http:\/\/t.co\/6bhBJ2Sh #econdebate"},{"place":null,"retweet_count":7,"in_reply_to_screen_name":null,"created_at":"Wed Oct 12 01:29:39 +0000 2011","retweeted":false,"in_reply_to_status_id_str":null,"in_reply_to_user_id_str":null,"user":{"time_zone":"Central Time (US & Canada)","profile_link_color":"f00514","protected":false,"created_at":"Fri Jan 16 20:35:54 +0000 2009","profile_image_url_https":"https:\/\/si0.twimg.com\/profile_images\/786044783\/iPhoneAppIconBlueRedBkg_normal.png","name":"Team Rick Perry","geo_enabled":false,"favourites_count":3931,"profile_background_color":"070536","default_profile_image":false,"notifications":null,"profile_background_tile":false,"utc_offset":-21600,"description":"Campaign account for @GovernorPerry, candidate for president in 2012. Visit http:\/\/rickperry.org to get involved today!","statuses_count":5513,"following":null,"verified":false,"profile_sidebar_fill_color":"fafafa","followers_count":22405,"profile_image_url":"http:\/\/a3.twimg.com\/profile_images\/786044783\/iPhoneAppIconBlueRedBkg_normal.png","default_profile":false,"follow_request_sent":null,"profile_sidebar_border_color":"0a0a0a","location":"Texas","is_translator":false,"contributors_enabled":false,"screen_name":"TeamRickPerry","profile_use_background_image":true,"url":"http:\/\/www.RickPerry.org","id_str":"19084128","show_all_inline_media":true,"profile_background_image_url_https":"https:\/\/si0.twimg.com\/profile_background_images\/310770335\/RP_Twitter_logo.jpg","profile_text_color":"030303","id":19084128,"listed_count":941,"lang":"en","profile_background_image_url":"http:\/\/a3.twimg.com\/profile_background_images\/310770335\/RP_Twitter_logo.jpg","friends_count":6964},"contributors":null,"in_reply_to_status_id":null,"source":"web","id_str":"123933315903393797","geo":null,"favorited":false,"id":123933315903393797,"coordinates":null,"in_reply_to_user_id":null,"truncated":false,"text":".@GovernorPerry: block-grant medicaid back to the states #econdebate","name":"TeamRickPerry","boldText":".@GovernorPerry: block-grant <B>medicaid<\/B> back to the states #econdebate"},{"possibly_sensitive":false,"place":null,"retweet_count":13,"in_reply_to_screen_name":null,"created_at":"Wed Oct 12 01:19:15 +0000 2011","retweeted":false,"in_reply_to_status_id_str":null,"in_reply_to_user_id_str":null,"user":{"time_zone":"Central Time (US & Canada)","profile_link_color":"0084B4","protected":false,"created_at":"Tue Aug 23 00:05:24 +0000 2011","profile_image_url_https":"https:\/\/si0.twimg.com\/profile_images\/1510194492\/Projection_Logo_Black_sq_normal.jpg","name":"PerryTruthTeam","geo_enabled":false,"favourites_count":0,"profile_background_color":"C0DEED","default_profile_image":false,"notifications":null,"profile_background_tile":false,"utc_offset":-21600,"description":"Campaign account for @GovernorPerry, candidate for president in 2012. Send tips to PerryTruthTeam@rickperry.org.","statuses_count":164,"following":null,"verified":false,"profile_sidebar_fill_color":"DDEEF6","followers_count":3939,"profile_image_url":"http:\/\/a3.twimg.com\/profile_images\/1510194492\/Projection_Logo_Black_sq_normal.jpg","follow_request_sent":null,"profile_sidebar_border_color":"C0DEED","location":"","is_translator":false,"default_profile":false,"contributors_enabled":false,"screen_name":"PerryTruthTeam","profile_use_background_image":true,"url":"http:\/\/www.rickperry.org","id_str":"360286555","show_all_inline_media":false,"profile_background_image_url_https":"https:\/\/si0.twimg.com\/profile_background_images\/318027808\/RP_Twitter_logo.jpg","profile_text_color":"333333","id":360286555,"listed_count":126,"lang":"en","profile_background_image_url":"http:\/\/a3.twimg.com\/profile_background_images\/318027808\/RP_Twitter_logo.jpg","friends_count":256},"contributors":null,"in_reply_to_status_id":null,"source":"<a href=\"http:\/\/www.tweetdeck.com\" rel=\"nofollow\">TweetDeck<\/a>","id_str":"123930697978220544","geo":null,"favorited":false,"id":123930697978220544,"coordinates":null,"in_reply_to_user_id":null,"truncated":false,"text":"Romneycare was model for Obamacare http:\/\/t.co\/Z7YucC4Z #econdebate","name":"PerryTruthTeam","boldText":"Romneycare was model for <B>Obamacare<\/B> http:\/\/t.co\/Z7YucC4Z #econdebate"},{"possibly_sensitive":false,"place":null,"retweet_count":17,"in_reply_to_screen_name":null,"created_at":"Wed Oct 12 01:17:06 +0000 2011","retweeted":false,"in_reply_to_status_id_str":null,"in_reply_to_user_id_str":null,"user":{"time_zone":"Central Time (US & Canada)","profile_link_color":"0084B4","protected":false,"created_at":"Tue Aug 23 00:05:24 +0000 2011","profile_image_url_https":"https:\/\/si0.twimg.com\/profile_images\/1510194492\/Projection_Logo_Black_sq_normal.jpg","name":"PerryTruthTeam","geo_enabled":false,"favourites_count":0,"profile_background_color":"C0DEED","default_profile_image":false,"notifications":null,"profile_background_tile":false,"utc_offset":-21600,"description":"Campaign account for @GovernorPerry, candidate for president in 2012. Send tips to PerryTruthTeam@rickperry.org.","statuses_count":164,"following":null,"verified":false,"profile_sidebar_fill_color":"DDEEF6","followers_count":3939,"profile_image_url":"http:\/\/a3.twimg.com\/profile_images\/1510194492\/Projection_Logo_Black_sq_normal.jpg","follow_request_sent":null,"profile_sidebar_border_color":"C0DEED","location":"","is_translator":false,"default_profile":false,"contributors_enabled":false,"screen_name":"PerryTruthTeam","profile_use_background_image":true,"url":"http:\/\/www.rickperry.org","id_str":"360286555","show_all_inline_media":false,"profile_background_image_url_https":"https:\/\/si0.twimg.com\/profile_background_images\/318027808\/RP_Twitter_logo.jpg","profile_text_color":"333333","id":360286555,"listed_count":126,"lang":"en","profile_background_image_url":"http:\/\/a3.twimg.com\/profile_background_images\/318027808\/RP_Twitter_logo.jpg","friends_count":256},"contributors":null,"in_reply_to_status_id":null,"source":"<a href=\"http:\/\/www.tweetdeck.com\" rel=\"nofollow\">TweetDeck<\/a>","id_str":"123930157999329280","geo":null,"favorited":false,"id":123930157999329280,"coordinates":null,"in_reply_to_user_id":null,"truncated":false,"text":"Romney\u2019s chief econ advisor: Romneycare = Obamacare http:\/\/t.co\/f2PjbOLD #econdebate","name":"PerryTruthTeam","boldText":"Romney\u2019s chief econ advisor: Romneycare = <B>Obamacare<\/B> http:\/\/t.co\/f2PjbOLD #econdebate"},{"possibly_sensitive":false,"place":null,"retweet_count":22,"in_reply_to_screen_name":null,"created_at":"Tue Oct 11 21:13:21 +0000 2011","retweeted":false,"in_reply_to_status_id_str":null,"in_reply_to_user_id_str":null,"user":{"time_zone":"Central Time (US & Canada)","profile_link_color":"0084B4","protected":false,"created_at":"Tue Aug 23 00:05:24 +0000 2011","profile_image_url_https":"https:\/\/si0.twimg.com\/profile_images\/1510194492\/Projection_Logo_Black_sq_normal.jpg","name":"PerryTruthTeam","geo_enabled":false,"favourites_count":0,"profile_background_color":"C0DEED","default_profile_image":false,"notifications":null,"profile_background_tile":false,"utc_offset":-21600,"description":"Campaign account for @GovernorPerry, candidate for president in 2012. Send tips to PerryTruthTeam@rickperry.org.","statuses_count":164,"following":null,"verified":false,"profile_sidebar_fill_color":"DDEEF6","followers_count":3939,"profile_image_url":"http:\/\/a3.twimg.com\/profile_images\/1510194492\/Projection_Logo_Black_sq_normal.jpg","follow_request_sent":null,"profile_sidebar_border_color":"C0DEED","location":"","is_translator":false,"default_profile":false,"contributors_enabled":false,"screen_name":"PerryTruthTeam","profile_use_background_image":true,"url":"http:\/\/www.rickperry.org","id_str":"360286555","show_all_inline_media":false,"profile_background_image_url_https":"https:\/\/si0.twimg.com\/profile_background_images\/318027808\/RP_Twitter_logo.jpg","profile_text_color":"333333","id":360286555,"listed_count":126,"lang":"en","profile_background_image_url":"http:\/\/a3.twimg.com\/profile_background_images\/318027808\/RP_Twitter_logo.jpg","friends_count":256},"contributors":null,"in_reply_to_status_id":null,"source":"<a href=\"http:\/\/www.tweetdeck.com\" rel=\"nofollow\">TweetDeck<\/a>","id_str":"123868814998913024","geo":null,"favorited":false,"id":123868814998913024,"coordinates":null,"in_reply_to_user_id":null,"truncated":false,"text":"Romney falsely denied his paid advisors used Romneycare to develop Obamacare http:\/\/t.co\/Cltp4J46","name":"PerryTruthTeam","boldText":"Romney falsely denied his paid advisors used Romneycare to develop <B>Obamacare<\/B> http:\/\/t.co\/Cltp4J46"},{"possibly_sensitive":false,"place":null,"retweet_count":23,"in_reply_to_screen_name":null,"created_at":"Tue Oct 11 16:23:59 +0000 2011","retweeted":false,"in_reply_to_status_id_str":null,"in_reply_to_user_id_str":null,"user":{"time_zone":"Central Time (US & Canada)","profile_link_color":"0084B4","protected":false,"created_at":"Tue Aug 23 00:05:24 +0000 2011","profile_image_url_https":"https:\/\/si0.twimg.com\/profile_images\/1510194492\/Projection_Logo_Black_sq_normal.jpg","name":"PerryTruthTeam","geo_enabled":false,"favourites_count":0,"profile_background_color":"C0DEED","default_profile_image":false,"notifications":null,"profile_background_tile":false,"utc_offset":-21600,"description":"Campaign account for @GovernorPerry, candidate for president in 2012. Send tips to PerryTruthTeam@rickperry.org.","statuses_count":164,"following":null,"verified":false,"profile_sidebar_fill_color":"DDEEF6","followers_count":3939,"profile_image_url":"http:\/\/a3.twimg.com\/profile_images\/1510194492\/Projection_Logo_Black_sq_normal.jpg","follow_request_sent":null,"profile_sidebar_border_color":"C0DEED","location":"","is_translator":false,"default_profile":false,"contributors_enabled":false,"screen_name":"PerryTruthTeam","profile_use_background_image":true,"url":"http:\/\/www.rickperry.org","id_str":"360286555","show_all_inline_media":false,"profile_background_image_url_https":"https:\/\/si0.twimg.com\/profile_background_images\/318027808\/RP_Twitter_logo.jpg","profile_text_color":"333333","id":360286555,"listed_count":126,"lang":"en","profile_background_image_url":"http:\/\/a3.twimg.com\/profile_background_images\/318027808\/RP_Twitter_logo.jpg","friends_count":256},"contributors":null,"in_reply_to_status_id":null,"source":"<a href=\"http:\/\/www.tweetdeck.com\" rel=\"nofollow\">TweetDeck<\/a>","id_str":"123795991815135232","geo":null,"favorited":false,"id":123795991815135232,"coordinates":null,"in_reply_to_user_id":null,"truncated":false,"text":"Truth Revealed: Romney Mandate Led Way to Obamacare http:\/\/t.co\/29MkIk99","name":"PerryTruthTeam","boldText":"Truth Revealed: Romney Mandate Led Way to <B>Obamacare<\/B> http:\/\/t.co\/29MkIk99"},{"place":null,"retweet_count":30,"in_reply_to_screen_name":null,"created_at":"Fri Oct 07 18:34:41 +0000 2011","retweeted":false,"in_reply_to_status_id_str":null,"in_reply_to_user_id_str":null,"user":{"time_zone":"Central Time (US & Canada)","profile_link_color":"f00514","protected":false,"default_profile":false,"created_at":"Fri Jan 16 20:35:54 +0000 2009","profile_image_url_https":"https:\/\/si0.twimg.com\/profile_images\/786044783\/iPhoneAppIconBlueRedBkg_normal.png","name":"Team Rick Perry","geo_enabled":false,"favourites_count":3931,"profile_background_color":"070536","default_profile_image":false,"notifications":false,"profile_background_tile":false,"utc_offset":-21600,"description":"Campaign account for @GovernorPerry, candidate for president in 2012. Visit http:\/\/rickperry.org to get involved today!","statuses_count":5511,"following":false,"verified":false,"profile_sidebar_fill_color":"fafafa","followers_count":22404,"profile_image_url":"http:\/\/a3.twimg.com\/profile_images\/786044783\/iPhoneAppIconBlueRedBkg_normal.png","follow_request_sent":false,"profile_sidebar_border_color":"0a0a0a","location":"Texas","is_translator":false,"contributors_enabled":false,"screen_name":"TeamRickPerry","profile_use_background_image":true,"url":"http:\/\/www.RickPerry.org","id_str":"19084128","show_all_inline_media":true,"profile_background_image_url_https":"https:\/\/si0.twimg.com\/profile_background_images\/310770335\/RP_Twitter_logo.jpg","profile_text_color":"030303","id":19084128,"listed_count":941,"lang":"en","profile_background_image_url":"http:\/\/a3.twimg.com\/profile_background_images\/310770335\/RP_Twitter_logo.jpg","friends_count":6964},"contributors":null,"in_reply_to_status_id":null,"source":"web","id_str":"122379331837243392","geo":null,"favorited":false,"id":122379331837243392,"coordinates":null,"in_reply_to_user_id":null,"truncated":false,"text":".@GovernorPerry: \"You can't live free when the government gets between you and your doctor\"","name":"TeamRickPerry","boldText":".@GovernorPerry: \"You can't live free when the government gets between you and your <B>doctor<\/B>\""},{"possibly_sensitive":false,"place":null,"retweet_count":13,"in_reply_to_screen_name":null,"created_at":"Tue Oct 04 15:33:10 +0000 2011","retweeted":false,"in_reply_to_status_id_str":null,"in_reply_to_user_id_str":null,"user":{"time_zone":"Central Time (US & Canada)","profile_link_color":"173852","protected":false,"created_at":"Wed Jan 21 15:27:55 +0000 2009","profile_image_url_https":"https:\/\/si0.twimg.com\/profile_images\/103613091\/TexGov-Twitter_normal.jpg","name":"Office of Gov Perry","geo_enabled":true,"favourites_count":0,"profile_background_color":"173652","default_profile_image":false,"notifications":null,"profile_background_tile":false,"utc_offset":-21600,"description":"Official news from the Office of Texas Governor Rick Perry.","statuses_count":1136,"following":null,"verified":false,"profile_sidebar_fill_color":"d4e1e9","followers_count":19356,"profile_image_url":"http:\/\/a0.twimg.com\/profile_images\/103613091\/TexGov-Twitter_normal.jpg","follow_request_sent":null,"profile_sidebar_border_color":"d4e1e9","location":"The Texas Capitol, Austin, TX","is_translator":false,"default_profile":false,"contributors_enabled":false,"screen_name":"TexGov","profile_use_background_image":true,"url":"http:\/\/www.governor.state.tx.us","id_str":"19291441","show_all_inline_media":false,"profile_background_image_url_https":"https:\/\/si0.twimg.com\/profile_background_images\/263535204\/Background-NEW.png","profile_text_color":"173852","id":19291441,"listed_count":878,"lang":"en","profile_background_image_url":"http:\/\/a2.twimg.com\/profile_background_images\/263535204\/Background-NEW.png","friends_count":3555},"contributors":null,"in_reply_to_status_id":null,"source":"web","id_str":"121246489967198208","geo":null,"favorited":false,"id":121246489967198208,"coordinates":null,"in_reply_to_user_id":null,"truncated":false,"text":"CCS Medical to relocate HQ from FL to the DFW Metroplex, creating 230 new #Texas #jobs http:\/\/t.co\/pJtM4J20 #business #medical @TexasOne","name":"TexGov","boldText":"CCS <B>Medical<\/B> to relocate HQ from FL to the DFW Metroplex, creating 230 new #Texas #jobs http:\/\/t.co\/pJtM4J20 #business #<B>medical<\/B> @TexasOne"},{"possibly_sensitive":false,"place":null,"retweet_count":28,"in_reply_to_screen_name":null,"created_at":"Fri Sep 23 02:37:54 +0000 2011","retweeted":false,"in_reply_to_status_id_str":null,"in_reply_to_user_id_str":null,"user":{"time_zone":"Central Time (US & Canada)","profile_link_color":"0084B4","protected":false,"created_at":"Tue Aug 23 00:05:24 +0000 2011","profile_image_url_https":"https:\/\/si0.twimg.com\/profile_images\/1510194492\/Projection_Logo_Black_sq_normal.jpg","name":"PerryTruthTeam","geo_enabled":false,"favourites_count":0,"profile_background_color":"C0DEED","default_profile_image":false,"notifications":null,"profile_background_tile":false,"utc_offset":-21600,"description":"Campaign account for @GovernorPerry, candidate for president in 2012. Send tips to PerryTruthTeam@rickperry.org.","statuses_count":164,"following":null,"verified":false,"profile_sidebar_fill_color":"DDEEF6","followers_count":3939,"profile_image_url":"http:\/\/a3.twimg.com\/profile_images\/1510194492\/Projection_Logo_Black_sq_normal.jpg","follow_request_sent":null,"profile_sidebar_border_color":"C0DEED","location":"","is_translator":false,"default_profile":false,"contributors_enabled":false,"screen_name":"PerryTruthTeam","profile_use_background_image":true,"url":"http:\/\/www.rickperry.org","id_str":"360286555","show_all_inline_media":false,"profile_background_image_url_https":"https:\/\/si0.twimg.com\/profile_background_images\/318027808\/RP_Twitter_logo.jpg","profile_text_color":"333333","id":360286555,"listed_count":126,"lang":"en","profile_background_image_url":"http:\/\/a3.twimg.com\/profile_background_images\/318027808\/RP_Twitter_logo.jpg","friends_count":256},"contributors":null,"in_reply_to_status_id":null,"source":"<a href=\"http:\/\/www.tweetdeck.com\" rel=\"nofollow\">TweetDeck<\/a>","id_str":"117065122228342784","geo":null,"favorited":false,"id":117065122228342784,"coordinates":null,"in_reply_to_user_id":null,"truncated":false,"text":"Romneycare killed 18k jobs, cost $8B including $4B in Medicaid\/Medicare expenditures http:\/\/t.co\/McXAbZFE #GOPDebate","name":"PerryTruthTeam","boldText":"Romneycare killed 18k jobs, cost $8B including $4B in <B>Medicaid<\/B>\/<B><B>Medicare<\/B><\/B> expenditures http:\/\/t.co\/McXAbZFE #GOPDebate"},{"possibly_sensitive":false,"place":null,"retweet_count":7,"in_reply_to_screen_name":null,"created_at":"Fri Sep 23 01:47:43 +0000 2011","retweeted":false,"in_reply_to_status_id_str":null,"in_reply_to_user_id_str":null,"user":{"time_zone":"Central Time (US & Canada)","profile_link_color":"0084B4","protected":false,"created_at":"Tue Aug 23 00:05:24 +0000 2011","profile_image_url_https":"https:\/\/si0.twimg.com\/profile_images\/1510194492\/Projection_Logo_Black_sq_normal.jpg","name":"PerryTruthTeam","geo_enabled":false,"favourites_count":0,"profile_background_color":"C0DEED","default_profile_image":false,"notifications":null,"profile_background_tile":false,"utc_offset":-21600,"description":"Campaign account for @GovernorPerry, candidate for president in 2012. Send tips to PerryTruthTeam@rickperry.org.","statuses_count":164,"following":null,"verified":false,"profile_sidebar_fill_color":"DDEEF6","followers_count":3939,"profile_image_url":"http:\/\/a3.twimg.com\/profile_images\/1510194492\/Projection_Logo_Black_sq_normal.jpg","follow_request_sent":null,"profile_sidebar_border_color":"C0DEED","location":"","is_translator":false,"default_profile":false,"contributors_enabled":false,"screen_name":"PerryTruthTeam","profile_use_background_image":true,"url":"http:\/\/www.rickperry.org","id_str":"360286555","show_all_inline_media":false,"profile_background_image_url_https":"https:\/\/si0.twimg.com\/profile_background_images\/318027808\/RP_Twitter_logo.jpg","profile_text_color":"333333","id":360286555,"listed_count":126,"lang":"en","profile_background_image_url":"http:\/\/a3.twimg.com\/profile_background_images\/318027808\/RP_Twitter_logo.jpg","friends_count":256},"contributors":null,"in_reply_to_status_id":null,"source":"<a href=\"http:\/\/www.tweetdeck.com\" rel=\"nofollow\">TweetDeck<\/a>","id_str":"117052492470173696","geo":null,"favorited":false,"id":117052492470173696,"coordinates":null,"in_reply_to_user_id":null,"truncated":false,"text":"Romney's Chief Economic Advisor: Romneycare=Obamacare http:\/\/t.co\/XJ32QVup #GOPDebate","name":"PerryTruthTeam","boldText":"Romney's Chief Economic Advisor: Romneycare=<B>Obamacare<\/B> http:\/\/t.co\/XJ32QVup #GOPDebate"},{"possibly_sensitive":false,"place":null,"retweet_count":54,"in_reply_to_screen_name":null,"created_at":"Fri Aug 12 20:34:22 +0000 2011","retweeted":false,"in_reply_to_status_id_str":null,"in_reply_to_user_id_str":null,"user":{"time_zone":"Central Time (US & Canada)","profile_link_color":"173852","protected":false,"created_at":"Wed Jan 21 15:27:55 +0000 2009","profile_image_url_https":"https:\/\/si0.twimg.com\/profile_images\/103613091\/TexGov-Twitter_normal.jpg","name":"Office of Gov Perry","geo_enabled":true,"favourites_count":0,"profile_background_color":"173652","default_profile_image":false,"notifications":null,"profile_background_tile":false,"utc_offset":-21600,"description":"Official news from the Office of Texas Governor Rick Perry.","statuses_count":1136,"following":null,"verified":false,"profile_sidebar_fill_color":"d4e1e9","followers_count":19356,"profile_image_url":"http:\/\/a0.twimg.com\/profile_images\/103613091\/TexGov-Twitter_normal.jpg","follow_request_sent":null,"profile_sidebar_border_color":"d4e1e9","location":"The Texas Capitol, Austin, TX","is_translator":false,"default_profile":false,"contributors_enabled":false,"screen_name":"TexGov","profile_use_background_image":true,"url":"http:\/\/www.governor.state.tx.us","id_str":"19291441","show_all_inline_media":false,"profile_background_image_url_https":"https:\/\/si0.twimg.com\/profile_background_images\/263535204\/Background-NEW.png","profile_text_color":"173852","id":19291441,"listed_count":878,"lang":"en","profile_background_image_url":"http:\/\/a2.twimg.com\/profile_background_images\/263535204\/Background-NEW.png","friends_count":3555},"contributors":null,"in_reply_to_status_id":null,"source":"<a href=\"http:\/\/twitter.com\/tweetbutton\" rel=\"nofollow\">Tweet Button<\/a>","id_str":"102115732057358336","geo":null,"favorited":false,"id":102115732057358336,"coordinates":null,"in_reply_to_user_id":null,"truncated":false,"text":"Statement by Gov. Rick Perry on Federal Appeals Court Ruling on Obamacare: http:\/\/t.co\/NOxzB3c","name":"TexGov","boldText":"Statement by Gov. Rick Perry on Federal Appeals Court Ruling on <B>Obamacare<\/B>: http:\/\/t.co\/NOxzB3c"},{"possibly_sensitive":false,"place":null,"retweet_count":3,"in_reply_to_screen_name":null,"created_at":"Thu Jul 14 23:09:56 +0000 2011","retweeted":false,"in_reply_to_status_id_str":null,"in_reply_to_user_id_str":null,"user":{"time_zone":"Central Time (US & Canada)","profile_link_color":"173852","protected":false,"created_at":"Wed Jan 21 15:27:55 +0000 2009","profile_image_url_https":"https:\/\/si0.twimg.com\/profile_images\/103613091\/TexGov-Twitter_normal.jpg","name":"Office of Gov Perry","geo_enabled":true,"favourites_count":0,"profile_background_color":"173652","default_profile_image":false,"notifications":null,"profile_background_tile":false,"utc_offset":-21600,"description":"Official news from the Office of Texas Governor Rick Perry.","statuses_count":1136,"following":null,"verified":false,"profile_sidebar_fill_color":"d4e1e9","followers_count":19356,"profile_image_url":"http:\/\/a0.twimg.com\/profile_images\/103613091\/TexGov-Twitter_normal.jpg","follow_request_sent":null,"profile_sidebar_border_color":"d4e1e9","location":"The Texas Capitol, Austin, TX","is_translator":false,"default_profile":false,"contributors_enabled":false,"screen_name":"TexGov","profile_use_background_image":true,"url":"http:\/\/www.governor.state.tx.us","id_str":"19291441","show_all_inline_media":false,"profile_background_image_url_https":"https:\/\/si0.twimg.com\/profile_background_images\/263535204\/Background-NEW.png","profile_text_color":"173852","id":19291441,"listed_count":878,"lang":"en","profile_background_image_url":"http:\/\/a2.twimg.com\/profile_background_images\/263535204\/Background-NEW.png","friends_count":3555},"contributors":null,"in_reply_to_status_id":null,"source":"<a href=\"http:\/\/twitter.com\/tweetbutton\" rel=\"nofollow\">Tweet Button<\/a>","id_str":"91645633382989824","geo":null,"favorited":false,"id":91645633382989824,"coordinates":null,"in_reply_to_user_id":null,"truncated":false,"text":"Vid: TX Sen. @leticiavdp discussing the benefits of the College Credit for Heroes program. http:\/\/t.co\/a3t5uUS #SB1736 #veterans","name":"TexGov","boldText":"Vid: TX Sen. @leticiavdp discussing the <B>benefits<\/B> of the College Credit for Heroes program. http:\/\/t.co\/a3t5uUS #SB1736 #veterans"},{"possibly_sensitive":false,"place":null,"retweet_count":4,"in_reply_to_screen_name":null,"created_at":"Thu Jun 23 17:14:32 +0000 2011","retweeted":false,"in_reply_to_status_id_str":null,"in_reply_to_user_id_str":null,"user":{"time_zone":"Central Time (US & Canada)","profile_link_color":"173852","protected":false,"created_at":"Wed Jan 21 15:27:55 +0000 2009","profile_image_url_https":"https:\/\/si0.twimg.com\/profile_images\/103613091\/TexGov-Twitter_normal.jpg","name":"Office of Gov Perry","geo_enabled":true,"favourites_count":0,"profile_background_color":"173652","default_profile_image":false,"notifications":null,"profile_background_tile":false,"utc_offset":-21600,"description":"Official news from the Office of Texas Governor Rick Perry.","statuses_count":1136,"following":null,"verified":false,"profile_sidebar_fill_color":"d4e1e9","followers_count":19356,"profile_image_url":"http:\/\/a0.twimg.com\/profile_images\/103613091\/TexGov-Twitter_normal.jpg","follow_request_sent":null,"profile_sidebar_border_color":"d4e1e9","location":"The Texas Capitol, Austin, TX","is_translator":false,"contributors_enabled":false,"screen_name":"TexGov","profile_use_background_image":true,"url":"http:\/\/www.governor.state.tx.us","id_str":"19291441","default_profile":false,"show_all_inline_media":false,"profile_background_image_url_https":"https:\/\/si0.twimg.com\/profile_background_images\/263535204\/Background-NEW.png","profile_text_color":"173852","id":19291441,"listed_count":878,"lang":"en","profile_background_image_url":"http:\/\/a2.twimg.com\/profile_background_images\/263535204\/Background-NEW.png","friends_count":3555},"contributors":null,"in_reply_to_status_id":null,"source":"<a href=\"http:\/\/twitter.com\/tweetbutton\" rel=\"nofollow\">Tweet Button<\/a>","id_str":"83946050666242048","geo":null,"favorited":false,"id":83946050666242048,"coordinates":null,"in_reply_to_user_id":null,"truncated":false,"text":"Statement Regarding the Texas Windstorm Insurance Association Bill: http:\/\/t.co\/EvVWLEC #TWIA #txlege","name":"TexGov","boldText":"Statement Regarding the Texas Windstorm <B>Insurance<\/B> Association Bill: http:\/\/t.co\/EvVWLEC #TWIA #txlege"},{"place":null,"retweet_count":17,"in_reply_to_screen_name":null,"created_at":"Mon Feb 28 11:56:56 +0000 2011","retweeted":false,"in_reply_to_status_id_str":null,"in_reply_to_user_id_str":null,"user":{"time_zone":"Central Time (US & Canada)","profile_link_color":"e00d0d","protected":false,"default_profile":false,"created_at":"Mon Jan 12 16:59:54 +0000 2009","profile_image_url_https":"https:\/\/si0.twimg.com\/profile_images\/334300811\/IMG_0270_2_normal.gif","name":"Rick Perry","geo_enabled":false,"favourites_count":155,"profile_background_color":"101c6e","default_profile_image":false,"notifications":null,"profile_background_tile":false,"utc_offset":-21600,"description":"Personal Twitter feed of Texas' 47th Governor. Follow @TeamRickPerry for updates from campaign staff, @TexGov for official state updates.","statuses_count":1224,"following":null,"verified":true,"profile_sidebar_fill_color":"f2f2f2","followers_count":100900,"profile_image_url":"http:\/\/a2.twimg.com\/profile_images\/334300811\/IMG_0270_2_normal.gif","follow_request_sent":null,"profile_sidebar_border_color":"0a0a0a","location":"Texas","is_translator":false,"contributors_enabled":false,"screen_name":"GovernorPerry","profile_use_background_image":true,"url":"http:\/\/www.rickperry.org","id_str":"18906561","show_all_inline_media":false,"profile_background_image_url_https":"https:\/\/si0.twimg.com\/profile_background_images\/310775007\/RP_Twitter_pic__1_.jpg","profile_text_color":"000000","id":18906561,"listed_count":3421,"lang":"en","profile_background_image_url":"http:\/\/a0.twimg.com\/profile_background_images\/310775007\/RP_Twitter_pic__1_.jpg","friends_count":31087},"contributors":null,"in_reply_to_status_id":null,"source":"web","id_str":"42191518248873984","geo":null,"favorited":false,"id":42191518248873984,"coordinates":null,"in_reply_to_user_id":null,"truncated":false,"text":"Governors will lay out medicaid fix for POTUS this AM.  Help balance the budget, deliver more and better services. Flexibilty..Block grants!","name":"GovernorPerry","boldText":"Governors will lay out <B>medicaid<\/B> fix for POTUS this AM.  Help balance the budget, deliver more and better services. Flexibilty..Block grants!"}]