[{"possibly_sensitive":false,"place":null,"retweet_count":18,"in_reply_to_screen_name":null,"created_at":"Tue Oct 25 15:24:00 +0000 2011","retweeted":false,"in_reply_to_status_id_str":null,"in_reply_to_user_id_str":null,"user":{"time_zone":"Central Time (US & Canada)","profile_link_color":"f00514","protected":false,"created_at":"Fri Jan 16 20:35:54 +0000 2009","profile_image_url_https":"https:\/\/si0.twimg.com\/profile_images\/786044783\/iPhoneAppIconBlueRedBkg_normal.png","name":"Team Rick Perry","geo_enabled":false,"favourites_count":3931,"profile_background_color":"070536","default_profile_image":false,"notifications":null,"profile_background_tile":false,"utc_offset":-21600,"description":"Campaign account for @GovernorPerry, candidate for president in 2012. Visit http:\/\/rickperry.org to get involved today!","statuses_count":5513,"following":null,"verified":false,"profile_sidebar_fill_color":"fafafa","followers_count":22405,"profile_image_url":"http:\/\/a3.twimg.com\/profile_images\/786044783\/iPhoneAppIconBlueRedBkg_normal.png","follow_request_sent":null,"profile_sidebar_border_color":"0a0a0a","location":"Texas","is_translator":false,"default_profile":false,"contributors_enabled":false,"screen_name":"TeamRickPerry","profile_use_background_image":true,"url":"http:\/\/www.RickPerry.org","id_str":"19084128","show_all_inline_media":true,"profile_background_image_url_https":"https:\/\/si0.twimg.com\/profile_background_images\/310770335\/RP_Twitter_logo.jpg","profile_text_color":"030303","id":19084128,"listed_count":941,"lang":"en","profile_background_image_url":"http:\/\/a3.twimg.com\/profile_background_images\/310770335\/RP_Twitter_logo.jpg","friends_count":6964},"contributors":null,"in_reply_to_status_id":null,"source":"web","id_str":"128854330043400192","geo":null,"favorited":false,"id":128854330043400192,"coordinates":null,"in_reply_to_user_id":null,"truncated":false,"text":"No taxes on social security benefits http:\/\/t.co\/U8D6kvId","name":"TeamRickPerry","boldText":"No taxes on social security <B>benefits<\/B> http:\/\/t.co\/U8D6kvId"},{"possibly_sensitive":false,"place":null,"retweet_count":25,"in_reply_to_screen_name":null,"created_at":"Mon Oct 24 17:17:19 +0000 2011","retweeted":false,"in_reply_to_status_id_str":null,"in_reply_to_user_id_str":null,"user":{"time_zone":"Central Time (US & Canada)","profile_link_color":"0084B4","protected":false,"created_at":"Tue Aug 23 00:05:24 +0000 2011","profile_image_url_https":"https:\/\/si0.twimg.com\/profile_images\/1510194492\/Projection_Logo_Black_sq_normal.jpg","name":"PerryTruthTeam","geo_enabled":false,"favourites_count":0,"profile_background_color":"C0DEED","default_profile_image":false,"notifications":false,"profile_background_tile":false,"utc_offset":-21600,"description":"Campaign account for @GovernorPerry, candidate for president in 2012. Send tips to PerryTruthTeam@rickperry.org.","statuses_count":164,"following":false,"verified":false,"profile_sidebar_fill_color":"DDEEF6","followers_count":3936,"profile_image_url":"http:\/\/a3.twimg.com\/profile_images\/1510194492\/Projection_Logo_Black_sq_normal.jpg","follow_request_sent":false,"profile_sidebar_border_color":"C0DEED","location":"","is_translator":false,"contributors_enabled":false,"screen_name":"PerryTruthTeam","default_profile":false,"profile_use_background_image":true,"url":"http:\/\/www.rickperry.org","id_str":"360286555","show_all_inline_media":false,"profile_background_image_url_https":"https:\/\/si0.twimg.com\/profile_background_images\/318027808\/RP_Twitter_logo.jpg","profile_text_color":"333333","id":360286555,"listed_count":126,"lang":"en","profile_background_image_url":"http:\/\/a3.twimg.com\/profile_background_images\/318027808\/RP_Twitter_logo.jpg","friends_count":256},"contributors":null,"in_reply_to_status_id":null,"source":"<a href=\"http:\/\/www.tweetdeck.com\" rel=\"nofollow\">TweetDeck<\/a>","id_str":"128520458508308480","geo":null,"favorited":false,"id":128520458508308480,"coordinates":null,"in_reply_to_user_id":null,"truncated":false,"text":"Romney\u2019s 2004 rules allowed free health care benefits for illegal immigrants http:\/\/t.co\/OlpBSZrj","name":"PerryTruthTeam","boldText":"Romney\u2019s 2004 rules allowed free health care <B>benefits<\/B> for illegal immigrants http:\/\/t.co\/OlpBSZrj"},{"possibly_sensitive":false,"place":null,"retweet_count":7,"in_reply_to_screen_name":null,"created_at":"Tue Oct 11 16:12:48 +0000 2011","retweeted":false,"in_reply_to_status_id_str":null,"in_reply_to_user_id_str":null,"user":{"time_zone":"Central Time (US & Canada)","profile_link_color":"173852","protected":false,"created_at":"Wed Jan 21 15:27:55 +0000 2009","profile_image_url_https":"https:\/\/si0.twimg.com\/profile_images\/103613091\/TexGov-Twitter_normal.jpg","name":"Office of Gov Perry","geo_enabled":true,"favourites_count":0,"profile_background_color":"173652","default_profile_image":false,"notifications":null,"profile_background_tile":false,"utc_offset":-21600,"description":"Official news from the Office of Texas Governor Rick Perry.","statuses_count":1136,"following":null,"verified":false,"profile_sidebar_fill_color":"d4e1e9","followers_count":19356,"profile_image_url":"http:\/\/a0.twimg.com\/profile_images\/103613091\/TexGov-Twitter_normal.jpg","follow_request_sent":null,"profile_sidebar_border_color":"d4e1e9","location":"The Texas Capitol, Austin, TX","is_translator":false,"default_profile":false,"contributors_enabled":false,"screen_name":"TexGov","profile_use_background_image":true,"url":"http:\/\/www.governor.state.tx.us","id_str":"19291441","show_all_inline_media":false,"profile_background_image_url_https":"https:\/\/si0.twimg.com\/profile_background_images\/263535204\/Background-NEW.png","profile_text_color":"173852","id":19291441,"listed_count":878,"lang":"en","profile_background_image_url":"http:\/\/a2.twimg.com\/profile_background_images\/263535204\/Background-NEW.png","friends_count":3555},"contributors":null,"in_reply_to_status_id":null,"source":"<a href=\"http:\/\/twitter.com\/tweetbutton\" rel=\"nofollow\">Tweet Button<\/a>","id_str":"123793179488157697","geo":null,"favorited":false,"id":123793179488157697,"coordinates":null,"in_reply_to_user_id":null,"truncated":false,"text":"Art Exhibit in Honor of National Disability Employment Awareness Month: http:\/\/t.co\/ruOXPEWV","name":"TexGov","boldText":"Art Exhibit in Honor of National <B>Disability<\/B> Employment Awareness Month: http:\/\/t.co\/ruOXPEWV"},{"possibly_sensitive":false,"place":null,"retweet_count":3,"in_reply_to_screen_name":null,"created_at":"Thu Jul 14 23:09:56 +0000 2011","retweeted":false,"in_reply_to_status_id_str":null,"in_reply_to_user_id_str":null,"user":{"time_zone":"Central Time (US & Canada)","profile_link_color":"173852","protected":false,"created_at":"Wed Jan 21 15:27:55 +0000 2009","profile_image_url_https":"https:\/\/si0.twimg.com\/profile_images\/103613091\/TexGov-Twitter_normal.jpg","name":"Office of Gov Perry","geo_enabled":true,"favourites_count":0,"profile_background_color":"173652","default_profile_image":false,"notifications":null,"profile_background_tile":false,"utc_offset":-21600,"description":"Official news from the Office of Texas Governor Rick Perry.","statuses_count":1136,"following":null,"verified":false,"profile_sidebar_fill_color":"d4e1e9","followers_count":19356,"profile_image_url":"http:\/\/a0.twimg.com\/profile_images\/103613091\/TexGov-Twitter_normal.jpg","follow_request_sent":null,"profile_sidebar_border_color":"d4e1e9","location":"The Texas Capitol, Austin, TX","is_translator":false,"default_profile":false,"contributors_enabled":false,"screen_name":"TexGov","profile_use_background_image":true,"url":"http:\/\/www.governor.state.tx.us","id_str":"19291441","show_all_inline_media":false,"profile_background_image_url_https":"https:\/\/si0.twimg.com\/profile_background_images\/263535204\/Background-NEW.png","profile_text_color":"173852","id":19291441,"listed_count":878,"lang":"en","profile_background_image_url":"http:\/\/a2.twimg.com\/profile_background_images\/263535204\/Background-NEW.png","friends_count":3555},"contributors":null,"in_reply_to_status_id":null,"source":"<a href=\"http:\/\/twitter.com\/tweetbutton\" rel=\"nofollow\">Tweet Button<\/a>","id_str":"91645633382989824","geo":null,"favorited":false,"id":91645633382989824,"coordinates":null,"in_reply_to_user_id":null,"truncated":false,"text":"Vid: TX Sen. @leticiavdp discussing the benefits of the College Credit for Heroes program. http:\/\/t.co\/a3t5uUS #SB1736 #veterans","name":"TexGov","boldText":"Vid: TX Sen. @leticiavdp discussing the <B>benefits<\/B> of the College Credit for Heroes program. http:\/\/t.co\/a3t5uUS #SB1736 #veterans"}]