[{"possibly_sensitive":false,"place":null,"retweet_count":23,"in_reply_to_screen_name":null,"created_at":"Thu Nov 03 17:26:50 +0000 2011","retweeted":false,"in_reply_to_status_id_str":null,"in_reply_to_user_id_str":null,"user":{"default_profile":false,"time_zone":"Central Time (US & Canada)","profile_link_color":"f00514","protected":false,"created_at":"Fri Jan 16 20:35:54 +0000 2009","profile_image_url_https":"https:\/\/si0.twimg.com\/profile_images\/786044783\/iPhoneAppIconBlueRedBkg_normal.png","name":"Team Rick Perry","geo_enabled":false,"favourites_count":3931,"profile_background_color":"070536","default_profile_image":false,"notifications":null,"profile_background_tile":false,"utc_offset":-21600,"description":"Campaign account for @GovernorPerry, candidate for president in 2012. Visit http:\/\/rickperry.org to get involved today!","statuses_count":5509,"following":null,"verified":false,"profile_sidebar_fill_color":"fafafa","followers_count":22404,"profile_image_url":"http:\/\/a3.twimg.com\/profile_images\/786044783\/iPhoneAppIconBlueRedBkg_normal.png","follow_request_sent":null,"profile_sidebar_border_color":"0a0a0a","location":"Texas","is_translator":false,"contributors_enabled":false,"screen_name":"TeamRickPerry","profile_use_background_image":true,"url":"http:\/\/www.RickPerry.org","id_str":"19084128","show_all_inline_media":true,"profile_background_image_url_https":"https:\/\/si0.twimg.com\/profile_background_images\/310770335\/RP_Twitter_logo.jpg","profile_text_color":"030303","id":19084128,"listed_count":941,"lang":"en","profile_background_image_url":"http:\/\/a3.twimg.com\/profile_background_images\/310770335\/RP_Twitter_logo.jpg","friends_count":6964},"contributors":null,"in_reply_to_status_id":null,"source":"web","id_str":"132146729234612224","geo":null,"favorited":false,"id":132146729234612224,"coordinates":null,"in_reply_to_user_id":null,"truncated":false,"text":"Full video of @SeanHannity interviewing @GovernorPerry about the flat tax, immigration, & more: http:\/\/t.co\/v0r2MDvu","name":"TeamRickPerry","boldText":"Full video of @SeanHannity interviewing @GovernorPerry about the <B>flat tax<\/B>, immigration, & more: http:\/\/t.co\/v0r2MDvu"},{"possibly_sensitive":false,"place":null,"retweet_count":24,"in_reply_to_screen_name":null,"created_at":"Thu Nov 03 16:34:27 +0000 2011","retweeted":false,"in_reply_to_status_id_str":null,"in_reply_to_user_id_str":null,"user":{"time_zone":"Central Time (US & Canada)","profile_link_color":"0084B4","protected":false,"created_at":"Tue Aug 23 00:05:24 +0000 2011","profile_image_url_https":"https:\/\/si0.twimg.com\/profile_images\/1510194492\/Projection_Logo_Black_sq_normal.jpg","name":"PerryTruthTeam","geo_enabled":false,"favourites_count":0,"profile_background_color":"C0DEED","default_profile_image":false,"notifications":false,"profile_background_tile":false,"utc_offset":-21600,"description":"Campaign account for @GovernorPerry, candidate for president in 2012. Send tips to PerryTruthTeam@rickperry.org.","statuses_count":162,"following":true,"verified":false,"profile_sidebar_fill_color":"DDEEF6","followers_count":3929,"profile_image_url":"http:\/\/a3.twimg.com\/profile_images\/1510194492\/Projection_Logo_Black_sq_normal.jpg","default_profile":false,"follow_request_sent":false,"profile_sidebar_border_color":"C0DEED","location":"","is_translator":false,"contributors_enabled":false,"screen_name":"PerryTruthTeam","profile_use_background_image":true,"url":"http:\/\/www.rickperry.org","id_str":"360286555","show_all_inline_media":false,"profile_background_image_url_https":"https:\/\/si0.twimg.com\/profile_background_images\/318027808\/RP_Twitter_logo.jpg","profile_text_color":"333333","id":360286555,"listed_count":126,"lang":"en","profile_background_image_url":"http:\/\/a3.twimg.com\/profile_background_images\/318027808\/RP_Twitter_logo.jpg","friends_count":255},"contributors":null,"in_reply_to_status_id":null,"source":"<a href=\"http:\/\/www.tweetdeck.com\" rel=\"nofollow\">TweetDeck<\/a>","id_str":"132133546935590914","geo":null,"favorited":false,"id":132133546935590914,"coordinates":null,"in_reply_to_user_id":null,"truncated":false,"text":"Perry plan takes wrecking ball to DC Establishment, Romney raised MA business taxes 20% http:\/\/t.co\/6FZgR9d6","name":"PerryTruthTeam","boldText":"Perry plan takes wrecking ball to DC Establishment, Romney raised MA business <B>taxes<\/B> 20% http:\/\/t.co\/6FZgR9d6"},{"possibly_sensitive":false,"place":null,"retweet_count":6,"in_reply_to_screen_name":null,"created_at":"Fri Oct 28 18:04:14 +0000 2011","retweeted":false,"in_reply_to_status_id_str":null,"in_reply_to_user_id_str":null,"user":{"time_zone":"Central Time (US & Canada)","profile_link_color":"0084B4","protected":false,"created_at":"Tue Aug 23 00:05:24 +0000 2011","profile_image_url_https":"https:\/\/si0.twimg.com\/profile_images\/1510194492\/Projection_Logo_Black_sq_normal.jpg","name":"PerryTruthTeam","geo_enabled":false,"favourites_count":0,"profile_background_color":"C0DEED","default_profile_image":false,"notifications":false,"profile_background_tile":false,"utc_offset":-21600,"description":"Campaign account for @GovernorPerry, candidate for president in 2012. Send tips to PerryTruthTeam@rickperry.org.","statuses_count":164,"following":false,"verified":false,"profile_sidebar_fill_color":"DDEEF6","followers_count":3936,"profile_image_url":"http:\/\/a3.twimg.com\/profile_images\/1510194492\/Projection_Logo_Black_sq_normal.jpg","follow_request_sent":false,"profile_sidebar_border_color":"C0DEED","location":"","is_translator":false,"default_profile":false,"contributors_enabled":false,"screen_name":"PerryTruthTeam","profile_use_background_image":true,"url":"http:\/\/www.rickperry.org","id_str":"360286555","show_all_inline_media":false,"profile_background_image_url_https":"https:\/\/si0.twimg.com\/profile_background_images\/318027808\/RP_Twitter_logo.jpg","profile_text_color":"333333","id":360286555,"listed_count":126,"lang":"en","profile_background_image_url":"http:\/\/a3.twimg.com\/profile_background_images\/318027808\/RP_Twitter_logo.jpg","friends_count":256},"contributors":null,"in_reply_to_status_id":null,"source":"<a href=\"http:\/\/www.tweetdeck.com\" rel=\"nofollow\">TweetDeck<\/a>","id_str":"129981814050795520","geo":null,"favorited":false,"id":129981814050795520,"coordinates":null,"in_reply_to_user_id":null,"truncated":false,"text":"Romney Twice Approved Free Non-emergency Health Care for Illegal Immigrants http:\/\/t.co\/ggFeDFnx","name":"PerryTruthTeam","boldText":"Romney Twice Approved Free Non-emergency Health Care for Illegal Immigrants http:\/\/t.co\/gg<B>FeD<\/B>Fnx"},{"possibly_sensitive":false,"place":null,"retweet_count":7,"in_reply_to_screen_name":null,"created_at":"Wed Oct 26 19:45:10 +0000 2011","retweeted":false,"in_reply_to_status_id_str":null,"in_reply_to_user_id_str":null,"user":{"time_zone":"Central Time (US & Canada)","profile_link_color":"0084B4","protected":false,"created_at":"Tue Aug 23 00:05:24 +0000 2011","profile_image_url_https":"https:\/\/si0.twimg.com\/profile_images\/1510194492\/Projection_Logo_Black_sq_normal.jpg","name":"PerryTruthTeam","geo_enabled":false,"favourites_count":0,"profile_background_color":"C0DEED","default_profile_image":false,"notifications":false,"profile_background_tile":false,"utc_offset":-21600,"description":"Campaign account for @GovernorPerry, candidate for president in 2012. Send tips to PerryTruthTeam@rickperry.org.","statuses_count":164,"following":false,"verified":false,"profile_sidebar_fill_color":"DDEEF6","followers_count":3936,"profile_image_url":"http:\/\/a3.twimg.com\/profile_images\/1510194492\/Projection_Logo_Black_sq_normal.jpg","follow_request_sent":false,"profile_sidebar_border_color":"C0DEED","location":"","is_translator":false,"contributors_enabled":false,"screen_name":"PerryTruthTeam","default_profile":false,"profile_use_background_image":true,"url":"http:\/\/www.rickperry.org","id_str":"360286555","show_all_inline_media":false,"profile_background_image_url_https":"https:\/\/si0.twimg.com\/profile_background_images\/318027808\/RP_Twitter_logo.jpg","profile_text_color":"333333","id":360286555,"listed_count":126,"lang":"en","profile_background_image_url":"http:\/\/a3.twimg.com\/profile_background_images\/318027808\/RP_Twitter_logo.jpg","friends_count":256},"contributors":null,"in_reply_to_status_id":null,"source":"<a href=\"http:\/\/www.tweetdeck.com\" rel=\"nofollow\">TweetDeck<\/a>","id_str":"129282440903671809","geo":null,"favorited":false,"id":129282440903671809,"coordinates":null,"in_reply_to_user_id":null,"truncated":false,"text":"Mitt \u201896: Flat Tax BAD http:\/\/t.co\/16NrfyQu Mitt \u201811: Flat Tax GOOD http:\/\/t.co\/6053r2pS #flipflopmitt","name":"PerryTruthTeam","boldText":"Mitt \u201896: <B>Flat Tax<\/B> BAD http:\/\/t.co\/16NrfyQu Mitt \u201811: <B>Flat Tax<\/B> GOOD http:\/\/t.co\/6053r2pS #flipflopmitt"},{"possibly_sensitive":false,"place":null,"retweet_count":11,"in_reply_to_screen_name":null,"created_at":"Wed Oct 26 18:49:24 +0000 2011","retweeted":false,"in_reply_to_status_id_str":null,"in_reply_to_user_id_str":null,"user":{"time_zone":"Central Time (US & Canada)","profile_link_color":"0084B4","protected":false,"created_at":"Tue Aug 23 00:05:24 +0000 2011","profile_image_url_https":"https:\/\/si0.twimg.com\/profile_images\/1510194492\/Projection_Logo_Black_sq_normal.jpg","name":"PerryTruthTeam","geo_enabled":false,"favourites_count":0,"profile_background_color":"C0DEED","default_profile_image":false,"notifications":false,"profile_background_tile":false,"utc_offset":-21600,"description":"Campaign account for @GovernorPerry, candidate for president in 2012. Send tips to PerryTruthTeam@rickperry.org.","statuses_count":164,"following":false,"verified":false,"profile_sidebar_fill_color":"DDEEF6","followers_count":3939,"profile_image_url":"http:\/\/a3.twimg.com\/profile_images\/1510194492\/Projection_Logo_Black_sq_normal.jpg","follow_request_sent":false,"profile_sidebar_border_color":"C0DEED","location":"","is_translator":false,"default_profile":false,"contributors_enabled":false,"screen_name":"PerryTruthTeam","profile_use_background_image":true,"url":"http:\/\/www.rickperry.org","id_str":"360286555","show_all_inline_media":false,"profile_background_image_url_https":"https:\/\/si0.twimg.com\/profile_background_images\/318027808\/RP_Twitter_logo.jpg","profile_text_color":"333333","id":360286555,"listed_count":126,"lang":"en","profile_background_image_url":"http:\/\/a3.twimg.com\/profile_background_images\/318027808\/RP_Twitter_logo.jpg","friends_count":256},"contributors":null,"in_reply_to_status_id":null,"source":"<a href=\"http:\/\/www.tweetdeck.com\" rel=\"nofollow\">TweetDeck<\/a>","id_str":"129268408754769923","geo":null,"favorited":false,"id":129268408754769923,"coordinates":null,"in_reply_to_user_id":null,"truncated":false,"text":"Romney revising 59-pt plan to include flat tax? http:\/\/t.co\/6053r2pS #flipflopmitt","name":"PerryTruthTeam","boldText":"Romney revising 59-pt plan to include <B>flat tax<\/B>? http:\/\/t.co\/6053r2pS #flipflopmitt"},{"place":null,"retweet_count":7,"in_reply_to_screen_name":null,"created_at":"Tue Oct 25 22:58:34 +0000 2011","retweeted":false,"in_reply_to_status_id_str":null,"in_reply_to_user_id_str":null,"user":{"time_zone":"Central Time (US & Canada)","profile_link_color":"f00514","protected":false,"created_at":"Fri Jan 16 20:35:54 +0000 2009","profile_image_url_https":"https:\/\/si0.twimg.com\/profile_images\/786044783\/iPhoneAppIconBlueRedBkg_normal.png","name":"Team Rick Perry","geo_enabled":false,"favourites_count":3931,"profile_background_color":"070536","default_profile_image":false,"notifications":null,"profile_background_tile":false,"utc_offset":-21600,"description":"Campaign account for @GovernorPerry, candidate for president in 2012. Visit http:\/\/rickperry.org to get involved today!","statuses_count":5513,"following":null,"verified":false,"profile_sidebar_fill_color":"fafafa","followers_count":22405,"profile_image_url":"http:\/\/a3.twimg.com\/profile_images\/786044783\/iPhoneAppIconBlueRedBkg_normal.png","follow_request_sent":null,"profile_sidebar_border_color":"0a0a0a","location":"Texas","is_translator":false,"default_profile":false,"contributors_enabled":false,"screen_name":"TeamRickPerry","profile_use_background_image":true,"url":"http:\/\/www.RickPerry.org","id_str":"19084128","show_all_inline_media":true,"profile_background_image_url_https":"https:\/\/si0.twimg.com\/profile_background_images\/310770335\/RP_Twitter_logo.jpg","profile_text_color":"030303","id":19084128,"listed_count":941,"lang":"en","profile_background_image_url":"http:\/\/a3.twimg.com\/profile_background_images\/310770335\/RP_Twitter_logo.jpg","friends_count":6964},"contributors":null,"in_reply_to_status_id":null,"source":"web","id_str":"128968721564831744","geo":null,"favorited":false,"id":128968721564831744,"coordinates":null,"in_reply_to_user_id":null,"truncated":false,"text":".@GovernorPerry will join @Larry_Kudlow on @thekudlowreport momentarily to talk about flat tax plan: Cut, Balance & Grow","name":"TeamRickPerry","boldText":".@GovernorPerry will join @Larry_Kudlow on @thekudlowreport momentarily to talk about <B>flat tax<\/B> plan: Cut, Balance & Grow"},{"place":null,"retweet_count":3,"in_reply_to_screen_name":null,"created_at":"Tue Oct 25 22:11:44 +0000 2011","retweeted":false,"in_reply_to_status_id_str":null,"in_reply_to_user_id_str":null,"user":{"time_zone":"Central Time (US & Canada)","profile_link_color":"f00514","protected":false,"created_at":"Fri Jan 16 20:35:54 +0000 2009","profile_image_url_https":"https:\/\/si0.twimg.com\/profile_images\/786044783\/iPhoneAppIconBlueRedBkg_normal.png","name":"Team Rick Perry","geo_enabled":false,"favourites_count":3931,"profile_background_color":"070536","default_profile_image":false,"notifications":null,"profile_background_tile":false,"utc_offset":-21600,"description":"Campaign account for @GovernorPerry, candidate for president in 2012. Visit http:\/\/rickperry.org to get involved today!","statuses_count":5513,"following":null,"verified":false,"profile_sidebar_fill_color":"fafafa","followers_count":22405,"profile_image_url":"http:\/\/a3.twimg.com\/profile_images\/786044783\/iPhoneAppIconBlueRedBkg_normal.png","follow_request_sent":null,"profile_sidebar_border_color":"0a0a0a","location":"Texas","is_translator":false,"default_profile":false,"contributors_enabled":false,"screen_name":"TeamRickPerry","profile_use_background_image":true,"url":"http:\/\/www.RickPerry.org","id_str":"19084128","show_all_inline_media":true,"profile_background_image_url_https":"https:\/\/si0.twimg.com\/profile_background_images\/310770335\/RP_Twitter_logo.jpg","profile_text_color":"030303","id":19084128,"listed_count":941,"lang":"en","profile_background_image_url":"http:\/\/a3.twimg.com\/profile_background_images\/310770335\/RP_Twitter_logo.jpg","friends_count":6964},"contributors":null,"in_reply_to_status_id":null,"source":"web","id_str":"128956937621606402","geo":null,"favorited":false,"id":128956937621606402,"coordinates":null,"in_reply_to_user_id":null,"truncated":false,"text":".@GovernorPerry on @TeamCavuto: I signed 65 different bills that lowered taxes","name":"TeamRickPerry","boldText":".@GovernorPerry on @TeamCavuto: I signed 65 different bills that lowered <B>taxes<\/B>"},{"place":null,"retweet_count":5,"in_reply_to_screen_name":null,"created_at":"Tue Oct 25 22:02:18 +0000 2011","retweeted":false,"in_reply_to_status_id_str":null,"in_reply_to_user_id_str":null,"user":{"time_zone":"Central Time (US & Canada)","profile_link_color":"f00514","protected":false,"created_at":"Fri Jan 16 20:35:54 +0000 2009","profile_image_url_https":"https:\/\/si0.twimg.com\/profile_images\/786044783\/iPhoneAppIconBlueRedBkg_normal.png","name":"Team Rick Perry","geo_enabled":false,"favourites_count":3931,"profile_background_color":"070536","default_profile_image":false,"notifications":null,"profile_background_tile":false,"utc_offset":-21600,"description":"Campaign account for @GovernorPerry, candidate for president in 2012. Visit http:\/\/rickperry.org to get involved today!","statuses_count":5513,"following":null,"verified":false,"profile_sidebar_fill_color":"fafafa","followers_count":22405,"profile_image_url":"http:\/\/a3.twimg.com\/profile_images\/786044783\/iPhoneAppIconBlueRedBkg_normal.png","follow_request_sent":null,"profile_sidebar_border_color":"0a0a0a","location":"Texas","is_translator":false,"default_profile":false,"contributors_enabled":false,"screen_name":"TeamRickPerry","profile_use_background_image":true,"url":"http:\/\/www.RickPerry.org","id_str":"19084128","show_all_inline_media":true,"profile_background_image_url_https":"https:\/\/si0.twimg.com\/profile_background_images\/310770335\/RP_Twitter_logo.jpg","profile_text_color":"030303","id":19084128,"listed_count":941,"lang":"en","profile_background_image_url":"http:\/\/a3.twimg.com\/profile_background_images\/310770335\/RP_Twitter_logo.jpg","friends_count":6964},"contributors":null,"in_reply_to_status_id":null,"source":"web","id_str":"128954564442468352","geo":null,"favorited":false,"id":128954564442468352,"coordinates":null,"in_reply_to_user_id":null,"truncated":false,"text":".@GovernorPerry on @TeamCavuto: \"a simple, flat tax code with a 20% rate\"","name":"TeamRickPerry","boldText":".@GovernorPerry on @TeamCavuto: \"a simple, <B>flat tax<\/B> code with a 20% rate\""},{"place":null,"retweet_count":47,"in_reply_to_screen_name":null,"created_at":"Tue Oct 25 20:29:57 +0000 2011","retweeted":false,"in_reply_to_status_id_str":null,"in_reply_to_user_id_str":null,"user":{"time_zone":"Central Time (US & Canada)","profile_link_color":"e00d0d","protected":false,"created_at":"Mon Jan 12 16:59:54 +0000 2009","profile_image_url_https":"https:\/\/si0.twimg.com\/profile_images\/334300811\/IMG_0270_2_normal.gif","name":"Rick Perry","geo_enabled":false,"favourites_count":155,"profile_background_color":"101c6e","default_profile_image":false,"notifications":false,"profile_background_tile":false,"utc_offset":-21600,"description":"Personal Twitter feed of Texas' 47th Governor. Follow @TeamRickPerry for updates from campaign staff, @TexGov for official state updates.","statuses_count":1224,"following":false,"verified":true,"profile_sidebar_fill_color":"f2f2f2","followers_count":100901,"profile_image_url":"http:\/\/a2.twimg.com\/profile_images\/334300811\/IMG_0270_2_normal.gif","follow_request_sent":false,"profile_sidebar_border_color":"0a0a0a","location":"Texas","is_translator":false,"default_profile":false,"contributors_enabled":false,"screen_name":"GovernorPerry","profile_use_background_image":true,"url":"http:\/\/www.rickperry.org","id_str":"18906561","show_all_inline_media":false,"profile_background_image_url_https":"https:\/\/si0.twimg.com\/profile_background_images\/310775007\/RP_Twitter_pic__1_.jpg","profile_text_color":"000000","id":18906561,"listed_count":3422,"lang":"en","profile_background_image_url":"http:\/\/a0.twimg.com\/profile_background_images\/310775007\/RP_Twitter_pic__1_.jpg","friends_count":31087},"contributors":null,"in_reply_to_status_id":null,"source":"<a href=\"http:\/\/blackberry.com\/twitter\" rel=\"nofollow\">Twitter for BlackBerry\u00ae<\/a>","id_str":"128931323053228032","geo":null,"favorited":false,"id":128931323053228032,"coordinates":null,"in_reply_to_user_id":null,"truncated":false,"text":"20% Flat Tax is the way to go! Cut, Balance and Grow plan @ rickpe","name":"GovernorPerry","boldText":"20% <B>Flat Tax<\/B> is the way to go! Cut, Balance and Grow plan @ rickpe"},{"possibly_sensitive":false,"place":null,"retweet_count":18,"in_reply_to_screen_name":null,"created_at":"Tue Oct 25 15:24:00 +0000 2011","retweeted":false,"in_reply_to_status_id_str":null,"in_reply_to_user_id_str":null,"user":{"time_zone":"Central Time (US & Canada)","profile_link_color":"f00514","protected":false,"created_at":"Fri Jan 16 20:35:54 +0000 2009","profile_image_url_https":"https:\/\/si0.twimg.com\/profile_images\/786044783\/iPhoneAppIconBlueRedBkg_normal.png","name":"Team Rick Perry","geo_enabled":false,"favourites_count":3931,"profile_background_color":"070536","default_profile_image":false,"notifications":null,"profile_background_tile":false,"utc_offset":-21600,"description":"Campaign account for @GovernorPerry, candidate for president in 2012. Visit http:\/\/rickperry.org to get involved today!","statuses_count":5513,"following":null,"verified":false,"profile_sidebar_fill_color":"fafafa","followers_count":22405,"profile_image_url":"http:\/\/a3.twimg.com\/profile_images\/786044783\/iPhoneAppIconBlueRedBkg_normal.png","follow_request_sent":null,"profile_sidebar_border_color":"0a0a0a","location":"Texas","is_translator":false,"default_profile":false,"contributors_enabled":false,"screen_name":"TeamRickPerry","profile_use_background_image":true,"url":"http:\/\/www.RickPerry.org","id_str":"19084128","show_all_inline_media":true,"profile_background_image_url_https":"https:\/\/si0.twimg.com\/profile_background_images\/310770335\/RP_Twitter_logo.jpg","profile_text_color":"030303","id":19084128,"listed_count":941,"lang":"en","profile_background_image_url":"http:\/\/a3.twimg.com\/profile_background_images\/310770335\/RP_Twitter_logo.jpg","friends_count":6964},"contributors":null,"in_reply_to_status_id":null,"source":"web","id_str":"128854330043400192","geo":null,"favorited":false,"id":128854330043400192,"coordinates":null,"in_reply_to_user_id":null,"truncated":false,"text":"No taxes on social security benefits http:\/\/t.co\/U8D6kvId","name":"TeamRickPerry","boldText":"No <B>taxes<\/B> on social security benefits http:\/\/t.co\/U8D6kvId"},{"place":null,"retweet_count":19,"in_reply_to_screen_name":null,"created_at":"Tue Oct 25 15:21:24 +0000 2011","retweeted":false,"in_reply_to_status_id_str":null,"in_reply_to_user_id_str":null,"user":{"time_zone":"Central Time (US & Canada)","profile_link_color":"f00514","protected":false,"created_at":"Fri Jan 16 20:35:54 +0000 2009","profile_image_url_https":"https:\/\/si0.twimg.com\/profile_images\/786044783\/iPhoneAppIconBlueRedBkg_normal.png","name":"Team Rick Perry","geo_enabled":false,"favourites_count":3931,"profile_background_color":"070536","default_profile_image":false,"notifications":null,"profile_background_tile":false,"utc_offset":-21600,"description":"Campaign account for @GovernorPerry, candidate for president in 2012. Visit http:\/\/rickperry.org to get involved today!","statuses_count":5513,"following":null,"verified":false,"profile_sidebar_fill_color":"fafafa","followers_count":22405,"profile_image_url":"http:\/\/a3.twimg.com\/profile_images\/786044783\/iPhoneAppIconBlueRedBkg_normal.png","follow_request_sent":null,"profile_sidebar_border_color":"0a0a0a","location":"Texas","is_translator":false,"default_profile":false,"contributors_enabled":false,"screen_name":"TeamRickPerry","profile_use_background_image":true,"url":"http:\/\/www.RickPerry.org","id_str":"19084128","show_all_inline_media":true,"profile_background_image_url_https":"https:\/\/si0.twimg.com\/profile_background_images\/310770335\/RP_Twitter_logo.jpg","profile_text_color":"030303","id":19084128,"listed_count":941,"lang":"en","profile_background_image_url":"http:\/\/a3.twimg.com\/profile_background_images\/310770335\/RP_Twitter_logo.jpg","friends_count":6964},"contributors":null,"in_reply_to_status_id":null,"source":"web","id_str":"128853675543248896","geo":null,"favorited":false,"id":128853675543248896,"coordinates":null,"in_reply_to_user_id":null,"truncated":false,"text":"Taxpayers will be able to fill out a post card and file their taxes on it -- @GovernorPerry","name":"TeamRickPerry","boldText":"Taxpayers will be able to fill out a post card and file their <B>taxes<\/B> on it -- @GovernorPerry"},{"possibly_sensitive":false,"place":null,"retweet_count":8,"in_reply_to_screen_name":null,"created_at":"Tue Oct 25 15:19:47 +0000 2011","retweeted":false,"in_reply_to_status_id_str":null,"in_reply_to_user_id_str":null,"user":{"time_zone":"Central Time (US & Canada)","profile_link_color":"f00514","protected":false,"created_at":"Fri Jan 16 20:35:54 +0000 2009","profile_image_url_https":"https:\/\/si0.twimg.com\/profile_images\/786044783\/iPhoneAppIconBlueRedBkg_normal.png","name":"Team Rick Perry","geo_enabled":false,"favourites_count":3931,"profile_background_color":"070536","default_profile_image":false,"notifications":null,"profile_background_tile":false,"utc_offset":-21600,"description":"Campaign account for @GovernorPerry, candidate for president in 2012. Visit http:\/\/rickperry.org to get involved today!","statuses_count":5513,"following":null,"verified":false,"profile_sidebar_fill_color":"fafafa","followers_count":22405,"profile_image_url":"http:\/\/a3.twimg.com\/profile_images\/786044783\/iPhoneAppIconBlueRedBkg_normal.png","follow_request_sent":null,"profile_sidebar_border_color":"0a0a0a","location":"Texas","is_translator":false,"default_profile":false,"contributors_enabled":false,"screen_name":"TeamRickPerry","profile_use_background_image":true,"url":"http:\/\/www.RickPerry.org","id_str":"19084128","show_all_inline_media":true,"profile_background_image_url_https":"https:\/\/si0.twimg.com\/profile_background_images\/310770335\/RP_Twitter_logo.jpg","profile_text_color":"030303","id":19084128,"listed_count":941,"lang":"en","profile_background_image_url":"http:\/\/a3.twimg.com\/profile_background_images\/310770335\/RP_Twitter_logo.jpg","friends_count":6964},"contributors":null,"in_reply_to_status_id":null,"source":"web","id_str":"128853268955803648","geo":null,"favorited":false,"id":128853268955803648,"coordinates":null,"in_reply_to_user_id":null,"truncated":false,"text":".@GovernorPerry will give the option of a 20% flat tax on income http:\/\/t.co\/U8D6kvId","name":"TeamRickPerry","boldText":".@GovernorPerry will give the option of a 20% <B>flat tax<\/B> on income http:\/\/t.co\/U8D6kvId"},{"possibly_sensitive":false,"place":null,"retweet_count":82,"in_reply_to_screen_name":null,"created_at":"Wed Oct 19 20:06:01 +0000 2011","retweeted":false,"in_reply_to_status_id_str":null,"in_reply_to_user_id_str":null,"user":{"time_zone":"Central Time (US & Canada)","profile_link_color":"f00514","protected":false,"created_at":"Fri Jan 16 20:35:54 +0000 2009","profile_image_url_https":"https:\/\/si0.twimg.com\/profile_images\/786044783\/iPhoneAppIconBlueRedBkg_normal.png","name":"Team Rick Perry","geo_enabled":false,"favourites_count":3931,"profile_background_color":"070536","default_profile_image":false,"notifications":false,"profile_background_tile":false,"utc_offset":-21600,"description":"Campaign account for @GovernorPerry, candidate for president in 2012. Visit http:\/\/rickperry.org to get involved today!","statuses_count":5511,"following":false,"verified":false,"profile_sidebar_fill_color":"fafafa","followers_count":22404,"profile_image_url":"http:\/\/a3.twimg.com\/profile_images\/786044783\/iPhoneAppIconBlueRedBkg_normal.png","follow_request_sent":false,"profile_sidebar_border_color":"0a0a0a","location":"Texas","is_translator":false,"contributors_enabled":false,"screen_name":"TeamRickPerry","profile_use_background_image":true,"url":"http:\/\/www.RickPerry.org","id_str":"19084128","default_profile":false,"show_all_inline_media":true,"profile_background_image_url_https":"https:\/\/si0.twimg.com\/profile_background_images\/310770335\/RP_Twitter_logo.jpg","profile_text_color":"030303","id":19084128,"listed_count":941,"lang":"en","profile_background_image_url":"http:\/\/a3.twimg.com\/profile_background_images\/310770335\/RP_Twitter_logo.jpg","friends_count":6964},"contributors":null,"in_reply_to_status_id":null,"source":"web","id_str":"126750973241724928","geo":null,"favorited":false,"id":126750973241724928,"coordinates":null,"in_reply_to_user_id":null,"truncated":false,"text":"\"I want to make the tax code so simple that even Timothy Geithner can file his taxes on time\" http:\/\/t.co\/CZXbmMxh","name":"TeamRickPerry","boldText":"\"I want to make the tax code so simple that even Timothy Geithner can file his <B>taxes<\/B> on time\" http:\/\/t.co\/CZXbmMxh"},{"place":null,"retweet_count":8,"in_reply_to_screen_name":null,"created_at":"Wed Oct 19 00:50:19 +0000 2011","retweeted":false,"in_reply_to_status_id_str":null,"in_reply_to_user_id_str":null,"user":{"time_zone":"Central Time (US & Canada)","profile_link_color":"f00514","protected":false,"created_at":"Fri Jan 16 20:35:54 +0000 2009","profile_image_url_https":"https:\/\/si0.twimg.com\/profile_images\/786044783\/iPhoneAppIconBlueRedBkg_normal.png","name":"Team Rick Perry","geo_enabled":false,"favourites_count":3931,"profile_background_color":"070536","default_profile_image":false,"notifications":null,"profile_background_tile":false,"utc_offset":-21600,"description":"Campaign account for @GovernorPerry, candidate for president in 2012. Visit http:\/\/rickperry.org to get involved today!","statuses_count":5513,"following":null,"verified":false,"profile_sidebar_fill_color":"fafafa","followers_count":22405,"profile_image_url":"http:\/\/a3.twimg.com\/profile_images\/786044783\/iPhoneAppIconBlueRedBkg_normal.png","follow_request_sent":null,"profile_sidebar_border_color":"0a0a0a","location":"Texas","is_translator":false,"default_profile":false,"contributors_enabled":false,"screen_name":"TeamRickPerry","profile_use_background_image":true,"url":"http:\/\/www.RickPerry.org","id_str":"19084128","show_all_inline_media":true,"profile_background_image_url_https":"https:\/\/si0.twimg.com\/profile_background_images\/310770335\/RP_Twitter_logo.jpg","profile_text_color":"030303","id":19084128,"listed_count":941,"lang":"en","profile_background_image_url":"http:\/\/a3.twimg.com\/profile_background_images\/310770335\/RP_Twitter_logo.jpg","friends_count":6964},"contributors":null,"in_reply_to_status_id":null,"source":"web","id_str":"126460129372667904","geo":null,"favorited":false,"id":126460129372667904,"coordinates":null,"in_reply_to_user_id":null,"truncated":false,"text":".@GovernorPerry: The federal government has failed to secure the border #cnndebate","name":"TeamRickPerry","boldText":".@GovernorPerry: The <B>fed<\/B>eral government has failed to secure the border #cnndebate"},{"possibly_sensitive":false,"place":null,"retweet_count":26,"in_reply_to_screen_name":null,"created_at":"Wed Oct 19 00:49:16 +0000 2011","retweeted":false,"in_reply_to_status_id_str":null,"in_reply_to_user_id_str":null,"user":{"time_zone":"Central Time (US & Canada)","profile_link_color":"0084B4","protected":false,"created_at":"Tue Aug 23 00:05:24 +0000 2011","profile_image_url_https":"https:\/\/si0.twimg.com\/profile_images\/1510194492\/Projection_Logo_Black_sq_normal.jpg","name":"PerryTruthTeam","geo_enabled":false,"favourites_count":0,"profile_background_color":"C0DEED","default_profile_image":false,"notifications":null,"profile_background_tile":false,"utc_offset":-21600,"description":"Campaign account for @GovernorPerry, candidate for president in 2012. Send tips to PerryTruthTeam@rickperry.org.","statuses_count":164,"following":null,"verified":false,"profile_sidebar_fill_color":"DDEEF6","followers_count":3939,"profile_image_url":"http:\/\/a3.twimg.com\/profile_images\/1510194492\/Projection_Logo_Black_sq_normal.jpg","follow_request_sent":null,"profile_sidebar_border_color":"C0DEED","location":"","is_translator":false,"default_profile":false,"contributors_enabled":false,"screen_name":"PerryTruthTeam","profile_use_background_image":true,"url":"http:\/\/www.rickperry.org","id_str":"360286555","show_all_inline_media":false,"profile_background_image_url_https":"https:\/\/si0.twimg.com\/profile_background_images\/318027808\/RP_Twitter_logo.jpg","profile_text_color":"333333","id":360286555,"listed_count":126,"lang":"en","profile_background_image_url":"http:\/\/a3.twimg.com\/profile_background_images\/318027808\/RP_Twitter_logo.jpg","friends_count":256},"contributors":null,"in_reply_to_status_id":null,"source":"<a href=\"http:\/\/www.tweetdeck.com\" rel=\"nofollow\">TweetDeck<\/a>","id_str":"126459868096905218","geo":null,"favorited":false,"id":126459868096905218,"coordinates":null,"in_reply_to_user_id":null,"truncated":false,"text":"Perry provided $400M for border security to fill gap left by fed gov http:\/\/t.co\/MxN1s8v6 #cnndebate","name":"PerryTruthTeam","boldText":"Perry provided $400M for border security to fill gap left by <B>fed<\/B> gov http:\/\/t.co\/MxN1s8v6 #cnndebate"},{"possibly_sensitive":false,"place":null,"retweet_count":27,"in_reply_to_screen_name":null,"created_at":"Wed Oct 19 00:32:33 +0000 2011","retweeted":false,"in_reply_to_status_id_str":null,"in_reply_to_user_id_str":null,"user":{"time_zone":"Central Time (US & Canada)","profile_link_color":"0084B4","protected":false,"created_at":"Tue Aug 23 00:05:24 +0000 2011","profile_image_url_https":"https:\/\/si0.twimg.com\/profile_images\/1510194492\/Projection_Logo_Black_sq_normal.jpg","name":"PerryTruthTeam","geo_enabled":false,"favourites_count":0,"profile_background_color":"C0DEED","default_profile_image":false,"notifications":null,"profile_background_tile":false,"utc_offset":-21600,"description":"Campaign account for @GovernorPerry, candidate for president in 2012. Send tips to PerryTruthTeam@rickperry.org.","statuses_count":164,"following":null,"verified":false,"profile_sidebar_fill_color":"DDEEF6","followers_count":3939,"profile_image_url":"http:\/\/a3.twimg.com\/profile_images\/1510194492\/Projection_Logo_Black_sq_normal.jpg","follow_request_sent":null,"profile_sidebar_border_color":"C0DEED","location":"","is_translator":false,"default_profile":false,"contributors_enabled":false,"screen_name":"PerryTruthTeam","profile_use_background_image":true,"url":"http:\/\/www.rickperry.org","id_str":"360286555","show_all_inline_media":false,"profile_background_image_url_https":"https:\/\/si0.twimg.com\/profile_background_images\/318027808\/RP_Twitter_logo.jpg","profile_text_color":"333333","id":360286555,"listed_count":126,"lang":"en","profile_background_image_url":"http:\/\/a3.twimg.com\/profile_background_images\/318027808\/RP_Twitter_logo.jpg","friends_count":256},"contributors":null,"in_reply_to_status_id":null,"source":"<a href=\"http:\/\/www.tweetdeck.com\" rel=\"nofollow\">TweetDeck<\/a>","id_str":"126455661293879297","geo":null,"favorited":false,"id":126455661293879297,"coordinates":null,"in_reply_to_user_id":null,"truncated":false,"text":"Romneycare cost MA $8B, killed 18,000 jobs. Cost US taxpayers $4B in fed funds http:\/\/t.co\/yPjlTjfB #cnndebate","name":"PerryTruthTeam","boldText":"Romneycare cost MA $8B, killed 18,000 jobs. Cost US taxpayers $4B in <B>fed<\/B> funds http:\/\/t.co\/yPjlTjfB #cnndebate"},{"place":null,"retweet_count":9,"in_reply_to_screen_name":null,"created_at":"Thu Oct 13 23:36:17 +0000 2011","retweeted":false,"in_reply_to_status_id_str":null,"in_reply_to_user_id_str":null,"user":{"time_zone":"Central Time (US & Canada)","profile_link_color":"f00514","protected":false,"default_profile":false,"created_at":"Fri Jan 16 20:35:54 +0000 2009","profile_image_url_https":"https:\/\/si0.twimg.com\/profile_images\/786044783\/iPhoneAppIconBlueRedBkg_normal.png","name":"Team Rick Perry","geo_enabled":false,"favourites_count":3931,"profile_background_color":"070536","default_profile_image":false,"notifications":false,"profile_background_tile":false,"utc_offset":-21600,"description":"Campaign account for @GovernorPerry, candidate for president in 2012. Visit http:\/\/rickperry.org to get involved today!","statuses_count":5511,"following":false,"verified":false,"profile_sidebar_fill_color":"fafafa","followers_count":22404,"profile_image_url":"http:\/\/a3.twimg.com\/profile_images\/786044783\/iPhoneAppIconBlueRedBkg_normal.png","follow_request_sent":false,"profile_sidebar_border_color":"0a0a0a","location":"Texas","is_translator":false,"contributors_enabled":false,"screen_name":"TeamRickPerry","profile_use_background_image":true,"url":"http:\/\/www.RickPerry.org","id_str":"19084128","show_all_inline_media":true,"profile_background_image_url_https":"https:\/\/si0.twimg.com\/profile_background_images\/310770335\/RP_Twitter_logo.jpg","profile_text_color":"030303","id":19084128,"listed_count":941,"lang":"en","profile_background_image_url":"http:\/\/a3.twimg.com\/profile_background_images\/310770335\/RP_Twitter_logo.jpg","friends_count":6964},"contributors":null,"in_reply_to_status_id":null,"source":"web","id_str":"124629559315410944","geo":null,"favorited":false,"id":124629559315410944,"coordinates":null,"in_reply_to_user_id":null,"truncated":false,"text":".@GovernorPerry on @thekudlowreport: federal regulations are strangling job creation","name":"TeamRickPerry","boldText":".@GovernorPerry on @thekudlowreport: <B>fed<\/B>eral regulations are strangling job creation"},{"possibly_sensitive":false,"place":null,"retweet_count":14,"in_reply_to_screen_name":null,"created_at":"Wed Oct 12 01:40:59 +0000 2011","retweeted":false,"in_reply_to_status_id_str":null,"in_reply_to_user_id_str":null,"user":{"time_zone":"Central Time (US & Canada)","profile_link_color":"0084B4","protected":false,"created_at":"Tue Aug 23 00:05:24 +0000 2011","profile_image_url_https":"https:\/\/si0.twimg.com\/profile_images\/1510194492\/Projection_Logo_Black_sq_normal.jpg","name":"PerryTruthTeam","geo_enabled":false,"favourites_count":0,"profile_background_color":"C0DEED","default_profile_image":false,"notifications":null,"profile_background_tile":false,"utc_offset":-21600,"description":"Campaign account for @GovernorPerry, candidate for president in 2012. Send tips to PerryTruthTeam@rickperry.org.","statuses_count":164,"following":null,"verified":false,"profile_sidebar_fill_color":"DDEEF6","followers_count":3939,"profile_image_url":"http:\/\/a3.twimg.com\/profile_images\/1510194492\/Projection_Logo_Black_sq_normal.jpg","follow_request_sent":null,"profile_sidebar_border_color":"C0DEED","location":"","is_translator":false,"default_profile":false,"contributors_enabled":false,"screen_name":"PerryTruthTeam","profile_use_background_image":true,"url":"http:\/\/www.rickperry.org","id_str":"360286555","show_all_inline_media":false,"profile_background_image_url_https":"https:\/\/si0.twimg.com\/profile_background_images\/318027808\/RP_Twitter_logo.jpg","profile_text_color":"333333","id":360286555,"listed_count":126,"lang":"en","profile_background_image_url":"http:\/\/a3.twimg.com\/profile_background_images\/318027808\/RP_Twitter_logo.jpg","friends_count":256},"contributors":null,"in_reply_to_status_id":null,"source":"<a href=\"http:\/\/www.tweetdeck.com\" rel=\"nofollow\">TweetDeck<\/a>","id_str":"123936165421252608","geo":null,"favorited":false,"id":123936165421252608,"coordinates":null,"in_reply_to_user_id":null,"truncated":false,"text":"TX tech fund awards are rigorously vetted, reviewed, audited  http:\/\/t.co\/vLfRYcGy #econdebate","name":"PerryTruthTeam","boldText":"TX tech fund awards are rigorously vetted, reviewed, <B>audit<\/B>ed  http:\/\/t.co\/vLfRYcGy #econdebate"},{"possibly_sensitive":false,"place":null,"retweet_count":11,"in_reply_to_screen_name":null,"created_at":"Tue Sep 27 15:49:26 +0000 2011","retweeted":false,"in_reply_to_status_id_str":null,"in_reply_to_user_id_str":null,"user":{"time_zone":"Central Time (US & Canada)","profile_link_color":"f00514","protected":false,"created_at":"Fri Jan 16 20:35:54 +0000 2009","profile_image_url_https":"https:\/\/si0.twimg.com\/profile_images\/786044783\/iPhoneAppIconBlueRedBkg_normal.png","name":"Team Rick Perry","geo_enabled":false,"favourites_count":3931,"profile_background_color":"070536","default_profile_image":false,"notifications":null,"profile_background_tile":false,"utc_offset":-21600,"description":"Campaign account for @GovernorPerry, candidate for president in 2012. Visit http:\/\/rickperry.org to get involved today!","statuses_count":5513,"following":null,"verified":false,"profile_sidebar_fill_color":"fafafa","followers_count":22405,"profile_image_url":"http:\/\/a3.twimg.com\/profile_images\/786044783\/iPhoneAppIconBlueRedBkg_normal.png","follow_request_sent":null,"profile_sidebar_border_color":"0a0a0a","location":"Texas","is_translator":false,"default_profile":false,"contributors_enabled":false,"screen_name":"TeamRickPerry","profile_use_background_image":true,"url":"http:\/\/www.RickPerry.org","id_str":"19084128","show_all_inline_media":true,"profile_background_image_url_https":"https:\/\/si0.twimg.com\/profile_background_images\/310770335\/RP_Twitter_logo.jpg","profile_text_color":"030303","id":19084128,"listed_count":941,"lang":"en","profile_background_image_url":"http:\/\/a3.twimg.com\/profile_background_images\/310770335\/RP_Twitter_logo.jpg","friends_count":6964},"contributors":null,"in_reply_to_status_id":null,"source":"web","id_str":"118713868414484480","geo":null,"favorited":false,"id":118713868414484480,"coordinates":null,"in_reply_to_user_id":null,"truncated":false,"text":".@GovernorPerry: fedl gvt has grown bigger, more brazen, willfully neglecting constitutional duties http:\/\/t.co\/ndJF3Emq","name":"TeamRickPerry","boldText":".@GovernorPerry: <B>fed<\/B>l gvt has grown bigger, more brazen, willfully neglecting constitutional duties http:\/\/t.co\/ndJF3Emq"},{"possibly_sensitive":false,"place":null,"retweet_count":30,"in_reply_to_screen_name":null,"created_at":"Fri Sep 23 19:35:17 +0000 2011","retweeted":false,"in_reply_to_status_id_str":null,"in_reply_to_user_id_str":null,"user":{"time_zone":"Central Time (US & Canada)","profile_link_color":"e00d0d","protected":false,"created_at":"Mon Jan 12 16:59:54 +0000 2009","profile_image_url_https":"https:\/\/si0.twimg.com\/profile_images\/334300811\/IMG_0270_2_normal.gif","name":"Rick Perry","geo_enabled":false,"favourites_count":155,"profile_background_color":"101c6e","default_profile_image":false,"notifications":null,"profile_background_tile":false,"utc_offset":-21600,"description":"Personal Twitter feed of Texas' 47th Governor. Follow @TeamRickPerry for updates from campaign staff, @TexGov for official state updates.","statuses_count":1224,"following":null,"verified":true,"profile_sidebar_fill_color":"f2f2f2","followers_count":100900,"profile_image_url":"http:\/\/a2.twimg.com\/profile_images\/334300811\/IMG_0270_2_normal.gif","follow_request_sent":null,"profile_sidebar_border_color":"0a0a0a","location":"Texas","is_translator":false,"contributors_enabled":false,"screen_name":"GovernorPerry","default_profile":false,"profile_use_background_image":true,"url":"http:\/\/www.rickperry.org","id_str":"18906561","show_all_inline_media":false,"profile_background_image_url_https":"https:\/\/si0.twimg.com\/profile_background_images\/310775007\/RP_Twitter_pic__1_.jpg","profile_text_color":"000000","id":18906561,"listed_count":3421,"lang":"en","profile_background_image_url":"http:\/\/a0.twimg.com\/profile_background_images\/310775007\/RP_Twitter_pic__1_.jpg","friends_count":31087},"contributors":null,"in_reply_to_status_id":null,"source":"<a href=\"http:\/\/blackberry.com\/twitter\" rel=\"nofollow\">Twitter for BlackBerry\u00ae<\/a>","id_str":"117321155416825856","geo":null,"favorited":false,"id":117321155416825856,"coordinates":null,"in_reply_to_user_id":null,"truncated":false,"text":"In Orlando FL with Attorney General Pam Biondi talking federal gov over-regulation (EPA\/NLRB). http:\/\/t.co\/5t3WN0tc","name":"GovernorPerry","boldText":"In Orlando FL with Attorney General Pam Biondi talking <B>fed<\/B>eral gov over-regulation (EPA\/NLRB). http:\/\/t.co\/5t3WN0tc"},{"possibly_sensitive":false,"place":null,"retweet_count":24,"in_reply_to_screen_name":null,"created_at":"Fri Sep 23 02:04:15 +0000 2011","retweeted":false,"in_reply_to_status_id_str":null,"in_reply_to_user_id_str":null,"user":{"time_zone":"Central Time (US & Canada)","profile_link_color":"0084B4","protected":false,"created_at":"Tue Aug 23 00:05:24 +0000 2011","profile_image_url_https":"https:\/\/si0.twimg.com\/profile_images\/1510194492\/Projection_Logo_Black_sq_normal.jpg","name":"PerryTruthTeam","geo_enabled":false,"favourites_count":0,"profile_background_color":"C0DEED","default_profile_image":false,"notifications":null,"profile_background_tile":false,"utc_offset":-21600,"description":"Campaign account for @GovernorPerry, candidate for president in 2012. Send tips to PerryTruthTeam@rickperry.org.","statuses_count":164,"following":null,"verified":false,"profile_sidebar_fill_color":"DDEEF6","followers_count":3939,"profile_image_url":"http:\/\/a3.twimg.com\/profile_images\/1510194492\/Projection_Logo_Black_sq_normal.jpg","follow_request_sent":null,"profile_sidebar_border_color":"C0DEED","location":"","is_translator":false,"default_profile":false,"contributors_enabled":false,"screen_name":"PerryTruthTeam","profile_use_background_image":true,"url":"http:\/\/www.rickperry.org","id_str":"360286555","show_all_inline_media":false,"profile_background_image_url_https":"https:\/\/si0.twimg.com\/profile_background_images\/318027808\/RP_Twitter_logo.jpg","profile_text_color":"333333","id":360286555,"listed_count":126,"lang":"en","profile_background_image_url":"http:\/\/a3.twimg.com\/profile_background_images\/318027808\/RP_Twitter_logo.jpg","friends_count":256},"contributors":null,"in_reply_to_status_id":null,"source":"<a href=\"http:\/\/www.tweetdeck.com\" rel=\"nofollow\">TweetDeck<\/a>","id_str":"117056652049522688","geo":null,"favorited":false,"id":117056652049522688,"coordinates":null,"in_reply_to_user_id":null,"truncated":false,"text":"Perry never said Social Security was unconstitutional in \u201cFed Up\u201d http:\/\/t.co\/dMehdbgc #GOPDebate","name":"PerryTruthTeam","boldText":"Perry never said Social Security was unconstitutional in \u201c<B>Fed<\/B> Up\u201d http:\/\/t.co\/dMehdbgc #GOPDebate"},{"possibly_sensitive":false,"place":null,"retweet_count":22,"in_reply_to_screen_name":null,"created_at":"Fri Sep 23 01:53:53 +0000 2011","retweeted":false,"in_reply_to_status_id_str":null,"in_reply_to_user_id_str":null,"user":{"time_zone":"Central Time (US & Canada)","profile_link_color":"0084B4","protected":false,"created_at":"Tue Aug 23 00:05:24 +0000 2011","profile_image_url_https":"https:\/\/si0.twimg.com\/profile_images\/1510194492\/Projection_Logo_Black_sq_normal.jpg","name":"PerryTruthTeam","geo_enabled":false,"favourites_count":0,"profile_background_color":"C0DEED","default_profile_image":false,"notifications":null,"profile_background_tile":false,"utc_offset":-21600,"description":"Campaign account for @GovernorPerry, candidate for president in 2012. Send tips to PerryTruthTeam@rickperry.org.","statuses_count":164,"following":null,"verified":false,"profile_sidebar_fill_color":"DDEEF6","followers_count":3939,"profile_image_url":"http:\/\/a3.twimg.com\/profile_images\/1510194492\/Projection_Logo_Black_sq_normal.jpg","follow_request_sent":null,"profile_sidebar_border_color":"C0DEED","location":"","is_translator":false,"default_profile":false,"contributors_enabled":false,"screen_name":"PerryTruthTeam","profile_use_background_image":true,"url":"http:\/\/www.rickperry.org","id_str":"360286555","show_all_inline_media":false,"profile_background_image_url_https":"https:\/\/si0.twimg.com\/profile_background_images\/318027808\/RP_Twitter_logo.jpg","profile_text_color":"333333","id":360286555,"listed_count":126,"lang":"en","profile_background_image_url":"http:\/\/a3.twimg.com\/profile_background_images\/318027808\/RP_Twitter_logo.jpg","friends_count":256},"contributors":null,"in_reply_to_status_id":null,"source":"<a href=\"http:\/\/www.tweetdeck.com\" rel=\"nofollow\">TweetDeck<\/a>","id_str":"117054044844990464","geo":null,"favorited":false,"id":117054044844990464,"coordinates":null,"in_reply_to_user_id":null,"truncated":false,"text":"Perry is opposed to the federal DREAM Act, which is essentially amnesty http:\/\/t.co\/qGzqf7yw #GOPDebate","name":"PerryTruthTeam","boldText":"Perry is opposed to the <B>fed<\/B>eral DREAM Act, which is essentially amnesty http:\/\/t.co\/qGzqf7yw #GOPDebate"},{"possibly_sensitive":false,"place":null,"retweet_count":17,"in_reply_to_screen_name":null,"created_at":"Fri Sep 23 01:51:23 +0000 2011","retweeted":false,"in_reply_to_status_id_str":null,"in_reply_to_user_id_str":null,"user":{"time_zone":"Central Time (US & Canada)","profile_link_color":"0084B4","protected":false,"created_at":"Tue Aug 23 00:05:24 +0000 2011","profile_image_url_https":"https:\/\/si0.twimg.com\/profile_images\/1510194492\/Projection_Logo_Black_sq_normal.jpg","name":"PerryTruthTeam","geo_enabled":false,"favourites_count":0,"profile_background_color":"C0DEED","default_profile_image":false,"notifications":null,"profile_background_tile":false,"utc_offset":-21600,"description":"Campaign account for @GovernorPerry, candidate for president in 2012. Send tips to PerryTruthTeam@rickperry.org.","statuses_count":164,"following":null,"verified":false,"profile_sidebar_fill_color":"DDEEF6","followers_count":3939,"profile_image_url":"http:\/\/a3.twimg.com\/profile_images\/1510194492\/Projection_Logo_Black_sq_normal.jpg","follow_request_sent":null,"profile_sidebar_border_color":"C0DEED","location":"","is_translator":false,"default_profile":false,"contributors_enabled":false,"screen_name":"PerryTruthTeam","profile_use_background_image":true,"url":"http:\/\/www.rickperry.org","id_str":"360286555","show_all_inline_media":false,"profile_background_image_url_https":"https:\/\/si0.twimg.com\/profile_background_images\/318027808\/RP_Twitter_logo.jpg","profile_text_color":"333333","id":360286555,"listed_count":126,"lang":"en","profile_background_image_url":"http:\/\/a3.twimg.com\/profile_background_images\/318027808\/RP_Twitter_logo.jpg","friends_count":256},"contributors":null,"in_reply_to_status_id":null,"source":"<a href=\"http:\/\/www.tweetdeck.com\" rel=\"nofollow\">TweetDeck<\/a>","id_str":"117053412977291264","geo":null,"favorited":false,"id":117053412977291264,"coordinates":null,"in_reply_to_user_id":null,"truncated":false,"text":"Texas does not have a program like the federal DREAM Act http:\/\/t.co\/FrpezsLK #GOPDebate","name":"PerryTruthTeam","boldText":"Texas does not have a program like the <B>fed<\/B>eral DREAM Act http:\/\/t.co\/FrpezsLK #GOPDebate"},{"possibly_sensitive":false,"place":null,"retweet_count":18,"in_reply_to_screen_name":null,"created_at":"Fri Sep 23 01:42:56 +0000 2011","retweeted":false,"in_reply_to_status_id_str":null,"in_reply_to_user_id_str":null,"user":{"time_zone":"Central Time (US & Canada)","profile_link_color":"0084B4","protected":false,"created_at":"Tue Aug 23 00:05:24 +0000 2011","profile_image_url_https":"https:\/\/si0.twimg.com\/profile_images\/1510194492\/Projection_Logo_Black_sq_normal.jpg","name":"PerryTruthTeam","geo_enabled":false,"favourites_count":0,"profile_background_color":"C0DEED","default_profile_image":false,"notifications":null,"profile_background_tile":false,"utc_offset":-21600,"description":"Campaign account for @GovernorPerry, candidate for president in 2012. Send tips to PerryTruthTeam@rickperry.org.","statuses_count":164,"following":null,"verified":false,"profile_sidebar_fill_color":"DDEEF6","followers_count":3939,"profile_image_url":"http:\/\/a3.twimg.com\/profile_images\/1510194492\/Projection_Logo_Black_sq_normal.jpg","follow_request_sent":null,"profile_sidebar_border_color":"C0DEED","location":"","is_translator":false,"default_profile":false,"contributors_enabled":false,"screen_name":"PerryTruthTeam","profile_use_background_image":true,"url":"http:\/\/www.rickperry.org","id_str":"360286555","show_all_inline_media":false,"profile_background_image_url_https":"https:\/\/si0.twimg.com\/profile_background_images\/318027808\/RP_Twitter_logo.jpg","profile_text_color":"333333","id":360286555,"listed_count":126,"lang":"en","profile_background_image_url":"http:\/\/a3.twimg.com\/profile_background_images\/318027808\/RP_Twitter_logo.jpg","friends_count":256},"contributors":null,"in_reply_to_status_id":null,"source":"<a href=\"http:\/\/www.tweetdeck.com\" rel=\"nofollow\">TweetDeck<\/a>","id_str":"117051289233399808","geo":null,"favorited":false,"id":117051289233399808,"coordinates":null,"in_reply_to_user_id":null,"truncated":false,"text":"Federal bureaucrats should not be dictating state and local educational standards http:\/\/t.co\/Y9pKLXJC #GOPDebate","name":"PerryTruthTeam","boldText":"Federal bureaucrats should not be dictating state and local educational standards http:\/\/t.co\/Y9pKLXJC #GOPDebate"},{"possibly_sensitive":false,"place":null,"retweet_count":17,"in_reply_to_screen_name":null,"created_at":"Fri Sep 23 01:06:40 +0000 2011","retweeted":false,"in_reply_to_status_id_str":null,"in_reply_to_user_id_str":null,"user":{"time_zone":"Central Time (US & Canada)","profile_link_color":"0084B4","protected":false,"created_at":"Tue Aug 23 00:05:24 +0000 2011","profile_image_url_https":"https:\/\/si0.twimg.com\/profile_images\/1510194492\/Projection_Logo_Black_sq_normal.jpg","name":"PerryTruthTeam","geo_enabled":false,"favourites_count":0,"profile_background_color":"C0DEED","default_profile_image":false,"notifications":null,"profile_background_tile":false,"utc_offset":-21600,"description":"Campaign account for @GovernorPerry, candidate for president in 2012. Send tips to PerryTruthTeam@rickperry.org.","statuses_count":164,"following":null,"verified":false,"profile_sidebar_fill_color":"DDEEF6","followers_count":3939,"profile_image_url":"http:\/\/a3.twimg.com\/profile_images\/1510194492\/Projection_Logo_Black_sq_normal.jpg","follow_request_sent":null,"profile_sidebar_border_color":"C0DEED","location":"","is_translator":false,"default_profile":false,"contributors_enabled":false,"screen_name":"PerryTruthTeam","profile_use_background_image":true,"url":"http:\/\/www.rickperry.org","id_str":"360286555","show_all_inline_media":false,"profile_background_image_url_https":"https:\/\/si0.twimg.com\/profile_background_images\/318027808\/RP_Twitter_logo.jpg","profile_text_color":"333333","id":360286555,"listed_count":126,"lang":"en","profile_background_image_url":"http:\/\/a3.twimg.com\/profile_background_images\/318027808\/RP_Twitter_logo.jpg","friends_count":256},"contributors":null,"in_reply_to_status_id":null,"source":"<a href=\"http:\/\/www.tweetdeck.com\" rel=\"nofollow\">TweetDeck<\/a>","id_str":"117042162444664832","geo":null,"favorited":false,"id":117042162444664832,"coordinates":null,"in_reply_to_user_id":null,"truncated":false,"text":"Since becoming TX gov, Perry has cut taxes by more than $14B through 67 pieces of legislation http:\/\/t.co\/zrLT2KrT","name":"PerryTruthTeam","boldText":"Since becoming TX gov, Perry has cut <B>taxes<\/B> by more than $14B through 67 pieces of legislation http:\/\/t.co\/zrLT2KrT"},{"place":null,"retweet_count":10,"in_reply_to_screen_name":null,"created_at":"Tue Sep 13 14:15:10 +0000 2011","retweeted":false,"in_reply_to_status_id_str":null,"in_reply_to_user_id_str":null,"user":{"time_zone":"Central Time (US & Canada)","profile_link_color":"173852","protected":false,"created_at":"Wed Jan 21 15:27:55 +0000 2009","profile_image_url_https":"https:\/\/si0.twimg.com\/profile_images\/103613091\/TexGov-Twitter_normal.jpg","name":"Office of Gov Perry","geo_enabled":true,"favourites_count":0,"profile_background_color":"173652","default_profile_image":false,"notifications":null,"profile_background_tile":false,"utc_offset":-21600,"description":"Official news from the Office of Texas Governor Rick Perry.","statuses_count":1136,"following":null,"verified":false,"profile_sidebar_fill_color":"d4e1e9","followers_count":19356,"profile_image_url":"http:\/\/a0.twimg.com\/profile_images\/103613091\/TexGov-Twitter_normal.jpg","follow_request_sent":null,"profile_sidebar_border_color":"d4e1e9","location":"The Texas Capitol, Austin, TX","is_translator":false,"default_profile":false,"contributors_enabled":false,"screen_name":"TexGov","profile_use_background_image":true,"url":"http:\/\/www.governor.state.tx.us","id_str":"19291441","show_all_inline_media":false,"profile_background_image_url_https":"https:\/\/si0.twimg.com\/profile_background_images\/263535204\/Background-NEW.png","profile_text_color":"173852","id":19291441,"listed_count":878,"lang":"en","profile_background_image_url":"http:\/\/a2.twimg.com\/profile_background_images\/263535204\/Background-NEW.png","friends_count":3555},"contributors":null,"in_reply_to_status_id":null,"source":"<a href=\"http:\/\/www.hootsuite.com\" rel=\"nofollow\">HootSuite<\/a>","id_str":"113616714687713280","geo":null,"favorited":false,"id":113616714687713280,"coordinates":null,"in_reply_to_user_id":null,"truncated":false,"text":"Non-Profit Fund Expands Emergency Hotel Voucher Program for Fire Victims, Additional Counties Added to Federal Disaster Request...","name":"TexGov","boldText":"Non-Profit Fund Expands Emergency Hotel Voucher Program for Fire Victims, Additional Counties Added to <B>Fed<\/B>eral Disaster Request..."},{"possibly_sensitive":false,"place":null,"retweet_count":20,"in_reply_to_screen_name":null,"created_at":"Tue Sep 13 01:31:49 +0000 2011","retweeted":false,"in_reply_to_status_id_str":null,"in_reply_to_user_id_str":null,"user":{"time_zone":"Central Time (US & Canada)","profile_link_color":"0084B4","protected":false,"created_at":"Tue Aug 23 00:05:24 +0000 2011","profile_image_url_https":"https:\/\/si0.twimg.com\/profile_images\/1510194492\/Projection_Logo_Black_sq_normal.jpg","name":"PerryTruthTeam","geo_enabled":false,"favourites_count":0,"profile_background_color":"C0DEED","default_profile_image":false,"notifications":null,"profile_background_tile":false,"utc_offset":-21600,"description":"Campaign account for @GovernorPerry, candidate for president in 2012. Send tips to PerryTruthTeam@rickperry.org.","statuses_count":164,"following":null,"verified":false,"profile_sidebar_fill_color":"DDEEF6","followers_count":3939,"profile_image_url":"http:\/\/a3.twimg.com\/profile_images\/1510194492\/Projection_Logo_Black_sq_normal.jpg","follow_request_sent":null,"profile_sidebar_border_color":"C0DEED","location":"","is_translator":false,"default_profile":false,"contributors_enabled":false,"screen_name":"PerryTruthTeam","profile_use_background_image":true,"url":"http:\/\/www.rickperry.org","id_str":"360286555","show_all_inline_media":false,"profile_background_image_url_https":"https:\/\/si0.twimg.com\/profile_background_images\/318027808\/RP_Twitter_logo.jpg","profile_text_color":"333333","id":360286555,"listed_count":126,"lang":"en","profile_background_image_url":"http:\/\/a3.twimg.com\/profile_background_images\/318027808\/RP_Twitter_logo.jpg","friends_count":256},"contributors":null,"in_reply_to_status_id":null,"source":"<a href=\"http:\/\/www.tweetdeck.com\" rel=\"nofollow\">TweetDeck<\/a>","id_str":"113424611894505472","geo":null,"favorited":false,"id":113424611894505472,"coordinates":null,"in_reply_to_user_id":null,"truncated":false,"text":"Perry opposed to federal Dream Act\/amnesty http:\/\/t.co\/udTNImP #cnnteaparty","name":"PerryTruthTeam","boldText":"Perry opposed to <B>fed<\/B>eral Dream Act\/amnesty http:\/\/t.co\/udTNImP #cnnteaparty"},{"possibly_sensitive":false,"place":null,"retweet_count":28,"in_reply_to_screen_name":null,"created_at":"Tue Sep 13 00:49:32 +0000 2011","retweeted":false,"in_reply_to_status_id_str":null,"in_reply_to_user_id_str":null,"user":{"time_zone":"Central Time (US & Canada)","profile_link_color":"0084B4","protected":false,"created_at":"Tue Aug 23 00:05:24 +0000 2011","profile_image_url_https":"https:\/\/si0.twimg.com\/profile_images\/1510194492\/Projection_Logo_Black_sq_normal.jpg","name":"PerryTruthTeam","geo_enabled":false,"favourites_count":0,"profile_background_color":"C0DEED","default_profile_image":false,"notifications":null,"profile_background_tile":false,"utc_offset":-21600,"description":"Campaign account for @GovernorPerry, candidate for president in 2012. Send tips to PerryTruthTeam@rickperry.org.","statuses_count":164,"following":null,"verified":false,"profile_sidebar_fill_color":"DDEEF6","followers_count":3939,"profile_image_url":"http:\/\/a3.twimg.com\/profile_images\/1510194492\/Projection_Logo_Black_sq_normal.jpg","follow_request_sent":null,"profile_sidebar_border_color":"C0DEED","location":"","is_translator":false,"default_profile":false,"contributors_enabled":false,"screen_name":"PerryTruthTeam","profile_use_background_image":true,"url":"http:\/\/www.rickperry.org","id_str":"360286555","show_all_inline_media":false,"profile_background_image_url_https":"https:\/\/si0.twimg.com\/profile_background_images\/318027808\/RP_Twitter_logo.jpg","profile_text_color":"333333","id":360286555,"listed_count":126,"lang":"en","profile_background_image_url":"http:\/\/a3.twimg.com\/profile_background_images\/318027808\/RP_Twitter_logo.jpg","friends_count":256},"contributors":null,"in_reply_to_status_id":null,"source":"<a href=\"http:\/\/www.tweetdeck.com\" rel=\"nofollow\">TweetDeck<\/a>","id_str":"113413970211254272","geo":null,"favorited":false,"id":113413970211254272,"coordinates":null,"in_reply_to_user_id":null,"truncated":false,"text":"Perry has cut taxes by over $14B through 67 pieces of legislation http:\/\/t.co\/ms1TlQf #cnnteaparty","name":"PerryTruthTeam","boldText":"Perry has cut <B>taxes<\/B> by over $14B through 67 pieces of legislation http:\/\/t.co\/ms1TlQf #cnnteaparty"},{"place":null,"retweet_count":59,"in_reply_to_screen_name":null,"created_at":"Wed Sep 07 14:03:41 +0000 2011","retweeted":false,"in_reply_to_status_id_str":null,"in_reply_to_user_id_str":null,"user":{"time_zone":"Central Time (US & Canada)","profile_link_color":"e00d0d","protected":false,"created_at":"Mon Jan 12 16:59:54 +0000 2009","profile_image_url_https":"https:\/\/si0.twimg.com\/profile_images\/334300811\/IMG_0270_2_normal.gif","name":"Rick Perry","geo_enabled":false,"favourites_count":155,"profile_background_color":"101c6e","default_profile_image":false,"notifications":null,"profile_background_tile":false,"utc_offset":-21600,"description":"Personal Twitter feed of Texas' 47th Governor. Follow @TeamRickPerry for updates from campaign staff, @TexGov for official state updates.","statuses_count":1224,"following":null,"verified":true,"profile_sidebar_fill_color":"f2f2f2","followers_count":100900,"profile_image_url":"http:\/\/a2.twimg.com\/profile_images\/334300811\/IMG_0270_2_normal.gif","follow_request_sent":null,"profile_sidebar_border_color":"0a0a0a","location":"Texas","is_translator":false,"contributors_enabled":false,"screen_name":"GovernorPerry","default_profile":false,"profile_use_background_image":true,"url":"http:\/\/www.rickperry.org","id_str":"18906561","show_all_inline_media":false,"profile_background_image_url_https":"https:\/\/si0.twimg.com\/profile_background_images\/310775007\/RP_Twitter_pic__1_.jpg","profile_text_color":"000000","id":18906561,"listed_count":3421,"lang":"en","profile_background_image_url":"http:\/\/a0.twimg.com\/profile_background_images\/310775007\/RP_Twitter_pic__1_.jpg","friends_count":31087},"contributors":null,"in_reply_to_status_id":null,"source":"web","id_str":"111439499355107328","geo":null,"favorited":false,"id":111439499355107328,"coordinates":null,"in_reply_to_user_id":null,"truncated":false,"text":"Better weather allowing  partial containment of Bastrop fire.  Pushing for more federal assets (dozers\/bladed equipment) to cut fire guards.","name":"GovernorPerry","boldText":"Better weather allowing  partial containment of Bastrop fire.  Pushing for more <B>fed<\/B>eral assets (dozers\/bladed equipment) to cut fire guards."},{"possibly_sensitive":false,"place":null,"retweet_count":54,"in_reply_to_screen_name":null,"created_at":"Fri Aug 12 20:34:22 +0000 2011","retweeted":false,"in_reply_to_status_id_str":null,"in_reply_to_user_id_str":null,"user":{"time_zone":"Central Time (US & Canada)","profile_link_color":"173852","protected":false,"created_at":"Wed Jan 21 15:27:55 +0000 2009","profile_image_url_https":"https:\/\/si0.twimg.com\/profile_images\/103613091\/TexGov-Twitter_normal.jpg","name":"Office of Gov Perry","geo_enabled":true,"favourites_count":0,"profile_background_color":"173652","default_profile_image":false,"notifications":null,"profile_background_tile":false,"utc_offset":-21600,"description":"Official news from the Office of Texas Governor Rick Perry.","statuses_count":1136,"following":null,"verified":false,"profile_sidebar_fill_color":"d4e1e9","followers_count":19356,"profile_image_url":"http:\/\/a0.twimg.com\/profile_images\/103613091\/TexGov-Twitter_normal.jpg","follow_request_sent":null,"profile_sidebar_border_color":"d4e1e9","location":"The Texas Capitol, Austin, TX","is_translator":false,"default_profile":false,"contributors_enabled":false,"screen_name":"TexGov","profile_use_background_image":true,"url":"http:\/\/www.governor.state.tx.us","id_str":"19291441","show_all_inline_media":false,"profile_background_image_url_https":"https:\/\/si0.twimg.com\/profile_background_images\/263535204\/Background-NEW.png","profile_text_color":"173852","id":19291441,"listed_count":878,"lang":"en","profile_background_image_url":"http:\/\/a2.twimg.com\/profile_background_images\/263535204\/Background-NEW.png","friends_count":3555},"contributors":null,"in_reply_to_status_id":null,"source":"<a href=\"http:\/\/twitter.com\/tweetbutton\" rel=\"nofollow\">Tweet Button<\/a>","id_str":"102115732057358336","geo":null,"favorited":false,"id":102115732057358336,"coordinates":null,"in_reply_to_user_id":null,"truncated":false,"text":"Statement by Gov. Rick Perry on Federal Appeals Court Ruling on Obamacare: http:\/\/t.co\/NOxzB3c","name":"TexGov","boldText":"Statement by Gov. Rick Perry on <B>Fed<\/B>eral Appeals Court Ruling on Obamacare: http:\/\/t.co\/NOxzB3c"},{"possibly_sensitive":false,"place":null,"retweet_count":22,"in_reply_to_screen_name":null,"created_at":"Tue Aug 02 18:00:03 +0000 2011","retweeted":false,"in_reply_to_status_id_str":null,"in_reply_to_user_id_str":null,"user":{"time_zone":"Central Time (US & Canada)","profile_link_color":"173852","protected":false,"created_at":"Wed Jan 21 15:27:55 +0000 2009","profile_image_url_https":"https:\/\/si0.twimg.com\/profile_images\/103613091\/TexGov-Twitter_normal.jpg","name":"Office of Gov Perry","geo_enabled":true,"favourites_count":0,"profile_background_color":"173652","default_profile_image":false,"notifications":null,"profile_background_tile":false,"utc_offset":-21600,"description":"Official news from the Office of Texas Governor Rick Perry.","statuses_count":1136,"following":null,"verified":false,"profile_sidebar_fill_color":"d4e1e9","followers_count":19356,"profile_image_url":"http:\/\/a0.twimg.com\/profile_images\/103613091\/TexGov-Twitter_normal.jpg","follow_request_sent":null,"profile_sidebar_border_color":"d4e1e9","location":"The Texas Capitol, Austin, TX","is_translator":false,"default_profile":false,"contributors_enabled":false,"screen_name":"TexGov","profile_use_background_image":true,"url":"http:\/\/www.governor.state.tx.us","id_str":"19291441","show_all_inline_media":false,"profile_background_image_url_https":"https:\/\/si0.twimg.com\/profile_background_images\/263535204\/Background-NEW.png","profile_text_color":"173852","id":19291441,"listed_count":878,"lang":"en","profile_background_image_url":"http:\/\/a2.twimg.com\/profile_background_images\/263535204\/Background-NEW.png","friends_count":3555},"contributors":null,"in_reply_to_status_id":null,"source":"<a href=\"http:\/\/www.hootsuite.com\" rel=\"nofollow\">HootSuite<\/a>","id_str":"98453018508406785","geo":null,"favorited":false,"id":98453018508406785,"coordinates":null,"in_reply_to_user_id":null,"truncated":false,"text":"In case you missed it... Vid: A Balanced Texas Budget w\/out Raising Taxes. http:\/\/youtu.be\/o0sviFRT3Rw cc: @TexasAFP @advanceliberty #txlege","name":"TexGov","boldText":"In case you missed it... Vid: A Balanced Texas Budget w\/out Raising <B>Taxes<\/B>. http:\/\/youtu.be\/o0sviFRT3Rw cc: @TexasAFP @advanceliberty #txlege"},{"possibly_sensitive":false,"place":{"country_code":"US","place_type":"city","name":"Amarillo","bounding_box":{"type":"Polygon","coordinates":[[[-101.942385,35.109491],[-101.653684,35.109491],[-101.653684,35.294453],[-101.942385,35.294453]]]},"attributes":{},"full_name":"Amarillo, TX","country":"United States","url":"http:\/\/api.twitter.com\/1\/geo\/id\/52a0517c2183cf22.json","id":"52a0517c2183cf22"},"retweet_count":29,"in_reply_to_screen_name":null,"created_at":"Tue Jul 26 20:39:53 +0000 2011","retweeted":false,"in_reply_to_status_id_str":null,"in_reply_to_user_id_str":null,"user":{"time_zone":"Central Time (US & Canada)","profile_link_color":"173852","protected":false,"created_at":"Wed Jan 21 15:27:55 +0000 2009","profile_image_url_https":"https:\/\/si0.twimg.com\/profile_images\/103613091\/TexGov-Twitter_normal.jpg","name":"Office of Gov Perry","geo_enabled":true,"favourites_count":0,"profile_background_color":"173652","default_profile_image":false,"notifications":null,"profile_background_tile":false,"utc_offset":-21600,"description":"Official news from the Office of Texas Governor Rick Perry.","statuses_count":1136,"following":null,"verified":false,"profile_sidebar_fill_color":"d4e1e9","followers_count":19356,"profile_image_url":"http:\/\/a0.twimg.com\/profile_images\/103613091\/TexGov-Twitter_normal.jpg","follow_request_sent":null,"profile_sidebar_border_color":"d4e1e9","location":"The Texas Capitol, Austin, TX","is_translator":false,"default_profile":false,"contributors_enabled":false,"screen_name":"TexGov","profile_use_background_image":true,"url":"http:\/\/www.governor.state.tx.us","id_str":"19291441","show_all_inline_media":false,"profile_background_image_url_https":"https:\/\/si0.twimg.com\/profile_background_images\/263535204\/Background-NEW.png","profile_text_color":"173852","id":19291441,"listed_count":878,"lang":"en","profile_background_image_url":"http:\/\/a2.twimg.com\/profile_background_images\/263535204\/Background-NEW.png","friends_count":3555},"contributors":null,"in_reply_to_status_id":null,"source":"<a href=\"http:\/\/twitter.com\/#!\/download\/iphone\" rel=\"nofollow\">Twitter for iPhone<\/a>","id_str":"95956528976232449","geo":{"type":"Point","coordinates":[35.20452845,-101.83521765]},"favorited":false,"id":95956528976232449,"coordinates":{"type":"Point","coordinates":[-101.83521765,35.20452845]},"in_reply_to_user_id":null,"truncated":false,"text":"Balancing the Budget w\/out Raising Taxes. Gov. Perry signing #HB1 & #SB2.  #Texas #Budget #txlege  http:\/\/t.co\/dORfA9z","name":"TexGov","boldText":"Balancing the Budget w\/out Raising <B>Taxes<\/B>. Gov. Perry signing #HB1 & #SB2.  #Texas #Budget #txlege  http:\/\/t.co\/dORfA9z"},{"possibly_sensitive":false,"place":null,"retweet_count":35,"in_reply_to_screen_name":null,"created_at":"Tue Jun 07 20:03:43 +0000 2011","retweeted":false,"in_reply_to_status_id_str":null,"in_reply_to_user_id_str":null,"user":{"time_zone":"Central Time (US & Canada)","profile_link_color":"e00d0d","protected":false,"created_at":"Mon Jan 12 16:59:54 +0000 2009","profile_image_url_https":"https:\/\/si0.twimg.com\/profile_images\/334300811\/IMG_0270_2_normal.gif","name":"Rick Perry","geo_enabled":false,"favourites_count":155,"profile_background_color":"101c6e","default_profile_image":false,"notifications":null,"profile_background_tile":false,"utc_offset":-21600,"description":"Personal Twitter feed of Texas' 47th Governor. Follow @TeamRickPerry for updates from campaign staff, @TexGov for official state updates.","statuses_count":1224,"following":null,"verified":true,"profile_sidebar_fill_color":"f2f2f2","followers_count":100900,"profile_image_url":"http:\/\/a2.twimg.com\/profile_images\/334300811\/IMG_0270_2_normal.gif","follow_request_sent":null,"profile_sidebar_border_color":"0a0a0a","location":"Texas","is_translator":false,"contributors_enabled":false,"screen_name":"GovernorPerry","default_profile":false,"profile_use_background_image":true,"url":"http:\/\/www.rickperry.org","id_str":"18906561","show_all_inline_media":false,"profile_background_image_url_https":"https:\/\/si0.twimg.com\/profile_background_images\/310775007\/RP_Twitter_pic__1_.jpg","profile_text_color":"000000","id":18906561,"listed_count":3421,"lang":"en","profile_background_image_url":"http:\/\/a0.twimg.com\/profile_background_images\/310775007\/RP_Twitter_pic__1_.jpg","friends_count":31087},"contributors":null,"in_reply_to_status_id":null,"source":"web","id_str":"78190419766292480","geo":null,"favorited":false,"id":78190419766292480,"coordinates":null,"in_reply_to_user_id":null,"truncated":false,"text":"Dallas Fed CEO Richard Fisher on why Texas leads the nation in job creation. http:\/\/tinyurl.com\/r2tjc","name":"GovernorPerry","boldText":"Dallas <B>Fed<\/B> CEO Richard Fisher on why Texas leads the nation in job creation. http:\/\/tinyurl.com\/r2tjc"},{"possibly_sensitive":false,"place":null,"retweet_count":9,"in_reply_to_screen_name":null,"created_at":"Thu Jan 20 21:55:50 +0000 2011","retweeted":false,"in_reply_to_status_id_str":null,"in_reply_to_user_id_str":null,"user":{"time_zone":"Central Time (US & Canada)","profile_link_color":"e00d0d","protected":false,"created_at":"Mon Jan 12 16:59:54 +0000 2009","profile_image_url_https":"https:\/\/si0.twimg.com\/profile_images\/334300811\/IMG_0270_2_normal.gif","name":"Rick Perry","geo_enabled":false,"favourites_count":155,"profile_background_color":"101c6e","default_profile_image":false,"notifications":null,"profile_background_tile":false,"utc_offset":-21600,"description":"Personal Twitter feed of Texas' 47th Governor. Follow @TeamRickPerry for updates from campaign staff, @TexGov for official state updates.","statuses_count":1224,"following":null,"verified":true,"profile_sidebar_fill_color":"f2f2f2","followers_count":100900,"profile_image_url":"http:\/\/a2.twimg.com\/profile_images\/334300811\/IMG_0270_2_normal.gif","follow_request_sent":null,"profile_sidebar_border_color":"0a0a0a","location":"Texas","is_translator":false,"contributors_enabled":false,"screen_name":"GovernorPerry","default_profile":false,"profile_use_background_image":true,"url":"http:\/\/www.rickperry.org","id_str":"18906561","show_all_inline_media":false,"profile_background_image_url_https":"https:\/\/si0.twimg.com\/profile_background_images\/310775007\/RP_Twitter_pic__1_.jpg","profile_text_color":"000000","id":18906561,"listed_count":3421,"lang":"en","profile_background_image_url":"http:\/\/a0.twimg.com\/profile_background_images\/310775007\/RP_Twitter_pic__1_.jpg","friends_count":31087},"contributors":null,"in_reply_to_status_id":null,"source":"<a href=\"http:\/\/yfrog.com\" rel=\"nofollow\">Yfrog<\/a>","id_str":"28209110667235328","geo":null,"favorited":false,"id":28209110667235328,"coordinates":null,"in_reply_to_user_id":null,"truncated":false,"text":"At the SHOT Show in Vegas signing Fed Up books w\/ Uncle Ted Nugent. Stop by!!! http:\/\/yfrog.com\/h097rnrj","name":"GovernorPerry","boldText":"At the SHOT Show in Vegas signing <B>Fed<\/B> Up books w\/ Uncle Ted Nugent. Stop by!!! http:\/\/yfrog.com\/h097rnrj"}]