[{"place":null,"retweet_count":69,"in_reply_to_screen_name":null,"created_at":"Wed Oct 19 01:39:08 +0000 2011","retweeted":false,"in_reply_to_status_id_str":null,"in_reply_to_user_id_str":null,"user":{"time_zone":"Mountain Time (US & Canada)","profile_link_color":"FF0000","protected":false,"default_profile":false,"created_at":"Wed Dec 09 19:25:37 +0000 2009","profile_image_url_https":"https:\/\/si0.twimg.com\/profile_images\/1454302200\/GJTwitter_normal.png","name":"Gov. Gary Johnson","geo_enabled":false,"favourites_count":0,"profile_background_color":"5f94bc","default_profile_image":false,"notifications":null,"profile_background_tile":true,"utc_offset":-25200,"description":"2012 Presidential Candidate and two-term Governor of New Mexico","statuses_count":1527,"following":null,"verified":true,"profile_sidebar_fill_color":"7AC3EE","followers_count":14913,"profile_image_url":"http:\/\/a3.twimg.com\/profile_images\/1454302200\/GJTwitter_normal.png","follow_request_sent":null,"profile_sidebar_border_color":"65B0DA","location":"New Mexico","is_translator":false,"contributors_enabled":false,"screen_name":"GovGaryJohnson","profile_use_background_image":true,"url":"http:\/\/www.GaryJohnson2012.com","id_str":"95713333","show_all_inline_media":false,"profile_background_image_url_https":"https:\/\/si0.twimg.com\/profile_background_images\/312549531\/GJtwitterbg.jpg","profile_text_color":"3D1957","id":95713333,"listed_count":916,"lang":"en","profile_background_image_url":"http:\/\/a0.twimg.com\/profile_background_images\/312549531\/GJtwitterbg.jpg","friends_count":219},"contributors":null,"in_reply_to_status_id":null,"source":"web","id_str":"126472414501675008","geo":null,"favorited":false,"id":126472414501675008,"coordinates":null,"in_reply_to_user_id":null,"truncated":false,"text":"We are bankrupt.  Strategic alliances are important.  Foreign aid is a luxury we simply cannot afford. #CNNdebate","name":"GovGaryJohnson","boldText":"We are <B>bank<\/B>rupt.  Strategic alliances are important.  Foreign aid is a luxury we simply cannot afford. #CNNdebate"},{"place":null,"retweet_count":"100+","in_reply_to_screen_name":null,"created_at":"Wed Oct 19 01:30:26 +0000 2011","retweeted":false,"in_reply_to_status_id_str":null,"in_reply_to_user_id_str":null,"user":{"time_zone":"Mountain Time (US & Canada)","profile_link_color":"FF0000","protected":false,"created_at":"Wed Dec 09 19:25:37 +0000 2009","profile_image_url_https":"https:\/\/si0.twimg.com\/profile_images\/1454302200\/GJTwitter_normal.png","name":"Gov. Gary Johnson","geo_enabled":false,"favourites_count":0,"profile_background_color":"5f94bc","default_profile_image":false,"notifications":false,"profile_background_tile":true,"utc_offset":-25200,"description":"2012 Presidential Candidate and two-term Governor of New Mexico","statuses_count":1527,"following":false,"verified":true,"profile_sidebar_fill_color":"7AC3EE","followers_count":14913,"profile_image_url":"http:\/\/a3.twimg.com\/profile_images\/1454302200\/GJTwitter_normal.png","follow_request_sent":false,"profile_sidebar_border_color":"65B0DA","location":"New Mexico","is_translator":false,"default_profile":false,"contributors_enabled":false,"screen_name":"GovGaryJohnson","profile_use_background_image":true,"url":"http:\/\/www.GaryJohnson2012.com","id_str":"95713333","show_all_inline_media":false,"profile_background_image_url_https":"https:\/\/si0.twimg.com\/profile_background_images\/312549531\/GJtwitterbg.jpg","profile_text_color":"3D1957","id":95713333,"listed_count":916,"lang":"en","profile_background_image_url":"http:\/\/a0.twimg.com\/profile_background_images\/312549531\/GJtwitterbg.jpg","friends_count":219},"contributors":null,"in_reply_to_status_id":null,"source":"web","id_str":"126470225867710465","geo":null,"favorited":false,"id":126470225867710465,"coordinates":null,"in_reply_to_user_id":null,"truncated":false,"text":"Defense spending should be cut. Stop the nation-building & unjustified interventions, focus on defending US, & save hundreds of billions.","name":"GovGaryJohnson","boldText":"Defense <B>spending<\/B> should be <B><B>cut<\/B><\/B>. Stop the nation-building & unjustified interventions, focus on defending US, & save hundreds of billions."},{"place":null,"retweet_count":57,"in_reply_to_screen_name":null,"created_at":"Wed Oct 12 01:39:30 +0000 2011","retweeted":false,"in_reply_to_status_id_str":null,"in_reply_to_user_id_str":null,"user":{"time_zone":"Mountain Time (US & Canada)","profile_link_color":"FF0000","protected":false,"default_profile":false,"created_at":"Wed Dec 09 19:25:37 +0000 2009","profile_image_url_https":"https:\/\/si0.twimg.com\/profile_images\/1454302200\/GJTwitter_normal.png","name":"Gov. Gary Johnson","geo_enabled":false,"favourites_count":0,"profile_background_color":"5f94bc","default_profile_image":false,"notifications":null,"profile_background_tile":true,"utc_offset":-25200,"description":"2012 Presidential Candidate and two-term Governor of New Mexico","statuses_count":1527,"following":null,"verified":true,"profile_sidebar_fill_color":"7AC3EE","followers_count":14913,"profile_image_url":"http:\/\/a3.twimg.com\/profile_images\/1454302200\/GJTwitter_normal.png","follow_request_sent":null,"profile_sidebar_border_color":"65B0DA","location":"New Mexico","is_translator":false,"contributors_enabled":false,"screen_name":"GovGaryJohnson","profile_use_background_image":true,"url":"http:\/\/www.GaryJohnson2012.com","id_str":"95713333","show_all_inline_media":false,"profile_background_image_url_https":"https:\/\/si0.twimg.com\/profile_background_images\/312549531\/GJtwitterbg.jpg","profile_text_color":"3D1957","id":95713333,"listed_count":916,"lang":"en","profile_background_image_url":"http:\/\/a0.twimg.com\/profile_background_images\/312549531\/GJtwitterbg.jpg","friends_count":219},"contributors":null,"in_reply_to_status_id":null,"source":"<a href=\"http:\/\/www.tweetdeck.com\" rel=\"nofollow\">TweetDeck<\/a>","id_str":"123935791717167104","geo":null,"favorited":false,"id":123935791717167104,"coordinates":null,"in_reply_to_user_id":null,"truncated":false,"text":"#econdebate As Governor of New Mexico I never allowed direct investment of public funds in private business.","name":"GovGaryJohnson","boldText":"#econdebate As Governor of New Mexico I never allowed direct <B>investment<\/B> of public <B><B>funds<\/B><\/B> in private business."},{"place":null,"retweet_count":25,"in_reply_to_screen_name":null,"created_at":"Wed Oct 12 00:27:49 +0000 2011","retweeted":false,"in_reply_to_status_id_str":null,"in_reply_to_user_id_str":null,"user":{"time_zone":"Mountain Time (US & Canada)","profile_link_color":"FF0000","protected":false,"default_profile":false,"created_at":"Wed Dec 09 19:25:37 +0000 2009","profile_image_url_https":"https:\/\/si0.twimg.com\/profile_images\/1454302200\/GJTwitter_normal.png","name":"Gov. Gary Johnson","geo_enabled":false,"favourites_count":0,"profile_background_color":"5f94bc","default_profile_image":false,"notifications":null,"profile_background_tile":true,"utc_offset":-25200,"description":"2012 Presidential Candidate and two-term Governor of New Mexico","statuses_count":1527,"following":null,"verified":true,"profile_sidebar_fill_color":"7AC3EE","followers_count":14913,"profile_image_url":"http:\/\/a3.twimg.com\/profile_images\/1454302200\/GJTwitter_normal.png","follow_request_sent":null,"profile_sidebar_border_color":"65B0DA","location":"New Mexico","is_translator":false,"contributors_enabled":false,"screen_name":"GovGaryJohnson","profile_use_background_image":true,"url":"http:\/\/www.GaryJohnson2012.com","id_str":"95713333","show_all_inline_media":false,"profile_background_image_url_https":"https:\/\/si0.twimg.com\/profile_background_images\/312549531\/GJtwitterbg.jpg","profile_text_color":"3D1957","id":95713333,"listed_count":916,"lang":"en","profile_background_image_url":"http:\/\/a0.twimg.com\/profile_background_images\/312549531\/GJtwitterbg.jpg","friends_count":219},"contributors":null,"in_reply_to_status_id":null,"source":"<a href=\"http:\/\/www.tweetdeck.com\" rel=\"nofollow\">TweetDeck<\/a>","id_str":"123917752460255234","geo":null,"favorited":false,"id":123917752460255234,"coordinates":null,"in_reply_to_user_id":null,"truncated":false,"text":"#econdebate Not open to a Wall Street bailout.","name":"GovGaryJohnson","boldText":"#econdebate Not open to a Wall Street <B>bailout<\/B>."},{"possibly_sensitive":false,"place":null,"retweet_count":19,"in_reply_to_screen_name":null,"created_at":"Thu Sep 29 22:44:55 +0000 2011","retweeted":false,"in_reply_to_status_id_str":null,"in_reply_to_user_id_str":null,"user":{"time_zone":"Mountain Time (US & Canada)","profile_link_color":"FF0000","protected":false,"default_profile":false,"created_at":"Wed Dec 09 19:25:37 +0000 2009","profile_image_url_https":"https:\/\/si0.twimg.com\/profile_images\/1454302200\/GJTwitter_normal.png","name":"Gov. Gary Johnson","geo_enabled":false,"favourites_count":0,"profile_background_color":"5f94bc","default_profile_image":false,"notifications":null,"profile_background_tile":true,"utc_offset":-25200,"description":"2012 Presidential Candidate and two-term Governor of New Mexico","statuses_count":1527,"following":null,"verified":true,"profile_sidebar_fill_color":"7AC3EE","followers_count":14913,"profile_image_url":"http:\/\/a3.twimg.com\/profile_images\/1454302200\/GJTwitter_normal.png","follow_request_sent":null,"profile_sidebar_border_color":"65B0DA","location":"New Mexico","is_translator":false,"contributors_enabled":false,"screen_name":"GovGaryJohnson","profile_use_background_image":true,"url":"http:\/\/www.GaryJohnson2012.com","id_str":"95713333","show_all_inline_media":false,"profile_background_image_url_https":"https:\/\/si0.twimg.com\/profile_background_images\/312549531\/GJtwitterbg.jpg","profile_text_color":"3D1957","id":95713333,"listed_count":916,"lang":"en","profile_background_image_url":"http:\/\/a0.twimg.com\/profile_background_images\/312549531\/GJtwitterbg.jpg","friends_count":219},"contributors":null,"in_reply_to_status_id":null,"source":"web","id_str":"119543202440163328","geo":null,"favorited":false,"id":119543202440163328,"coordinates":null,"in_reply_to_user_id":null,"truncated":false,"text":"House Rs call for $4B in cuts for 2012 labor, health & ed programs. At that rate, a balanced budget isn't in sight: http:\/\/t.co\/ZrOOzmXF","name":"GovGaryJohnson","boldText":"House Rs call for $4B in <B>cut<\/B>s for 2012 labor, health & ed programs. At that rate, a balanced budget isn't in sight: http:\/\/t.co\/ZrOOzmXF"},{"place":null,"retweet_count":27,"in_reply_to_screen_name":null,"created_at":"Fri Sep 23 01:41:25 +0000 2011","retweeted":false,"in_reply_to_status_id_str":null,"in_reply_to_user_id_str":null,"user":{"time_zone":"Mountain Time (US & Canada)","profile_link_color":"FF0000","protected":false,"default_profile":false,"created_at":"Wed Dec 09 19:25:37 +0000 2009","profile_image_url_https":"https:\/\/si0.twimg.com\/profile_images\/1454302200\/GJTwitter_normal.png","name":"Gov. Gary Johnson","geo_enabled":false,"favourites_count":0,"profile_background_color":"5f94bc","default_profile_image":false,"notifications":null,"profile_background_tile":true,"utc_offset":-25200,"description":"2012 Presidential Candidate and two-term Governor of New Mexico","statuses_count":1527,"following":null,"verified":true,"profile_sidebar_fill_color":"7AC3EE","followers_count":14913,"profile_image_url":"http:\/\/a3.twimg.com\/profile_images\/1454302200\/GJTwitter_normal.png","follow_request_sent":null,"profile_sidebar_border_color":"65B0DA","location":"New Mexico","is_translator":false,"contributors_enabled":false,"screen_name":"GovGaryJohnson","profile_use_background_image":true,"url":"http:\/\/www.GaryJohnson2012.com","id_str":"95713333","show_all_inline_media":false,"profile_background_image_url_https":"https:\/\/si0.twimg.com\/profile_background_images\/312549531\/GJtwitterbg.jpg","profile_text_color":"3D1957","id":95713333,"listed_count":916,"lang":"en","profile_background_image_url":"http:\/\/a0.twimg.com\/profile_background_images\/312549531\/GJtwitterbg.jpg","friends_count":219},"contributors":null,"in_reply_to_status_id":null,"source":"web","id_str":"117050907996336130","geo":null,"favorited":false,"id":117050907996336130,"coordinates":null,"in_reply_to_user_id":null,"truncated":false,"text":"If Gov. J were 2 cut a dept, he would start w\/ Dept of Ed then IRS which will not be needed under Fair Tax plan = no income tax! #gopdebate","name":"GovGaryJohnson","boldText":"If Gov. J were 2 <B>cut<\/B> a dept, he would start w\/ Dept of Ed then IRS which will not be needed under Fair Tax plan = no income tax! #gopdebate"},{"place":null,"retweet_count":15,"in_reply_to_screen_name":null,"created_at":"Fri Sep 23 01:33:53 +0000 2011","retweeted":false,"in_reply_to_status_id_str":null,"in_reply_to_user_id_str":null,"user":{"time_zone":"Mountain Time (US & Canada)","profile_link_color":"FF0000","protected":false,"default_profile":false,"created_at":"Wed Dec 09 19:25:37 +0000 2009","profile_image_url_https":"https:\/\/si0.twimg.com\/profile_images\/1454302200\/GJTwitter_normal.png","name":"Gov. Gary Johnson","geo_enabled":false,"favourites_count":0,"profile_background_color":"5f94bc","default_profile_image":false,"notifications":null,"profile_background_tile":true,"utc_offset":-25200,"description":"2012 Presidential Candidate and two-term Governor of New Mexico","statuses_count":1527,"following":null,"verified":true,"profile_sidebar_fill_color":"7AC3EE","followers_count":14913,"profile_image_url":"http:\/\/a3.twimg.com\/profile_images\/1454302200\/GJTwitter_normal.png","follow_request_sent":null,"profile_sidebar_border_color":"65B0DA","location":"New Mexico","is_translator":false,"contributors_enabled":false,"screen_name":"GovGaryJohnson","profile_use_background_image":true,"url":"http:\/\/www.GaryJohnson2012.com","id_str":"95713333","show_all_inline_media":false,"profile_background_image_url_https":"https:\/\/si0.twimg.com\/profile_background_images\/312549531\/GJtwitterbg.jpg","profile_text_color":"3D1957","id":95713333,"listed_count":916,"lang":"en","profile_background_image_url":"http:\/\/a0.twimg.com\/profile_background_images\/312549531\/GJtwitterbg.jpg","friends_count":219},"contributors":null,"in_reply_to_status_id":null,"source":"web","id_str":"117049011357229056","geo":null,"favorited":false,"id":117049011357229056,"coordinates":null,"in_reply_to_user_id":null,"truncated":false,"text":"Speaking of shrinking size of government: Gov. J cut state government by 1000 employees, without firing anyone. #gopdebate #tcot #tlot","name":"GovGaryJohnson","boldText":"Speaking of shrinking size of government: Gov. J <B>cut<\/B> state government by 1000 employees, without firing anyone. #gopdebate #tcot #tlot"},{"place":null,"retweet_count":18,"in_reply_to_screen_name":null,"created_at":"Fri Sep 23 01:25:45 +0000 2011","retweeted":false,"in_reply_to_status_id_str":null,"in_reply_to_user_id_str":null,"user":{"time_zone":"Mountain Time (US & Canada)","profile_link_color":"FF0000","protected":false,"default_profile":false,"created_at":"Wed Dec 09 19:25:37 +0000 2009","profile_image_url_https":"https:\/\/si0.twimg.com\/profile_images\/1454302200\/GJTwitter_normal.png","name":"Gov. Gary Johnson","geo_enabled":false,"favourites_count":0,"profile_background_color":"5f94bc","default_profile_image":false,"notifications":null,"profile_background_tile":true,"utc_offset":-25200,"description":"2012 Presidential Candidate and two-term Governor of New Mexico","statuses_count":1527,"following":null,"verified":true,"profile_sidebar_fill_color":"7AC3EE","followers_count":14913,"profile_image_url":"http:\/\/a3.twimg.com\/profile_images\/1454302200\/GJTwitter_normal.png","follow_request_sent":null,"profile_sidebar_border_color":"65B0DA","location":"New Mexico","is_translator":false,"contributors_enabled":false,"screen_name":"GovGaryJohnson","profile_use_background_image":true,"url":"http:\/\/www.GaryJohnson2012.com","id_str":"95713333","show_all_inline_media":false,"profile_background_image_url_https":"https:\/\/si0.twimg.com\/profile_background_images\/312549531\/GJtwitterbg.jpg","profile_text_color":"3D1957","id":95713333,"listed_count":916,"lang":"en","profile_background_image_url":"http:\/\/a0.twimg.com\/profile_background_images\/312549531\/GJtwitterbg.jpg","friends_count":219},"contributors":null,"in_reply_to_status_id":null,"source":"web","id_str":"117046963840618496","geo":null,"favorited":false,"id":117046963840618496,"coordinates":null,"in_reply_to_user_id":null,"truncated":false,"text":"Gov J in debate: Has a proven track record of leadership! Vetoed more spending bills than other 49 govs combined while in office. #gopdebate","name":"GovGaryJohnson","boldText":"Gov J in debate: Has a proven track record of leadership! Vetoed more <B>spending<\/B> bills than other 49 govs combined while in office. #gopdebate"},{"possibly_sensitive":false,"place":null,"retweet_count":21,"in_reply_to_screen_name":null,"created_at":"Mon Sep 19 16:19:22 +0000 2011","retweeted":false,"in_reply_to_status_id_str":null,"in_reply_to_user_id_str":null,"user":{"time_zone":"Mountain Time (US & Canada)","profile_link_color":"FF0000","protected":false,"default_profile":false,"created_at":"Wed Dec 09 19:25:37 +0000 2009","profile_image_url_https":"https:\/\/si0.twimg.com\/profile_images\/1454302200\/GJTwitter_normal.png","name":"Gov. Gary Johnson","geo_enabled":false,"favourites_count":0,"profile_background_color":"5f94bc","default_profile_image":false,"notifications":null,"profile_background_tile":true,"utc_offset":-25200,"description":"2012 Presidential Candidate and two-term Governor of New Mexico","statuses_count":1527,"following":null,"verified":true,"profile_sidebar_fill_color":"7AC3EE","followers_count":14913,"profile_image_url":"http:\/\/a3.twimg.com\/profile_images\/1454302200\/GJTwitter_normal.png","follow_request_sent":null,"profile_sidebar_border_color":"65B0DA","location":"New Mexico","is_translator":false,"contributors_enabled":false,"screen_name":"GovGaryJohnson","profile_use_background_image":true,"url":"http:\/\/www.GaryJohnson2012.com","id_str":"95713333","show_all_inline_media":false,"profile_background_image_url_https":"https:\/\/si0.twimg.com\/profile_background_images\/312549531\/GJtwitterbg.jpg","profile_text_color":"3D1957","id":95713333,"listed_count":916,"lang":"en","profile_background_image_url":"http:\/\/a0.twimg.com\/profile_background_images\/312549531\/GJtwitterbg.jpg","friends_count":219},"contributors":null,"in_reply_to_status_id":null,"source":"web","id_str":"115822297356570624","geo":null,"favorited":false,"id":115822297356570624,"coordinates":null,"in_reply_to_user_id":null,"truncated":false,"text":"President\u2019s plan is just a refusal to really cut spending: http:\/\/t.co\/Ec1lOSEe","name":"GovGaryJohnson","boldText":"President\u2019s plan is just a refusal to really <B>cut<\/B> <B>spending<\/B>: http:\/\/t.co\/Ec1lOSEe"},{"possibly_sensitive":false,"place":null,"retweet_count":14,"in_reply_to_screen_name":null,"created_at":"Wed Sep 14 22:28:31 +0000 2011","retweeted":false,"in_reply_to_status_id_str":null,"in_reply_to_user_id_str":null,"user":{"time_zone":"Mountain Time (US & Canada)","profile_link_color":"FF0000","protected":false,"default_profile":false,"created_at":"Wed Dec 09 19:25:37 +0000 2009","profile_image_url_https":"https:\/\/si0.twimg.com\/profile_images\/1454302200\/GJTwitter_normal.png","name":"Gov. Gary Johnson","geo_enabled":false,"favourites_count":0,"profile_background_color":"5f94bc","default_profile_image":false,"notifications":null,"profile_background_tile":true,"utc_offset":-25200,"description":"2012 Presidential Candidate and two-term Governor of New Mexico","statuses_count":1527,"following":null,"verified":true,"profile_sidebar_fill_color":"7AC3EE","followers_count":14913,"profile_image_url":"http:\/\/a3.twimg.com\/profile_images\/1454302200\/GJTwitter_normal.png","follow_request_sent":null,"profile_sidebar_border_color":"65B0DA","location":"New Mexico","is_translator":false,"contributors_enabled":false,"screen_name":"GovGaryJohnson","profile_use_background_image":true,"url":"http:\/\/www.GaryJohnson2012.com","id_str":"95713333","show_all_inline_media":false,"profile_background_image_url_https":"https:\/\/si0.twimg.com\/profile_background_images\/312549531\/GJtwitterbg.jpg","profile_text_color":"3D1957","id":95713333,"listed_count":916,"lang":"en","profile_background_image_url":"http:\/\/a0.twimg.com\/profile_background_images\/312549531\/GJtwitterbg.jpg","friends_count":219},"contributors":null,"in_reply_to_status_id":null,"source":"web","id_str":"114103257693036544","geo":null,"favorited":false,"id":114103257693036544,"coordinates":null,"in_reply_to_user_id":null,"truncated":false,"text":"From @Forbes: 'Job-Killing Politicians, Modern Military Hawks, And Hapless Central Banks': http:\/\/t.co\/kDP5YXBO","name":"GovGaryJohnson","boldText":"From @Forbes: 'Job-Killing Politicians, Modern Military Hawks, And Hapless Central <B>Bank<\/B>s': http:\/\/t.co\/kDP5YXBO"},{"place":null,"retweet_count":43,"in_reply_to_screen_name":null,"created_at":"Tue Sep 13 01:48:57 +0000 2011","retweeted":false,"in_reply_to_status_id_str":null,"in_reply_to_user_id_str":null,"user":{"time_zone":"Mountain Time (US & Canada)","profile_link_color":"FF0000","protected":false,"default_profile":false,"created_at":"Wed Dec 09 19:25:37 +0000 2009","profile_image_url_https":"https:\/\/si0.twimg.com\/profile_images\/1454302200\/GJTwitter_normal.png","name":"Gov. Gary Johnson","geo_enabled":false,"favourites_count":0,"profile_background_color":"5f94bc","default_profile_image":false,"notifications":null,"profile_background_tile":true,"utc_offset":-25200,"description":"2012 Presidential Candidate and two-term Governor of New Mexico","statuses_count":1527,"following":null,"verified":true,"profile_sidebar_fill_color":"7AC3EE","followers_count":14913,"profile_image_url":"http:\/\/a3.twimg.com\/profile_images\/1454302200\/GJTwitter_normal.png","follow_request_sent":null,"profile_sidebar_border_color":"65B0DA","location":"New Mexico","is_translator":false,"contributors_enabled":false,"screen_name":"GovGaryJohnson","profile_use_background_image":true,"url":"http:\/\/www.GaryJohnson2012.com","id_str":"95713333","show_all_inline_media":false,"profile_background_image_url_https":"https:\/\/si0.twimg.com\/profile_background_images\/312549531\/GJtwitterbg.jpg","profile_text_color":"3D1957","id":95713333,"listed_count":916,"lang":"en","profile_background_image_url":"http:\/\/a0.twimg.com\/profile_background_images\/312549531\/GJtwitterbg.jpg","friends_count":219},"contributors":null,"in_reply_to_status_id":null,"source":"<a href=\"http:\/\/www.tweetdeck.com\" rel=\"nofollow\">TweetDeck<\/a>","id_str":"113428922707881984","geo":null,"favorited":false,"id":113428922707881984,"coordinates":null,"in_reply_to_user_id":null,"truncated":false,"text":"As president I would cut the Presidents budget by 43 percent. Ground air force one.  Lead by example. Do more or the same with less","name":"GovGaryJohnson","boldText":"As president I would <B>cut<\/B> the Presidents budget by 43 percent. Ground air force one.  Lead by example. Do more or the same with less"},{"place":null,"retweet_count":52,"in_reply_to_screen_name":null,"created_at":"Tue Sep 13 01:41:50 +0000 2011","retweeted":false,"in_reply_to_status_id_str":null,"in_reply_to_user_id_str":null,"user":{"time_zone":"Mountain Time (US & Canada)","profile_link_color":"FF0000","protected":false,"default_profile":false,"created_at":"Wed Dec 09 19:25:37 +0000 2009","profile_image_url_https":"https:\/\/si0.twimg.com\/profile_images\/1454302200\/GJTwitter_normal.png","name":"Gov. Gary Johnson","geo_enabled":false,"favourites_count":0,"profile_background_color":"5f94bc","default_profile_image":false,"notifications":null,"profile_background_tile":true,"utc_offset":-25200,"description":"2012 Presidential Candidate and two-term Governor of New Mexico","statuses_count":1527,"following":null,"verified":true,"profile_sidebar_fill_color":"7AC3EE","followers_count":14913,"profile_image_url":"http:\/\/a3.twimg.com\/profile_images\/1454302200\/GJTwitter_normal.png","follow_request_sent":null,"profile_sidebar_border_color":"65B0DA","location":"New Mexico","is_translator":false,"contributors_enabled":false,"screen_name":"GovGaryJohnson","profile_use_background_image":true,"url":"http:\/\/www.GaryJohnson2012.com","id_str":"95713333","show_all_inline_media":false,"profile_background_image_url_https":"https:\/\/si0.twimg.com\/profile_background_images\/312549531\/GJtwitterbg.jpg","profile_text_color":"3D1957","id":95713333,"listed_count":916,"lang":"en","profile_background_image_url":"http:\/\/a0.twimg.com\/profile_background_images\/312549531\/GJtwitterbg.jpg","friends_count":219},"contributors":null,"in_reply_to_status_id":null,"source":"<a href=\"http:\/\/www.tweetdeck.com\" rel=\"nofollow\">TweetDeck<\/a>","id_str":"113427131144478722","geo":null,"favorited":false,"id":113427131144478722,"coordinates":null,"in_reply_to_user_id":null,"truncated":false,"text":"We can provide a strong national defense and cut military spending by 43 percent. Defense as opposed to offense and nation building","name":"GovGaryJohnson","boldText":"We can provide a strong national defense and <B>cut<\/B> military <B>spending<\/B> by 43 percent. Defense as opposed to offense and nation building"},{"place":null,"retweet_count":19,"in_reply_to_screen_name":null,"created_at":"Tue Sep 13 01:39:57 +0000 2011","retweeted":false,"in_reply_to_status_id_str":null,"in_reply_to_user_id_str":null,"user":{"time_zone":"Mountain Time (US & Canada)","profile_link_color":"FF0000","protected":false,"default_profile":false,"created_at":"Wed Dec 09 19:25:37 +0000 2009","profile_image_url_https":"https:\/\/si0.twimg.com\/profile_images\/1454302200\/GJTwitter_normal.png","name":"Gov. Gary Johnson","geo_enabled":false,"favourites_count":0,"profile_background_color":"5f94bc","default_profile_image":false,"notifications":null,"profile_background_tile":true,"utc_offset":-25200,"description":"2012 Presidential Candidate and two-term Governor of New Mexico","statuses_count":1527,"following":null,"verified":true,"profile_sidebar_fill_color":"7AC3EE","followers_count":14913,"profile_image_url":"http:\/\/a3.twimg.com\/profile_images\/1454302200\/GJTwitter_normal.png","follow_request_sent":null,"profile_sidebar_border_color":"65B0DA","location":"New Mexico","is_translator":false,"contributors_enabled":false,"screen_name":"GovGaryJohnson","profile_use_background_image":true,"url":"http:\/\/www.GaryJohnson2012.com","id_str":"95713333","show_all_inline_media":false,"profile_background_image_url_https":"https:\/\/si0.twimg.com\/profile_background_images\/312549531\/GJtwitterbg.jpg","profile_text_color":"3D1957","id":95713333,"listed_count":916,"lang":"en","profile_background_image_url":"http:\/\/a0.twimg.com\/profile_background_images\/312549531\/GJtwitterbg.jpg","friends_count":219},"contributors":null,"in_reply_to_status_id":null,"source":"<a href=\"http:\/\/www.tweetdeck.com\" rel=\"nofollow\">TweetDeck<\/a>","id_str":"113426658802941952","geo":null,"favorited":false,"id":113426658802941952,"coordinates":null,"in_reply_to_user_id":null,"truncated":false,"text":"I believe that military spending needs to be cut by 43 percent","name":"GovGaryJohnson","boldText":"I believe that military <B>spending<\/B> needs to be <B><B>cut<\/B><\/B> by 43 percent"},{"place":null,"retweet_count":21,"in_reply_to_screen_name":null,"created_at":"Tue Sep 13 01:09:46 +0000 2011","retweeted":false,"in_reply_to_status_id_str":null,"in_reply_to_user_id_str":null,"user":{"time_zone":"Mountain Time (US & Canada)","profile_link_color":"FF0000","protected":false,"default_profile":false,"created_at":"Wed Dec 09 19:25:37 +0000 2009","profile_image_url_https":"https:\/\/si0.twimg.com\/profile_images\/1454302200\/GJTwitter_normal.png","name":"Gov. Gary Johnson","geo_enabled":false,"favourites_count":0,"profile_background_color":"5f94bc","default_profile_image":false,"notifications":null,"profile_background_tile":true,"utc_offset":-25200,"description":"2012 Presidential Candidate and two-term Governor of New Mexico","statuses_count":1527,"following":null,"verified":true,"profile_sidebar_fill_color":"7AC3EE","followers_count":14913,"profile_image_url":"http:\/\/a3.twimg.com\/profile_images\/1454302200\/GJTwitter_normal.png","follow_request_sent":null,"profile_sidebar_border_color":"65B0DA","location":"New Mexico","is_translator":false,"contributors_enabled":false,"screen_name":"GovGaryJohnson","profile_use_background_image":true,"url":"http:\/\/www.GaryJohnson2012.com","id_str":"95713333","show_all_inline_media":false,"profile_background_image_url_https":"https:\/\/si0.twimg.com\/profile_background_images\/312549531\/GJtwitterbg.jpg","profile_text_color":"3D1957","id":95713333,"listed_count":916,"lang":"en","profile_background_image_url":"http:\/\/a0.twimg.com\/profile_background_images\/312549531\/GJtwitterbg.jpg","friends_count":219},"contributors":null,"in_reply_to_status_id":null,"source":"<a href=\"http:\/\/www.tweetdeck.com\" rel=\"nofollow\">TweetDeck<\/a>","id_str":"113419063371366400","geo":null,"favorited":false,"id":113419063371366400,"coordinates":null,"in_reply_to_user_id":null,"truncated":false,"text":"Executive orders work on behalf of the executive.  as President I would use executive orders to advance an agenda of freedom and liberty","name":"GovGaryJohnson","boldText":"Exe<B>cut<\/B>ive orders work on behalf of the exe<B>cut<\/B>ive.  as President I would use exe<B>cut<\/B>ive orders to advance an agenda of freedom and liberty"},{"place":null,"retweet_count":17,"in_reply_to_screen_name":null,"created_at":"Tue Sep 13 00:29:36 +0000 2011","retweeted":false,"in_reply_to_status_id_str":null,"in_reply_to_user_id_str":null,"user":{"time_zone":"Mountain Time (US & Canada)","profile_link_color":"FF0000","protected":false,"default_profile":false,"created_at":"Wed Dec 09 19:25:37 +0000 2009","profile_image_url_https":"https:\/\/si0.twimg.com\/profile_images\/1454302200\/GJTwitter_normal.png","name":"Gov. Gary Johnson","geo_enabled":false,"favourites_count":0,"profile_background_color":"5f94bc","default_profile_image":false,"notifications":null,"profile_background_tile":true,"utc_offset":-25200,"description":"2012 Presidential Candidate and two-term Governor of New Mexico","statuses_count":1527,"following":null,"verified":true,"profile_sidebar_fill_color":"7AC3EE","followers_count":14913,"profile_image_url":"http:\/\/a3.twimg.com\/profile_images\/1454302200\/GJTwitter_normal.png","follow_request_sent":null,"profile_sidebar_border_color":"65B0DA","location":"New Mexico","is_translator":false,"contributors_enabled":false,"screen_name":"GovGaryJohnson","profile_use_background_image":true,"url":"http:\/\/www.GaryJohnson2012.com","id_str":"95713333","show_all_inline_media":false,"profile_background_image_url_https":"https:\/\/si0.twimg.com\/profile_background_images\/312549531\/GJtwitterbg.jpg","profile_text_color":"3D1957","id":95713333,"listed_count":916,"lang":"en","profile_background_image_url":"http:\/\/a0.twimg.com\/profile_background_images\/312549531\/GJtwitterbg.jpg","friends_count":219},"contributors":null,"in_reply_to_status_id":null,"source":"<a href=\"http:\/\/www.tweetdeck.com\" rel=\"nofollow\">TweetDeck<\/a>","id_str":"113408952913502208","geo":null,"favorited":false,"id":113408952913502208,"coordinates":null,"in_reply_to_user_id":null,"truncated":false,"text":"We must balance the budget. I am promising to submit a balanced budget in 2013 and veto spending that exceeds revenue.","name":"GovGaryJohnson","boldText":"We must balance the budget. I am promising to submit a balanced budget in 2013 and veto <B>spending<\/B> that exceeds revenue."},{"place":null,"retweet_count":11,"in_reply_to_screen_name":null,"created_at":"Tue Sep 13 00:16:34 +0000 2011","retweeted":false,"in_reply_to_status_id_str":null,"in_reply_to_user_id_str":null,"user":{"time_zone":"Mountain Time (US & Canada)","profile_link_color":"FF0000","protected":false,"default_profile":false,"created_at":"Wed Dec 09 19:25:37 +0000 2009","profile_image_url_https":"https:\/\/si0.twimg.com\/profile_images\/1454302200\/GJTwitter_normal.png","name":"Gov. Gary Johnson","geo_enabled":false,"favourites_count":0,"profile_background_color":"5f94bc","default_profile_image":false,"notifications":null,"profile_background_tile":true,"utc_offset":-25200,"description":"2012 Presidential Candidate and two-term Governor of New Mexico","statuses_count":1527,"following":null,"verified":true,"profile_sidebar_fill_color":"7AC3EE","followers_count":14913,"profile_image_url":"http:\/\/a3.twimg.com\/profile_images\/1454302200\/GJTwitter_normal.png","follow_request_sent":null,"profile_sidebar_border_color":"65B0DA","location":"New Mexico","is_translator":false,"contributors_enabled":false,"screen_name":"GovGaryJohnson","profile_use_background_image":true,"url":"http:\/\/www.GaryJohnson2012.com","id_str":"95713333","show_all_inline_media":false,"profile_background_image_url_https":"https:\/\/si0.twimg.com\/profile_background_images\/312549531\/GJtwitterbg.jpg","profile_text_color":"3D1957","id":95713333,"listed_count":916,"lang":"en","profile_background_image_url":"http:\/\/a0.twimg.com\/profile_background_images\/312549531\/GJtwitterbg.jpg","friends_count":219},"contributors":null,"in_reply_to_status_id":null,"source":"<a href=\"http:\/\/www.tweetdeck.com\" rel=\"nofollow\">TweetDeck<\/a>","id_str":"113405676650364929","geo":null,"favorited":false,"id":113405676650364929,"coordinates":null,"in_reply_to_user_id":null,"truncated":false,"text":"Reform SS, no cuts, Medicare must be cut by 43 percent and given to the states to deliver or we will be left with nothing","name":"GovGaryJohnson","boldText":"Reform SS, no <B>cut<\/B>s, Medicare must be <B>cut<\/B> by 43 percent and given to the states to deliver or we will be left with nothing"},{"place":null,"retweet_count":8,"in_reply_to_screen_name":null,"created_at":"Tue Sep 13 00:09:55 +0000 2011","retweeted":false,"in_reply_to_status_id_str":null,"in_reply_to_user_id_str":null,"user":{"time_zone":"Mountain Time (US & Canada)","profile_link_color":"FF0000","protected":false,"default_profile":false,"created_at":"Wed Dec 09 19:25:37 +0000 2009","profile_image_url_https":"https:\/\/si0.twimg.com\/profile_images\/1454302200\/GJTwitter_normal.png","name":"Gov. Gary Johnson","geo_enabled":false,"favourites_count":0,"profile_background_color":"5f94bc","default_profile_image":false,"notifications":null,"profile_background_tile":true,"utc_offset":-25200,"description":"2012 Presidential Candidate and two-term Governor of New Mexico","statuses_count":1527,"following":null,"verified":true,"profile_sidebar_fill_color":"7AC3EE","followers_count":14913,"profile_image_url":"http:\/\/a3.twimg.com\/profile_images\/1454302200\/GJTwitter_normal.png","follow_request_sent":null,"profile_sidebar_border_color":"65B0DA","location":"New Mexico","is_translator":false,"contributors_enabled":false,"screen_name":"GovGaryJohnson","profile_use_background_image":true,"url":"http:\/\/www.GaryJohnson2012.com","id_str":"95713333","show_all_inline_media":false,"profile_background_image_url_https":"https:\/\/si0.twimg.com\/profile_background_images\/312549531\/GJtwitterbg.jpg","profile_text_color":"3D1957","id":95713333,"listed_count":916,"lang":"en","profile_background_image_url":"http:\/\/a0.twimg.com\/profile_background_images\/312549531\/GJtwitterbg.jpg","friends_count":219},"contributors":null,"in_reply_to_status_id":null,"source":"<a href=\"http:\/\/www.tweetdeck.com\" rel=\"nofollow\">TweetDeck<\/a>","id_str":"113404000862351360","geo":null,"favorited":false,"id":113404000862351360,"coordinates":null,"in_reply_to_user_id":null,"truncated":false,"text":"The fair tax is not a cut but it is fair","name":"GovGaryJohnson","boldText":"The fair tax is not a <B>cut<\/B> but it is fair"},{"possibly_sensitive":false,"place":null,"retweet_count":14,"in_reply_to_screen_name":null,"created_at":"Fri Sep 09 20:34:51 +0000 2011","retweeted":false,"in_reply_to_status_id_str":null,"in_reply_to_user_id_str":null,"user":{"time_zone":"Mountain Time (US & Canada)","profile_link_color":"FF0000","protected":false,"default_profile":false,"created_at":"Wed Dec 09 19:25:37 +0000 2009","profile_image_url_https":"https:\/\/si0.twimg.com\/profile_images\/1454302200\/GJTwitter_normal.png","name":"Gov. Gary Johnson","geo_enabled":false,"favourites_count":0,"profile_background_color":"5f94bc","default_profile_image":false,"notifications":null,"profile_background_tile":true,"utc_offset":-25200,"description":"2012 Presidential Candidate and two-term Governor of New Mexico","statuses_count":1527,"following":null,"verified":true,"profile_sidebar_fill_color":"7AC3EE","followers_count":14913,"profile_image_url":"http:\/\/a3.twimg.com\/profile_images\/1454302200\/GJTwitter_normal.png","follow_request_sent":null,"profile_sidebar_border_color":"65B0DA","location":"New Mexico","is_translator":false,"contributors_enabled":false,"screen_name":"GovGaryJohnson","profile_use_background_image":true,"url":"http:\/\/www.GaryJohnson2012.com","id_str":"95713333","show_all_inline_media":false,"profile_background_image_url_https":"https:\/\/si0.twimg.com\/profile_background_images\/312549531\/GJtwitterbg.jpg","profile_text_color":"3D1957","id":95713333,"listed_count":916,"lang":"en","profile_background_image_url":"http:\/\/a0.twimg.com\/profile_background_images\/312549531\/GJtwitterbg.jpg","friends_count":219},"contributors":null,"in_reply_to_status_id":null,"source":"web","id_str":"112262713547292672","geo":null,"favorited":false,"id":112262713547292672,"coordinates":null,"in_reply_to_user_id":null,"truncated":false,"text":"Interesting article by Ben Johnson on my plan to cut military spending by 43%: http:\/\/t.co\/MGYKi4N","name":"GovGaryJohnson","boldText":"Interesting article by Ben Johnson on my plan to <B>cut<\/B> military <B>spending<\/B> by 43%: http:\/\/t.co\/MGYKi4N"}]