[{"place":null,"retweet_count":14,"in_reply_to_screen_name":null,"created_at":"Wed Oct 12 01:31:12 +0000 2011","retweeted":false,"in_reply_to_status_id_str":null,"in_reply_to_user_id_str":null,"user":{"time_zone":"Mountain Time (US & Canada)","profile_link_color":"FF0000","protected":false,"default_profile":false,"created_at":"Wed Dec 09 19:25:37 +0000 2009","profile_image_url_https":"https:\/\/si0.twimg.com\/profile_images\/1454302200\/GJTwitter_normal.png","name":"Gov. Gary Johnson","geo_enabled":false,"favourites_count":0,"profile_background_color":"5f94bc","default_profile_image":false,"notifications":null,"profile_background_tile":true,"utc_offset":-25200,"description":"2012 Presidential Candidate and two-term Governor of New Mexico","statuses_count":1527,"following":null,"verified":true,"profile_sidebar_fill_color":"7AC3EE","followers_count":14913,"profile_image_url":"http:\/\/a3.twimg.com\/profile_images\/1454302200\/GJTwitter_normal.png","follow_request_sent":null,"profile_sidebar_border_color":"65B0DA","location":"New Mexico","is_translator":false,"contributors_enabled":false,"screen_name":"GovGaryJohnson","profile_use_background_image":true,"url":"http:\/\/www.GaryJohnson2012.com","id_str":"95713333","show_all_inline_media":false,"profile_background_image_url_https":"https:\/\/si0.twimg.com\/profile_background_images\/312549531\/GJtwitterbg.jpg","profile_text_color":"3D1957","id":95713333,"listed_count":916,"lang":"en","profile_background_image_url":"http:\/\/a0.twimg.com\/profile_background_images\/312549531\/GJtwitterbg.jpg","friends_count":219},"contributors":null,"in_reply_to_status_id":null,"source":"<a href=\"http:\/\/www.tweetdeck.com\" rel=\"nofollow\">TweetDeck<\/a>","id_str":"123933706950942721","geo":null,"favorited":false,"id":123933706950942721,"coordinates":null,"in_reply_to_user_id":null,"truncated":false,"text":"#econdebate Fed gov't needs to block grant the states 43% less $ for Medicaid and give them complete flexibility on healthcare to the poor.","name":"GovGaryJohnson","boldText":"#econdebate Fed gov't needs to block grant the states 43% less $ for <B>Medicaid<\/B> and give them complete flexibility on <B>healthcare<\/B> to the poor."},{"possibly_sensitive":false,"place":null,"retweet_count":50,"in_reply_to_screen_name":null,"created_at":"Fri Oct 07 16:38:40 +0000 2011","retweeted":false,"in_reply_to_status_id_str":null,"in_reply_to_user_id_str":null,"user":{"time_zone":"Mountain Time (US & Canada)","profile_link_color":"FF0000","protected":false,"default_profile":false,"created_at":"Wed Dec 09 19:25:37 +0000 2009","profile_image_url_https":"https:\/\/si0.twimg.com\/profile_images\/1454302200\/GJTwitter_normal.png","name":"Gov. Gary Johnson","geo_enabled":false,"favourites_count":0,"profile_background_color":"5f94bc","default_profile_image":false,"notifications":null,"profile_background_tile":true,"utc_offset":-25200,"description":"2012 Presidential Candidate and two-term Governor of New Mexico","statuses_count":1527,"following":null,"verified":true,"profile_sidebar_fill_color":"7AC3EE","followers_count":14913,"profile_image_url":"http:\/\/a3.twimg.com\/profile_images\/1454302200\/GJTwitter_normal.png","follow_request_sent":null,"profile_sidebar_border_color":"65B0DA","location":"New Mexico","is_translator":false,"contributors_enabled":false,"screen_name":"GovGaryJohnson","profile_use_background_image":true,"url":"http:\/\/www.GaryJohnson2012.com","id_str":"95713333","show_all_inline_media":false,"profile_background_image_url_https":"https:\/\/si0.twimg.com\/profile_background_images\/312549531\/GJtwitterbg.jpg","profile_text_color":"3D1957","id":95713333,"listed_count":916,"lang":"en","profile_background_image_url":"http:\/\/a0.twimg.com\/profile_background_images\/312549531\/GJtwitterbg.jpg","friends_count":219},"contributors":null,"in_reply_to_status_id":null,"source":"web","id_str":"122350137719799809","geo":null,"favorited":false,"id":122350137719799809,"coordinates":null,"in_reply_to_user_id":null,"truncated":false,"text":"Gary Johnson On Fed Crackdown On Medical Marijuana Dispensaries -- 'DOJ Has Better Things To Do': http:\/\/t.co\/S67YvvOH","name":"GovGaryJohnson","boldText":"Gary Johnson On Fed Crackdown On <B>Medical<\/B> Marijuana Dispensaries -- 'DOJ Has Better Things To Do': http:\/\/t.co\/S67YvvOH"},{"place":null,"retweet_count":20,"in_reply_to_screen_name":null,"created_at":"Fri Sep 23 02:03:25 +0000 2011","retweeted":false,"in_reply_to_status_id_str":null,"in_reply_to_user_id_str":null,"user":{"time_zone":"Mountain Time (US & Canada)","profile_link_color":"FF0000","protected":false,"default_profile":false,"created_at":"Wed Dec 09 19:25:37 +0000 2009","profile_image_url_https":"https:\/\/si0.twimg.com\/profile_images\/1454302200\/GJTwitter_normal.png","name":"Gov. Gary Johnson","geo_enabled":false,"favourites_count":0,"profile_background_color":"5f94bc","default_profile_image":false,"notifications":null,"profile_background_tile":true,"utc_offset":-25200,"description":"2012 Presidential Candidate and two-term Governor of New Mexico","statuses_count":1527,"following":null,"verified":true,"profile_sidebar_fill_color":"7AC3EE","followers_count":14913,"profile_image_url":"http:\/\/a3.twimg.com\/profile_images\/1454302200\/GJTwitter_normal.png","follow_request_sent":null,"profile_sidebar_border_color":"65B0DA","location":"New Mexico","is_translator":false,"contributors_enabled":false,"screen_name":"GovGaryJohnson","profile_use_background_image":true,"url":"http:\/\/www.GaryJohnson2012.com","id_str":"95713333","show_all_inline_media":false,"profile_background_image_url_https":"https:\/\/si0.twimg.com\/profile_background_images\/312549531\/GJtwitterbg.jpg","profile_text_color":"3D1957","id":95713333,"listed_count":916,"lang":"en","profile_background_image_url":"http:\/\/a0.twimg.com\/profile_background_images\/312549531\/GJtwitterbg.jpg","friends_count":219},"contributors":null,"in_reply_to_status_id":null,"source":"web","id_str":"117056444771209216","geo":null,"favorited":false,"id":117056444771209216,"coordinates":null,"in_reply_to_user_id":null,"truncated":false,"text":"Gov J: only candidate advocating balanced budget in year 2013. DC needs to tackle big issues: Medicaid, Medicare, SS and defense. #gopdebate","name":"GovGaryJohnson","boldText":"Gov J: only candidate advocating balanced budget in year 2013. DC needs to tackle big issues: <B>Medicaid<\/B>, <B><B>Medicare<\/B><\/B>, SS and defense. #gopdebate"},{"place":null,"retweet_count":5,"in_reply_to_screen_name":null,"created_at":"Tue Sep 13 01:04:23 +0000 2011","retweeted":false,"in_reply_to_status_id_str":null,"in_reply_to_user_id_str":null,"user":{"time_zone":"Mountain Time (US & Canada)","profile_link_color":"FF0000","protected":false,"default_profile":false,"created_at":"Wed Dec 09 19:25:37 +0000 2009","profile_image_url_https":"https:\/\/si0.twimg.com\/profile_images\/1454302200\/GJTwitter_normal.png","name":"Gov. Gary Johnson","geo_enabled":false,"favourites_count":0,"profile_background_color":"5f94bc","default_profile_image":false,"notifications":null,"profile_background_tile":true,"utc_offset":-25200,"description":"2012 Presidential Candidate and two-term Governor of New Mexico","statuses_count":1527,"following":null,"verified":true,"profile_sidebar_fill_color":"7AC3EE","followers_count":14913,"profile_image_url":"http:\/\/a3.twimg.com\/profile_images\/1454302200\/GJTwitter_normal.png","follow_request_sent":null,"profile_sidebar_border_color":"65B0DA","location":"New Mexico","is_translator":false,"contributors_enabled":false,"screen_name":"GovGaryJohnson","profile_use_background_image":true,"url":"http:\/\/www.GaryJohnson2012.com","id_str":"95713333","show_all_inline_media":false,"profile_background_image_url_https":"https:\/\/si0.twimg.com\/profile_background_images\/312549531\/GJtwitterbg.jpg","profile_text_color":"3D1957","id":95713333,"listed_count":916,"lang":"en","profile_background_image_url":"http:\/\/a0.twimg.com\/profile_background_images\/312549531\/GJtwitterbg.jpg","friends_count":219},"contributors":null,"in_reply_to_status_id":null,"source":"<a href=\"http:\/\/www.tweetdeck.com\" rel=\"nofollow\">TweetDeck<\/a>","id_str":"113417710150483968","geo":null,"favorited":false,"id":113417710150483968,"coordinates":null,"in_reply_to_user_id":null,"truncated":false,"text":"Oil and gas is NM biggest industry. The only breaks oil and gas gets benefits everyone by generating more state and federal revenue","name":"GovGaryJohnson","boldText":"Oil and gas is NM biggest industry. The only breaks oil and gas gets <B>benefits<\/B> everyone by generating more state and federal revenue"},{"place":null,"retweet_count":26,"in_reply_to_screen_name":null,"created_at":"Tue Sep 13 00:49:17 +0000 2011","retweeted":false,"in_reply_to_status_id_str":null,"in_reply_to_user_id_str":null,"user":{"time_zone":"Mountain Time (US & Canada)","profile_link_color":"FF0000","protected":false,"default_profile":false,"created_at":"Wed Dec 09 19:25:37 +0000 2009","profile_image_url_https":"https:\/\/si0.twimg.com\/profile_images\/1454302200\/GJTwitter_normal.png","name":"Gov. Gary Johnson","geo_enabled":false,"favourites_count":0,"profile_background_color":"5f94bc","default_profile_image":false,"notifications":null,"profile_background_tile":true,"utc_offset":-25200,"description":"2012 Presidential Candidate and two-term Governor of New Mexico","statuses_count":1527,"following":null,"verified":true,"profile_sidebar_fill_color":"7AC3EE","followers_count":14913,"profile_image_url":"http:\/\/a3.twimg.com\/profile_images\/1454302200\/GJTwitter_normal.png","follow_request_sent":null,"profile_sidebar_border_color":"65B0DA","location":"New Mexico","is_translator":false,"contributors_enabled":false,"screen_name":"GovGaryJohnson","profile_use_background_image":true,"url":"http:\/\/www.GaryJohnson2012.com","id_str":"95713333","show_all_inline_media":false,"profile_background_image_url_https":"https:\/\/si0.twimg.com\/profile_background_images\/312549531\/GJtwitterbg.jpg","profile_text_color":"3D1957","id":95713333,"listed_count":916,"lang":"en","profile_background_image_url":"http:\/\/a0.twimg.com\/profile_background_images\/312549531\/GJtwitterbg.jpg","friends_count":219},"contributors":null,"in_reply_to_status_id":null,"source":"<a href=\"http:\/\/www.tweetdeck.com\" rel=\"nofollow\">TweetDeck<\/a>","id_str":"113413907326042113","geo":null,"favorited":false,"id":113413907326042113,"coordinates":null,"in_reply_to_user_id":null,"truncated":false,"text":"Fair tax- no income tax, IRS, no corporate tax, no federal withholdings for SS, Medicare, unemployment","name":"GovGaryJohnson","boldText":"Fair tax- no income tax, IRS, no corporate tax, no federal withholdings for SS, <B>Medicare<\/B>, unemployment"},{"place":null,"retweet_count":11,"in_reply_to_screen_name":null,"created_at":"Tue Sep 13 00:16:34 +0000 2011","retweeted":false,"in_reply_to_status_id_str":null,"in_reply_to_user_id_str":null,"user":{"time_zone":"Mountain Time (US & Canada)","profile_link_color":"FF0000","protected":false,"default_profile":false,"created_at":"Wed Dec 09 19:25:37 +0000 2009","profile_image_url_https":"https:\/\/si0.twimg.com\/profile_images\/1454302200\/GJTwitter_normal.png","name":"Gov. Gary Johnson","geo_enabled":false,"favourites_count":0,"profile_background_color":"5f94bc","default_profile_image":false,"notifications":null,"profile_background_tile":true,"utc_offset":-25200,"description":"2012 Presidential Candidate and two-term Governor of New Mexico","statuses_count":1527,"following":null,"verified":true,"profile_sidebar_fill_color":"7AC3EE","followers_count":14913,"profile_image_url":"http:\/\/a3.twimg.com\/profile_images\/1454302200\/GJTwitter_normal.png","follow_request_sent":null,"profile_sidebar_border_color":"65B0DA","location":"New Mexico","is_translator":false,"contributors_enabled":false,"screen_name":"GovGaryJohnson","profile_use_background_image":true,"url":"http:\/\/www.GaryJohnson2012.com","id_str":"95713333","show_all_inline_media":false,"profile_background_image_url_https":"https:\/\/si0.twimg.com\/profile_background_images\/312549531\/GJtwitterbg.jpg","profile_text_color":"3D1957","id":95713333,"listed_count":916,"lang":"en","profile_background_image_url":"http:\/\/a0.twimg.com\/profile_background_images\/312549531\/GJtwitterbg.jpg","friends_count":219},"contributors":null,"in_reply_to_status_id":null,"source":"<a href=\"http:\/\/www.tweetdeck.com\" rel=\"nofollow\">TweetDeck<\/a>","id_str":"113405676650364929","geo":null,"favorited":false,"id":113405676650364929,"coordinates":null,"in_reply_to_user_id":null,"truncated":false,"text":"Reform SS, no cuts, Medicare must be cut by 43 percent and given to the states to deliver or we will be left with nothing","name":"GovGaryJohnson","boldText":"Reform SS, no cuts, <B>Medicare<\/B> must be cut by 43 percent and given to the states to deliver or we will be left with nothing"}]