[{"possibly_sensitive":false,"place":null,"retweet_count":28,"in_reply_to_screen_name":null,"created_at":"Fri Oct 28 16:10:51 +0000 2011","retweeted":false,"in_reply_to_status_id_str":null,"in_reply_to_user_id_str":null,"user":{"time_zone":"Mountain Time (US & Canada)","profile_link_color":"FF0000","protected":false,"default_profile":false,"created_at":"Wed Dec 09 19:25:37 +0000 2009","profile_image_url_https":"https:\/\/si0.twimg.com\/profile_images\/1454302200\/GJTwitter_normal.png","name":"Gov. Gary Johnson","geo_enabled":false,"favourites_count":0,"profile_background_color":"5f94bc","default_profile_image":false,"notifications":null,"profile_background_tile":true,"utc_offset":-25200,"description":"2012 Presidential Candidate and two-term Governor of New Mexico","statuses_count":1527,"following":null,"verified":true,"profile_sidebar_fill_color":"7AC3EE","followers_count":14913,"profile_image_url":"http:\/\/a3.twimg.com\/profile_images\/1454302200\/GJTwitter_normal.png","follow_request_sent":null,"profile_sidebar_border_color":"65B0DA","location":"New Mexico","is_translator":false,"contributors_enabled":false,"screen_name":"GovGaryJohnson","profile_use_background_image":true,"url":"http:\/\/www.GaryJohnson2012.com","id_str":"95713333","show_all_inline_media":false,"profile_background_image_url_https":"https:\/\/si0.twimg.com\/profile_background_images\/312549531\/GJtwitterbg.jpg","profile_text_color":"3D1957","id":95713333,"listed_count":916,"lang":"en","profile_background_image_url":"http:\/\/a0.twimg.com\/profile_background_images\/312549531\/GJtwitterbg.jpg","friends_count":219},"contributors":null,"in_reply_to_status_id":null,"source":"web","id_str":"129953280414593025","geo":null,"favorited":false,"id":129953280414593025,"coordinates":null,"in_reply_to_user_id":null,"truncated":false,"text":"Presidential Candidate Gary Johnson Files For New Hampshire Primary: http:\/\/t.co\/Zi1qn17o #GJ2012 #FITN","name":"GovGaryJohnson","boldText":"P<B>resident<\/B>ial Candidate Gary Johnson Files For New Hampshire Primary: http:\/\/t.co\/Zi1qn17o #GJ2012 #FITN"},{"possibly_sensitive":false,"place":null,"retweet_count":41,"in_reply_to_screen_name":null,"created_at":"Fri Oct 21 17:22:27 +0000 2011","retweeted":false,"in_reply_to_status_id_str":null,"in_reply_to_user_id_str":null,"user":{"default_profile":false,"time_zone":"Mountain Time (US & Canada)","profile_link_color":"FF0000","protected":false,"created_at":"Wed Dec 09 19:25:37 +0000 2009","profile_image_url_https":"https:\/\/si0.twimg.com\/profile_images\/1454302200\/GJTwitter_normal.png","name":"Gov. Gary Johnson","geo_enabled":false,"favourites_count":0,"profile_background_color":"5f94bc","default_profile_image":false,"notifications":null,"profile_background_tile":true,"utc_offset":-25200,"description":"2012 Presidential Candidate and two-term Governor of New Mexico","statuses_count":1526,"following":null,"verified":true,"profile_sidebar_fill_color":"7AC3EE","followers_count":14911,"profile_image_url":"http:\/\/a3.twimg.com\/profile_images\/1454302200\/GJTwitter_normal.png","follow_request_sent":null,"profile_sidebar_border_color":"65B0DA","location":"New Mexico","is_translator":false,"contributors_enabled":false,"screen_name":"GovGaryJohnson","profile_use_background_image":true,"url":"http:\/\/www.GaryJohnson2012.com","id_str":"95713333","show_all_inline_media":false,"profile_background_image_url_https":"https:\/\/si0.twimg.com\/profile_background_images\/312549531\/GJtwitterbg.jpg","profile_text_color":"3D1957","id":95713333,"listed_count":916,"lang":"en","profile_background_image_url":"http:\/\/a0.twimg.com\/profile_background_images\/312549531\/GJtwitterbg.jpg","friends_count":219},"contributors":null,"in_reply_to_status_id":null,"source":"web","id_str":"127434586341904384","geo":null,"favorited":false,"id":127434586341904384,"coordinates":null,"in_reply_to_user_id":null,"truncated":false,"text":"Read my letter to RNC chairman @ReincePriebus on not letting the news media pre-select the presidential field: http:\/\/t.co\/pwTcVlWj","name":"GovGaryJohnson","boldText":"Read my letter to RNC chairman @ReincePriebus on not letting the news media pre-select the p<B>resident<\/B>ial field: http:\/\/t.co\/pwTcVlWj"},{"place":null,"retweet_count":"100+","in_reply_to_screen_name":null,"created_at":"Wed Oct 19 00:48:26 +0000 2011","retweeted":false,"in_reply_to_status_id_str":null,"in_reply_to_user_id_str":null,"user":{"time_zone":"Mountain Time (US & Canada)","profile_link_color":"FF0000","protected":false,"default_profile":false,"created_at":"Wed Dec 09 19:25:37 +0000 2009","profile_image_url_https":"https:\/\/si0.twimg.com\/profile_images\/1454302200\/GJTwitter_normal.png","name":"Gov. Gary Johnson","geo_enabled":false,"favourites_count":0,"profile_background_color":"5f94bc","default_profile_image":false,"notifications":null,"profile_background_tile":true,"utc_offset":-25200,"description":"2012 Presidential Candidate and two-term Governor of New Mexico","statuses_count":1527,"following":null,"verified":true,"profile_sidebar_fill_color":"7AC3EE","followers_count":14913,"profile_image_url":"http:\/\/a3.twimg.com\/profile_images\/1454302200\/GJTwitter_normal.png","follow_request_sent":null,"profile_sidebar_border_color":"65B0DA","location":"New Mexico","is_translator":false,"contributors_enabled":false,"screen_name":"GovGaryJohnson","profile_use_background_image":true,"url":"http:\/\/www.GaryJohnson2012.com","id_str":"95713333","show_all_inline_media":false,"profile_background_image_url_https":"https:\/\/si0.twimg.com\/profile_background_images\/312549531\/GJtwitterbg.jpg","profile_text_color":"3D1957","id":95713333,"listed_count":916,"lang":"en","profile_background_image_url":"http:\/\/a0.twimg.com\/profile_background_images\/312549531\/GJtwitterbg.jpg","friends_count":219},"contributors":null,"in_reply_to_status_id":null,"source":"web","id_str":"126459657844817920","geo":null,"favorited":false,"id":126459657844817920,"coordinates":null,"in_reply_to_user_id":null,"truncated":false,"text":"A longer, higher fence -- electric or not -- does not constitute a rational immigration policy. #CNNdebate","name":"GovGaryJohnson","boldText":"A longer, higher <B>fence<\/B> -- electric or not -- does not constitute a rational <B>immigration<\/B> policy. #CNNdebate"},{"place":null,"retweet_count":57,"in_reply_to_screen_name":null,"created_at":"Wed Oct 12 01:51:16 +0000 2011","retweeted":false,"in_reply_to_status_id_str":null,"in_reply_to_user_id_str":null,"user":{"time_zone":"Mountain Time (US & Canada)","profile_link_color":"FF0000","protected":false,"default_profile":false,"created_at":"Wed Dec 09 19:25:37 +0000 2009","profile_image_url_https":"https:\/\/si0.twimg.com\/profile_images\/1454302200\/GJTwitter_normal.png","name":"Gov. Gary Johnson","geo_enabled":false,"favourites_count":0,"profile_background_color":"5f94bc","default_profile_image":false,"notifications":false,"profile_background_tile":true,"utc_offset":-25200,"description":"2012 Presidential Candidate and two-term Governor of New Mexico","statuses_count":1527,"following":false,"verified":true,"profile_sidebar_fill_color":"7AC3EE","followers_count":14912,"profile_image_url":"http:\/\/a3.twimg.com\/profile_images\/1454302200\/GJTwitter_normal.png","follow_request_sent":false,"profile_sidebar_border_color":"65B0DA","location":"New Mexico","is_translator":false,"contributors_enabled":false,"screen_name":"GovGaryJohnson","profile_use_background_image":true,"url":"http:\/\/www.GaryJohnson2012.com","id_str":"95713333","show_all_inline_media":false,"profile_background_image_url_https":"https:\/\/si0.twimg.com\/profile_background_images\/312549531\/GJtwitterbg.jpg","profile_text_color":"3D1957","id":95713333,"listed_count":916,"lang":"en","profile_background_image_url":"http:\/\/a0.twimg.com\/profile_background_images\/312549531\/GJtwitterbg.jpg","friends_count":219},"contributors":null,"in_reply_to_status_id":null,"source":"<a href=\"http:\/\/www.tweetdeck.com\" rel=\"nofollow\">TweetDeck<\/a>","id_str":"123938754913247233","geo":null,"favorited":false,"id":123938754913247233,"coordinates":null,"in_reply_to_user_id":null,"truncated":false,"text":"#econdebate Being President of the United States is a lousy job. It's time somebody does it.","name":"GovGaryJohnson","boldText":"#econdebate Being P<B>resident<\/B> of the United States is a lousy job. It's time somebody does it."},{"possibly_sensitive":false,"place":null,"retweet_count":17,"in_reply_to_screen_name":null,"created_at":"Fri Sep 23 03:25:49 +0000 2011","retweeted":false,"in_reply_to_status_id_str":null,"in_reply_to_user_id_str":null,"user":{"time_zone":"Mountain Time (US & Canada)","profile_link_color":"FF0000","protected":false,"default_profile":false,"created_at":"Wed Dec 09 19:25:37 +0000 2009","profile_image_url_https":"https:\/\/si0.twimg.com\/profile_images\/1454302200\/GJTwitter_normal.png","name":"Gov. Gary Johnson","geo_enabled":false,"favourites_count":0,"profile_background_color":"5f94bc","default_profile_image":false,"notifications":null,"profile_background_tile":true,"utc_offset":-25200,"description":"2012 Presidential Candidate and two-term Governor of New Mexico","statuses_count":1527,"following":null,"verified":true,"profile_sidebar_fill_color":"7AC3EE","followers_count":14913,"profile_image_url":"http:\/\/a3.twimg.com\/profile_images\/1454302200\/GJTwitter_normal.png","follow_request_sent":null,"profile_sidebar_border_color":"65B0DA","location":"New Mexico","is_translator":false,"contributors_enabled":false,"screen_name":"GovGaryJohnson","profile_use_background_image":true,"url":"http:\/\/www.GaryJohnson2012.com","id_str":"95713333","show_all_inline_media":false,"profile_background_image_url_https":"https:\/\/si0.twimg.com\/profile_background_images\/312549531\/GJtwitterbg.jpg","profile_text_color":"3D1957","id":95713333,"listed_count":916,"lang":"en","profile_background_image_url":"http:\/\/a0.twimg.com\/profile_background_images\/312549531\/GJtwitterbg.jpg","friends_count":219},"contributors":null,"in_reply_to_status_id":null,"source":"web","id_str":"117077180428713984","geo":null,"favorited":false,"id":117077180428713984,"coordinates":null,"in_reply_to_user_id":null,"truncated":false,"text":"Gary Johnson Sets Himself Apart in the Presidential Field: http:\/\/t.co\/qFmYMVFw","name":"GovGaryJohnson","boldText":"Gary Johnson Sets Himself Apart in the P<B>resident<\/B>ial Field: http:\/\/t.co\/qFmYMVFw"},{"place":null,"retweet_count":26,"in_reply_to_screen_name":null,"created_at":"Fri Sep 23 02:13:23 +0000 2011","retweeted":false,"in_reply_to_status_id_str":null,"in_reply_to_user_id_str":null,"user":{"time_zone":"Mountain Time (US & Canada)","profile_link_color":"FF0000","protected":false,"default_profile":false,"created_at":"Wed Dec 09 19:25:37 +0000 2009","profile_image_url_https":"https:\/\/si0.twimg.com\/profile_images\/1454302200\/GJTwitter_normal.png","name":"Gov. Gary Johnson","geo_enabled":false,"favourites_count":0,"profile_background_color":"5f94bc","default_profile_image":false,"notifications":null,"profile_background_tile":true,"utc_offset":-25200,"description":"2012 Presidential Candidate and two-term Governor of New Mexico","statuses_count":1527,"following":null,"verified":true,"profile_sidebar_fill_color":"7AC3EE","followers_count":14913,"profile_image_url":"http:\/\/a3.twimg.com\/profile_images\/1454302200\/GJTwitter_normal.png","follow_request_sent":null,"profile_sidebar_border_color":"65B0DA","location":"New Mexico","is_translator":false,"contributors_enabled":false,"screen_name":"GovGaryJohnson","profile_use_background_image":true,"url":"http:\/\/www.GaryJohnson2012.com","id_str":"95713333","show_all_inline_media":false,"profile_background_image_url_https":"https:\/\/si0.twimg.com\/profile_background_images\/312549531\/GJtwitterbg.jpg","profile_text_color":"3D1957","id":95713333,"listed_count":916,"lang":"en","profile_background_image_url":"http:\/\/a0.twimg.com\/profile_background_images\/312549531\/GJtwitterbg.jpg","friends_count":219},"contributors":null,"in_reply_to_status_id":null,"source":"web","id_str":"117058951245348865","geo":null,"favorited":false,"id":117058951245348865,"coordinates":null,"in_reply_to_user_id":null,"truncated":false,"text":"GJ's state also shares border w\/ Mex but his plan won't spend millions in taxpayer $$$ on big walls to solve illegal immigration #gopdebate","name":"GovGaryJohnson","boldText":"GJ's state also shares <B>border<\/B> w\/ Mex but his plan won't spend millions in taxpayer $$$ on big walls to solve illegal <B>immigration<\/B> #gopdebate"},{"place":null,"retweet_count":48,"in_reply_to_screen_name":null,"created_at":"Fri Sep 23 02:03:14 +0000 2011","retweeted":false,"in_reply_to_status_id_str":null,"in_reply_to_user_id_str":null,"user":{"time_zone":"Mountain Time (US & Canada)","profile_link_color":"FF0000","protected":false,"default_profile":false,"created_at":"Wed Dec 09 19:25:37 +0000 2009","profile_image_url_https":"https:\/\/si0.twimg.com\/profile_images\/1454302200\/GJTwitter_normal.png","name":"Gov. Gary Johnson","geo_enabled":false,"favourites_count":0,"profile_background_color":"5f94bc","default_profile_image":false,"notifications":null,"profile_background_tile":true,"utc_offset":-25200,"description":"2012 Presidential Candidate and two-term Governor of New Mexico","statuses_count":1527,"following":null,"verified":true,"profile_sidebar_fill_color":"7AC3EE","followers_count":14913,"profile_image_url":"http:\/\/a3.twimg.com\/profile_images\/1454302200\/GJTwitter_normal.png","follow_request_sent":null,"profile_sidebar_border_color":"65B0DA","location":"New Mexico","is_translator":false,"contributors_enabled":false,"screen_name":"GovGaryJohnson","profile_use_background_image":true,"url":"http:\/\/www.GaryJohnson2012.com","id_str":"95713333","show_all_inline_media":false,"profile_background_image_url_https":"https:\/\/si0.twimg.com\/profile_background_images\/312549531\/GJtwitterbg.jpg","profile_text_color":"3D1957","id":95713333,"listed_count":916,"lang":"en","profile_background_image_url":"http:\/\/a0.twimg.com\/profile_background_images\/312549531\/GJtwitterbg.jpg","friends_count":219},"contributors":null,"in_reply_to_status_id":null,"source":"web","id_str":"117056397228777472","geo":null,"favorited":false,"id":117056397228777472,"coordinates":null,"in_reply_to_user_id":null,"truncated":false,"text":"Interesting that the only 2 border state govs are opposed to wasting taxpayer money on an ineffective border fence. #gopdebate #tcot #tlot","name":"GovGaryJohnson","boldText":"Interesting that the only 2 <B>border<\/B> state govs are opposed to wasting taxpayer money on an ineffective <B>border<\/B> <B><B><B>fence<\/B><\/B><\/B>. #gopdebate #tcot #tlot"},{"place":null,"retweet_count":47,"in_reply_to_screen_name":null,"created_at":"Fri Sep 23 01:48:02 +0000 2011","retweeted":false,"in_reply_to_status_id_str":null,"in_reply_to_user_id_str":null,"user":{"time_zone":"Mountain Time (US & Canada)","profile_link_color":"FF0000","protected":false,"default_profile":false,"created_at":"Wed Dec 09 19:25:37 +0000 2009","profile_image_url_https":"https:\/\/si0.twimg.com\/profile_images\/1454302200\/GJTwitter_normal.png","name":"Gov. Gary Johnson","geo_enabled":false,"favourites_count":0,"profile_background_color":"5f94bc","default_profile_image":false,"notifications":null,"profile_background_tile":true,"utc_offset":-25200,"description":"2012 Presidential Candidate and two-term Governor of New Mexico","statuses_count":1527,"following":null,"verified":true,"profile_sidebar_fill_color":"7AC3EE","followers_count":14913,"profile_image_url":"http:\/\/a3.twimg.com\/profile_images\/1454302200\/GJTwitter_normal.png","follow_request_sent":null,"profile_sidebar_border_color":"65B0DA","location":"New Mexico","is_translator":false,"contributors_enabled":false,"screen_name":"GovGaryJohnson","profile_use_background_image":true,"url":"http:\/\/www.GaryJohnson2012.com","id_str":"95713333","show_all_inline_media":false,"profile_background_image_url_https":"https:\/\/si0.twimg.com\/profile_background_images\/312549531\/GJtwitterbg.jpg","profile_text_color":"3D1957","id":95713333,"listed_count":916,"lang":"en","profile_background_image_url":"http:\/\/a0.twimg.com\/profile_background_images\/312549531\/GJtwitterbg.jpg","friends_count":219},"contributors":null,"in_reply_to_status_id":null,"source":"web","id_str":"117052571901898752","geo":null,"favorited":false,"id":117052571901898752,"coordinates":null,"in_reply_to_user_id":null,"truncated":false,"text":"Immigration problem is solved by better documentation, not a wall. #gopdebate #tcot #tlot #immigration","name":"GovGaryJohnson","boldText":"Immigration problem is solved by better documentation, not a wall. #gopdebate #tcot #tlot #immigration"},{"place":null,"retweet_count":16,"in_reply_to_screen_name":null,"created_at":"Fri Sep 23 01:26:39 +0000 2011","retweeted":false,"in_reply_to_status_id_str":null,"in_reply_to_user_id_str":null,"user":{"time_zone":"Mountain Time (US & Canada)","profile_link_color":"FF0000","protected":false,"default_profile":false,"created_at":"Wed Dec 09 19:25:37 +0000 2009","profile_image_url_https":"https:\/\/si0.twimg.com\/profile_images\/1454302200\/GJTwitter_normal.png","name":"Gov. Gary Johnson","geo_enabled":false,"favourites_count":0,"profile_background_color":"5f94bc","default_profile_image":false,"notifications":null,"profile_background_tile":true,"utc_offset":-25200,"description":"2012 Presidential Candidate and two-term Governor of New Mexico","statuses_count":1527,"following":null,"verified":true,"profile_sidebar_fill_color":"7AC3EE","followers_count":14913,"profile_image_url":"http:\/\/a3.twimg.com\/profile_images\/1454302200\/GJTwitter_normal.png","follow_request_sent":null,"profile_sidebar_border_color":"65B0DA","location":"New Mexico","is_translator":false,"contributors_enabled":false,"screen_name":"GovGaryJohnson","profile_use_background_image":true,"url":"http:\/\/www.GaryJohnson2012.com","id_str":"95713333","show_all_inline_media":false,"profile_background_image_url_https":"https:\/\/si0.twimg.com\/profile_background_images\/312549531\/GJtwitterbg.jpg","profile_text_color":"3D1957","id":95713333,"listed_count":916,"lang":"en","profile_background_image_url":"http:\/\/a0.twimg.com\/profile_background_images\/312549531\/GJtwitterbg.jpg","friends_count":219},"contributors":null,"in_reply_to_status_id":null,"source":"web","id_str":"117047190626631680","geo":null,"favorited":false,"id":117047190626631680,"coordinates":null,"in_reply_to_user_id":null,"truncated":false,"text":"As President, Gov. Johnson promises to deliver a balanced budget to Congress by 2013 #gopdebate #tcot #tlot","name":"GovGaryJohnson","boldText":"As P<B>resident<\/B>, Gov. Johnson promises to deliver a balanced budget to Congress by 2013 #gopdebate #tcot #tlot"},{"possibly_sensitive":false,"place":null,"retweet_count":21,"in_reply_to_screen_name":null,"created_at":"Mon Sep 19 19:23:30 +0000 2011","retweeted":false,"in_reply_to_status_id_str":null,"in_reply_to_user_id_str":null,"user":{"time_zone":"Mountain Time (US & Canada)","profile_link_color":"FF0000","protected":false,"default_profile":false,"created_at":"Wed Dec 09 19:25:37 +0000 2009","profile_image_url_https":"https:\/\/si0.twimg.com\/profile_images\/1454302200\/GJTwitter_normal.png","name":"Gov. Gary Johnson","geo_enabled":false,"favourites_count":0,"profile_background_color":"5f94bc","default_profile_image":false,"notifications":null,"profile_background_tile":true,"utc_offset":-25200,"description":"2012 Presidential Candidate and two-term Governor of New Mexico","statuses_count":1527,"following":null,"verified":true,"profile_sidebar_fill_color":"7AC3EE","followers_count":14913,"profile_image_url":"http:\/\/a3.twimg.com\/profile_images\/1454302200\/GJTwitter_normal.png","follow_request_sent":null,"profile_sidebar_border_color":"65B0DA","location":"New Mexico","is_translator":false,"contributors_enabled":false,"screen_name":"GovGaryJohnson","profile_use_background_image":true,"url":"http:\/\/www.GaryJohnson2012.com","id_str":"95713333","show_all_inline_media":false,"profile_background_image_url_https":"https:\/\/si0.twimg.com\/profile_background_images\/312549531\/GJtwitterbg.jpg","profile_text_color":"3D1957","id":95713333,"listed_count":916,"lang":"en","profile_background_image_url":"http:\/\/a0.twimg.com\/profile_background_images\/312549531\/GJtwitterbg.jpg","friends_count":219},"contributors":null,"in_reply_to_status_id":null,"source":"web","id_str":"115868639281950721","geo":null,"favorited":false,"id":115868639281950721,"coordinates":null,"in_reply_to_user_id":null,"truncated":false,"text":"Gary Johnson on Republican Capitulation and his Presidential Bid: http:\/\/t.co\/y4CUA9Y9","name":"GovGaryJohnson","boldText":"Gary Johnson on Republican Capitulation and his P<B>resident<\/B>ial Bid: http:\/\/t.co\/y4CUA9Y9"},{"possibly_sensitive":false,"place":null,"retweet_count":21,"in_reply_to_screen_name":null,"created_at":"Mon Sep 19 16:19:22 +0000 2011","retweeted":false,"in_reply_to_status_id_str":null,"in_reply_to_user_id_str":null,"user":{"time_zone":"Mountain Time (US & Canada)","profile_link_color":"FF0000","protected":false,"default_profile":false,"created_at":"Wed Dec 09 19:25:37 +0000 2009","profile_image_url_https":"https:\/\/si0.twimg.com\/profile_images\/1454302200\/GJTwitter_normal.png","name":"Gov. Gary Johnson","geo_enabled":false,"favourites_count":0,"profile_background_color":"5f94bc","default_profile_image":false,"notifications":null,"profile_background_tile":true,"utc_offset":-25200,"description":"2012 Presidential Candidate and two-term Governor of New Mexico","statuses_count":1527,"following":null,"verified":true,"profile_sidebar_fill_color":"7AC3EE","followers_count":14913,"profile_image_url":"http:\/\/a3.twimg.com\/profile_images\/1454302200\/GJTwitter_normal.png","follow_request_sent":null,"profile_sidebar_border_color":"65B0DA","location":"New Mexico","is_translator":false,"contributors_enabled":false,"screen_name":"GovGaryJohnson","profile_use_background_image":true,"url":"http:\/\/www.GaryJohnson2012.com","id_str":"95713333","show_all_inline_media":false,"profile_background_image_url_https":"https:\/\/si0.twimg.com\/profile_background_images\/312549531\/GJtwitterbg.jpg","profile_text_color":"3D1957","id":95713333,"listed_count":916,"lang":"en","profile_background_image_url":"http:\/\/a0.twimg.com\/profile_background_images\/312549531\/GJtwitterbg.jpg","friends_count":219},"contributors":null,"in_reply_to_status_id":null,"source":"web","id_str":"115822297356570624","geo":null,"favorited":false,"id":115822297356570624,"coordinates":null,"in_reply_to_user_id":null,"truncated":false,"text":"President\u2019s plan is just a refusal to really cut spending: http:\/\/t.co\/Ec1lOSEe","name":"GovGaryJohnson","boldText":"P<B>resident<\/B>\u2019s plan is just a refusal to really cut spending: http:\/\/t.co\/Ec1lOSEe"},{"place":null,"retweet_count":43,"in_reply_to_screen_name":null,"created_at":"Tue Sep 13 01:48:57 +0000 2011","retweeted":false,"in_reply_to_status_id_str":null,"in_reply_to_user_id_str":null,"user":{"time_zone":"Mountain Time (US & Canada)","profile_link_color":"FF0000","protected":false,"default_profile":false,"created_at":"Wed Dec 09 19:25:37 +0000 2009","profile_image_url_https":"https:\/\/si0.twimg.com\/profile_images\/1454302200\/GJTwitter_normal.png","name":"Gov. Gary Johnson","geo_enabled":false,"favourites_count":0,"profile_background_color":"5f94bc","default_profile_image":false,"notifications":null,"profile_background_tile":true,"utc_offset":-25200,"description":"2012 Presidential Candidate and two-term Governor of New Mexico","statuses_count":1527,"following":null,"verified":true,"profile_sidebar_fill_color":"7AC3EE","followers_count":14913,"profile_image_url":"http:\/\/a3.twimg.com\/profile_images\/1454302200\/GJTwitter_normal.png","follow_request_sent":null,"profile_sidebar_border_color":"65B0DA","location":"New Mexico","is_translator":false,"contributors_enabled":false,"screen_name":"GovGaryJohnson","profile_use_background_image":true,"url":"http:\/\/www.GaryJohnson2012.com","id_str":"95713333","show_all_inline_media":false,"profile_background_image_url_https":"https:\/\/si0.twimg.com\/profile_background_images\/312549531\/GJtwitterbg.jpg","profile_text_color":"3D1957","id":95713333,"listed_count":916,"lang":"en","profile_background_image_url":"http:\/\/a0.twimg.com\/profile_background_images\/312549531\/GJtwitterbg.jpg","friends_count":219},"contributors":null,"in_reply_to_status_id":null,"source":"<a href=\"http:\/\/www.tweetdeck.com\" rel=\"nofollow\">TweetDeck<\/a>","id_str":"113428922707881984","geo":null,"favorited":false,"id":113428922707881984,"coordinates":null,"in_reply_to_user_id":null,"truncated":false,"text":"As president I would cut the Presidents budget by 43 percent. Ground air force one.  Lead by example. Do more or the same with less","name":"GovGaryJohnson","boldText":"As p<B>resident<\/B> I would cut the P<B>resident<\/B>s budget by 43 percent. Ground air force one.  Lead by example. Do more or the same with less"},{"place":null,"retweet_count":47,"in_reply_to_screen_name":null,"created_at":"Tue Sep 13 01:37:33 +0000 2011","retweeted":false,"in_reply_to_status_id_str":null,"in_reply_to_user_id_str":null,"user":{"time_zone":"Mountain Time (US & Canada)","profile_link_color":"FF0000","protected":false,"default_profile":false,"created_at":"Wed Dec 09 19:25:37 +0000 2009","profile_image_url_https":"https:\/\/si0.twimg.com\/profile_images\/1454302200\/GJTwitter_normal.png","name":"Gov. Gary Johnson","geo_enabled":false,"favourites_count":0,"profile_background_color":"5f94bc","default_profile_image":false,"notifications":null,"profile_background_tile":true,"utc_offset":-25200,"description":"2012 Presidential Candidate and two-term Governor of New Mexico","statuses_count":1527,"following":null,"verified":true,"profile_sidebar_fill_color":"7AC3EE","followers_count":14913,"profile_image_url":"http:\/\/a3.twimg.com\/profile_images\/1454302200\/GJTwitter_normal.png","follow_request_sent":null,"profile_sidebar_border_color":"65B0DA","location":"New Mexico","is_translator":false,"contributors_enabled":false,"screen_name":"GovGaryJohnson","profile_use_background_image":true,"url":"http:\/\/www.GaryJohnson2012.com","id_str":"95713333","show_all_inline_media":false,"profile_background_image_url_https":"https:\/\/si0.twimg.com\/profile_background_images\/312549531\/GJtwitterbg.jpg","profile_text_color":"3D1957","id":95713333,"listed_count":916,"lang":"en","profile_background_image_url":"http:\/\/a0.twimg.com\/profile_background_images\/312549531\/GJtwitterbg.jpg","friends_count":219},"contributors":null,"in_reply_to_status_id":null,"source":"<a href=\"http:\/\/www.tweetdeck.com\" rel=\"nofollow\">TweetDeck<\/a>","id_str":"113426054948990976","geo":null,"favorited":false,"id":113426054948990976,"coordinates":null,"in_reply_to_user_id":null,"truncated":false,"text":"Root causes of border violence?? Prohibition","name":"GovGaryJohnson","boldText":"Root causes of <B>border<\/B> violence?? Prohibition"},{"place":null,"retweet_count":"100+","in_reply_to_screen_name":null,"created_at":"Tue Sep 13 01:35:54 +0000 2011","retweeted":false,"in_reply_to_status_id_str":null,"in_reply_to_user_id_str":null,"user":{"time_zone":"Mountain Time (US & Canada)","profile_link_color":"FF0000","protected":false,"default_profile":false,"created_at":"Wed Dec 09 19:25:37 +0000 2009","profile_image_url_https":"https:\/\/si0.twimg.com\/profile_images\/1454302200\/GJTwitter_normal.png","name":"Gov. Gary Johnson","geo_enabled":false,"favourites_count":0,"profile_background_color":"5f94bc","default_profile_image":false,"notifications":null,"profile_background_tile":true,"utc_offset":-25200,"description":"2012 Presidential Candidate and two-term Governor of New Mexico","statuses_count":1527,"following":null,"verified":true,"profile_sidebar_fill_color":"7AC3EE","followers_count":14913,"profile_image_url":"http:\/\/a3.twimg.com\/profile_images\/1454302200\/GJTwitter_normal.png","follow_request_sent":null,"profile_sidebar_border_color":"65B0DA","location":"New Mexico","is_translator":false,"contributors_enabled":false,"screen_name":"GovGaryJohnson","profile_use_background_image":true,"url":"http:\/\/www.GaryJohnson2012.com","id_str":"95713333","show_all_inline_media":false,"profile_background_image_url_https":"https:\/\/si0.twimg.com\/profile_background_images\/312549531\/GJtwitterbg.jpg","profile_text_color":"3D1957","id":95713333,"listed_count":916,"lang":"en","profile_background_image_url":"http:\/\/a0.twimg.com\/profile_background_images\/312549531\/GJtwitterbg.jpg","friends_count":219},"contributors":null,"in_reply_to_status_id":null,"source":"<a href=\"http:\/\/www.tweetdeck.com\" rel=\"nofollow\">TweetDeck<\/a>","id_str":"113425641336082432","geo":null,"favorited":false,"id":113425641336082432,"coordinates":null,"in_reply_to_user_id":null,"truncated":false,"text":"Violence is prohibition related!!  A fence would be a waste of money.  Change our drug laws","name":"GovGaryJohnson","boldText":"Violence is prohibition related!!  A <B>fence<\/B> would be a waste of money.  Change our drug laws"},{"place":null,"retweet_count":23,"in_reply_to_screen_name":null,"created_at":"Tue Sep 13 01:34:20 +0000 2011","retweeted":false,"in_reply_to_status_id_str":null,"in_reply_to_user_id_str":null,"user":{"time_zone":"Mountain Time (US & Canada)","profile_link_color":"FF0000","protected":false,"default_profile":false,"created_at":"Wed Dec 09 19:25:37 +0000 2009","profile_image_url_https":"https:\/\/si0.twimg.com\/profile_images\/1454302200\/GJTwitter_normal.png","name":"Gov. Gary Johnson","geo_enabled":false,"favourites_count":0,"profile_background_color":"5f94bc","default_profile_image":false,"notifications":null,"profile_background_tile":true,"utc_offset":-25200,"description":"2012 Presidential Candidate and two-term Governor of New Mexico","statuses_count":1527,"following":null,"verified":true,"profile_sidebar_fill_color":"7AC3EE","followers_count":14913,"profile_image_url":"http:\/\/a3.twimg.com\/profile_images\/1454302200\/GJTwitter_normal.png","follow_request_sent":null,"profile_sidebar_border_color":"65B0DA","location":"New Mexico","is_translator":false,"contributors_enabled":false,"screen_name":"GovGaryJohnson","profile_use_background_image":true,"url":"http:\/\/www.GaryJohnson2012.com","id_str":"95713333","show_all_inline_media":false,"profile_background_image_url_https":"https:\/\/si0.twimg.com\/profile_background_images\/312549531\/GJtwitterbg.jpg","profile_text_color":"3D1957","id":95713333,"listed_count":916,"lang":"en","profile_background_image_url":"http:\/\/a0.twimg.com\/profile_background_images\/312549531\/GJtwitterbg.jpg","friends_count":219},"contributors":null,"in_reply_to_status_id":null,"source":"<a href=\"http:\/\/www.tweetdeck.com\" rel=\"nofollow\">TweetDeck<\/a>","id_str":"113425244567519232","geo":null,"favorited":false,"id":113425244567519232,"coordinates":null,"in_reply_to_user_id":null,"truncated":false,"text":"Sponsors is why we have 11 million illegal immigrants. Get government in the business of issuing legal work visas.  A fence will not work","name":"GovGaryJohnson","boldText":"Sponsors is why we have 11 million illegal immigrants. Get government in the business of issuing legal work visas.  A <B>fence<\/B> will not work"},{"place":null,"retweet_count":"100+","in_reply_to_screen_name":null,"created_at":"Tue Sep 13 01:30:11 +0000 2011","retweeted":false,"in_reply_to_status_id_str":null,"in_reply_to_user_id_str":null,"user":{"time_zone":"Mountain Time (US & Canada)","profile_link_color":"FF0000","protected":false,"default_profile":false,"created_at":"Wed Dec 09 19:25:37 +0000 2009","profile_image_url_https":"https:\/\/si0.twimg.com\/profile_images\/1454302200\/GJTwitter_normal.png","name":"Gov. Gary Johnson","geo_enabled":false,"favourites_count":0,"profile_background_color":"5f94bc","default_profile_image":false,"notifications":null,"profile_background_tile":true,"utc_offset":-25200,"description":"2012 Presidential Candidate and two-term Governor of New Mexico","statuses_count":1527,"following":null,"verified":true,"profile_sidebar_fill_color":"7AC3EE","followers_count":14913,"profile_image_url":"http:\/\/a3.twimg.com\/profile_images\/1454302200\/GJTwitter_normal.png","follow_request_sent":null,"profile_sidebar_border_color":"65B0DA","location":"New Mexico","is_translator":false,"contributors_enabled":false,"screen_name":"GovGaryJohnson","profile_use_background_image":true,"url":"http:\/\/www.GaryJohnson2012.com","id_str":"95713333","show_all_inline_media":false,"profile_background_image_url_https":"https:\/\/si0.twimg.com\/profile_background_images\/312549531\/GJtwitterbg.jpg","profile_text_color":"3D1957","id":95713333,"listed_count":916,"lang":"en","profile_background_image_url":"http:\/\/a0.twimg.com\/profile_background_images\/312549531\/GJtwitterbg.jpg","friends_count":219},"contributors":null,"in_reply_to_status_id":null,"source":"<a href=\"http:\/\/www.tweetdeck.com\" rel=\"nofollow\">TweetDeck<\/a>","id_str":"113424203079880704","geo":null,"favorited":false,"id":113424203079880704,"coordinates":null,"in_reply_to_user_id":null,"truncated":false,"text":"Set up a grace period to give 11 million illegals a work visa that would entail a background check. No fence, legalize marijuana","name":"GovGaryJohnson","boldText":"Set up a grace period to give 11 million illegals a work visa that would entail a background check. No <B>fence<\/B>, legalize marijuana"},{"place":null,"retweet_count":21,"in_reply_to_screen_name":null,"created_at":"Tue Sep 13 01:09:46 +0000 2011","retweeted":false,"in_reply_to_status_id_str":null,"in_reply_to_user_id_str":null,"user":{"time_zone":"Mountain Time (US & Canada)","profile_link_color":"FF0000","protected":false,"default_profile":false,"created_at":"Wed Dec 09 19:25:37 +0000 2009","profile_image_url_https":"https:\/\/si0.twimg.com\/profile_images\/1454302200\/GJTwitter_normal.png","name":"Gov. Gary Johnson","geo_enabled":false,"favourites_count":0,"profile_background_color":"5f94bc","default_profile_image":false,"notifications":null,"profile_background_tile":true,"utc_offset":-25200,"description":"2012 Presidential Candidate and two-term Governor of New Mexico","statuses_count":1527,"following":null,"verified":true,"profile_sidebar_fill_color":"7AC3EE","followers_count":14913,"profile_image_url":"http:\/\/a3.twimg.com\/profile_images\/1454302200\/GJTwitter_normal.png","follow_request_sent":null,"profile_sidebar_border_color":"65B0DA","location":"New Mexico","is_translator":false,"contributors_enabled":false,"screen_name":"GovGaryJohnson","profile_use_background_image":true,"url":"http:\/\/www.GaryJohnson2012.com","id_str":"95713333","show_all_inline_media":false,"profile_background_image_url_https":"https:\/\/si0.twimg.com\/profile_background_images\/312549531\/GJtwitterbg.jpg","profile_text_color":"3D1957","id":95713333,"listed_count":916,"lang":"en","profile_background_image_url":"http:\/\/a0.twimg.com\/profile_background_images\/312549531\/GJtwitterbg.jpg","friends_count":219},"contributors":null,"in_reply_to_status_id":null,"source":"<a href=\"http:\/\/www.tweetdeck.com\" rel=\"nofollow\">TweetDeck<\/a>","id_str":"113419063371366400","geo":null,"favorited":false,"id":113419063371366400,"coordinates":null,"in_reply_to_user_id":null,"truncated":false,"text":"Executive orders work on behalf of the executive.  as President I would use executive orders to advance an agenda of freedom and liberty","name":"GovGaryJohnson","boldText":"Executive orders work on behalf of the executive.  as P<B>resident<\/B> I would use executive orders to advance an agenda of freedom and liberty"},{"place":null,"retweet_count":17,"in_reply_to_screen_name":null,"created_at":"Tue Sep 13 00:31:43 +0000 2011","retweeted":false,"in_reply_to_status_id_str":null,"in_reply_to_user_id_str":null,"user":{"time_zone":"Mountain Time (US & Canada)","profile_link_color":"FF0000","protected":false,"default_profile":false,"created_at":"Wed Dec 09 19:25:37 +0000 2009","profile_image_url_https":"https:\/\/si0.twimg.com\/profile_images\/1454302200\/GJTwitter_normal.png","name":"Gov. Gary Johnson","geo_enabled":false,"favourites_count":0,"profile_background_color":"5f94bc","default_profile_image":false,"notifications":null,"profile_background_tile":true,"utc_offset":-25200,"description":"2012 Presidential Candidate and two-term Governor of New Mexico","statuses_count":1527,"following":null,"verified":true,"profile_sidebar_fill_color":"7AC3EE","followers_count":14913,"profile_image_url":"http:\/\/a3.twimg.com\/profile_images\/1454302200\/GJTwitter_normal.png","follow_request_sent":null,"profile_sidebar_border_color":"65B0DA","location":"New Mexico","is_translator":false,"contributors_enabled":false,"screen_name":"GovGaryJohnson","profile_use_background_image":true,"url":"http:\/\/www.GaryJohnson2012.com","id_str":"95713333","show_all_inline_media":false,"profile_background_image_url_https":"https:\/\/si0.twimg.com\/profile_background_images\/312549531\/GJtwitterbg.jpg","profile_text_color":"3D1957","id":95713333,"listed_count":916,"lang":"en","profile_background_image_url":"http:\/\/a0.twimg.com\/profile_background_images\/312549531\/GJtwitterbg.jpg","friends_count":219},"contributors":null,"in_reply_to_status_id":null,"source":"<a href=\"http:\/\/www.tweetdeck.com\" rel=\"nofollow\">TweetDeck<\/a>","id_str":"113409489415319553","geo":null,"favorited":false,"id":113409489415319553,"coordinates":null,"in_reply_to_user_id":null,"truncated":false,"text":"Repeal the prescription drug benefit and President Obama's national health care","name":"GovGaryJohnson","boldText":"Repeal the prescription drug benefit and P<B>resident<\/B> Obama's national health care"}]