[{"possibly_sensitive":false,"place":null,"retweet_count":20,"in_reply_to_screen_name":null,"created_at":"Sun Oct 30 15:38:25 +0000 2011","retweeted":false,"in_reply_to_status_id_str":null,"in_reply_to_user_id_str":null,"user":{"time_zone":"Mountain Time (US & Canada)","profile_link_color":"FF0000","protected":false,"created_at":"Wed Dec 09 19:25:37 +0000 2009","profile_image_url_https":"https:\/\/si0.twimg.com\/profile_images\/1454302200\/GJTwitter_normal.png","name":"Gov. Gary Johnson","geo_enabled":false,"favourites_count":0,"profile_background_color":"5f94bc","default_profile_image":false,"notifications":false,"profile_background_tile":true,"utc_offset":-25200,"description":"2012 Presidential Candidate and two-term Governor of New Mexico","statuses_count":1526,"following":false,"verified":true,"profile_sidebar_fill_color":"7AC3EE","followers_count":14912,"profile_image_url":"http:\/\/a3.twimg.com\/profile_images\/1454302200\/GJTwitter_normal.png","default_profile":false,"follow_request_sent":false,"profile_sidebar_border_color":"65B0DA","location":"New Mexico","is_translator":false,"contributors_enabled":false,"screen_name":"GovGaryJohnson","profile_use_background_image":true,"url":"http:\/\/www.GaryJohnson2012.com","id_str":"95713333","show_all_inline_media":false,"profile_background_image_url_https":"https:\/\/si0.twimg.com\/profile_background_images\/312549531\/GJtwitterbg.jpg","profile_text_color":"3D1957","id":95713333,"listed_count":916,"lang":"en","profile_background_image_url":"http:\/\/a0.twimg.com\/profile_background_images\/312549531\/GJtwitterbg.jpg","friends_count":219},"contributors":null,"in_reply_to_status_id":null,"source":"<a href=\"http:\/\/www.tweetdeck.com\" rel=\"nofollow\">TweetDeck<\/a>","id_str":"130669897205284864","geo":null,"favorited":false,"id":130669897205284864,"coordinates":null,"in_reply_to_user_id":null,"truncated":false,"text":"The Gary Johnson Snowman Task Force is on patrol in New Hampshire today after last night's snowfall. #FITN http:\/\/t.co\/t8loQ7sm","name":"GovGaryJohnson","boldText":"The Gary Johnson Snowman Task Force is on patrol in New Hamps<B>hire<\/B> today after last night's snowfall. #FITN http:\/\/t.co\/t8loQ7sm"},{"possibly_sensitive":false,"place":null,"retweet_count":28,"in_reply_to_screen_name":null,"created_at":"Fri Oct 28 16:10:51 +0000 2011","retweeted":false,"in_reply_to_status_id_str":null,"in_reply_to_user_id_str":null,"user":{"time_zone":"Mountain Time (US & Canada)","profile_link_color":"FF0000","protected":false,"default_profile":false,"created_at":"Wed Dec 09 19:25:37 +0000 2009","profile_image_url_https":"https:\/\/si0.twimg.com\/profile_images\/1454302200\/GJTwitter_normal.png","name":"Gov. Gary Johnson","geo_enabled":false,"favourites_count":0,"profile_background_color":"5f94bc","default_profile_image":false,"notifications":null,"profile_background_tile":true,"utc_offset":-25200,"description":"2012 Presidential Candidate and two-term Governor of New Mexico","statuses_count":1527,"following":null,"verified":true,"profile_sidebar_fill_color":"7AC3EE","followers_count":14913,"profile_image_url":"http:\/\/a3.twimg.com\/profile_images\/1454302200\/GJTwitter_normal.png","follow_request_sent":null,"profile_sidebar_border_color":"65B0DA","location":"New Mexico","is_translator":false,"contributors_enabled":false,"screen_name":"GovGaryJohnson","profile_use_background_image":true,"url":"http:\/\/www.GaryJohnson2012.com","id_str":"95713333","show_all_inline_media":false,"profile_background_image_url_https":"https:\/\/si0.twimg.com\/profile_background_images\/312549531\/GJtwitterbg.jpg","profile_text_color":"3D1957","id":95713333,"listed_count":916,"lang":"en","profile_background_image_url":"http:\/\/a0.twimg.com\/profile_background_images\/312549531\/GJtwitterbg.jpg","friends_count":219},"contributors":null,"in_reply_to_status_id":null,"source":"web","id_str":"129953280414593025","geo":null,"favorited":false,"id":129953280414593025,"coordinates":null,"in_reply_to_user_id":null,"truncated":false,"text":"Presidential Candidate Gary Johnson Files For New Hampshire Primary: http:\/\/t.co\/Zi1qn17o #GJ2012 #FITN","name":"GovGaryJohnson","boldText":"Presidential Candidate Gary Johnson Files For New Hamps<B>hire<\/B> Primary: http:\/\/t.co\/Zi1qn17o #GJ2012 #FITN"},{"id_str":"129744897237463042","place":null,"favorited":false,"in_reply_to_user_id":null,"truncated":false,"created_at":"Fri Oct 28 02:22:48 +0000 2011","retweet_count":42,"in_reply_to_screen_name":null,"retweeted":false,"in_reply_to_status_id_str":null,"user":{"id_str":"95713333","show_all_inline_media":false,"profile_background_image_url_https":"https:\/\/si0.twimg.com\/profile_background_images\/312549531\/GJtwitterbg.jpg","profile_text_color":"3D1957","protected":false,"listed_count":916,"profile_background_image_url":"http:\/\/a0.twimg.com\/profile_background_images\/312549531\/GJtwitterbg.jpg","created_at":"Wed Dec 09 19:25:37 +0000 2009","friends_count":219,"name":"Gov. Gary Johnson","time_zone":"Mountain Time (US & Canada)","profile_link_color":"FF0000","default_profile":false,"notifications":null,"utc_offset":-25200,"profile_image_url_https":"https:\/\/si0.twimg.com\/profile_images\/1454302200\/GJTwitter_normal.png","description":"2012 Presidential Candidate and two-term Governor of New Mexico","following":null,"geo_enabled":false,"favourites_count":0,"profile_background_color":"5f94bc","default_profile_image":false,"profile_background_tile":true,"statuses_count":1526,"verified":true,"profile_sidebar_fill_color":"7AC3EE","followers_count":14913,"profile_image_url":"http:\/\/a3.twimg.com\/profile_images\/1454302200\/GJTwitter_normal.png","location":"New Mexico","screen_name":"GovGaryJohnson","follow_request_sent":null,"profile_sidebar_border_color":"65B0DA","url":"http:\/\/www.GaryJohnson2012.com","is_translator":false,"contributors_enabled":false,"id":95713333,"lang":"en","profile_use_background_image":true},"in_reply_to_user_id_str":null,"contributors":null,"source":"web","geo":null,"id":129744897237463042,"coordinates":null,"in_reply_to_status_id":null,"text":"Headed to New Hampshire to file for the primary!","name":"GovGaryJohnson","boldText":"Headed to New Hamps<B>hire<\/B> to file for the primary!"},{"possibly_sensitive":false,"place":null,"retweet_count":8,"in_reply_to_screen_name":null,"created_at":"Thu Oct 27 16:34:10 +0000 2011","retweeted":false,"in_reply_to_status_id_str":null,"in_reply_to_user_id_str":null,"user":{"time_zone":"Mountain Time (US & Canada)","profile_link_color":"FF0000","protected":false,"created_at":"Wed Dec 09 19:25:37 +0000 2009","profile_image_url_https":"https:\/\/si0.twimg.com\/profile_images\/1454302200\/GJTwitter_normal.png","name":"Gov. Gary Johnson","geo_enabled":false,"favourites_count":0,"profile_background_color":"5f94bc","default_profile_image":false,"notifications":null,"profile_background_tile":true,"utc_offset":-25200,"description":"2012 Presidential Candidate and two-term Governor of New Mexico","statuses_count":1526,"following":null,"verified":true,"profile_sidebar_fill_color":"7AC3EE","followers_count":14912,"profile_image_url":"http:\/\/a3.twimg.com\/profile_images\/1454302200\/GJTwitter_normal.png","follow_request_sent":null,"profile_sidebar_border_color":"65B0DA","location":"New Mexico","is_translator":false,"contributors_enabled":false,"screen_name":"GovGaryJohnson","profile_use_background_image":true,"url":"http:\/\/www.GaryJohnson2012.com","id_str":"95713333","default_profile":false,"show_all_inline_media":false,"profile_background_image_url_https":"https:\/\/si0.twimg.com\/profile_background_images\/312549531\/GJtwitterbg.jpg","profile_text_color":"3D1957","id":95713333,"listed_count":916,"lang":"en","profile_background_image_url":"http:\/\/a0.twimg.com\/profile_background_images\/312549531\/GJtwitterbg.jpg","friends_count":219},"contributors":null,"in_reply_to_status_id":null,"source":"web","id_str":"129596762049613824","geo":null,"favorited":false,"id":129596762049613824,"coordinates":null,"in_reply_to_user_id":null,"truncated":false,"text":"A great clip from @foxnewsradio on jobs: http:\/\/t.co\/iRi95dO4","name":"GovGaryJohnson","boldText":"A great clip from @foxnewsradio on <B>jobs<\/B>: http:\/\/t.co\/iRi95dO4"},{"possibly_sensitive":false,"place":null,"retweet_count":34,"in_reply_to_screen_name":null,"created_at":"Wed Oct 19 20:25:03 +0000 2011","retweeted":false,"in_reply_to_status_id_str":null,"in_reply_to_user_id_str":null,"user":{"time_zone":"Mountain Time (US & Canada)","profile_link_color":"FF0000","protected":false,"default_profile":false,"created_at":"Wed Dec 09 19:25:37 +0000 2009","profile_image_url_https":"https:\/\/si0.twimg.com\/profile_images\/1454302200\/GJTwitter_normal.png","name":"Gov. Gary Johnson","geo_enabled":false,"favourites_count":0,"profile_background_color":"5f94bc","default_profile_image":false,"notifications":null,"profile_background_tile":true,"utc_offset":-25200,"description":"2012 Presidential Candidate and two-term Governor of New Mexico","statuses_count":1527,"following":null,"verified":true,"profile_sidebar_fill_color":"7AC3EE","followers_count":14913,"profile_image_url":"http:\/\/a3.twimg.com\/profile_images\/1454302200\/GJTwitter_normal.png","follow_request_sent":null,"profile_sidebar_border_color":"65B0DA","location":"New Mexico","is_translator":false,"contributors_enabled":false,"screen_name":"GovGaryJohnson","profile_use_background_image":true,"url":"http:\/\/www.GaryJohnson2012.com","id_str":"95713333","show_all_inline_media":false,"profile_background_image_url_https":"https:\/\/si0.twimg.com\/profile_background_images\/312549531\/GJtwitterbg.jpg","profile_text_color":"3D1957","id":95713333,"listed_count":916,"lang":"en","profile_background_image_url":"http:\/\/a0.twimg.com\/profile_background_images\/312549531\/GJtwitterbg.jpg","friends_count":219},"contributors":null,"in_reply_to_status_id":null,"source":"web","id_str":"126755761811496962","geo":null,"favorited":false,"id":126755761811496962,"coordinates":null,"in_reply_to_user_id":null,"truncated":false,"text":"Gary Johnson pays unannounced visit to Wall Street protest \u2014 talks about jobs: http:\/\/t.co\/eyko67ls","name":"GovGaryJohnson","boldText":"Gary Johnson pays unannounced visit to <B>Wall Street<\/B> protest \u2014 talks about <B>jobs<\/B>: http:\/\/t.co\/eyko67ls"},{"place":null,"retweet_count":19,"in_reply_to_screen_name":null,"created_at":"Wed Oct 12 01:15:42 +0000 2011","retweeted":false,"in_reply_to_status_id_str":null,"in_reply_to_user_id_str":null,"user":{"time_zone":"Mountain Time (US & Canada)","profile_link_color":"FF0000","protected":false,"default_profile":false,"created_at":"Wed Dec 09 19:25:37 +0000 2009","profile_image_url_https":"https:\/\/si0.twimg.com\/profile_images\/1454302200\/GJTwitter_normal.png","name":"Gov. Gary Johnson","geo_enabled":false,"favourites_count":0,"profile_background_color":"5f94bc","default_profile_image":false,"notifications":null,"profile_background_tile":true,"utc_offset":-25200,"description":"2012 Presidential Candidate and two-term Governor of New Mexico","statuses_count":1527,"following":null,"verified":true,"profile_sidebar_fill_color":"7AC3EE","followers_count":14913,"profile_image_url":"http:\/\/a3.twimg.com\/profile_images\/1454302200\/GJTwitter_normal.png","follow_request_sent":null,"profile_sidebar_border_color":"65B0DA","location":"New Mexico","is_translator":false,"contributors_enabled":false,"screen_name":"GovGaryJohnson","profile_use_background_image":true,"url":"http:\/\/www.GaryJohnson2012.com","id_str":"95713333","show_all_inline_media":false,"profile_background_image_url_https":"https:\/\/si0.twimg.com\/profile_background_images\/312549531\/GJtwitterbg.jpg","profile_text_color":"3D1957","id":95713333,"listed_count":916,"lang":"en","profile_background_image_url":"http:\/\/a0.twimg.com\/profile_background_images\/312549531\/GJtwitterbg.jpg","friends_count":219},"contributors":null,"in_reply_to_status_id":null,"source":"<a href=\"http:\/\/www.tweetdeck.com\" rel=\"nofollow\">TweetDeck<\/a>","id_str":"123929804167843840","geo":null,"favorited":false,"id":123929804167843840,"coordinates":null,"in_reply_to_user_id":null,"truncated":false,"text":"#econdebate Enact the FairTax, which eliminates corporate income tax rates and 0 business tax environment creating 10s of millions of jobs.","name":"GovGaryJohnson","boldText":"#econdebate Enact the FairTax, which eliminates corporate income tax rates and 0 business tax environment creating 10s of millions of <B>jobs<\/B>."},{"place":null,"retweet_count":25,"in_reply_to_screen_name":null,"created_at":"Wed Oct 12 00:27:49 +0000 2011","retweeted":false,"in_reply_to_status_id_str":null,"in_reply_to_user_id_str":null,"user":{"time_zone":"Mountain Time (US & Canada)","profile_link_color":"FF0000","protected":false,"default_profile":false,"created_at":"Wed Dec 09 19:25:37 +0000 2009","profile_image_url_https":"https:\/\/si0.twimg.com\/profile_images\/1454302200\/GJTwitter_normal.png","name":"Gov. Gary Johnson","geo_enabled":false,"favourites_count":0,"profile_background_color":"5f94bc","default_profile_image":false,"notifications":null,"profile_background_tile":true,"utc_offset":-25200,"description":"2012 Presidential Candidate and two-term Governor of New Mexico","statuses_count":1527,"following":null,"verified":true,"profile_sidebar_fill_color":"7AC3EE","followers_count":14913,"profile_image_url":"http:\/\/a3.twimg.com\/profile_images\/1454302200\/GJTwitter_normal.png","follow_request_sent":null,"profile_sidebar_border_color":"65B0DA","location":"New Mexico","is_translator":false,"contributors_enabled":false,"screen_name":"GovGaryJohnson","profile_use_background_image":true,"url":"http:\/\/www.GaryJohnson2012.com","id_str":"95713333","show_all_inline_media":false,"profile_background_image_url_https":"https:\/\/si0.twimg.com\/profile_background_images\/312549531\/GJtwitterbg.jpg","profile_text_color":"3D1957","id":95713333,"listed_count":916,"lang":"en","profile_background_image_url":"http:\/\/a0.twimg.com\/profile_background_images\/312549531\/GJtwitterbg.jpg","friends_count":219},"contributors":null,"in_reply_to_status_id":null,"source":"<a href=\"http:\/\/www.tweetdeck.com\" rel=\"nofollow\">TweetDeck<\/a>","id_str":"123917752460255234","geo":null,"favorited":false,"id":123917752460255234,"coordinates":null,"in_reply_to_user_id":null,"truncated":false,"text":"#econdebate Not open to a Wall Street bailout.","name":"GovGaryJohnson","boldText":"#econdebate Not open to a <B>Wall Street<\/B> bailout."},{"place":null,"retweet_count":20,"in_reply_to_screen_name":null,"created_at":"Wed Oct 12 00:16:40 +0000 2011","retweeted":false,"in_reply_to_status_id_str":null,"in_reply_to_user_id_str":null,"user":{"time_zone":"Mountain Time (US & Canada)","profile_link_color":"FF0000","protected":false,"default_profile":false,"created_at":"Wed Dec 09 19:25:37 +0000 2009","profile_image_url_https":"https:\/\/si0.twimg.com\/profile_images\/1454302200\/GJTwitter_normal.png","name":"Gov. Gary Johnson","geo_enabled":false,"favourites_count":0,"profile_background_color":"5f94bc","default_profile_image":false,"notifications":null,"profile_background_tile":true,"utc_offset":-25200,"description":"2012 Presidential Candidate and two-term Governor of New Mexico","statuses_count":1527,"following":null,"verified":true,"profile_sidebar_fill_color":"7AC3EE","followers_count":14913,"profile_image_url":"http:\/\/a3.twimg.com\/profile_images\/1454302200\/GJTwitter_normal.png","follow_request_sent":null,"profile_sidebar_border_color":"65B0DA","location":"New Mexico","is_translator":false,"contributors_enabled":false,"screen_name":"GovGaryJohnson","profile_use_background_image":true,"url":"http:\/\/www.GaryJohnson2012.com","id_str":"95713333","show_all_inline_media":false,"profile_background_image_url_https":"https:\/\/si0.twimg.com\/profile_background_images\/312549531\/GJtwitterbg.jpg","profile_text_color":"3D1957","id":95713333,"listed_count":916,"lang":"en","profile_background_image_url":"http:\/\/a0.twimg.com\/profile_background_images\/312549531\/GJtwitterbg.jpg","friends_count":219},"contributors":null,"in_reply_to_status_id":null,"source":"<a href=\"http:\/\/www.tweetdeck.com\" rel=\"nofollow\">TweetDeck<\/a>","id_str":"123914947594948608","geo":null,"favorited":false,"id":123914947594948608,"coordinates":null,"in_reply_to_user_id":null,"truncated":false,"text":"#econdebate Implement the FairTax. In a 0% cooperate tax environment 10s of millions of jobs will be created.","name":"GovGaryJohnson","boldText":"#econdebate Implement the FairTax. In a 0% cooperate tax environment 10s of millions of <B>jobs<\/B> will be created."},{"place":null,"retweet_count":59,"in_reply_to_screen_name":null,"created_at":"Wed Oct 12 00:12:32 +0000 2011","retweeted":false,"in_reply_to_status_id_str":null,"in_reply_to_user_id_str":null,"user":{"time_zone":"Mountain Time (US & Canada)","profile_link_color":"FF0000","protected":false,"default_profile":false,"created_at":"Wed Dec 09 19:25:37 +0000 2009","profile_image_url_https":"https:\/\/si0.twimg.com\/profile_images\/1454302200\/GJTwitter_normal.png","name":"Gov. Gary Johnson","geo_enabled":false,"favourites_count":0,"profile_background_color":"5f94bc","default_profile_image":false,"notifications":null,"profile_background_tile":true,"utc_offset":-25200,"description":"2012 Presidential Candidate and two-term Governor of New Mexico","statuses_count":1527,"following":null,"verified":true,"profile_sidebar_fill_color":"7AC3EE","followers_count":14913,"profile_image_url":"http:\/\/a3.twimg.com\/profile_images\/1454302200\/GJTwitter_normal.png","follow_request_sent":null,"profile_sidebar_border_color":"65B0DA","location":"New Mexico","is_translator":false,"contributors_enabled":false,"screen_name":"GovGaryJohnson","profile_use_background_image":true,"url":"http:\/\/www.GaryJohnson2012.com","id_str":"95713333","show_all_inline_media":false,"profile_background_image_url_https":"https:\/\/si0.twimg.com\/profile_background_images\/312549531\/GJtwitterbg.jpg","profile_text_color":"3D1957","id":95713333,"listed_count":916,"lang":"en","profile_background_image_url":"http:\/\/a0.twimg.com\/profile_background_images\/312549531\/GJtwitterbg.jpg","friends_count":219},"contributors":null,"in_reply_to_status_id":null,"source":"<a href=\"http:\/\/www.tweetdeck.com\" rel=\"nofollow\">TweetDeck<\/a>","id_str":"123913906669359104","geo":null,"favorited":false,"id":123913906669359104,"coordinates":null,"in_reply_to_user_id":null,"truncated":false,"text":"#econdebate Occupy Wall Street is protesting inequity that exists in this country - I believe government is responsible for that inequity.","name":"GovGaryJohnson","boldText":"#econdebate Occupy <B>Wall Street<\/B> is protesting inequity that exists in this country - I believe government is responsible for that inequity."},{"possibly_sensitive":false,"place":null,"retweet_count":12,"in_reply_to_screen_name":null,"created_at":"Sat Oct 08 17:03:22 +0000 2011","retweeted":false,"in_reply_to_status_id_str":null,"in_reply_to_user_id_str":null,"user":{"time_zone":"Mountain Time (US & Canada)","profile_link_color":"FF0000","protected":false,"created_at":"Wed Dec 09 19:25:37 +0000 2009","profile_image_url_https":"https:\/\/si0.twimg.com\/profile_images\/1454302200\/GJTwitter_normal.png","name":"Gov. Gary Johnson","geo_enabled":false,"favourites_count":0,"profile_background_color":"5f94bc","default_profile_image":false,"notifications":false,"profile_background_tile":true,"utc_offset":-25200,"description":"2012 Presidential Candidate and two-term Governor of New Mexico","statuses_count":1526,"following":false,"verified":true,"profile_sidebar_fill_color":"7AC3EE","followers_count":14910,"profile_image_url":"http:\/\/a3.twimg.com\/profile_images\/1454302200\/GJTwitter_normal.png","default_profile":false,"follow_request_sent":false,"profile_sidebar_border_color":"65B0DA","location":"New Mexico","is_translator":false,"contributors_enabled":false,"screen_name":"GovGaryJohnson","profile_use_background_image":true,"url":"http:\/\/www.GaryJohnson2012.com","id_str":"95713333","show_all_inline_media":false,"profile_background_image_url_https":"https:\/\/si0.twimg.com\/profile_background_images\/312549531\/GJtwitterbg.jpg","profile_text_color":"3D1957","id":95713333,"listed_count":916,"lang":"en","profile_background_image_url":"http:\/\/a0.twimg.com\/profile_background_images\/312549531\/GJtwitterbg.jpg","friends_count":219},"contributors":null,"in_reply_to_status_id":null,"source":"web","id_str":"122718738503041024","geo":null,"favorited":false,"id":122718738503041024,"coordinates":null,"in_reply_to_user_id":null,"truncated":false,"text":"The New Hampshire Ride for Freedom continues -- A great stop in Peterborough Friday! Credit: John Poltrack #gj2012 #nh http:\/\/t.co\/uEgGwiR0","name":"GovGaryJohnson","boldText":"The New Hamps<B>hire<\/B> Ride for Freedom continues -- A great stop in Peterborough Friday! Credit: John Poltrack #gj2012 #nh http:\/\/t.co\/uEgGwiR0"},{"possibly_sensitive":false,"place":null,"retweet_count":19,"in_reply_to_screen_name":null,"created_at":"Thu Sep 29 22:44:55 +0000 2011","retweeted":false,"in_reply_to_status_id_str":null,"in_reply_to_user_id_str":null,"user":{"time_zone":"Mountain Time (US & Canada)","profile_link_color":"FF0000","protected":false,"default_profile":false,"created_at":"Wed Dec 09 19:25:37 +0000 2009","profile_image_url_https":"https:\/\/si0.twimg.com\/profile_images\/1454302200\/GJTwitter_normal.png","name":"Gov. Gary Johnson","geo_enabled":false,"favourites_count":0,"profile_background_color":"5f94bc","default_profile_image":false,"notifications":null,"profile_background_tile":true,"utc_offset":-25200,"description":"2012 Presidential Candidate and two-term Governor of New Mexico","statuses_count":1527,"following":null,"verified":true,"profile_sidebar_fill_color":"7AC3EE","followers_count":14913,"profile_image_url":"http:\/\/a3.twimg.com\/profile_images\/1454302200\/GJTwitter_normal.png","follow_request_sent":null,"profile_sidebar_border_color":"65B0DA","location":"New Mexico","is_translator":false,"contributors_enabled":false,"screen_name":"GovGaryJohnson","profile_use_background_image":true,"url":"http:\/\/www.GaryJohnson2012.com","id_str":"95713333","show_all_inline_media":false,"profile_background_image_url_https":"https:\/\/si0.twimg.com\/profile_background_images\/312549531\/GJtwitterbg.jpg","profile_text_color":"3D1957","id":95713333,"listed_count":916,"lang":"en","profile_background_image_url":"http:\/\/a0.twimg.com\/profile_background_images\/312549531\/GJtwitterbg.jpg","friends_count":219},"contributors":null,"in_reply_to_status_id":null,"source":"web","id_str":"119543202440163328","geo":null,"favorited":false,"id":119543202440163328,"coordinates":null,"in_reply_to_user_id":null,"truncated":false,"text":"House Rs call for $4B in cuts for 2012 labor, health & ed programs. At that rate, a balanced budget isn't in sight: http:\/\/t.co\/ZrOOzmXF","name":"GovGaryJohnson","boldText":"House Rs call for $4B in cuts for 2012 <B>labor<\/B>, health & ed programs. At that rate, a balanced budget isn't in sight: http:\/\/t.co\/ZrOOzmXF"},{"possibly_sensitive":false,"place":null,"retweet_count":7,"in_reply_to_screen_name":"AmSpec","created_at":"Fri Sep 23 03:13:32 +0000 2011","retweeted":false,"in_reply_to_status_id_str":null,"in_reply_to_user_id_str":"16180004","user":{"time_zone":"Mountain Time (US & Canada)","profile_link_color":"FF0000","protected":false,"default_profile":false,"created_at":"Wed Dec 09 19:25:37 +0000 2009","profile_image_url_https":"https:\/\/si0.twimg.com\/profile_images\/1454302200\/GJTwitter_normal.png","name":"Gov. Gary Johnson","geo_enabled":false,"favourites_count":0,"profile_background_color":"5f94bc","default_profile_image":false,"notifications":null,"profile_background_tile":true,"utc_offset":-25200,"description":"2012 Presidential Candidate and two-term Governor of New Mexico","statuses_count":1527,"following":null,"verified":true,"profile_sidebar_fill_color":"7AC3EE","followers_count":14913,"profile_image_url":"http:\/\/a3.twimg.com\/profile_images\/1454302200\/GJTwitter_normal.png","follow_request_sent":null,"profile_sidebar_border_color":"65B0DA","location":"New Mexico","is_translator":false,"contributors_enabled":false,"screen_name":"GovGaryJohnson","profile_use_background_image":true,"url":"http:\/\/www.GaryJohnson2012.com","id_str":"95713333","show_all_inline_media":false,"profile_background_image_url_https":"https:\/\/si0.twimg.com\/profile_background_images\/312549531\/GJtwitterbg.jpg","profile_text_color":"3D1957","id":95713333,"listed_count":916,"lang":"en","profile_background_image_url":"http:\/\/a0.twimg.com\/profile_background_images\/312549531\/GJtwitterbg.jpg","friends_count":219},"contributors":null,"in_reply_to_status_id":null,"source":"web","id_str":"117074087746080768","geo":null,"favorited":false,"id":117074087746080768,"coordinates":null,"in_reply_to_user_id":16180004,"truncated":false,"text":"@AmSpec \"'Neighbor's dogs created more shovel ready jobs than Obama Admin.' Now that's taking a dig at Obama.\" http:\/\/t.co\/89XZ3UZ0 #tcot","name":"GovGaryJohnson","boldText":"@AmSpec \"'Neighbor's dogs created more shovel ready <B>jobs<\/B> than Obama Admin.' Now that's taking a dig at Obama.\" http:\/\/t.co\/89XZ3UZ0 #tcot"},{"place":null,"retweet_count":"100+","in_reply_to_screen_name":null,"created_at":"Fri Sep 23 02:48:07 +0000 2011","retweeted":false,"in_reply_to_status_id_str":null,"in_reply_to_user_id_str":null,"user":{"time_zone":"Mountain Time (US & Canada)","profile_link_color":"FF0000","protected":false,"default_profile":false,"created_at":"Wed Dec 09 19:25:37 +0000 2009","profile_image_url_https":"https:\/\/si0.twimg.com\/profile_images\/1454302200\/GJTwitter_normal.png","name":"Gov. Gary Johnson","geo_enabled":false,"favourites_count":0,"profile_background_color":"5f94bc","default_profile_image":false,"notifications":null,"profile_background_tile":true,"utc_offset":-25200,"description":"2012 Presidential Candidate and two-term Governor of New Mexico","statuses_count":1527,"following":null,"verified":true,"profile_sidebar_fill_color":"7AC3EE","followers_count":14913,"profile_image_url":"http:\/\/a3.twimg.com\/profile_images\/1454302200\/GJTwitter_normal.png","follow_request_sent":null,"profile_sidebar_border_color":"65B0DA","location":"New Mexico","is_translator":false,"contributors_enabled":false,"screen_name":"GovGaryJohnson","profile_use_background_image":true,"url":"http:\/\/www.GaryJohnson2012.com","id_str":"95713333","show_all_inline_media":false,"profile_background_image_url_https":"https:\/\/si0.twimg.com\/profile_background_images\/312549531\/GJtwitterbg.jpg","profile_text_color":"3D1957","id":95713333,"listed_count":916,"lang":"en","profile_background_image_url":"http:\/\/a0.twimg.com\/profile_background_images\/312549531\/GJtwitterbg.jpg","friends_count":219},"contributors":null,"in_reply_to_status_id":null,"source":"web","id_str":"117067691562516480","geo":null,"favorited":false,"id":117067691562516480,"coordinates":null,"in_reply_to_user_id":null,"truncated":false,"text":"Gary: My neighbor's two dogs created more shovel-ready jobs than the Obama Administration #gopdebate #tcot #tlot","name":"GovGaryJohnson","boldText":"Gary: My neighbor's two dogs created more shovel-ready <B>jobs<\/B> than the Obama Administration #gopdebate #tcot #tlot"},{"place":null,"retweet_count":11,"in_reply_to_screen_name":null,"created_at":"Fri Sep 23 01:18:05 +0000 2011","retweeted":false,"in_reply_to_status_id_str":null,"in_reply_to_user_id_str":null,"user":{"time_zone":"Mountain Time (US & Canada)","profile_link_color":"FF0000","protected":false,"default_profile":false,"created_at":"Wed Dec 09 19:25:37 +0000 2009","profile_image_url_https":"https:\/\/si0.twimg.com\/profile_images\/1454302200\/GJTwitter_normal.png","name":"Gov. Gary Johnson","geo_enabled":false,"favourites_count":0,"profile_background_color":"5f94bc","default_profile_image":false,"notifications":null,"profile_background_tile":true,"utc_offset":-25200,"description":"2012 Presidential Candidate and two-term Governor of New Mexico","statuses_count":1527,"following":null,"verified":true,"profile_sidebar_fill_color":"7AC3EE","followers_count":14913,"profile_image_url":"http:\/\/a3.twimg.com\/profile_images\/1454302200\/GJTwitter_normal.png","follow_request_sent":null,"profile_sidebar_border_color":"65B0DA","location":"New Mexico","is_translator":false,"contributors_enabled":false,"screen_name":"GovGaryJohnson","profile_use_background_image":true,"url":"http:\/\/www.GaryJohnson2012.com","id_str":"95713333","show_all_inline_media":false,"profile_background_image_url_https":"https:\/\/si0.twimg.com\/profile_background_images\/312549531\/GJtwitterbg.jpg","profile_text_color":"3D1957","id":95713333,"listed_count":916,"lang":"en","profile_background_image_url":"http:\/\/a0.twimg.com\/profile_background_images\/312549531\/GJtwitterbg.jpg","friends_count":219},"contributors":null,"in_reply_to_status_id":null,"source":"web","id_str":"117045036457263104","geo":null,"favorited":false,"id":117045036457263104,"coordinates":null,"in_reply_to_user_id":null,"truncated":false,"text":"Gary Johnson started a one-man business and grew it to a 1,000+ construction company.  #gopdebate #tcot #tlot","name":"GovGaryJohnson","boldText":"Gary Johnson started a one-man business and grew it to a 1,000+ construction <B>company<\/B>.  #gopdebate #tcot #tlot"},{"place":null,"retweet_count":25,"in_reply_to_screen_name":null,"created_at":"Fri Sep 23 01:11:32 +0000 2011","retweeted":false,"in_reply_to_status_id_str":null,"in_reply_to_user_id_str":null,"user":{"time_zone":"Mountain Time (US & Canada)","profile_link_color":"FF0000","protected":false,"default_profile":false,"created_at":"Wed Dec 09 19:25:37 +0000 2009","profile_image_url_https":"https:\/\/si0.twimg.com\/profile_images\/1454302200\/GJTwitter_normal.png","name":"Gov. Gary Johnson","geo_enabled":false,"favourites_count":0,"profile_background_color":"5f94bc","default_profile_image":false,"notifications":null,"profile_background_tile":true,"utc_offset":-25200,"description":"2012 Presidential Candidate and two-term Governor of New Mexico","statuses_count":1527,"following":null,"verified":true,"profile_sidebar_fill_color":"7AC3EE","followers_count":14913,"profile_image_url":"http:\/\/a3.twimg.com\/profile_images\/1454302200\/GJTwitter_normal.png","follow_request_sent":null,"profile_sidebar_border_color":"65B0DA","location":"New Mexico","is_translator":false,"contributors_enabled":false,"screen_name":"GovGaryJohnson","profile_use_background_image":true,"url":"http:\/\/www.GaryJohnson2012.com","id_str":"95713333","show_all_inline_media":false,"profile_background_image_url_https":"https:\/\/si0.twimg.com\/profile_background_images\/312549531\/GJtwitterbg.jpg","profile_text_color":"3D1957","id":95713333,"listed_count":916,"lang":"en","profile_background_image_url":"http:\/\/a0.twimg.com\/profile_background_images\/312549531\/GJtwitterbg.jpg","friends_count":219},"contributors":null,"in_reply_to_status_id":null,"source":"web","id_str":"117043384841027584","geo":null,"favorited":false,"id":117043384841027584,"coordinates":null,"in_reply_to_user_id":null,"truncated":false,"text":"Gov. Johnson has a jobs plan too! The National Review called him \"the best job creator\" of all the candidates #gopdebate","name":"GovGaryJohnson","boldText":"Gov. Johnson has a <B>jobs<\/B> plan too! The National Review called him \"the best job creator\" of all the candidates #gopdebate"},{"possibly_sensitive":false,"place":null,"retweet_count":14,"in_reply_to_screen_name":null,"created_at":"Wed Sep 21 22:29:35 +0000 2011","retweeted":false,"in_reply_to_status_id_str":null,"in_reply_to_user_id_str":null,"user":{"time_zone":"Mountain Time (US & Canada)","profile_link_color":"FF0000","protected":false,"created_at":"Wed Dec 09 19:25:37 +0000 2009","profile_image_url_https":"https:\/\/si0.twimg.com\/profile_images\/1454302200\/GJTwitter_normal.png","name":"Gov. Gary Johnson","geo_enabled":false,"favourites_count":0,"profile_background_color":"5f94bc","default_profile_image":false,"notifications":false,"profile_background_tile":true,"utc_offset":-25200,"description":"2012 Presidential Candidate and two-term Governor of New Mexico","statuses_count":1526,"following":false,"verified":true,"profile_sidebar_fill_color":"7AC3EE","followers_count":14912,"profile_image_url":"http:\/\/a3.twimg.com\/profile_images\/1454302200\/GJTwitter_normal.png","follow_request_sent":false,"profile_sidebar_border_color":"65B0DA","location":"New Mexico","is_translator":false,"contributors_enabled":false,"screen_name":"GovGaryJohnson","profile_use_background_image":true,"url":"http:\/\/www.GaryJohnson2012.com","id_str":"95713333","show_all_inline_media":false,"profile_background_image_url_https":"https:\/\/si0.twimg.com\/profile_background_images\/312549531\/GJtwitterbg.jpg","profile_text_color":"3D1957","id":95713333,"default_profile":false,"listed_count":916,"lang":"en","profile_background_image_url":"http:\/\/a0.twimg.com\/profile_background_images\/312549531\/GJtwitterbg.jpg","friends_count":219},"contributors":null,"in_reply_to_status_id":null,"source":"web","id_str":"116640242617954304","geo":null,"favorited":false,"id":116640242617954304,"coordinates":null,"in_reply_to_user_id":null,"truncated":false,"text":"From The New Hampshire Street To The Florida Stage: http:\/\/t.co\/gls2Vuik","name":"GovGaryJohnson","boldText":"From The New Hamps<B>hire<\/B> Street To The Florida Stage: http:\/\/t.co\/gls2Vuik"},{"possibly_sensitive":false,"place":null,"retweet_count":19,"in_reply_to_screen_name":null,"created_at":"Fri Sep 16 19:19:00 +0000 2011","retweeted":false,"in_reply_to_status_id_str":null,"in_reply_to_user_id_str":null,"user":{"time_zone":"Mountain Time (US & Canada)","profile_link_color":"FF0000","protected":false,"default_profile":false,"created_at":"Wed Dec 09 19:25:37 +0000 2009","profile_image_url_https":"https:\/\/si0.twimg.com\/profile_images\/1454302200\/GJTwitter_normal.png","name":"Gov. Gary Johnson","geo_enabled":false,"favourites_count":0,"profile_background_color":"5f94bc","default_profile_image":false,"notifications":null,"profile_background_tile":true,"utc_offset":-25200,"description":"2012 Presidential Candidate and two-term Governor of New Mexico","statuses_count":1527,"following":null,"verified":true,"profile_sidebar_fill_color":"7AC3EE","followers_count":14913,"profile_image_url":"http:\/\/a3.twimg.com\/profile_images\/1454302200\/GJTwitter_normal.png","follow_request_sent":null,"profile_sidebar_border_color":"65B0DA","location":"New Mexico","is_translator":false,"contributors_enabled":false,"screen_name":"GovGaryJohnson","profile_use_background_image":true,"url":"http:\/\/www.GaryJohnson2012.com","id_str":"95713333","show_all_inline_media":false,"profile_background_image_url_https":"https:\/\/si0.twimg.com\/profile_background_images\/312549531\/GJtwitterbg.jpg","profile_text_color":"3D1957","id":95713333,"listed_count":916,"lang":"en","profile_background_image_url":"http:\/\/a0.twimg.com\/profile_background_images\/312549531\/GJtwitterbg.jpg","friends_count":219},"contributors":null,"in_reply_to_status_id":null,"source":"web","id_str":"114780342199660544","geo":null,"favorited":false,"id":114780342199660544,"coordinates":null,"in_reply_to_user_id":null,"truncated":false,"text":"I'll be biking 458 miles across New Hampshire Oct 5-11. Check out where I\u2019ll be stopping on my \u201cRide for Freedom\u201d: http:\/\/t.co\/8Ejo3xY7","name":"GovGaryJohnson","boldText":"I'll be biking 458 miles across New Hamps<B>hire<\/B> Oct 5-11. Check out where I\u2019ll be stopping on my \u201cRide for Freedom\u201d: http:\/\/t.co\/8Ejo3xY7"},{"possibly_sensitive":false,"place":null,"retweet_count":12,"in_reply_to_screen_name":null,"created_at":"Thu Sep 15 22:58:12 +0000 2011","retweeted":false,"in_reply_to_status_id_str":null,"in_reply_to_user_id_str":null,"user":{"time_zone":"Mountain Time (US & Canada)","profile_link_color":"FF0000","protected":false,"default_profile":false,"created_at":"Wed Dec 09 19:25:37 +0000 2009","profile_image_url_https":"https:\/\/si0.twimg.com\/profile_images\/1454302200\/GJTwitter_normal.png","name":"Gov. Gary Johnson","geo_enabled":false,"favourites_count":0,"profile_background_color":"5f94bc","default_profile_image":false,"notifications":null,"profile_background_tile":true,"utc_offset":-25200,"description":"2012 Presidential Candidate and two-term Governor of New Mexico","statuses_count":1527,"following":null,"verified":true,"profile_sidebar_fill_color":"7AC3EE","followers_count":14913,"profile_image_url":"http:\/\/a3.twimg.com\/profile_images\/1454302200\/GJTwitter_normal.png","follow_request_sent":null,"profile_sidebar_border_color":"65B0DA","location":"New Mexico","is_translator":false,"contributors_enabled":false,"screen_name":"GovGaryJohnson","profile_use_background_image":true,"url":"http:\/\/www.GaryJohnson2012.com","id_str":"95713333","show_all_inline_media":false,"profile_background_image_url_https":"https:\/\/si0.twimg.com\/profile_background_images\/312549531\/GJtwitterbg.jpg","profile_text_color":"3D1957","id":95713333,"listed_count":916,"lang":"en","profile_background_image_url":"http:\/\/a0.twimg.com\/profile_background_images\/312549531\/GJtwitterbg.jpg","friends_count":219},"contributors":null,"in_reply_to_status_id":null,"source":"web","id_str":"114473118415847424","geo":null,"favorited":false,"id":114473118415847424,"coordinates":null,"in_reply_to_user_id":null,"truncated":false,"text":"I'll be hosting two \"hangouts\" from New Hampshire via Google Plus on Sept 17 & 20: http:\/\/t.co\/rCx00GWL","name":"GovGaryJohnson","boldText":"I'll be hosting two \"hangouts\" from New Hamps<B>hire<\/B> via Google Plus on Sept 17 & 20: http:\/\/t.co\/rCx00GWL"},{"possibly_sensitive":false,"place":null,"retweet_count":6,"in_reply_to_screen_name":null,"created_at":"Wed Sep 14 18:55:44 +0000 2011","retweeted":false,"in_reply_to_status_id_str":null,"in_reply_to_user_id_str":null,"user":{"time_zone":"Mountain Time (US & Canada)","profile_link_color":"FF0000","protected":false,"default_profile":false,"created_at":"Wed Dec 09 19:25:37 +0000 2009","profile_image_url_https":"https:\/\/si0.twimg.com\/profile_images\/1454302200\/GJTwitter_normal.png","name":"Gov. Gary Johnson","geo_enabled":false,"favourites_count":0,"profile_background_color":"5f94bc","default_profile_image":false,"notifications":null,"profile_background_tile":true,"utc_offset":-25200,"description":"2012 Presidential Candidate and two-term Governor of New Mexico","statuses_count":1527,"following":null,"verified":true,"profile_sidebar_fill_color":"7AC3EE","followers_count":14913,"profile_image_url":"http:\/\/a3.twimg.com\/profile_images\/1454302200\/GJTwitter_normal.png","follow_request_sent":null,"profile_sidebar_border_color":"65B0DA","location":"New Mexico","is_translator":false,"contributors_enabled":false,"screen_name":"GovGaryJohnson","profile_use_background_image":true,"url":"http:\/\/www.GaryJohnson2012.com","id_str":"95713333","show_all_inline_media":false,"profile_background_image_url_https":"https:\/\/si0.twimg.com\/profile_background_images\/312549531\/GJtwitterbg.jpg","profile_text_color":"3D1957","id":95713333,"listed_count":916,"lang":"en","profile_background_image_url":"http:\/\/a0.twimg.com\/profile_background_images\/312549531\/GJtwitterbg.jpg","friends_count":219},"contributors":null,"in_reply_to_status_id":null,"source":"web","id_str":"114049708070158336","geo":null,"favorited":false,"id":114049708070158336,"coordinates":null,"in_reply_to_user_id":null,"truncated":false,"text":"I'm heading back to New Hampshire this weekend for my 16th visit in 18 months: http:\/\/t.co\/gCXTsh0","name":"GovGaryJohnson","boldText":"I'm heading back to New Hamps<B>hire<\/B> this weekend for my 16th visit in 18 months: http:\/\/t.co\/gCXTsh0"},{"place":null,"retweet_count":23,"in_reply_to_screen_name":null,"created_at":"Tue Sep 13 01:34:20 +0000 2011","retweeted":false,"in_reply_to_status_id_str":null,"in_reply_to_user_id_str":null,"user":{"time_zone":"Mountain Time (US & Canada)","profile_link_color":"FF0000","protected":false,"default_profile":false,"created_at":"Wed Dec 09 19:25:37 +0000 2009","profile_image_url_https":"https:\/\/si0.twimg.com\/profile_images\/1454302200\/GJTwitter_normal.png","name":"Gov. Gary Johnson","geo_enabled":false,"favourites_count":0,"profile_background_color":"5f94bc","default_profile_image":false,"notifications":null,"profile_background_tile":true,"utc_offset":-25200,"description":"2012 Presidential Candidate and two-term Governor of New Mexico","statuses_count":1527,"following":null,"verified":true,"profile_sidebar_fill_color":"7AC3EE","followers_count":14913,"profile_image_url":"http:\/\/a3.twimg.com\/profile_images\/1454302200\/GJTwitter_normal.png","follow_request_sent":null,"profile_sidebar_border_color":"65B0DA","location":"New Mexico","is_translator":false,"contributors_enabled":false,"screen_name":"GovGaryJohnson","profile_use_background_image":true,"url":"http:\/\/www.GaryJohnson2012.com","id_str":"95713333","show_all_inline_media":false,"profile_background_image_url_https":"https:\/\/si0.twimg.com\/profile_background_images\/312549531\/GJtwitterbg.jpg","profile_text_color":"3D1957","id":95713333,"listed_count":916,"lang":"en","profile_background_image_url":"http:\/\/a0.twimg.com\/profile_background_images\/312549531\/GJtwitterbg.jpg","friends_count":219},"contributors":null,"in_reply_to_status_id":null,"source":"<a href=\"http:\/\/www.tweetdeck.com\" rel=\"nofollow\">TweetDeck<\/a>","id_str":"113425244567519232","geo":null,"favorited":false,"id":113425244567519232,"coordinates":null,"in_reply_to_user_id":null,"truncated":false,"text":"Sponsors is why we have 11 million illegal immigrants. Get government in the business of issuing legal work visas.  A fence will not work","name":"GovGaryJohnson","boldText":"Sponsors is why we have 11 million illegal immigrants. Get government in the business of issuing legal <B>work<\/B> visas.  A fence will not <B>work<\/B>"},{"place":null,"retweet_count":"100+","in_reply_to_screen_name":null,"created_at":"Tue Sep 13 01:30:11 +0000 2011","retweeted":false,"in_reply_to_status_id_str":null,"in_reply_to_user_id_str":null,"user":{"time_zone":"Mountain Time (US & Canada)","profile_link_color":"FF0000","protected":false,"default_profile":false,"created_at":"Wed Dec 09 19:25:37 +0000 2009","profile_image_url_https":"https:\/\/si0.twimg.com\/profile_images\/1454302200\/GJTwitter_normal.png","name":"Gov. Gary Johnson","geo_enabled":false,"favourites_count":0,"profile_background_color":"5f94bc","default_profile_image":false,"notifications":null,"profile_background_tile":true,"utc_offset":-25200,"description":"2012 Presidential Candidate and two-term Governor of New Mexico","statuses_count":1527,"following":null,"verified":true,"profile_sidebar_fill_color":"7AC3EE","followers_count":14913,"profile_image_url":"http:\/\/a3.twimg.com\/profile_images\/1454302200\/GJTwitter_normal.png","follow_request_sent":null,"profile_sidebar_border_color":"65B0DA","location":"New Mexico","is_translator":false,"contributors_enabled":false,"screen_name":"GovGaryJohnson","profile_use_background_image":true,"url":"http:\/\/www.GaryJohnson2012.com","id_str":"95713333","show_all_inline_media":false,"profile_background_image_url_https":"https:\/\/si0.twimg.com\/profile_background_images\/312549531\/GJtwitterbg.jpg","profile_text_color":"3D1957","id":95713333,"listed_count":916,"lang":"en","profile_background_image_url":"http:\/\/a0.twimg.com\/profile_background_images\/312549531\/GJtwitterbg.jpg","friends_count":219},"contributors":null,"in_reply_to_status_id":null,"source":"<a href=\"http:\/\/www.tweetdeck.com\" rel=\"nofollow\">TweetDeck<\/a>","id_str":"113424203079880704","geo":null,"favorited":false,"id":113424203079880704,"coordinates":null,"in_reply_to_user_id":null,"truncated":false,"text":"Set up a grace period to give 11 million illegals a work visa that would entail a background check. No fence, legalize marijuana","name":"GovGaryJohnson","boldText":"Set up a grace period to give 11 million illegals a <B>work<\/B> visa that would entail a background check. No fence, legalize marijuana"},{"place":null,"retweet_count":21,"in_reply_to_screen_name":null,"created_at":"Tue Sep 13 01:09:46 +0000 2011","retweeted":false,"in_reply_to_status_id_str":null,"in_reply_to_user_id_str":null,"user":{"time_zone":"Mountain Time (US & Canada)","profile_link_color":"FF0000","protected":false,"default_profile":false,"created_at":"Wed Dec 09 19:25:37 +0000 2009","profile_image_url_https":"https:\/\/si0.twimg.com\/profile_images\/1454302200\/GJTwitter_normal.png","name":"Gov. Gary Johnson","geo_enabled":false,"favourites_count":0,"profile_background_color":"5f94bc","default_profile_image":false,"notifications":null,"profile_background_tile":true,"utc_offset":-25200,"description":"2012 Presidential Candidate and two-term Governor of New Mexico","statuses_count":1527,"following":null,"verified":true,"profile_sidebar_fill_color":"7AC3EE","followers_count":14913,"profile_image_url":"http:\/\/a3.twimg.com\/profile_images\/1454302200\/GJTwitter_normal.png","follow_request_sent":null,"profile_sidebar_border_color":"65B0DA","location":"New Mexico","is_translator":false,"contributors_enabled":false,"screen_name":"GovGaryJohnson","profile_use_background_image":true,"url":"http:\/\/www.GaryJohnson2012.com","id_str":"95713333","show_all_inline_media":false,"profile_background_image_url_https":"https:\/\/si0.twimg.com\/profile_background_images\/312549531\/GJtwitterbg.jpg","profile_text_color":"3D1957","id":95713333,"listed_count":916,"lang":"en","profile_background_image_url":"http:\/\/a0.twimg.com\/profile_background_images\/312549531\/GJtwitterbg.jpg","friends_count":219},"contributors":null,"in_reply_to_status_id":null,"source":"<a href=\"http:\/\/www.tweetdeck.com\" rel=\"nofollow\">TweetDeck<\/a>","id_str":"113419063371366400","geo":null,"favorited":false,"id":113419063371366400,"coordinates":null,"in_reply_to_user_id":null,"truncated":false,"text":"Executive orders work on behalf of the executive.  as President I would use executive orders to advance an agenda of freedom and liberty","name":"GovGaryJohnson","boldText":"Executive orders <B>work<\/B> on behalf of the executive.  as President I would use executive orders to advance an agenda of freedom and liberty"},{"place":null,"retweet_count":26,"in_reply_to_screen_name":null,"created_at":"Tue Sep 13 00:49:17 +0000 2011","retweeted":false,"in_reply_to_status_id_str":null,"in_reply_to_user_id_str":null,"user":{"time_zone":"Mountain Time (US & Canada)","profile_link_color":"FF0000","protected":false,"default_profile":false,"created_at":"Wed Dec 09 19:25:37 +0000 2009","profile_image_url_https":"https:\/\/si0.twimg.com\/profile_images\/1454302200\/GJTwitter_normal.png","name":"Gov. Gary Johnson","geo_enabled":false,"favourites_count":0,"profile_background_color":"5f94bc","default_profile_image":false,"notifications":null,"profile_background_tile":true,"utc_offset":-25200,"description":"2012 Presidential Candidate and two-term Governor of New Mexico","statuses_count":1527,"following":null,"verified":true,"profile_sidebar_fill_color":"7AC3EE","followers_count":14913,"profile_image_url":"http:\/\/a3.twimg.com\/profile_images\/1454302200\/GJTwitter_normal.png","follow_request_sent":null,"profile_sidebar_border_color":"65B0DA","location":"New Mexico","is_translator":false,"contributors_enabled":false,"screen_name":"GovGaryJohnson","profile_use_background_image":true,"url":"http:\/\/www.GaryJohnson2012.com","id_str":"95713333","show_all_inline_media":false,"profile_background_image_url_https":"https:\/\/si0.twimg.com\/profile_background_images\/312549531\/GJtwitterbg.jpg","profile_text_color":"3D1957","id":95713333,"listed_count":916,"lang":"en","profile_background_image_url":"http:\/\/a0.twimg.com\/profile_background_images\/312549531\/GJtwitterbg.jpg","friends_count":219},"contributors":null,"in_reply_to_status_id":null,"source":"<a href=\"http:\/\/www.tweetdeck.com\" rel=\"nofollow\">TweetDeck<\/a>","id_str":"113413907326042113","geo":null,"favorited":false,"id":113413907326042113,"coordinates":null,"in_reply_to_user_id":null,"truncated":false,"text":"Fair tax- no income tax, IRS, no corporate tax, no federal withholdings for SS, Medicare, unemployment","name":"GovGaryJohnson","boldText":"Fair tax- no income tax, IRS, no corporate tax, no federal withholdings for SS, Medicare, <B>un<B>employment<\/B><\/B>"},{"place":null,"retweet_count":14,"in_reply_to_screen_name":null,"created_at":"Tue Sep 13 00:45:01 +0000 2011","retweeted":false,"in_reply_to_status_id_str":null,"in_reply_to_user_id_str":null,"user":{"time_zone":"Mountain Time (US & Canada)","profile_link_color":"FF0000","protected":false,"default_profile":false,"created_at":"Wed Dec 09 19:25:37 +0000 2009","profile_image_url_https":"https:\/\/si0.twimg.com\/profile_images\/1454302200\/GJTwitter_normal.png","name":"Gov. Gary Johnson","geo_enabled":false,"favourites_count":0,"profile_background_color":"5f94bc","default_profile_image":false,"notifications":null,"profile_background_tile":true,"utc_offset":-25200,"description":"2012 Presidential Candidate and two-term Governor of New Mexico","statuses_count":1527,"following":null,"verified":true,"profile_sidebar_fill_color":"7AC3EE","followers_count":14913,"profile_image_url":"http:\/\/a3.twimg.com\/profile_images\/1454302200\/GJTwitter_normal.png","follow_request_sent":null,"profile_sidebar_border_color":"65B0DA","location":"New Mexico","is_translator":false,"contributors_enabled":false,"screen_name":"GovGaryJohnson","profile_use_background_image":true,"url":"http:\/\/www.GaryJohnson2012.com","id_str":"95713333","show_all_inline_media":false,"profile_background_image_url_https":"https:\/\/si0.twimg.com\/profile_background_images\/312549531\/GJtwitterbg.jpg","profile_text_color":"3D1957","id":95713333,"listed_count":916,"lang":"en","profile_background_image_url":"http:\/\/a0.twimg.com\/profile_background_images\/312549531\/GJtwitterbg.jpg","friends_count":219},"contributors":null,"in_reply_to_status_id":null,"source":"<a href=\"http:\/\/www.tweetdeck.com\" rel=\"nofollow\">TweetDeck<\/a>","id_str":"113412835270340609","geo":null,"favorited":false,"id":113412835270340609,"coordinates":null,"in_reply_to_user_id":null,"truncated":false,"text":"I think I had the best record on jobs as governor. I grew a business from a 1 person operation--me, to employ over a thousand people","name":"GovGaryJohnson","boldText":"I think I had the best record on <B>jobs<\/B> as governor. I grew a business from a 1 person operation--me, to employ over a thousand people"},{"place":null,"retweet_count":22,"in_reply_to_screen_name":null,"created_at":"Tue Sep 13 00:00:46 +0000 2011","retweeted":false,"in_reply_to_status_id_str":null,"in_reply_to_user_id_str":null,"user":{"time_zone":"Mountain Time (US & Canada)","profile_link_color":"FF0000","protected":false,"default_profile":false,"created_at":"Wed Dec 09 19:25:37 +0000 2009","profile_image_url_https":"https:\/\/si0.twimg.com\/profile_images\/1454302200\/GJTwitter_normal.png","name":"Gov. Gary Johnson","geo_enabled":false,"favourites_count":0,"profile_background_color":"5f94bc","default_profile_image":false,"notifications":null,"profile_background_tile":true,"utc_offset":-25200,"description":"2012 Presidential Candidate and two-term Governor of New Mexico","statuses_count":1527,"following":null,"verified":true,"profile_sidebar_fill_color":"7AC3EE","followers_count":14913,"profile_image_url":"http:\/\/a3.twimg.com\/profile_images\/1454302200\/GJTwitter_normal.png","follow_request_sent":null,"profile_sidebar_border_color":"65B0DA","location":"New Mexico","is_translator":false,"contributors_enabled":false,"screen_name":"GovGaryJohnson","profile_use_background_image":true,"url":"http:\/\/www.GaryJohnson2012.com","id_str":"95713333","show_all_inline_media":false,"profile_background_image_url_https":"https:\/\/si0.twimg.com\/profile_background_images\/312549531\/GJtwitterbg.jpg","profile_text_color":"3D1957","id":95713333,"listed_count":916,"lang":"en","profile_background_image_url":"http:\/\/a0.twimg.com\/profile_background_images\/312549531\/GJtwitterbg.jpg","friends_count":219},"contributors":null,"in_reply_to_status_id":null,"source":"<a href=\"http:\/\/www.tweetdeck.com\" rel=\"nofollow\">TweetDeck<\/a>","id_str":"113401699045081088","geo":null,"favorited":false,"id":113401699045081088,"coordinates":null,"in_reply_to_user_id":null,"truncated":false,"text":"Jobs get created by eliminating the federal corporation tax. I propose scrapping all existing fed taxes and replacing them with the fair tax","name":"GovGaryJohnson","boldText":"Jobs get created by eliminating the federal corporation tax. I propose scrapping all existing fed <B>taxes<\/B> and replacing them with the fair tax"},{"possibly_sensitive":false,"place":null,"retweet_count":58,"in_reply_to_screen_name":null,"created_at":"Thu Sep 08 23:52:28 +0000 2011","retweeted":false,"in_reply_to_status_id_str":null,"in_reply_to_user_id_str":null,"user":{"time_zone":"Mountain Time (US & Canada)","profile_link_color":"FF0000","protected":false,"default_profile":false,"created_at":"Wed Dec 09 19:25:37 +0000 2009","profile_image_url_https":"https:\/\/si0.twimg.com\/profile_images\/1454302200\/GJTwitter_normal.png","name":"Gov. Gary Johnson","geo_enabled":false,"favourites_count":0,"profile_background_color":"5f94bc","default_profile_image":false,"notifications":null,"profile_background_tile":true,"utc_offset":-25200,"description":"2012 Presidential Candidate and two-term Governor of New Mexico","statuses_count":1527,"following":null,"verified":true,"profile_sidebar_fill_color":"7AC3EE","followers_count":14913,"profile_image_url":"http:\/\/a3.twimg.com\/profile_images\/1454302200\/GJTwitter_normal.png","follow_request_sent":null,"profile_sidebar_border_color":"65B0DA","location":"New Mexico","is_translator":false,"contributors_enabled":false,"screen_name":"GovGaryJohnson","profile_use_background_image":true,"url":"http:\/\/www.GaryJohnson2012.com","id_str":"95713333","show_all_inline_media":false,"profile_background_image_url_https":"https:\/\/si0.twimg.com\/profile_background_images\/312549531\/GJtwitterbg.jpg","profile_text_color":"3D1957","id":95713333,"listed_count":916,"lang":"en","profile_background_image_url":"http:\/\/a0.twimg.com\/profile_background_images\/312549531\/GJtwitterbg.jpg","friends_count":219},"contributors":null,"in_reply_to_status_id":null,"source":"web","id_str":"111950060362792960","geo":null,"favorited":false,"id":111950060362792960,"coordinates":null,"in_reply_to_user_id":null,"truncated":false,"text":"Gary Johnson on Jobs Speech: Stop Helping Us To Death: http:\/\/t.co\/KEAmkoH","name":"GovGaryJohnson","boldText":"Gary Johnson on <B>Jobs<\/B> Speech: Stop Helping Us To Death: http:\/\/t.co\/KEAmkoH"},{"place":null,"retweet_count":23,"in_reply_to_screen_name":null,"created_at":"Wed Sep 07 23:56:08 +0000 2011","retweeted":false,"in_reply_to_status_id_str":null,"in_reply_to_user_id_str":null,"user":{"time_zone":"Mountain Time (US & Canada)","profile_link_color":"FF0000","protected":false,"default_profile":false,"created_at":"Wed Dec 09 19:25:37 +0000 2009","profile_image_url_https":"https:\/\/si0.twimg.com\/profile_images\/1454302200\/GJTwitter_normal.png","name":"Gov. Gary Johnson","geo_enabled":false,"favourites_count":0,"profile_background_color":"5f94bc","default_profile_image":false,"notifications":null,"profile_background_tile":true,"utc_offset":-25200,"description":"2012 Presidential Candidate and two-term Governor of New Mexico","statuses_count":1527,"following":null,"verified":true,"profile_sidebar_fill_color":"7AC3EE","followers_count":14913,"profile_image_url":"http:\/\/a3.twimg.com\/profile_images\/1454302200\/GJTwitter_normal.png","follow_request_sent":null,"profile_sidebar_border_color":"65B0DA","location":"New Mexico","is_translator":false,"contributors_enabled":false,"screen_name":"GovGaryJohnson","profile_use_background_image":true,"url":"http:\/\/www.GaryJohnson2012.com","id_str":"95713333","show_all_inline_media":false,"profile_background_image_url_https":"https:\/\/si0.twimg.com\/profile_background_images\/312549531\/GJtwitterbg.jpg","profile_text_color":"3D1957","id":95713333,"listed_count":916,"lang":"en","profile_background_image_url":"http:\/\/a0.twimg.com\/profile_background_images\/312549531\/GJtwitterbg.jpg","friends_count":219},"contributors":null,"in_reply_to_status_id":null,"source":"web","id_str":"111588593612488704","geo":null,"favorited":false,"id":111588593612488704,"coordinates":null,"in_reply_to_user_id":null,"truncated":false,"text":"Enact the FAIR Tax, which will eliminate the corporate tax entirely and create millions of jobs.","name":"GovGaryJohnson","boldText":"Enact the FAIR Tax, which will eliminate the corporate tax entirely and create millions of <B>jobs<\/B>."}]