[{"place":null,"retweet_count":20,"in_reply_to_screen_name":null,"created_at":"Fri Sep 23 02:03:25 +0000 2011","retweeted":false,"in_reply_to_status_id_str":null,"in_reply_to_user_id_str":null,"user":{"time_zone":"Mountain Time (US & Canada)","profile_link_color":"FF0000","protected":false,"default_profile":false,"created_at":"Wed Dec 09 19:25:37 +0000 2009","profile_image_url_https":"https:\/\/si0.twimg.com\/profile_images\/1454302200\/GJTwitter_normal.png","name":"Gov. Gary Johnson","geo_enabled":false,"favourites_count":0,"profile_background_color":"5f94bc","default_profile_image":false,"notifications":null,"profile_background_tile":true,"utc_offset":-25200,"description":"2012 Presidential Candidate and two-term Governor of New Mexico","statuses_count":1527,"following":null,"verified":true,"profile_sidebar_fill_color":"7AC3EE","followers_count":14913,"profile_image_url":"http:\/\/a3.twimg.com\/profile_images\/1454302200\/GJTwitter_normal.png","follow_request_sent":null,"profile_sidebar_border_color":"65B0DA","location":"New Mexico","is_translator":false,"contributors_enabled":false,"screen_name":"GovGaryJohnson","profile_use_background_image":true,"url":"http:\/\/www.GaryJohnson2012.com","id_str":"95713333","show_all_inline_media":false,"profile_background_image_url_https":"https:\/\/si0.twimg.com\/profile_background_images\/312549531\/GJtwitterbg.jpg","profile_text_color":"3D1957","id":95713333,"listed_count":916,"lang":"en","profile_background_image_url":"http:\/\/a0.twimg.com\/profile_background_images\/312549531\/GJtwitterbg.jpg","friends_count":219},"contributors":null,"in_reply_to_status_id":null,"source":"web","id_str":"117056444771209216","geo":null,"favorited":false,"id":117056444771209216,"coordinates":null,"in_reply_to_user_id":null,"truncated":false,"text":"Gov J: only candidate advocating balanced budget in year 2013. DC needs to tackle big issues: Medicaid, Medicare, SS and defense. #gopdebate","name":"GovGaryJohnson","boldText":"Gov J: only candidate advocating balanced budget in year 2013. DC needs to tackle big issues: Medicaid, Medicare,<B> SS <\/B>and defense. #gopdebate"},{"place":null,"retweet_count":5,"in_reply_to_screen_name":null,"created_at":"Tue Sep 13 01:04:23 +0000 2011","retweeted":false,"in_reply_to_status_id_str":null,"in_reply_to_user_id_str":null,"user":{"time_zone":"Mountain Time (US & Canada)","profile_link_color":"FF0000","protected":false,"default_profile":false,"created_at":"Wed Dec 09 19:25:37 +0000 2009","profile_image_url_https":"https:\/\/si0.twimg.com\/profile_images\/1454302200\/GJTwitter_normal.png","name":"Gov. Gary Johnson","geo_enabled":false,"favourites_count":0,"profile_background_color":"5f94bc","default_profile_image":false,"notifications":null,"profile_background_tile":true,"utc_offset":-25200,"description":"2012 Presidential Candidate and two-term Governor of New Mexico","statuses_count":1527,"following":null,"verified":true,"profile_sidebar_fill_color":"7AC3EE","followers_count":14913,"profile_image_url":"http:\/\/a3.twimg.com\/profile_images\/1454302200\/GJTwitter_normal.png","follow_request_sent":null,"profile_sidebar_border_color":"65B0DA","location":"New Mexico","is_translator":false,"contributors_enabled":false,"screen_name":"GovGaryJohnson","profile_use_background_image":true,"url":"http:\/\/www.GaryJohnson2012.com","id_str":"95713333","show_all_inline_media":false,"profile_background_image_url_https":"https:\/\/si0.twimg.com\/profile_background_images\/312549531\/GJtwitterbg.jpg","profile_text_color":"3D1957","id":95713333,"listed_count":916,"lang":"en","profile_background_image_url":"http:\/\/a0.twimg.com\/profile_background_images\/312549531\/GJtwitterbg.jpg","friends_count":219},"contributors":null,"in_reply_to_status_id":null,"source":"<a href=\"http:\/\/www.tweetdeck.com\" rel=\"nofollow\">TweetDeck<\/a>","id_str":"113417710150483968","geo":null,"favorited":false,"id":113417710150483968,"coordinates":null,"in_reply_to_user_id":null,"truncated":false,"text":"Oil and gas is NM biggest industry. The only breaks oil and gas gets benefits everyone by generating more state and federal revenue","name":"GovGaryJohnson","boldText":"Oil and gas is NM biggest industry. The only breaks oil and gas gets <B>benefits<\/B> everyone by generating more state and federal revenue"},{"place":null,"retweet_count":24,"in_reply_to_screen_name":null,"created_at":"Tue Sep 13 00:23:55 +0000 2011","retweeted":false,"in_reply_to_status_id_str":null,"in_reply_to_user_id_str":null,"user":{"time_zone":"Mountain Time (US & Canada)","profile_link_color":"FF0000","protected":false,"default_profile":false,"created_at":"Wed Dec 09 19:25:37 +0000 2009","profile_image_url_https":"https:\/\/si0.twimg.com\/profile_images\/1454302200\/GJTwitter_normal.png","name":"Gov. Gary Johnson","geo_enabled":false,"favourites_count":0,"profile_background_color":"5f94bc","default_profile_image":false,"notifications":null,"profile_background_tile":true,"utc_offset":-25200,"description":"2012 Presidential Candidate and two-term Governor of New Mexico","statuses_count":1527,"following":null,"verified":true,"profile_sidebar_fill_color":"7AC3EE","followers_count":14913,"profile_image_url":"http:\/\/a3.twimg.com\/profile_images\/1454302200\/GJTwitter_normal.png","follow_request_sent":null,"profile_sidebar_border_color":"65B0DA","location":"New Mexico","is_translator":false,"contributors_enabled":false,"screen_name":"GovGaryJohnson","profile_use_background_image":true,"url":"http:\/\/www.GaryJohnson2012.com","id_str":"95713333","show_all_inline_media":false,"profile_background_image_url_https":"https:\/\/si0.twimg.com\/profile_background_images\/312549531\/GJtwitterbg.jpg","profile_text_color":"3D1957","id":95713333,"listed_count":916,"lang":"en","profile_background_image_url":"http:\/\/a0.twimg.com\/profile_background_images\/312549531\/GJtwitterbg.jpg","friends_count":219},"contributors":null,"in_reply_to_status_id":null,"source":"<a href=\"http:\/\/www.tweetdeck.com\" rel=\"nofollow\">TweetDeck<\/a>","id_str":"113407525986107392","geo":null,"favorited":false,"id":113407525986107392,"coordinates":null,"in_reply_to_user_id":null,"truncated":false,"text":"Raise the retirement age, implement means testing, tie the increases in SS to inflation rate, and allow for SS to be self directed","name":"GovGaryJohnson","boldText":"Raise the <B>retirement<\/B> age, implement means testing, tie the increases in<B> SS <\/B>to inflation rate, and allow for<B> SS <\/B>to be self directed"}]