[{"possibly_sensitive":false,"place":null,"retweet_count":0,"in_reply_to_screen_name":null,"created_at":"Thu Nov 03 20:42:16 +0000 2011","retweeted":false,"in_reply_to_status_id_str":null,"in_reply_to_user_id_str":null,"user":{"time_zone":"Pacific Time (US & Canada)","profile_link_color":"0084B4","protected":false,"created_at":"Fri Jan 21 03:31:07 +0000 2011","profile_image_url_https":"https:\/\/si0.twimg.com\/profile_images\/1227055629\/images_normal.jpg","name":"Mittisms","default_profile":true,"geo_enabled":false,"favourites_count":127,"profile_background_color":"C0DEED","default_profile_image":false,"notifications":null,"profile_background_tile":false,"utc_offset":-28800,"description":"Unofficial site dedicated to the wit and Presidential wisdom of Mitt Romney! #tcot #gomitt #noapology","statuses_count":12940,"following":null,"verified":false,"profile_sidebar_fill_color":"DDEEF6","followers_count":1739,"profile_image_url":"http:\/\/a1.twimg.com\/profile_images\/1227055629\/images_normal.jpg","follow_request_sent":null,"profile_sidebar_border_color":"C0DEED","location":"USA! USA! USA!","is_translator":false,"contributors_enabled":false,"screen_name":"Mittisms","profile_use_background_image":true,"url":"http:\/\/www.mittromney.com","id_str":"240955589","show_all_inline_media":false,"profile_background_image_url_https":"https:\/\/si0.twimg.com\/images\/themes\/theme1\/bg.png","profile_text_color":"333333","id":240955589,"listed_count":20,"lang":"en","profile_background_image_url":"http:\/\/a0.twimg.com\/images\/themes\/theme1\/bg.png","friends_count":2002},"contributors":null,"in_reply_to_status_id":null,"source":"web","id_str":"132195913358786560","geo":null,"favorited":false,"id":132195913358786560,"coordinates":null,"in_reply_to_user_id":null,"truncated":false,"text":"\"I welcome renewable energy, but as an old venture capitalist myself, no more Solyndra's!\"~ Mitt Romney http:\/\/t.co\/S3tW2jgx #tcot #teaparty","name":"Mittisms","boldText":"\"I welcome <B>renewable energy<\/B>, but as an old venture capitalist myself, no more Solyndra's!\"~ Mitt Romney http:\/\/t.co\/S3tW2jgx #tcot #teaparty"},{"possibly_sensitive":false,"place":null,"retweet_count":0,"in_reply_to_screen_name":null,"created_at":"Fri Oct 28 20:36:13 +0000 2011","retweeted":false,"in_reply_to_status_id_str":null,"in_reply_to_user_id_str":null,"user":{"default_profile":false,"time_zone":"Mountain Time (US & Canada)","profile_link_color":"1F98C7","protected":false,"created_at":"Mon Feb 02 15:43:42 +0000 2009","profile_image_url_https":"https:\/\/si0.twimg.com\/profile_images\/511815003\/twitterProfilePhoto_normal.jpg","name":"Mitt Romney in 2012!","geo_enabled":false,"favourites_count":2,"profile_background_color":"C6E2EE","default_profile_image":false,"notifications":null,"profile_background_tile":false,"utc_offset":-25200,"description":"RSS feed from PlanetRomney.org - a pro-Romney blog aggregator. Shamelessly promoting Mitt Romney for President in 2012!","statuses_count":7951,"following":null,"verified":false,"profile_sidebar_fill_color":"DAECF4","followers_count":10270,"profile_image_url":"http:\/\/a1.twimg.com\/profile_images\/511815003\/twitterProfilePhoto_normal.jpg","follow_request_sent":null,"profile_sidebar_border_color":"C6E2EE","location":"USA","is_translator":false,"contributors_enabled":false,"screen_name":"PlanetRomney","profile_use_background_image":true,"url":"http:\/\/planetromney.org","id_str":"19912372","show_all_inline_media":false,"profile_background_image_url_https":"https:\/\/si0.twimg.com\/profile_background_images\/5996670\/atwitterplanet.png","profile_text_color":"663B12","id":19912372,"listed_count":300,"lang":"en","profile_background_image_url":"http:\/\/a3.twimg.com\/profile_background_images\/5996670\/atwitterplanet.png","friends_count":7132},"contributors":null,"in_reply_to_status_id":null,"source":"<a href=\"http:\/\/twitterfeed.com\" rel=\"nofollow\">twitterfeed<\/a>","id_str":"130020064333279232","geo":null,"favorited":false,"id":130020064333279232,"coordinates":null,"in_reply_to_user_id":null,"truncated":false,"text":"#tcot Solid Principles: Mitt Romney remains cool to climate science: \u00a0\nBy DARREN SAMUELSOHN \nMitt Romney is stil... http:\/\/t.co\/c06AO9f5","name":"PlanetRomney","boldText":"#tcot Solid Principles: Mitt Romney remains cool to <B>climate<\/B> science: \u00a0\nBy DARREN SAMUELSOHN \nMitt Romney is stil... http:\/\/t.co\/c06AO9f5"},{"possibly_sensitive":false,"place":null,"retweet_count":1,"in_reply_to_screen_name":null,"created_at":"Fri Oct 28 20:27:30 +0000 2011","retweeted":false,"in_reply_to_status_id_str":null,"in_reply_to_user_id_str":null,"user":{"default_profile":false,"time_zone":"Mountain Time (US & Canada)","profile_link_color":"1F98C7","protected":false,"created_at":"Mon Feb 02 15:43:42 +0000 2009","profile_image_url_https":"https:\/\/si0.twimg.com\/profile_images\/511815003\/twitterProfilePhoto_normal.jpg","name":"Mitt Romney in 2012!","geo_enabled":false,"favourites_count":2,"profile_background_color":"C6E2EE","default_profile_image":false,"notifications":null,"profile_background_tile":false,"utc_offset":-25200,"description":"RSS feed from PlanetRomney.org - a pro-Romney blog aggregator. Shamelessly promoting Mitt Romney for President in 2012!","statuses_count":7951,"following":null,"verified":false,"profile_sidebar_fill_color":"DAECF4","followers_count":10270,"profile_image_url":"http:\/\/a1.twimg.com\/profile_images\/511815003\/twitterProfilePhoto_normal.jpg","follow_request_sent":null,"profile_sidebar_border_color":"C6E2EE","location":"USA","is_translator":false,"contributors_enabled":false,"screen_name":"PlanetRomney","profile_use_background_image":true,"url":"http:\/\/planetromney.org","id_str":"19912372","show_all_inline_media":false,"profile_background_image_url_https":"https:\/\/si0.twimg.com\/profile_background_images\/5996670\/atwitterplanet.png","profile_text_color":"663B12","id":19912372,"listed_count":300,"lang":"en","profile_background_image_url":"http:\/\/a3.twimg.com\/profile_background_images\/5996670\/atwitterplanet.png","friends_count":7132},"contributors":null,"in_reply_to_status_id":null,"source":"<a href=\"http:\/\/www.google.com\/\" rel=\"nofollow\">Google<\/a>","id_str":"130017869202341891","geo":null,"favorited":false,"id":130017869202341891,"coordinates":null,"in_reply_to_user_id":null,"truncated":false,"text":"Solid Principles: Mitt Romney remains cool to climate science http:\/\/t.co\/xD2CNC2a #mitt2012","name":"PlanetRomney","boldText":"Solid Principles: Mitt Romney remains cool to <B>climate<\/B> science http:\/\/t.co\/xD2CNC2a #mitt2012"},{"possibly_sensitive":false,"place":null,"retweet_count":1,"in_reply_to_screen_name":null,"created_at":"Wed Oct 26 20:41:43 +0000 2011","retweeted":false,"in_reply_to_status_id_str":null,"in_reply_to_user_id_str":null,"user":{"default_profile":false,"time_zone":"Mountain Time (US & Canada)","profile_link_color":"1F98C7","protected":false,"created_at":"Mon Feb 02 15:43:42 +0000 2009","profile_image_url_https":"https:\/\/si0.twimg.com\/profile_images\/511815003\/twitterProfilePhoto_normal.jpg","name":"Mitt Romney in 2012!","geo_enabled":false,"favourites_count":2,"profile_background_color":"C6E2EE","default_profile_image":false,"notifications":null,"profile_background_tile":false,"utc_offset":-25200,"description":"RSS feed from PlanetRomney.org - a pro-Romney blog aggregator. Shamelessly promoting Mitt Romney for President in 2012!","statuses_count":7951,"following":null,"verified":false,"profile_sidebar_fill_color":"DAECF4","followers_count":10270,"profile_image_url":"http:\/\/a1.twimg.com\/profile_images\/511815003\/twitterProfilePhoto_normal.jpg","follow_request_sent":null,"profile_sidebar_border_color":"C6E2EE","location":"USA","is_translator":false,"contributors_enabled":false,"screen_name":"PlanetRomney","profile_use_background_image":true,"url":"http:\/\/planetromney.org","id_str":"19912372","show_all_inline_media":false,"profile_background_image_url_https":"https:\/\/si0.twimg.com\/profile_background_images\/5996670\/atwitterplanet.png","profile_text_color":"663B12","id":19912372,"listed_count":300,"lang":"en","profile_background_image_url":"http:\/\/a3.twimg.com\/profile_background_images\/5996670\/atwitterplanet.png","friends_count":7132},"contributors":null,"in_reply_to_status_id":null,"source":"<a href=\"http:\/\/twitterfeed.com\" rel=\"nofollow\">twitterfeed<\/a>","id_str":"129296670407139329","geo":null,"favorited":false,"id":129296670407139329,"coordinates":null,"in_reply_to_user_id":null,"truncated":false,"text":"#tcot Mitt Romney Central: Romney\u2019s Op-Ed: Obama, Green Jobs, Cronyism \/ End American Decline With Romney\u2019s 59!:... http:\/\/t.co\/SuAqZUP7","name":"PlanetRomney","boldText":"#tcot Mitt Romney Central: Romney\u2019s Op-Ed: Obama, <B>Green<\/B> Jobs, Cronyism \/ End American Decline With Romney\u2019s 59!:... http:\/\/t.co\/SuAqZUP7"},{"possibly_sensitive":false,"place":null,"retweet_count":1,"in_reply_to_screen_name":null,"created_at":"Wed Oct 26 20:28:27 +0000 2011","retweeted":false,"in_reply_to_status_id_str":null,"in_reply_to_user_id_str":null,"user":{"default_profile":false,"time_zone":"Mountain Time (US & Canada)","profile_link_color":"1F98C7","protected":false,"created_at":"Mon Feb 02 15:43:42 +0000 2009","profile_image_url_https":"https:\/\/si0.twimg.com\/profile_images\/511815003\/twitterProfilePhoto_normal.jpg","name":"Mitt Romney in 2012!","geo_enabled":false,"favourites_count":2,"profile_background_color":"C6E2EE","default_profile_image":false,"notifications":null,"profile_background_tile":false,"utc_offset":-25200,"description":"RSS feed from PlanetRomney.org - a pro-Romney blog aggregator. Shamelessly promoting Mitt Romney for President in 2012!","statuses_count":7951,"following":null,"verified":false,"profile_sidebar_fill_color":"DAECF4","followers_count":10270,"profile_image_url":"http:\/\/a1.twimg.com\/profile_images\/511815003\/twitterProfilePhoto_normal.jpg","follow_request_sent":null,"profile_sidebar_border_color":"C6E2EE","location":"USA","is_translator":false,"contributors_enabled":false,"screen_name":"PlanetRomney","profile_use_background_image":true,"url":"http:\/\/planetromney.org","id_str":"19912372","show_all_inline_media":false,"profile_background_image_url_https":"https:\/\/si0.twimg.com\/profile_background_images\/5996670\/atwitterplanet.png","profile_text_color":"663B12","id":19912372,"listed_count":300,"lang":"en","profile_background_image_url":"http:\/\/a3.twimg.com\/profile_background_images\/5996670\/atwitterplanet.png","friends_count":7132},"contributors":null,"in_reply_to_status_id":null,"source":"<a href=\"http:\/\/www.google.com\/\" rel=\"nofollow\">Google<\/a>","id_str":"129293334236774400","geo":null,"favorited":false,"id":129293334236774400,"coordinates":null,"in_reply_to_user_id":null,"truncated":false,"text":"Mitt Romney Central: Romney\u2019s Op-Ed: Obama, Green Jobs, Cronyism \/ End American\u2026 http:\/\/t.co\/o0pnezQ4 #mitt2012","name":"PlanetRomney","boldText":"Mitt Romney Central: Romney\u2019s Op-Ed: Obama, <B>Green<\/B> Jobs, Cronyism \/ End American\u2026 http:\/\/t.co\/o0pnezQ4 #mitt2012"},{"possibly_sensitive":false,"place":null,"retweet_count":1,"in_reply_to_screen_name":null,"created_at":"Wed Oct 26 19:22:17 +0000 2011","retweeted":false,"in_reply_to_status_id_str":null,"in_reply_to_user_id_str":null,"user":{"time_zone":"Mountain Time (US & Canada)","profile_link_color":"da261c","protected":false,"created_at":"Tue Dec 23 08:35:59 +0000 2008","profile_image_url_https":"https:\/\/si0.twimg.com\/profile_images\/557413765\/mr12-button-twitter_normal.png","name":"Mitt Romney Central","geo_enabled":false,"favourites_count":1,"profile_background_color":"144189","default_profile_image":false,"notifications":null,"profile_background_tile":false,"utc_offset":-25200,"description":"MittRomneyCentral.com is a grassroots blog\/forum\/store\/community dedicated to promoting Mitt Romney for President in 2012! ","statuses_count":5603,"following":null,"verified":false,"profile_sidebar_fill_color":"d6d8d9","followers_count":5668,"profile_image_url":"http:\/\/a2.twimg.com\/profile_images\/557413765\/mr12-button-twitter_normal.png","default_profile":false,"follow_request_sent":null,"profile_sidebar_border_color":"ededed","location":"","is_translator":false,"contributors_enabled":false,"screen_name":"RomneyCentral","profile_use_background_image":true,"url":"http:\/\/mittromneycentral.com","id_str":"18329671","show_all_inline_media":false,"profile_background_image_url_https":"https:\/\/si0.twimg.com\/profile_background_images\/57604914\/twitterbg-mr12_copy.jpg","profile_text_color":"144189","id":18329671,"listed_count":347,"lang":"en","profile_background_image_url":"http:\/\/a0.twimg.com\/profile_background_images\/57604914\/twitterbg-mr12_copy.jpg","friends_count":4483},"contributors":null,"in_reply_to_status_id":null,"source":"<a href=\"http:\/\/www.google.com\/\" rel=\"nofollow\">Google<\/a>","id_str":"129276682623389696","geo":null,"favorited":false,"id":129276682623389696,"coordinates":null,"in_reply_to_user_id":null,"truncated":false,"text":"Romney\u2019s Op-Ed: Obama, Green Jobs, Cronyism \/ Need Environment for JOBS http:\/\/t.co\/Y3G7IxkK #Mitt2012","name":"RomneyCentral","boldText":"Romney\u2019s Op-Ed: Obama, <B>Green<\/B> Jobs, Cronyism \/ Need <B>Environment<\/B> for JOBS http:\/\/t.co\/Y3G7IxkK #Mitt2012"}]