[{"place":null,"retweet_count":0,"in_reply_to_screen_name":null,"created_at":"Fri Nov 04 09:28:42 +0000 2011","retweeted":false,"in_reply_to_status_id_str":null,"in_reply_to_user_id_str":null,"user":{"time_zone":"Pacific Time (US & Canada)","profile_link_color":"0084B4","protected":false,"created_at":"Fri Jan 21 03:31:07 +0000 2011","profile_image_url_https":"https:\/\/si0.twimg.com\/profile_images\/1227055629\/images_normal.jpg","name":"Mittisms","geo_enabled":false,"favourites_count":127,"profile_background_color":"C0DEED","default_profile_image":false,"notifications":false,"profile_background_tile":false,"utc_offset":-28800,"description":"Unofficial site dedicated to the wit and Presidential wisdom of Mitt Romney! #tcot #gomitt #noapology","statuses_count":12934,"following":false,"verified":false,"profile_sidebar_fill_color":"DDEEF6","followers_count":1738,"profile_image_url":"http:\/\/a1.twimg.com\/profile_images\/1227055629\/images_normal.jpg","follow_request_sent":false,"profile_sidebar_border_color":"C0DEED","location":"USA! USA! USA!","is_translator":false,"contributors_enabled":false,"screen_name":"Mittisms","default_profile":true,"profile_use_background_image":true,"url":"http:\/\/www.mittromney.com","id_str":"240955589","show_all_inline_media":false,"profile_background_image_url_https":"https:\/\/si0.twimg.com\/images\/themes\/theme1\/bg.png","profile_text_color":"333333","id":240955589,"listed_count":20,"lang":"en","profile_background_image_url":"http:\/\/a0.twimg.com\/images\/themes\/theme1\/bg.png","friends_count":2002},"contributors":null,"in_reply_to_status_id":null,"source":"web","id_str":"132388791754305536","geo":null,"favorited":false,"id":132388791754305536,"coordinates":null,"in_reply_to_user_id":null,"truncated":false,"text":"\"Our experiment wasn't perfect \u2013 some things worked, some didn't, and some things I'd change.\" ~ Mitt Romney on RomneyCare #tcot #healthcare","name":"Mittisms","boldText":"\"Our experiment wasn't perfect \u2013 some things worked, some didn't, and some things I'd change.\" ~ Mitt Romney on RomneyCare #tcot #<B>healthcare<\/B>"},{"place":null,"retweet_count":0,"in_reply_to_screen_name":null,"created_at":"Thu Nov 03 21:18:30 +0000 2011","retweeted":false,"in_reply_to_status_id_str":null,"in_reply_to_user_id_str":null,"user":{"time_zone":"Pacific Time (US & Canada)","profile_link_color":"0084B4","protected":false,"created_at":"Fri Jan 21 03:31:07 +0000 2011","profile_image_url_https":"https:\/\/si0.twimg.com\/profile_images\/1227055629\/images_normal.jpg","name":"Mittisms","default_profile":true,"geo_enabled":false,"favourites_count":127,"profile_background_color":"C0DEED","default_profile_image":false,"notifications":null,"profile_background_tile":false,"utc_offset":-28800,"description":"Unofficial site dedicated to the wit and Presidential wisdom of Mitt Romney! #tcot #gomitt #noapology","statuses_count":12940,"following":null,"verified":false,"profile_sidebar_fill_color":"DDEEF6","followers_count":1739,"profile_image_url":"http:\/\/a1.twimg.com\/profile_images\/1227055629\/images_normal.jpg","follow_request_sent":null,"profile_sidebar_border_color":"C0DEED","location":"USA! USA! USA!","is_translator":false,"contributors_enabled":false,"screen_name":"Mittisms","profile_use_background_image":true,"url":"http:\/\/www.mittromney.com","id_str":"240955589","show_all_inline_media":false,"profile_background_image_url_https":"https:\/\/si0.twimg.com\/images\/themes\/theme1\/bg.png","profile_text_color":"333333","id":240955589,"listed_count":20,"lang":"en","profile_background_image_url":"http:\/\/a0.twimg.com\/images\/themes\/theme1\/bg.png","friends_count":2002},"contributors":null,"in_reply_to_status_id":null,"source":"web","id_str":"132205033017192448","geo":null,"favorited":false,"id":132205033017192448,"coordinates":null,"in_reply_to_user_id":null,"truncated":false,"text":"\"Our experiment wasn't perfect \u2013 some things worked, some didn't, and some things I'd change.\" ~ Mitt Romney on RomneyCare #tcot #healthcare","name":"Mittisms","boldText":"\"Our experiment wasn't perfect \u2013 some things worked, some didn't, and some things I'd change.\" ~ Mitt Romney on RomneyCare #tcot #<B>healthcare<\/B>"},{"place":null,"retweet_count":2,"in_reply_to_screen_name":null,"created_at":"Thu Nov 03 08:57:20 +0000 2011","retweeted":false,"in_reply_to_status_id_str":null,"in_reply_to_user_id_str":null,"user":{"time_zone":"Pacific Time (US & Canada)","profile_link_color":"0084B4","protected":false,"created_at":"Fri Jan 21 03:31:07 +0000 2011","profile_image_url_https":"https:\/\/si0.twimg.com\/profile_images\/1227055629\/images_normal.jpg","name":"Mittisms","default_profile":true,"geo_enabled":false,"favourites_count":127,"profile_background_color":"C0DEED","default_profile_image":false,"notifications":null,"profile_background_tile":false,"utc_offset":-28800,"description":"Unofficial site dedicated to the wit and Presidential wisdom of Mitt Romney! #tcot #gomitt #noapology","statuses_count":12940,"following":null,"verified":false,"profile_sidebar_fill_color":"DDEEF6","followers_count":1739,"profile_image_url":"http:\/\/a1.twimg.com\/profile_images\/1227055629\/images_normal.jpg","follow_request_sent":null,"profile_sidebar_border_color":"C0DEED","location":"USA! USA! USA!","is_translator":false,"contributors_enabled":false,"screen_name":"Mittisms","profile_use_background_image":true,"url":"http:\/\/www.mittromney.com","id_str":"240955589","show_all_inline_media":false,"profile_background_image_url_https":"https:\/\/si0.twimg.com\/images\/themes\/theme1\/bg.png","profile_text_color":"333333","id":240955589,"listed_count":20,"lang":"en","profile_background_image_url":"http:\/\/a0.twimg.com\/images\/themes\/theme1\/bg.png","friends_count":2002},"contributors":null,"in_reply_to_status_id":null,"source":"web","id_str":"132018510854492160","geo":null,"favorited":false,"id":132018510854492160,"coordinates":null,"in_reply_to_user_id":null,"truncated":false,"text":"\"The President's policies on taxation, cap and trade, card check, Dodd-Frank, Obamacare, regulatory expansion...deepened the recession.\"","name":"Mittisms","boldText":"\"The President's policies on taxation, cap and trade, card check, Dodd-Frank, <B>Obamacare<\/B>, regulatory expansion...deepened the recession.\""},{"place":null,"retweet_count":2,"in_reply_to_screen_name":null,"created_at":"Thu Nov 03 07:22:28 +0000 2011","retweeted":false,"in_reply_to_status_id_str":null,"in_reply_to_user_id_str":null,"user":{"time_zone":"Pacific Time (US & Canada)","profile_link_color":"0084B4","protected":false,"created_at":"Fri Jan 21 03:31:07 +0000 2011","profile_image_url_https":"https:\/\/si0.twimg.com\/profile_images\/1227055629\/images_normal.jpg","name":"Mittisms","default_profile":true,"geo_enabled":false,"favourites_count":127,"profile_background_color":"C0DEED","default_profile_image":false,"notifications":null,"profile_background_tile":false,"utc_offset":-28800,"description":"Unofficial site dedicated to the wit and Presidential wisdom of Mitt Romney! #tcot #gomitt #noapology","statuses_count":12940,"following":null,"verified":false,"profile_sidebar_fill_color":"DDEEF6","followers_count":1739,"profile_image_url":"http:\/\/a1.twimg.com\/profile_images\/1227055629\/images_normal.jpg","follow_request_sent":null,"profile_sidebar_border_color":"C0DEED","location":"USA! USA! USA!","is_translator":false,"contributors_enabled":false,"screen_name":"Mittisms","profile_use_background_image":true,"url":"http:\/\/www.mittromney.com","id_str":"240955589","show_all_inline_media":false,"profile_background_image_url_https":"https:\/\/si0.twimg.com\/images\/themes\/theme1\/bg.png","profile_text_color":"333333","id":240955589,"listed_count":20,"lang":"en","profile_background_image_url":"http:\/\/a0.twimg.com\/images\/themes\/theme1\/bg.png","friends_count":2002},"contributors":null,"in_reply_to_status_id":null,"source":"web","id_str":"131994637832429568","geo":null,"favorited":false,"id":131994637832429568,"coordinates":null,"in_reply_to_user_id":null,"truncated":false,"text":"\"If I were president, on Day One I would issue an executive order paving the way for Obamacare waivers to all 50 states.\"~ Mitt Romney #tcot","name":"Mittisms","boldText":"\"If I were president, on Day One I would issue an executive order paving the way for <B>Obamacare<\/B> waivers to all 50 states.\"~ Mitt Romney #tcot"},{"possibly_sensitive":false,"place":null,"retweet_count":1,"in_reply_to_screen_name":null,"created_at":"Thu Nov 03 06:14:57 +0000 2011","retweeted":false,"in_reply_to_status_id_str":null,"in_reply_to_user_id_str":null,"user":{"time_zone":"Pacific Time (US & Canada)","profile_link_color":"0084B4","protected":false,"created_at":"Fri Jan 21 03:31:07 +0000 2011","profile_image_url_https":"https:\/\/si0.twimg.com\/profile_images\/1227055629\/images_normal.jpg","name":"Mittisms","default_profile":true,"geo_enabled":false,"favourites_count":127,"profile_background_color":"C0DEED","default_profile_image":false,"notifications":null,"profile_background_tile":false,"utc_offset":-28800,"description":"Unofficial site dedicated to the wit and Presidential wisdom of Mitt Romney! #tcot #gomitt #noapology","statuses_count":12940,"following":null,"verified":false,"profile_sidebar_fill_color":"DDEEF6","followers_count":1739,"profile_image_url":"http:\/\/a1.twimg.com\/profile_images\/1227055629\/images_normal.jpg","follow_request_sent":null,"profile_sidebar_border_color":"C0DEED","location":"USA! USA! USA!","is_translator":false,"contributors_enabled":false,"screen_name":"Mittisms","profile_use_background_image":true,"url":"http:\/\/www.mittromney.com","id_str":"240955589","show_all_inline_media":false,"profile_background_image_url_https":"https:\/\/si0.twimg.com\/images\/themes\/theme1\/bg.png","profile_text_color":"333333","id":240955589,"listed_count":20,"lang":"en","profile_background_image_url":"http:\/\/a0.twimg.com\/images\/themes\/theme1\/bg.png","friends_count":2002},"contributors":null,"in_reply_to_status_id":null,"source":"web","id_str":"131977646899863552","geo":null,"favorited":false,"id":131977646899863552,"coordinates":null,"in_reply_to_user_id":null,"truncated":false,"text":"\"ObamaCare has got to be stopped, and I know it better than most.\" ~ Mitt Romney at Palmetto Freedom Forum http:\/\/t.co\/cWkIUG7R #mitt2012","name":"Mittisms","boldText":"\"<B>ObamaCare<\/B> has got to be stopped, and I know it better than most.\" ~ Mitt Romney at Palmetto Freedom Forum http:\/\/t.co\/cWkIUG7R #mitt2012"},{"place":null,"retweet_count":2,"in_reply_to_screen_name":null,"created_at":"Wed Nov 02 06:38:24 +0000 2011","retweeted":false,"in_reply_to_status_id_str":null,"in_reply_to_user_id_str":null,"user":{"time_zone":"Pacific Time (US & Canada)","profile_link_color":"0084B4","protected":false,"created_at":"Fri Jan 21 03:31:07 +0000 2011","profile_image_url_https":"https:\/\/si0.twimg.com\/profile_images\/1227055629\/images_normal.jpg","name":"Mittisms","default_profile":true,"geo_enabled":false,"favourites_count":127,"profile_background_color":"C0DEED","default_profile_image":false,"notifications":null,"profile_background_tile":false,"utc_offset":-28800,"description":"Unofficial site dedicated to the wit and Presidential wisdom of Mitt Romney! #tcot #gomitt #noapology","statuses_count":12940,"following":null,"verified":false,"profile_sidebar_fill_color":"DDEEF6","followers_count":1739,"profile_image_url":"http:\/\/a1.twimg.com\/profile_images\/1227055629\/images_normal.jpg","follow_request_sent":null,"profile_sidebar_border_color":"C0DEED","location":"USA! USA! USA!","is_translator":false,"contributors_enabled":false,"screen_name":"Mittisms","profile_use_background_image":true,"url":"http:\/\/www.mittromney.com","id_str":"240955589","show_all_inline_media":false,"profile_background_image_url_https":"https:\/\/si0.twimg.com\/images\/themes\/theme1\/bg.png","profile_text_color":"333333","id":240955589,"listed_count":20,"lang":"en","profile_background_image_url":"http:\/\/a0.twimg.com\/images\/themes\/theme1\/bg.png","friends_count":2002},"contributors":null,"in_reply_to_status_id":null,"source":"web","id_str":"131621158465437696","geo":null,"favorited":false,"id":131621158465437696,"coordinates":null,"in_reply_to_user_id":null,"truncated":false,"text":"\"We will return responsibility + authority to the states 4 dozens of govt programs, + that begins w\/ a complete repeal of ObamaCare\"~ Romney","name":"Mittisms","boldText":"\"We will return responsibility + authority to the states 4 dozens of govt programs, + that begins w\/ a complete repeal of <B>ObamaCare<\/B>\"~ Romney"},{"place":null,"retweet_count":0,"in_reply_to_screen_name":null,"created_at":"Wed Nov 02 06:21:14 +0000 2011","retweeted":false,"in_reply_to_status_id_str":null,"in_reply_to_user_id_str":null,"user":{"time_zone":"Pacific Time (US & Canada)","profile_link_color":"0084B4","protected":false,"created_at":"Fri Jan 21 03:31:07 +0000 2011","profile_image_url_https":"https:\/\/si0.twimg.com\/profile_images\/1227055629\/images_normal.jpg","name":"Mittisms","default_profile":true,"geo_enabled":false,"favourites_count":127,"profile_background_color":"C0DEED","default_profile_image":false,"notifications":null,"profile_background_tile":false,"utc_offset":-28800,"description":"Unofficial site dedicated to the wit and Presidential wisdom of Mitt Romney! #tcot #gomitt #noapology","statuses_count":12940,"following":null,"verified":false,"profile_sidebar_fill_color":"DDEEF6","followers_count":1739,"profile_image_url":"http:\/\/a1.twimg.com\/profile_images\/1227055629\/images_normal.jpg","follow_request_sent":null,"profile_sidebar_border_color":"C0DEED","location":"USA! USA! USA!","is_translator":false,"contributors_enabled":false,"screen_name":"Mittisms","profile_use_background_image":true,"url":"http:\/\/www.mittromney.com","id_str":"240955589","show_all_inline_media":false,"profile_background_image_url_https":"https:\/\/si0.twimg.com\/images\/themes\/theme1\/bg.png","profile_text_color":"333333","id":240955589,"listed_count":20,"lang":"en","profile_background_image_url":"http:\/\/a0.twimg.com\/images\/themes\/theme1\/bg.png","friends_count":2002},"contributors":null,"in_reply_to_status_id":null,"source":"web","id_str":"131616839087292417","geo":null,"favorited":false,"id":131616839087292417,"coordinates":null,"in_reply_to_user_id":null,"truncated":false,"text":"\"Our experiment wasn't perfect \u2013 some things worked, some didn't, and some things I'd change.\" ~ Mitt Romney on RomneyCare #tcot #healthcare","name":"Mittisms","boldText":"\"Our experiment wasn't perfect \u2013 some things worked, some didn't, and some things I'd change.\" ~ Mitt Romney on RomneyCare #tcot #<B>healthcare<\/B>"},{"place":null,"retweet_count":1,"in_reply_to_screen_name":"philipaklein","created_at":"Thu Oct 13 04:05:05 +0000 2011","retweeted":false,"in_reply_to_status_id_str":"124331077765570560","in_reply_to_user_id_str":"20378448","user":{"time_zone":"Mountain Time (US & Canada)","profile_link_color":"da261c","protected":false,"created_at":"Tue Dec 23 08:35:59 +0000 2008","profile_image_url_https":"https:\/\/si0.twimg.com\/profile_images\/557413765\/mr12-button-twitter_normal.png","name":"Mitt Romney Central","geo_enabled":false,"favourites_count":1,"profile_background_color":"144189","default_profile_image":false,"default_profile":false,"notifications":null,"profile_background_tile":false,"utc_offset":-25200,"description":"MittRomneyCentral.com is a grassroots blog\/forum\/store\/community dedicated to promoting Mitt Romney for President in 2012! ","statuses_count":5603,"following":null,"verified":false,"profile_sidebar_fill_color":"d6d8d9","followers_count":5668,"profile_image_url":"http:\/\/a2.twimg.com\/profile_images\/557413765\/mr12-button-twitter_normal.png","follow_request_sent":null,"profile_sidebar_border_color":"ededed","location":"","is_translator":false,"contributors_enabled":false,"screen_name":"RomneyCentral","profile_use_background_image":true,"url":"http:\/\/mittromneycentral.com","id_str":"18329671","show_all_inline_media":false,"profile_background_image_url_https":"https:\/\/si0.twimg.com\/profile_background_images\/57604914\/twitterbg-mr12_copy.jpg","profile_text_color":"144189","id":18329671,"listed_count":347,"lang":"en","profile_background_image_url":"http:\/\/a0.twimg.com\/profile_background_images\/57604914\/twitterbg-mr12_copy.jpg","friends_count":4483},"contributors":null,"in_reply_to_status_id":124331077765570560,"source":"web","id_str":"124334816895307776","geo":null,"favorited":false,"id":124334816895307776,"coordinates":null,"in_reply_to_user_id":20378448,"truncated":false,"text":"@philipaklein Blaming Romney for ObamaCare is like blaming Henry Ford for the Pontiac Aztek #DetroyingWhatWasOnceSimpleAndBeautiful","name":"RomneyCentral","boldText":"@philipaklein Blaming Romney for <B>ObamaCare<\/B> is like blaming Henry Ford for the Pontiac Aztek #DetroyingWhatWasOnceSimpleAndBeautiful"},{"possibly_sensitive":false,"place":null,"retweet_count":99,"in_reply_to_screen_name":null,"created_at":"Tue Oct 04 11:10:48 +0000 2011","retweeted":false,"in_reply_to_status_id_str":null,"in_reply_to_user_id_str":null,"user":{"time_zone":"Quito","profile_link_color":"fd0000","protected":false,"created_at":"Tue Jun 23 18:24:04 +0000 2009","profile_image_url_https":"https:\/\/si0.twimg.com\/profile_images\/1442622249\/Romney-2012-TwitterAvatar_normal.jpg","name":"Mitt Romney","geo_enabled":false,"favourites_count":0,"profile_background_color":"072d73","default_profile_image":false,"default_profile":false,"notifications":null,"profile_background_tile":false,"utc_offset":-18000,"description":"Former Governor of Massachusetts","statuses_count":654,"following":null,"verified":true,"profile_sidebar_fill_color":"b6e5f9","followers_count":155021,"profile_image_url":"http:\/\/a2.twimg.com\/profile_images\/1442622249\/Romney-2012-TwitterAvatar_normal.jpg","follow_request_sent":null,"profile_sidebar_border_color":"BDDCAD","location":"Massachusetts","is_translator":false,"contributors_enabled":true,"screen_name":"MittRomney","profile_use_background_image":true,"url":"http:\/\/www.MittRomney.com","id_str":"50055701","show_all_inline_media":false,"profile_background_image_url_https":"https:\/\/si0.twimg.com\/profile_background_images\/293824398\/Romney-2012-TwitterBground-07-20-2011.jpg","profile_text_color":"000000","id":50055701,"listed_count":4061,"lang":"en","profile_background_image_url":"http:\/\/a0.twimg.com\/profile_background_images\/293824398\/Romney-2012-TwitterBground-07-20-2011.jpg","friends_count":235},"contributors":null,"in_reply_to_status_id":null,"source":"web","id_str":"121180465234313217","geo":null,"favorited":false,"id":121180465234313217,"coordinates":null,"in_reply_to_user_id":null,"truncated":false,"text":"VIDEO: Rick Perry is irresponsible on Social Security. In FL, 1 in 4 seniors could lose benefits under his plan http:\/\/t.co\/7qencALS","name":"MittRomney","boldText":"VIDEO: Rick Perry is irresponsible on Social Security. In FL, 1 in 4 seniors could lose <B>benefits<\/B> under his plan http:\/\/t.co\/7qencALS"}]