[{"possibly_sensitive":false,"place":null,"retweet_count":99,"in_reply_to_screen_name":null,"created_at":"Tue Oct 04 11:10:48 +0000 2011","retweeted":false,"in_reply_to_status_id_str":null,"in_reply_to_user_id_str":null,"user":{"time_zone":"Quito","profile_link_color":"fd0000","protected":false,"created_at":"Tue Jun 23 18:24:04 +0000 2009","profile_image_url_https":"https:\/\/si0.twimg.com\/profile_images\/1442622249\/Romney-2012-TwitterAvatar_normal.jpg","name":"Mitt Romney","geo_enabled":false,"favourites_count":0,"profile_background_color":"072d73","default_profile_image":false,"default_profile":false,"notifications":null,"profile_background_tile":false,"utc_offset":-18000,"description":"Former Governor of Massachusetts","statuses_count":654,"following":null,"verified":true,"profile_sidebar_fill_color":"b6e5f9","followers_count":155021,"profile_image_url":"http:\/\/a2.twimg.com\/profile_images\/1442622249\/Romney-2012-TwitterAvatar_normal.jpg","follow_request_sent":null,"profile_sidebar_border_color":"BDDCAD","location":"Massachusetts","is_translator":false,"contributors_enabled":true,"screen_name":"MittRomney","profile_use_background_image":true,"url":"http:\/\/www.MittRomney.com","id_str":"50055701","show_all_inline_media":false,"profile_background_image_url_https":"https:\/\/si0.twimg.com\/profile_background_images\/293824398\/Romney-2012-TwitterBground-07-20-2011.jpg","profile_text_color":"000000","id":50055701,"listed_count":4061,"lang":"en","profile_background_image_url":"http:\/\/a0.twimg.com\/profile_background_images\/293824398\/Romney-2012-TwitterBground-07-20-2011.jpg","friends_count":235},"contributors":null,"in_reply_to_status_id":null,"source":"web","id_str":"121180465234313217","geo":null,"favorited":false,"id":121180465234313217,"coordinates":null,"in_reply_to_user_id":null,"truncated":false,"text":"VIDEO: Rick Perry is irresponsible on Social Security. In FL, 1 in 4 seniors could lose benefits under his plan http:\/\/t.co\/7qencALS","name":"MittRomney","boldText":"VIDEO: Rick Perry is irresponsible on Social Security. In FL, 1 in 4 seniors could lose <B>benefits<\/B> under his plan http:\/\/t.co\/7qencALS"}]