[{"place":null,"retweet_count":0,"in_reply_to_screen_name":null,"created_at":"Fri Nov 04 15:51:11 +0000 2011","retweeted":false,"in_reply_to_status_id_str":null,"in_reply_to_user_id_str":null,"user":{"time_zone":"Pacific Time (US & Canada)","profile_link_color":"0084B4","protected":false,"created_at":"Fri Jan 21 03:31:07 +0000 2011","profile_image_url_https":"https:\/\/si0.twimg.com\/profile_images\/1227055629\/images_normal.jpg","name":"Mittisms","default_profile":true,"geo_enabled":false,"favourites_count":127,"profile_background_color":"C0DEED","default_profile_image":false,"notifications":null,"profile_background_tile":false,"utc_offset":-28800,"description":"Unofficial site dedicated to the wit and Presidential wisdom of Mitt Romney! #tcot #gomitt #noapology","statuses_count":12940,"following":null,"verified":false,"profile_sidebar_fill_color":"DDEEF6","followers_count":1739,"profile_image_url":"http:\/\/a1.twimg.com\/profile_images\/1227055629\/images_normal.jpg","follow_request_sent":null,"profile_sidebar_border_color":"C0DEED","location":"USA! USA! USA!","is_translator":false,"contributors_enabled":false,"screen_name":"Mittisms","profile_use_background_image":true,"url":"http:\/\/www.mittromney.com","id_str":"240955589","show_all_inline_media":false,"profile_background_image_url_https":"https:\/\/si0.twimg.com\/images\/themes\/theme1\/bg.png","profile_text_color":"333333","id":240955589,"listed_count":20,"lang":"en","profile_background_image_url":"http:\/\/a0.twimg.com\/images\/themes\/theme1\/bg.png","friends_count":2002},"contributors":null,"in_reply_to_status_id":null,"source":"web","id_str":"132485047356887040","geo":null,"favorited":false,"id":132485047356887040,"coordinates":null,"in_reply_to_user_id":null,"truncated":false,"text":"\"LABORATORIES OF DEMOCRACY\" - Under our Federalist system States should be free to experiment. What works in one state may not work for all!","name":"Mittisms","boldText":"\"LABORATORIES OF DEMOCRACY\" - Under our <B>Fed<\/B>eralist system States should be free to experiment. What works in one state may not work for all!"},{"place":null,"retweet_count":1,"in_reply_to_screen_name":null,"created_at":"Fri Nov 04 01:06:56 +0000 2011","retweeted":false,"in_reply_to_status_id_str":null,"in_reply_to_user_id_str":null,"user":{"time_zone":"Pacific Time (US & Canada)","profile_link_color":"0084B4","protected":false,"created_at":"Fri Jan 21 03:31:07 +0000 2011","profile_image_url_https":"https:\/\/si0.twimg.com\/profile_images\/1227055629\/images_normal.jpg","name":"Mittisms","default_profile":true,"geo_enabled":false,"favourites_count":127,"profile_background_color":"C0DEED","default_profile_image":false,"notifications":null,"profile_background_tile":false,"utc_offset":-28800,"description":"Unofficial site dedicated to the wit and Presidential wisdom of Mitt Romney! #tcot #gomitt #noapology","statuses_count":12940,"following":null,"verified":false,"profile_sidebar_fill_color":"DDEEF6","followers_count":1739,"profile_image_url":"http:\/\/a1.twimg.com\/profile_images\/1227055629\/images_normal.jpg","follow_request_sent":null,"profile_sidebar_border_color":"C0DEED","location":"USA! USA! USA!","is_translator":false,"contributors_enabled":false,"screen_name":"Mittisms","profile_use_background_image":true,"url":"http:\/\/www.mittromney.com","id_str":"240955589","show_all_inline_media":false,"profile_background_image_url_https":"https:\/\/si0.twimg.com\/images\/themes\/theme1\/bg.png","profile_text_color":"333333","id":240955589,"listed_count":20,"lang":"en","profile_background_image_url":"http:\/\/a0.twimg.com\/images\/themes\/theme1\/bg.png","friends_count":2002},"contributors":null,"in_reply_to_status_id":null,"source":"web","id_str":"132262520747597825","geo":null,"favorited":false,"id":132262520747597825,"coordinates":null,"in_reply_to_user_id":null,"truncated":false,"text":"\"Thanks to the tea party, there's real hope that we can rein in our profligate federal government.\" ~ Mitt Romney #tcot #gop #teaparty #tlot","name":"Mittisms","boldText":"\"Thanks to the tea party, there's real hope that we can rein in our profligate <B>fed<\/B>eral government.\" ~ Mitt Romney #tcot #gop #teaparty #tlot"},{"place":null,"retweet_count":0,"in_reply_to_screen_name":null,"created_at":"Thu Nov 03 12:05:21 +0000 2011","retweeted":false,"in_reply_to_status_id_str":null,"in_reply_to_user_id_str":null,"user":{"time_zone":"Pacific Time (US & Canada)","profile_link_color":"0084B4","protected":false,"created_at":"Fri Jan 21 03:31:07 +0000 2011","profile_image_url_https":"https:\/\/si0.twimg.com\/profile_images\/1227055629\/images_normal.jpg","name":"Mittisms","default_profile":true,"geo_enabled":false,"favourites_count":127,"profile_background_color":"C0DEED","default_profile_image":false,"notifications":null,"profile_background_tile":false,"utc_offset":-28800,"description":"Unofficial site dedicated to the wit and Presidential wisdom of Mitt Romney! #tcot #gomitt #noapology","statuses_count":12940,"following":null,"verified":false,"profile_sidebar_fill_color":"DDEEF6","followers_count":1739,"profile_image_url":"http:\/\/a1.twimg.com\/profile_images\/1227055629\/images_normal.jpg","follow_request_sent":null,"profile_sidebar_border_color":"C0DEED","location":"USA! USA! USA!","is_translator":false,"contributors_enabled":false,"screen_name":"Mittisms","profile_use_background_image":true,"url":"http:\/\/www.mittromney.com","id_str":"240955589","show_all_inline_media":false,"profile_background_image_url_https":"https:\/\/si0.twimg.com\/images\/themes\/theme1\/bg.png","profile_text_color":"333333","id":240955589,"listed_count":20,"lang":"en","profile_background_image_url":"http:\/\/a0.twimg.com\/images\/themes\/theme1\/bg.png","friends_count":2002},"contributors":null,"in_reply_to_status_id":null,"source":"web","id_str":"132065826219114496","geo":null,"favorited":false,"id":132065826219114496,"coordinates":null,"in_reply_to_user_id":null,"truncated":false,"text":"\"Thanks to the tea party, there's real hope that we can rein in our profligate federal government.\" ~ Mitt Romney #tcot #gop #teaparty #tlot","name":"Mittisms","boldText":"\"Thanks to the tea party, there's real hope that we can rein in our profligate <B>fed<\/B>eral government.\" ~ Mitt Romney #tcot #gop #teaparty #tlot"},{"possibly_sensitive":false,"place":null,"retweet_count":0,"in_reply_to_screen_name":null,"created_at":"Thu Nov 03 11:48:13 +0000 2011","retweeted":false,"in_reply_to_status_id_str":null,"in_reply_to_user_id_str":null,"user":{"time_zone":"Pacific Time (US & Canada)","profile_link_color":"0084B4","protected":false,"created_at":"Fri Jan 21 03:31:07 +0000 2011","profile_image_url_https":"https:\/\/si0.twimg.com\/profile_images\/1227055629\/images_normal.jpg","name":"Mittisms","default_profile":true,"geo_enabled":false,"favourites_count":127,"profile_background_color":"C0DEED","default_profile_image":false,"notifications":null,"profile_background_tile":false,"utc_offset":-28800,"description":"Unofficial site dedicated to the wit and Presidential wisdom of Mitt Romney! #tcot #gomitt #noapology","statuses_count":12940,"following":null,"verified":false,"profile_sidebar_fill_color":"DDEEF6","followers_count":1739,"profile_image_url":"http:\/\/a1.twimg.com\/profile_images\/1227055629\/images_normal.jpg","follow_request_sent":null,"profile_sidebar_border_color":"C0DEED","location":"USA! USA! USA!","is_translator":false,"contributors_enabled":false,"screen_name":"Mittisms","profile_use_background_image":true,"url":"http:\/\/www.mittromney.com","id_str":"240955589","show_all_inline_media":false,"profile_background_image_url_https":"https:\/\/si0.twimg.com\/images\/themes\/theme1\/bg.png","profile_text_color":"333333","id":240955589,"listed_count":20,"lang":"en","profile_background_image_url":"http:\/\/a0.twimg.com\/images\/themes\/theme1\/bg.png","friends_count":2002},"contributors":null,"in_reply_to_status_id":null,"source":"web","id_str":"132061517234446336","geo":null,"favorited":false,"id":132061517234446336,"coordinates":null,"in_reply_to_user_id":null,"truncated":false,"text":"\"The country needs to believe in free enterprise, capitalism, limited government, federalism.\u201d ~ Mitt Romney http:\/\/t.co\/QW1PFmgj #tcot","name":"Mittisms","boldText":"\"The country needs to believe in free enterprise, capitalism, limited government, <B>fed<\/B>eralism.\u201d ~ Mitt Romney http:\/\/t.co\/QW1PFmgj #tcot"},{"place":null,"retweet_count":0,"in_reply_to_screen_name":null,"created_at":"Thu Nov 03 04:05:45 +0000 2011","retweeted":false,"in_reply_to_status_id_str":null,"in_reply_to_user_id_str":null,"user":{"time_zone":"Pacific Time (US & Canada)","profile_link_color":"0084B4","protected":false,"created_at":"Fri Jan 21 03:31:07 +0000 2011","profile_image_url_https":"https:\/\/si0.twimg.com\/profile_images\/1227055629\/images_normal.jpg","name":"Mittisms","default_profile":true,"geo_enabled":false,"favourites_count":127,"profile_background_color":"C0DEED","default_profile_image":false,"notifications":null,"profile_background_tile":false,"utc_offset":-28800,"description":"Unofficial site dedicated to the wit and Presidential wisdom of Mitt Romney! #tcot #gomitt #noapology","statuses_count":12940,"following":null,"verified":false,"profile_sidebar_fill_color":"DDEEF6","followers_count":1739,"profile_image_url":"http:\/\/a1.twimg.com\/profile_images\/1227055629\/images_normal.jpg","follow_request_sent":null,"profile_sidebar_border_color":"C0DEED","location":"USA! USA! USA!","is_translator":false,"contributors_enabled":false,"screen_name":"Mittisms","profile_use_background_image":true,"url":"http:\/\/www.mittromney.com","id_str":"240955589","show_all_inline_media":false,"profile_background_image_url_https":"https:\/\/si0.twimg.com\/images\/themes\/theme1\/bg.png","profile_text_color":"333333","id":240955589,"listed_count":20,"lang":"en","profile_background_image_url":"http:\/\/a0.twimg.com\/images\/themes\/theme1\/bg.png","friends_count":2002},"contributors":null,"in_reply_to_status_id":null,"source":"web","id_str":"131945133028544513","geo":null,"favorited":false,"id":131945133028544513,"coordinates":null,"in_reply_to_user_id":null,"truncated":false,"text":"\"I indicated in the beginning, my view is we should have a president who agrees to cut, cap, and balance the federal deficit, budget.\"~ Mitt","name":"Mittisms","boldText":"\"I indicated in the beginning, my view is we should have a president who agrees to cut, cap, and balance the <B>fed<\/B>eral deficit, budget.\"~ Mitt"},{"possibly_sensitive":false,"place":null,"retweet_count":0,"in_reply_to_screen_name":null,"created_at":"Wed Nov 02 23:17:49 +0000 2011","retweeted":false,"in_reply_to_status_id_str":null,"in_reply_to_user_id_str":null,"user":{"time_zone":"Pacific Time (US & Canada)","profile_link_color":"0084B4","protected":false,"created_at":"Fri Jan 21 03:31:07 +0000 2011","profile_image_url_https":"https:\/\/si0.twimg.com\/profile_images\/1227055629\/images_normal.jpg","name":"Mittisms","default_profile":true,"geo_enabled":false,"favourites_count":127,"profile_background_color":"C0DEED","default_profile_image":false,"notifications":null,"profile_background_tile":false,"utc_offset":-28800,"description":"Unofficial site dedicated to the wit and Presidential wisdom of Mitt Romney! #tcot #gomitt #noapology","statuses_count":12940,"following":null,"verified":false,"profile_sidebar_fill_color":"DDEEF6","followers_count":1739,"profile_image_url":"http:\/\/a1.twimg.com\/profile_images\/1227055629\/images_normal.jpg","follow_request_sent":null,"profile_sidebar_border_color":"C0DEED","location":"USA! USA! USA!","is_translator":false,"contributors_enabled":false,"screen_name":"Mittisms","profile_use_background_image":true,"url":"http:\/\/www.mittromney.com","id_str":"240955589","show_all_inline_media":false,"profile_background_image_url_https":"https:\/\/si0.twimg.com\/images\/themes\/theme1\/bg.png","profile_text_color":"333333","id":240955589,"listed_count":20,"lang":"en","profile_background_image_url":"http:\/\/a0.twimg.com\/images\/themes\/theme1\/bg.png","friends_count":2002},"contributors":null,"in_reply_to_status_id":null,"source":"web","id_str":"131872669502148608","geo":null,"favorited":false,"id":131872669502148608,"coordinates":null,"in_reply_to_user_id":null,"truncated":false,"text":"\"The country needs to believe in free enterprise, capitalism, limited government, federalism.\u201d ~ Mitt Romney http:\/\/t.co\/QW1PFmgj #tcot","name":"Mittisms","boldText":"\"The country needs to believe in free enterprise, capitalism, limited government, <B>fed<\/B>eralism.\u201d ~ Mitt Romney http:\/\/t.co\/QW1PFmgj #tcot"},{"place":null,"retweet_count":0,"in_reply_to_screen_name":null,"created_at":"Wed Nov 02 17:13:20 +0000 2011","retweeted":false,"in_reply_to_status_id_str":null,"in_reply_to_user_id_str":null,"user":{"time_zone":"Pacific Time (US & Canada)","profile_link_color":"0084B4","protected":false,"created_at":"Fri Jan 21 03:31:07 +0000 2011","profile_image_url_https":"https:\/\/si0.twimg.com\/profile_images\/1227055629\/images_normal.jpg","name":"Mittisms","default_profile":true,"geo_enabled":false,"favourites_count":127,"profile_background_color":"C0DEED","default_profile_image":false,"notifications":null,"profile_background_tile":false,"utc_offset":-28800,"description":"Unofficial site dedicated to the wit and Presidential wisdom of Mitt Romney! #tcot #gomitt #noapology","statuses_count":12940,"following":null,"verified":false,"profile_sidebar_fill_color":"DDEEF6","followers_count":1739,"profile_image_url":"http:\/\/a1.twimg.com\/profile_images\/1227055629\/images_normal.jpg","follow_request_sent":null,"profile_sidebar_border_color":"C0DEED","location":"USA! USA! USA!","is_translator":false,"contributors_enabled":false,"screen_name":"Mittisms","profile_use_background_image":true,"url":"http:\/\/www.mittromney.com","id_str":"240955589","show_all_inline_media":false,"profile_background_image_url_https":"https:\/\/si0.twimg.com\/images\/themes\/theme1\/bg.png","profile_text_color":"333333","id":240955589,"listed_count":20,"lang":"en","profile_background_image_url":"http:\/\/a0.twimg.com\/images\/themes\/theme1\/bg.png","friends_count":2002},"contributors":null,"in_reply_to_status_id":null,"source":"web","id_str":"131780944242802688","geo":null,"favorited":false,"id":131780944242802688,"coordinates":null,"in_reply_to_user_id":null,"truncated":false,"text":"\"LABORATORIES OF DEMOCRACY\" - Under our Federalist system States should be free to experiment. What works in one state may not work for all!","name":"Mittisms","boldText":"\"LABORATORIES OF DEMOCRACY\" - Under our <B>Fed<\/B>eralist system States should be free to experiment. What works in one state may not work for all!"},{"place":null,"retweet_count":0,"in_reply_to_screen_name":null,"created_at":"Wed Nov 02 09:51:19 +0000 2011","retweeted":false,"in_reply_to_status_id_str":null,"in_reply_to_user_id_str":null,"user":{"time_zone":"Pacific Time (US & Canada)","profile_link_color":"0084B4","protected":false,"created_at":"Fri Jan 21 03:31:07 +0000 2011","profile_image_url_https":"https:\/\/si0.twimg.com\/profile_images\/1227055629\/images_normal.jpg","name":"Mittisms","default_profile":true,"geo_enabled":false,"favourites_count":127,"profile_background_color":"C0DEED","default_profile_image":false,"notifications":null,"profile_background_tile":false,"utc_offset":-28800,"description":"Unofficial site dedicated to the wit and Presidential wisdom of Mitt Romney! #tcot #gomitt #noapology","statuses_count":12940,"following":null,"verified":false,"profile_sidebar_fill_color":"DDEEF6","followers_count":1739,"profile_image_url":"http:\/\/a1.twimg.com\/profile_images\/1227055629\/images_normal.jpg","follow_request_sent":null,"profile_sidebar_border_color":"C0DEED","location":"USA! USA! USA!","is_translator":false,"contributors_enabled":false,"screen_name":"Mittisms","profile_use_background_image":true,"url":"http:\/\/www.mittromney.com","id_str":"240955589","show_all_inline_media":false,"profile_background_image_url_https":"https:\/\/si0.twimg.com\/images\/themes\/theme1\/bg.png","profile_text_color":"333333","id":240955589,"listed_count":20,"lang":"en","profile_background_image_url":"http:\/\/a0.twimg.com\/images\/themes\/theme1\/bg.png","friends_count":2002},"contributors":null,"in_reply_to_status_id":null,"source":"web","id_str":"131669707387449344","geo":null,"favorited":false,"id":131669707387449344,"coordinates":null,"in_reply_to_user_id":null,"truncated":false,"text":"\"As The Wall Street Journal concluded, President Obama\u2019s recovery is not only anemic, it is one of the worst on record.\" ~ Mitt Romney #tcot","name":"Mittisms","boldText":"\"As The <B>Wall Street<\/B> Journal concluded, President Obama\u2019s recovery is not only anemic, it is one of the worst on record.\" ~ Mitt Romney #tcot"},{"place":null,"retweet_count":2,"in_reply_to_screen_name":null,"created_at":"Wed Nov 02 05:14:05 +0000 2011","retweeted":false,"in_reply_to_status_id_str":null,"in_reply_to_user_id_str":null,"user":{"time_zone":"Pacific Time (US & Canada)","profile_link_color":"0084B4","protected":false,"created_at":"Fri Jan 21 03:31:07 +0000 2011","profile_image_url_https":"https:\/\/si0.twimg.com\/profile_images\/1227055629\/images_normal.jpg","name":"Mittisms","default_profile":true,"geo_enabled":false,"favourites_count":127,"profile_background_color":"C0DEED","default_profile_image":false,"notifications":null,"profile_background_tile":false,"utc_offset":-28800,"description":"Unofficial site dedicated to the wit and Presidential wisdom of Mitt Romney! #tcot #gomitt #noapology","statuses_count":12940,"following":null,"verified":false,"profile_sidebar_fill_color":"DDEEF6","followers_count":1739,"profile_image_url":"http:\/\/a1.twimg.com\/profile_images\/1227055629\/images_normal.jpg","follow_request_sent":null,"profile_sidebar_border_color":"C0DEED","location":"USA! USA! USA!","is_translator":false,"contributors_enabled":false,"screen_name":"Mittisms","profile_use_background_image":true,"url":"http:\/\/www.mittromney.com","id_str":"240955589","show_all_inline_media":false,"profile_background_image_url_https":"https:\/\/si0.twimg.com\/images\/themes\/theme1\/bg.png","profile_text_color":"333333","id":240955589,"listed_count":20,"lang":"en","profile_background_image_url":"http:\/\/a0.twimg.com\/images\/themes\/theme1\/bg.png","friends_count":2002},"contributors":null,"in_reply_to_status_id":null,"source":"web","id_str":"131599939968049152","geo":null,"favorited":false,"id":131599939968049152,"coordinates":null,"in_reply_to_user_id":null,"truncated":false,"text":"\"I indicated in the beginning, my view is we should have a president who agrees to cut, cap, and balance the federal deficit, budget.\"~ Mitt","name":"Mittisms","boldText":"\"I indicated in the beginning, my view is we should have a president who agrees to cut, cap, and balance the <B>fed<\/B>eral deficit, budget.\"~ Mitt"},{"place":null,"retweet_count":3,"in_reply_to_screen_name":null,"created_at":"Wed Nov 02 02:55:17 +0000 2011","retweeted":false,"in_reply_to_status_id_str":null,"in_reply_to_user_id_str":null,"user":{"time_zone":"Pacific Time (US & Canada)","profile_link_color":"0084B4","protected":false,"created_at":"Fri Jan 21 03:31:07 +0000 2011","profile_image_url_https":"https:\/\/si0.twimg.com\/profile_images\/1227055629\/images_normal.jpg","name":"Mittisms","default_profile":true,"geo_enabled":false,"favourites_count":127,"profile_background_color":"C0DEED","default_profile_image":false,"notifications":null,"profile_background_tile":false,"utc_offset":-28800,"description":"Unofficial site dedicated to the wit and Presidential wisdom of Mitt Romney! #tcot #gomitt #noapology","statuses_count":12940,"following":null,"verified":false,"profile_sidebar_fill_color":"DDEEF6","followers_count":1739,"profile_image_url":"http:\/\/a1.twimg.com\/profile_images\/1227055629\/images_normal.jpg","follow_request_sent":null,"profile_sidebar_border_color":"C0DEED","location":"USA! USA! USA!","is_translator":false,"contributors_enabled":false,"screen_name":"Mittisms","profile_use_background_image":true,"url":"http:\/\/www.mittromney.com","id_str":"240955589","show_all_inline_media":false,"profile_background_image_url_https":"https:\/\/si0.twimg.com\/images\/themes\/theme1\/bg.png","profile_text_color":"333333","id":240955589,"listed_count":20,"lang":"en","profile_background_image_url":"http:\/\/a0.twimg.com\/images\/themes\/theme1\/bg.png","friends_count":2002},"contributors":null,"in_reply_to_status_id":null,"source":"web","id_str":"131565009040973824","geo":null,"favorited":false,"id":131565009040973824,"coordinates":null,"in_reply_to_user_id":null,"truncated":false,"text":"\"The right answer is to believe in America\u2014to believe in freedom, free enterprise, capitalism, limited government, federalism.\"~ Mitt Romney","name":"Mittisms","boldText":"\"The right answer is to believe in America\u2014to believe in freedom, free enterprise, capitalism, limited government, <B>fed<\/B>eralism.\"~ Mitt Romney"},{"possibly_sensitive":false,"place":null,"retweet_count":0,"in_reply_to_screen_name":null,"created_at":"Wed Nov 02 02:40:16 +0000 2011","retweeted":false,"in_reply_to_status_id_str":null,"in_reply_to_user_id_str":null,"user":{"time_zone":"Pacific Time (US & Canada)","profile_link_color":"0084B4","protected":false,"created_at":"Fri Jan 21 03:31:07 +0000 2011","profile_image_url_https":"https:\/\/si0.twimg.com\/profile_images\/1227055629\/images_normal.jpg","name":"Mittisms","default_profile":true,"geo_enabled":false,"favourites_count":127,"profile_background_color":"C0DEED","default_profile_image":false,"notifications":null,"profile_background_tile":false,"utc_offset":-28800,"description":"Unofficial site dedicated to the wit and Presidential wisdom of Mitt Romney! #tcot #gomitt #noapology","statuses_count":12940,"following":null,"verified":false,"profile_sidebar_fill_color":"DDEEF6","followers_count":1739,"profile_image_url":"http:\/\/a1.twimg.com\/profile_images\/1227055629\/images_normal.jpg","follow_request_sent":null,"profile_sidebar_border_color":"C0DEED","location":"USA! USA! USA!","is_translator":false,"contributors_enabled":false,"screen_name":"Mittisms","profile_use_background_image":true,"url":"http:\/\/www.mittromney.com","id_str":"240955589","show_all_inline_media":false,"profile_background_image_url_https":"https:\/\/si0.twimg.com\/images\/themes\/theme1\/bg.png","profile_text_color":"333333","id":240955589,"listed_count":20,"lang":"en","profile_background_image_url":"http:\/\/a0.twimg.com\/images\/themes\/theme1\/bg.png","friends_count":2002},"contributors":null,"in_reply_to_status_id":null,"source":"web","id_str":"131561233349480448","geo":null,"favorited":false,"id":131561233349480448,"coordinates":null,"in_reply_to_user_id":null,"truncated":false,"text":"\"The country needs to believe in free enterprise, capitalism, limited government, federalism.\u201d ~ Mitt Romney http:\/\/t.co\/QW1PFmgj #tcot","name":"Mittisms","boldText":"\"The country needs to believe in free enterprise, capitalism, limited government, <B>fed<\/B>eralism.\u201d ~ Mitt Romney http:\/\/t.co\/QW1PFmgj #tcot"},{"possibly_sensitive":false,"place":null,"retweet_count":"100+","in_reply_to_screen_name":null,"created_at":"Thu Sep 29 13:20:59 +0000 2011","retweeted":false,"in_reply_to_status_id_str":null,"in_reply_to_user_id_str":null,"user":{"time_zone":"Quito","profile_link_color":"fd0000","protected":false,"created_at":"Tue Jun 23 18:24:04 +0000 2009","profile_image_url_https":"https:\/\/si0.twimg.com\/profile_images\/1442622249\/Romney-2012-TwitterAvatar_normal.jpg","name":"Mitt Romney","geo_enabled":false,"favourites_count":0,"profile_background_color":"072d73","default_profile_image":false,"default_profile":false,"notifications":null,"profile_background_tile":false,"utc_offset":-18000,"description":"Former Governor of Massachusetts","statuses_count":654,"following":null,"verified":true,"profile_sidebar_fill_color":"b6e5f9","followers_count":155021,"profile_image_url":"http:\/\/a2.twimg.com\/profile_images\/1442622249\/Romney-2012-TwitterAvatar_normal.jpg","follow_request_sent":null,"profile_sidebar_border_color":"BDDCAD","location":"Massachusetts","is_translator":false,"contributors_enabled":true,"screen_name":"MittRomney","profile_use_background_image":true,"url":"http:\/\/www.MittRomney.com","id_str":"50055701","show_all_inline_media":false,"profile_background_image_url_https":"https:\/\/si0.twimg.com\/profile_background_images\/293824398\/Romney-2012-TwitterBground-07-20-2011.jpg","profile_text_color":"000000","id":50055701,"listed_count":4061,"lang":"en","profile_background_image_url":"http:\/\/a0.twimg.com\/profile_background_images\/293824398\/Romney-2012-TwitterBground-07-20-2011.jpg","friends_count":235},"contributors":null,"in_reply_to_status_id":null,"source":"web","id_str":"119401285194760192","geo":null,"favorited":false,"id":119401285194760192,"coordinates":null,"in_reply_to_user_id":null,"truncated":false,"text":"We cannot spend our way to prosperity - how I would control federal spending http:\/\/t.co\/XcVqlHxj","name":"MittRomney","boldText":"We cannot spend our way to prosperity - how I would control <B>fed<\/B>eral spending http:\/\/t.co\/XcVqlHxj"},{"place":null,"retweet_count":"100+","in_reply_to_screen_name":null,"created_at":"Mon Sep 19 19:37:51 +0000 2011","retweeted":false,"in_reply_to_status_id_str":null,"in_reply_to_user_id_str":null,"user":{"time_zone":"Quito","profile_link_color":"fd0000","protected":false,"created_at":"Tue Jun 23 18:24:04 +0000 2009","profile_image_url_https":"https:\/\/si0.twimg.com\/profile_images\/1442622249\/Romney-2012-TwitterAvatar_normal.jpg","name":"Mitt Romney","geo_enabled":false,"favourites_count":0,"profile_background_color":"072d73","default_profile_image":false,"notifications":null,"profile_background_tile":false,"utc_offset":-18000,"description":"Former Governor of Massachusetts","default_profile":false,"statuses_count":654,"following":null,"verified":true,"profile_sidebar_fill_color":"b6e5f9","followers_count":155032,"profile_image_url":"http:\/\/a2.twimg.com\/profile_images\/1442622249\/Romney-2012-TwitterAvatar_normal.jpg","follow_request_sent":null,"profile_sidebar_border_color":"BDDCAD","location":"Massachusetts","is_translator":false,"contributors_enabled":true,"screen_name":"MittRomney","profile_use_background_image":true,"url":"http:\/\/www.MittRomney.com","id_str":"50055701","show_all_inline_media":false,"profile_background_image_url_https":"https:\/\/si0.twimg.com\/profile_background_images\/293824398\/Romney-2012-TwitterBground-07-20-2011.jpg","profile_text_color":"000000","id":50055701,"listed_count":4061,"lang":"en","profile_background_image_url":"http:\/\/a0.twimg.com\/profile_background_images\/293824398\/Romney-2012-TwitterBground-07-20-2011.jpg","friends_count":235},"contributors":null,"in_reply_to_status_id":null,"source":"web","id_str":"115872249805946881","geo":null,"favorited":false,"id":115872249805946881,"coordinates":null,"in_reply_to_user_id":null,"truncated":false,"text":".@BarackObama\u2019s plan to raise taxes will have a crushing impact on economic growth. Higher taxes mean fewer jobs \u2013 it\u2019s that simple","name":"MittRomney","boldText":".@BarackObama\u2019s plan to raise <B>taxes<\/B> will have a crushing impact on economic growth. Higher <B>taxes<\/B> mean fewer jobs \u2013 it\u2019s that simple"}]