[{"possibly_sensitive":false,"place":null,"retweet_count":2,"in_reply_to_screen_name":null,"created_at":"Tue Oct 25 22:15:02 +0000 2011","retweeted":false,"in_reply_to_status_id_str":null,"in_reply_to_user_id_str":null,"user":{"time_zone":null,"profile_link_color":"0084B4","protected":false,"created_at":"Sat Apr 23 18:09:14 +0000 2011","profile_image_url_https":"https:\/\/si0.twimg.com\/profile_images\/1601522227\/291839_222611644456614_198437953540650_717288_6623343_s_normal.jpg","name":"Team Huntsman 2012","geo_enabled":false,"favourites_count":73,"profile_background_color":"C0DEED","default_profile_image":false,"notifications":null,"profile_background_tile":true,"utc_offset":null,"description":"America 4 Jon Huntsman, the Conservative Problem-Solver, in 2012.\nNot authorized by any candidate or candidate committee. Follow the Gov: @JonHuntsman\n#Jon2012","statuses_count":1082,"following":null,"verified":false,"profile_sidebar_fill_color":"DDEEF6","followers_count":1958,"profile_image_url":"http:\/\/a0.twimg.com\/profile_images\/1601522227\/291839_222611644456614_198437953540650_717288_6623343_s_normal.jpg","follow_request_sent":null,"profile_sidebar_border_color":"C0DEED","location":"USA","is_translator":false,"default_profile":false,"contributors_enabled":false,"screen_name":"JonHuntsman12","profile_use_background_image":true,"url":"http:\/\/goo.gl\/487lO","id_str":"286790129","show_all_inline_media":true,"profile_background_image_url_https":"https:\/\/si0.twimg.com\/profile_background_images\/282556199\/oldflag.jpg","profile_text_color":"333333","id":286790129,"listed_count":74,"lang":"en","profile_background_image_url":"http:\/\/a0.twimg.com\/profile_background_images\/282556199\/oldflag.jpg","friends_count":2014},"contributors":null,"in_reply_to_status_id":null,"source":"web","id_str":"128957768404172801","geo":null,"favorited":false,"id":128957768404172801,"coordinates":null,"in_reply_to_user_id":null,"truncated":false,"text":"FYI: Huntsman plan is WSJ-endorsed. RT @SSNAlerts #Huntsman bashes #RickPerry tax plan http:\/\/t.co\/pxy1zPZg #CutBalanceAndGrow #Jon2012 #gop","name":"JonHuntsman12","boldText":"FYI: Huntsman plan is WSJ-endorsed. RT @SSNAlerts #Huntsman bashes #RickPerry tax plan http:\/\/t.co\/pxy1zPZg #<B>Cut<\/B>BalanceAndGrow #Jon2012 #gop"},{"possibly_sensitive":false,"place":null,"retweet_count":48,"in_reply_to_screen_name":null,"created_at":"Mon Oct 24 12:58:02 +0000 2011","retweeted":false,"in_reply_to_status_id_str":null,"in_reply_to_user_id_str":null,"user":{"time_zone":"Eastern Time (US & Canada)","profile_link_color":"1F98C7","protected":false,"created_at":"Sat May 07 17:16:04 +0000 2011","profile_image_url_https":"https:\/\/si0.twimg.com\/profile_images\/1350998450\/Huntsman_normal.jpg","name":"Jon Huntsman","geo_enabled":false,"favourites_count":0,"profile_background_color":"001d36","default_profile_image":false,"notifications":false,"profile_background_tile":false,"utc_offset":-18000,"description":"Proud husband and father of seven.  Businessman, former two-term Governor of Utah, former Ambassador to China and Singapore. Follow campaign at @Jon2012HQ","statuses_count":148,"following":false,"verified":true,"profile_sidebar_fill_color":"DAECF4","followers_count":45960,"profile_image_url":"http:\/\/a1.twimg.com\/profile_images\/1350998450\/Huntsman_normal.jpg","follow_request_sent":false,"profile_sidebar_border_color":"C6E2EE","location":"","is_translator":false,"contributors_enabled":false,"screen_name":"JonHuntsman","default_profile":false,"profile_use_background_image":true,"url":"http:\/\/Jon2012.com","id_str":"294728278","show_all_inline_media":false,"profile_background_image_url_https":"https:\/\/si0.twimg.com\/profile_background_images\/274598242\/h_twitter_background.jpg","profile_text_color":"663B12","id":294728278,"listed_count":1144,"lang":"en","profile_background_image_url":"http:\/\/a0.twimg.com\/profile_background_images\/274598242\/h_twitter_background.jpg","friends_count":102},"contributors":null,"in_reply_to_status_id":null,"source":"web","id_str":"128455207037313026","geo":null,"favorited":false,"id":128455207037313026,"coordinates":null,"in_reply_to_user_id":null,"truncated":false,"text":"Good article from @TPCarney. All sides should agree: Down with big banks. Let's get back to real free-market capitalism http:\/\/t.co\/Ow83TxLt","name":"JonHuntsman","boldText":"Good article from @TPCarney. All sides should agree: Down with big <B>bank<\/B>s. Let's get back to real free-market capitalism http:\/\/t.co\/Ow83TxLt"},{"place":null,"retweet_count":0,"in_reply_to_screen_name":"JonHuntsman","created_at":"Wed Oct 19 00:02:58 +0000 2011","retweeted":false,"in_reply_to_status_id_str":null,"in_reply_to_user_id_str":"294728278","user":{"time_zone":null,"profile_link_color":"0084B4","protected":false,"created_at":"Sat Apr 23 18:09:14 +0000 2011","profile_image_url_https":"https:\/\/si0.twimg.com\/profile_images\/1601522227\/291839_222611644456614_198437953540650_717288_6623343_s_normal.jpg","name":"Team Huntsman 2012","geo_enabled":false,"favourites_count":73,"profile_background_color":"C0DEED","default_profile_image":false,"notifications":null,"profile_background_tile":true,"utc_offset":null,"description":"America 4 Jon Huntsman, the Conservative Problem-Solver, in 2012.\nNot authorized by any candidate or candidate committee. Follow the Gov: @JonHuntsman\n#Jon2012","statuses_count":1082,"following":null,"verified":false,"profile_sidebar_fill_color":"DDEEF6","followers_count":1958,"profile_image_url":"http:\/\/a0.twimg.com\/profile_images\/1601522227\/291839_222611644456614_198437953540650_717288_6623343_s_normal.jpg","follow_request_sent":null,"profile_sidebar_border_color":"C0DEED","location":"USA","is_translator":false,"default_profile":false,"contributors_enabled":false,"screen_name":"JonHuntsman12","profile_use_background_image":true,"url":"http:\/\/goo.gl\/487lO","id_str":"286790129","show_all_inline_media":true,"profile_background_image_url_https":"https:\/\/si0.twimg.com\/profile_background_images\/282556199\/oldflag.jpg","profile_text_color":"333333","id":286790129,"listed_count":74,"lang":"en","profile_background_image_url":"http:\/\/a0.twimg.com\/profile_background_images\/282556199\/oldflag.jpg","friends_count":2014},"contributors":null,"in_reply_to_status_id":null,"source":"web","id_str":"126448214411980800","geo":null,"favorited":false,"id":126448214411980800,"coordinates":null,"in_reply_to_user_id":294728278,"truncated":false,"text":"@JonHuntsman in @WSJ: \"The Obama & Romney plan appears to be to cross our fingers and hope no \"too big to fail\" banks fail on their watch.\"","name":"JonHuntsman12","boldText":"@JonHuntsman in @WSJ: \"The Obama & Romney plan appears to be to cross our fingers and hope no \"too big to fail\" <B>bank<\/B>s fail on their watch.\""},{"place":null,"retweet_count":12,"in_reply_to_screen_name":null,"created_at":"Wed Oct 12 01:45:14 +0000 2011","retweeted":false,"in_reply_to_status_id_str":null,"in_reply_to_user_id_str":null,"user":{"time_zone":"Eastern Time (US & Canada)","profile_link_color":"0084B4","protected":false,"default_profile":false,"created_at":"Sun Jun 19 21:17:54 +0000 2011","profile_image_url_https":"https:\/\/si0.twimg.com\/profile_images\/1405226692\/FB-75_normal.jpg","name":"Jon 2012","geo_enabled":false,"favourites_count":0,"profile_background_color":"001d36","default_profile_image":false,"notifications":null,"profile_background_tile":false,"utc_offset":-18000,"description":"The official Twitter campaign headquarters for @JonHuntsman. #Jon2012","statuses_count":387,"following":null,"verified":false,"profile_sidebar_fill_color":"DDEEF6","followers_count":4983,"profile_image_url":"http:\/\/a0.twimg.com\/profile_images\/1405226692\/FB-75_normal.jpg","follow_request_sent":null,"profile_sidebar_border_color":"C0DEED","location":"","is_translator":false,"contributors_enabled":false,"screen_name":"Jon2012HQ","profile_use_background_image":true,"url":"http:\/\/www.Jon2012.com","id_str":"320406917","show_all_inline_media":false,"profile_background_image_url_https":"https:\/\/si0.twimg.com\/profile_background_images\/274253345\/h_twitter_background.jpg","profile_text_color":"333333","id":320406917,"listed_count":225,"lang":"en","profile_background_image_url":"http:\/\/a0.twimg.com\/profile_background_images\/274253345\/h_twitter_background.jpg","friends_count":325},"contributors":null,"in_reply_to_status_id":null,"source":"<a href=\"http:\/\/www.tweetdeck.com\" rel=\"nofollow\">TweetDeck<\/a>","id_str":"123937235816030211","geo":null,"favorited":false,"id":123937235816030211,"coordinates":null,"in_reply_to_user_id":null,"truncated":false,"text":"National Review: \"During Huntsman\u2019s tenure, 2005 to 2009, Utah had the best overall job-growth rate of any state in the nation\" #EconDebate","name":"Jon2012HQ","boldText":"National Review: \"During Huntsman\u2019s tenure, 2005 to 2009, Utah had the best overall job-<B>growth<\/B> rate of any state in the nation\" #EconDebate"},{"place":null,"retweet_count":12,"in_reply_to_screen_name":null,"created_at":"Wed Oct 12 01:28:31 +0000 2011","retweeted":false,"in_reply_to_status_id_str":null,"in_reply_to_user_id_str":null,"user":{"time_zone":"Eastern Time (US & Canada)","profile_link_color":"0084B4","protected":false,"default_profile":false,"created_at":"Sun Jun 19 21:17:54 +0000 2011","profile_image_url_https":"https:\/\/si0.twimg.com\/profile_images\/1405226692\/FB-75_normal.jpg","name":"Jon 2012","geo_enabled":false,"favourites_count":0,"profile_background_color":"001d36","default_profile_image":false,"notifications":null,"profile_background_tile":false,"utc_offset":-18000,"description":"The official Twitter campaign headquarters for @JonHuntsman. #Jon2012","statuses_count":387,"following":null,"verified":false,"profile_sidebar_fill_color":"DDEEF6","followers_count":4983,"profile_image_url":"http:\/\/a0.twimg.com\/profile_images\/1405226692\/FB-75_normal.jpg","follow_request_sent":null,"profile_sidebar_border_color":"C0DEED","location":"","is_translator":false,"contributors_enabled":false,"screen_name":"Jon2012HQ","profile_use_background_image":true,"url":"http:\/\/www.Jon2012.com","id_str":"320406917","show_all_inline_media":false,"profile_background_image_url_https":"https:\/\/si0.twimg.com\/profile_background_images\/274253345\/h_twitter_background.jpg","profile_text_color":"333333","id":320406917,"listed_count":225,"lang":"en","profile_background_image_url":"http:\/\/a0.twimg.com\/profile_background_images\/274253345\/h_twitter_background.jpg","friends_count":325},"contributors":null,"in_reply_to_status_id":null,"source":"<a href=\"http:\/\/www.tweetdeck.com\" rel=\"nofollow\">TweetDeck<\/a>","id_str":"123933031047249920","geo":null,"favorited":false,"id":123933031047249920,"coordinates":null,"in_reply_to_user_id":null,"truncated":false,"text":"Gov Tom Ridge: \u201cJon Huntsman has the experience we need to rebuild our nation\u2019s economic foundation & reduce our crushing debt\u201d #EconDebate","name":"Jon2012HQ","boldText":"Gov Tom Ridge: \u201cJon Huntsman has the experience we need to rebuild our nation\u2019s <B>economic<\/B> foundation & reduce our crushing debt\u201d #EconDebate"},{"place":null,"retweet_count":7,"in_reply_to_screen_name":null,"created_at":"Wed Oct 12 01:17:48 +0000 2011","retweeted":false,"in_reply_to_status_id_str":null,"in_reply_to_user_id_str":null,"user":{"time_zone":"Eastern Time (US & Canada)","profile_link_color":"0084B4","protected":false,"default_profile":false,"created_at":"Sun Jun 19 21:17:54 +0000 2011","profile_image_url_https":"https:\/\/si0.twimg.com\/profile_images\/1405226692\/FB-75_normal.jpg","name":"Jon 2012","geo_enabled":false,"favourites_count":0,"profile_background_color":"001d36","default_profile_image":false,"notifications":null,"profile_background_tile":false,"utc_offset":-18000,"description":"The official Twitter campaign headquarters for @JonHuntsman. #Jon2012","statuses_count":387,"following":null,"verified":false,"profile_sidebar_fill_color":"DDEEF6","followers_count":4983,"profile_image_url":"http:\/\/a0.twimg.com\/profile_images\/1405226692\/FB-75_normal.jpg","follow_request_sent":null,"profile_sidebar_border_color":"C0DEED","location":"","is_translator":false,"contributors_enabled":false,"screen_name":"Jon2012HQ","profile_use_background_image":true,"url":"http:\/\/www.Jon2012.com","id_str":"320406917","show_all_inline_media":false,"profile_background_image_url_https":"https:\/\/si0.twimg.com\/profile_background_images\/274253345\/h_twitter_background.jpg","profile_text_color":"333333","id":320406917,"listed_count":225,"lang":"en","profile_background_image_url":"http:\/\/a0.twimg.com\/profile_background_images\/274253345\/h_twitter_background.jpg","friends_count":325},"contributors":null,"in_reply_to_status_id":null,"source":"<a href=\"http:\/\/www.tweetdeck.com\" rel=\"nofollow\">TweetDeck<\/a>","id_str":"123930330691407872","geo":null,"favorited":false,"id":123930330691407872,"coordinates":null,"in_reply_to_user_id":null,"truncated":false,"text":"Jon Huntsman's Economic record: Utah led the way in the United States in terms of job creation. Massachusetts - 47th #EconDebate","name":"Jon2012HQ","boldText":"Jon Huntsman's <B>Economic<\/B> record: Utah led the way in the United States in terms of job creation. Massachusetts - 47th #EconDebate"},{"place":null,"retweet_count":15,"in_reply_to_screen_name":null,"created_at":"Wed Oct 12 01:08:03 +0000 2011","retweeted":false,"in_reply_to_status_id_str":null,"in_reply_to_user_id_str":null,"user":{"time_zone":"Eastern Time (US & Canada)","profile_link_color":"0084B4","protected":false,"default_profile":false,"created_at":"Sun Jun 19 21:17:54 +0000 2011","profile_image_url_https":"https:\/\/si0.twimg.com\/profile_images\/1405226692\/FB-75_normal.jpg","name":"Jon 2012","geo_enabled":false,"favourites_count":0,"profile_background_color":"001d36","default_profile_image":false,"notifications":null,"profile_background_tile":false,"utc_offset":-18000,"description":"The official Twitter campaign headquarters for @JonHuntsman. #Jon2012","statuses_count":387,"following":null,"verified":false,"profile_sidebar_fill_color":"DDEEF6","followers_count":4983,"profile_image_url":"http:\/\/a0.twimg.com\/profile_images\/1405226692\/FB-75_normal.jpg","follow_request_sent":null,"profile_sidebar_border_color":"C0DEED","location":"","is_translator":false,"contributors_enabled":false,"screen_name":"Jon2012HQ","profile_use_background_image":true,"url":"http:\/\/www.Jon2012.com","id_str":"320406917","show_all_inline_media":false,"profile_background_image_url_https":"https:\/\/si0.twimg.com\/profile_background_images\/274253345\/h_twitter_background.jpg","profile_text_color":"333333","id":320406917,"listed_count":225,"lang":"en","profile_background_image_url":"http:\/\/a0.twimg.com\/profile_background_images\/274253345\/h_twitter_background.jpg","friends_count":325},"contributors":null,"in_reply_to_status_id":null,"source":"<a href=\"http:\/\/www.tweetdeck.com\" rel=\"nofollow\">TweetDeck<\/a>","id_str":"123927879808593920","geo":null,"favorited":false,"id":123927879808593920,"coordinates":null,"in_reply_to_user_id":null,"truncated":false,"text":"The WSJ on Jon Huntsman's economic plan: \"the most pro-growth proposal ever offered by a US presidential candidate\" #EconDebate #GOP2012","name":"Jon2012HQ","boldText":"The WSJ on Jon Huntsman's <B>economic<\/B> plan: \"the most pro-<B><B>growth<\/B><\/B> proposal ever offered by a US presidential candidate\" #EconDebate #GOP2012"},{"place":null,"retweet_count":13,"in_reply_to_screen_name":null,"created_at":"Wed Oct 12 00:49:28 +0000 2011","retweeted":false,"in_reply_to_status_id_str":null,"in_reply_to_user_id_str":null,"user":{"time_zone":"Eastern Time (US & Canada)","profile_link_color":"0084B4","protected":false,"default_profile":false,"created_at":"Sun Jun 19 21:17:54 +0000 2011","profile_image_url_https":"https:\/\/si0.twimg.com\/profile_images\/1405226692\/FB-75_normal.jpg","name":"Jon 2012","geo_enabled":false,"favourites_count":0,"profile_background_color":"001d36","default_profile_image":false,"notifications":null,"profile_background_tile":false,"utc_offset":-18000,"description":"The official Twitter campaign headquarters for @JonHuntsman. #Jon2012","statuses_count":387,"following":null,"verified":false,"profile_sidebar_fill_color":"DDEEF6","followers_count":4983,"profile_image_url":"http:\/\/a0.twimg.com\/profile_images\/1405226692\/FB-75_normal.jpg","follow_request_sent":null,"profile_sidebar_border_color":"C0DEED","location":"","is_translator":false,"contributors_enabled":false,"screen_name":"Jon2012HQ","profile_use_background_image":true,"url":"http:\/\/www.Jon2012.com","id_str":"320406917","show_all_inline_media":false,"profile_background_image_url_https":"https:\/\/si0.twimg.com\/profile_background_images\/274253345\/h_twitter_background.jpg","profile_text_color":"333333","id":320406917,"listed_count":225,"lang":"en","profile_background_image_url":"http:\/\/a0.twimg.com\/profile_background_images\/274253345\/h_twitter_background.jpg","friends_count":325},"contributors":null,"in_reply_to_status_id":null,"source":"<a href=\"http:\/\/www.tweetdeck.com\" rel=\"nofollow\">TweetDeck<\/a>","id_str":"123923200794042368","geo":null,"favorited":false,"id":123923200794042368,"coordinates":null,"in_reply_to_user_id":null,"truncated":false,"text":"Jon Huntsman's Economic record: Utah led the way in the United States in terms of job creation. Massachusetts - 47th. #EconDebate","name":"Jon2012HQ","boldText":"Jon Huntsman's <B>Economic<\/B> record: Utah led the way in the United States in terms of job creation. Massachusetts - 47th. #EconDebate"},{"possibly_sensitive":false,"place":null,"retweet_count":10,"in_reply_to_screen_name":null,"created_at":"Wed Oct 12 00:31:42 +0000 2011","retweeted":false,"in_reply_to_status_id_str":null,"in_reply_to_user_id_str":null,"user":{"time_zone":"Eastern Time (US & Canada)","profile_link_color":"0084B4","protected":false,"default_profile":false,"created_at":"Sun Jun 19 21:17:54 +0000 2011","profile_image_url_https":"https:\/\/si0.twimg.com\/profile_images\/1405226692\/FB-75_normal.jpg","name":"Jon 2012","geo_enabled":false,"favourites_count":0,"profile_background_color":"001d36","default_profile_image":false,"notifications":null,"profile_background_tile":false,"utc_offset":-18000,"description":"The official Twitter campaign headquarters for @JonHuntsman. #Jon2012","statuses_count":387,"following":null,"verified":false,"profile_sidebar_fill_color":"DDEEF6","followers_count":4983,"profile_image_url":"http:\/\/a0.twimg.com\/profile_images\/1405226692\/FB-75_normal.jpg","follow_request_sent":null,"profile_sidebar_border_color":"C0DEED","location":"","is_translator":false,"contributors_enabled":false,"screen_name":"Jon2012HQ","profile_use_background_image":true,"url":"http:\/\/www.Jon2012.com","id_str":"320406917","show_all_inline_media":false,"profile_background_image_url_https":"https:\/\/si0.twimg.com\/profile_background_images\/274253345\/h_twitter_background.jpg","profile_text_color":"333333","id":320406917,"listed_count":225,"lang":"en","profile_background_image_url":"http:\/\/a0.twimg.com\/profile_background_images\/274253345\/h_twitter_background.jpg","friends_count":325},"contributors":null,"in_reply_to_status_id":null,"source":"<a href=\"http:\/\/www.tweetdeck.com\" rel=\"nofollow\">TweetDeck<\/a>","id_str":"123918730848763904","geo":null,"favorited":false,"id":123918730848763904,"coordinates":null,"in_reply_to_user_id":null,"truncated":false,"text":"Check out @JonHuntsman's Wall Street Journal endorsed economic plan http:\/\/t.co\/6fVbzKUU #EconDebate #gop2012","name":"Jon2012HQ","boldText":"Check out @JonHuntsman's Wall Street Journal endorsed <B>economic<\/B> plan http:\/\/t.co\/6fVbzKUU #EconDebate #gop2012"},{"place":null,"retweet_count":20,"in_reply_to_screen_name":null,"created_at":"Wed Oct 12 00:22:34 +0000 2011","retweeted":false,"in_reply_to_status_id_str":null,"in_reply_to_user_id_str":null,"user":{"time_zone":"Eastern Time (US & Canada)","profile_link_color":"0084B4","protected":false,"default_profile":false,"created_at":"Sun Jun 19 21:17:54 +0000 2011","profile_image_url_https":"https:\/\/si0.twimg.com\/profile_images\/1405226692\/FB-75_normal.jpg","name":"Jon 2012","geo_enabled":false,"favourites_count":0,"profile_background_color":"001d36","default_profile_image":false,"notifications":null,"profile_background_tile":false,"utc_offset":-18000,"description":"The official Twitter campaign headquarters for @JonHuntsman. #Jon2012","statuses_count":387,"following":null,"verified":false,"profile_sidebar_fill_color":"DDEEF6","followers_count":4983,"profile_image_url":"http:\/\/a0.twimg.com\/profile_images\/1405226692\/FB-75_normal.jpg","follow_request_sent":null,"profile_sidebar_border_color":"C0DEED","location":"","is_translator":false,"contributors_enabled":false,"screen_name":"Jon2012HQ","profile_use_background_image":true,"url":"http:\/\/www.Jon2012.com","id_str":"320406917","show_all_inline_media":false,"profile_background_image_url_https":"https:\/\/si0.twimg.com\/profile_background_images\/274253345\/h_twitter_background.jpg","profile_text_color":"333333","id":320406917,"listed_count":225,"lang":"en","profile_background_image_url":"http:\/\/a0.twimg.com\/profile_background_images\/274253345\/h_twitter_background.jpg","friends_count":325},"contributors":null,"in_reply_to_status_id":null,"source":"<a href=\"http:\/\/www.tweetdeck.com\" rel=\"nofollow\">TweetDeck<\/a>","id_str":"123916434274398208","geo":null,"favorited":false,"id":123916434274398208,"coordinates":null,"in_reply_to_user_id":null,"truncated":false,"text":"Reuters: Jon Huntsman's economic plan: \"the most pro-growth, pro-market tax plan\" by a president candidate since Ronald Reagan #econdebate","name":"Jon2012HQ","boldText":"Reuters: Jon Huntsman's <B>economic<\/B> plan: \"the most pro-<B><B>growth<\/B><\/B>, pro-market tax plan\" by a president candidate since Ronald Reagan #econdebate"},{"place":null,"retweet_count":11,"in_reply_to_screen_name":null,"created_at":"Wed Oct 12 00:15:50 +0000 2011","retweeted":false,"in_reply_to_status_id_str":null,"in_reply_to_user_id_str":null,"user":{"time_zone":"Eastern Time (US & Canada)","profile_link_color":"0084B4","protected":false,"default_profile":false,"created_at":"Sun Jun 19 21:17:54 +0000 2011","profile_image_url_https":"https:\/\/si0.twimg.com\/profile_images\/1405226692\/FB-75_normal.jpg","name":"Jon 2012","geo_enabled":false,"favourites_count":0,"profile_background_color":"001d36","default_profile_image":false,"notifications":null,"profile_background_tile":false,"utc_offset":-18000,"description":"The official Twitter campaign headquarters for @JonHuntsman. #Jon2012","statuses_count":387,"following":null,"verified":false,"profile_sidebar_fill_color":"DDEEF6","followers_count":4983,"profile_image_url":"http:\/\/a0.twimg.com\/profile_images\/1405226692\/FB-75_normal.jpg","follow_request_sent":null,"profile_sidebar_border_color":"C0DEED","location":"","is_translator":false,"contributors_enabled":false,"screen_name":"Jon2012HQ","profile_use_background_image":true,"url":"http:\/\/www.Jon2012.com","id_str":"320406917","show_all_inline_media":false,"profile_background_image_url_https":"https:\/\/si0.twimg.com\/profile_background_images\/274253345\/h_twitter_background.jpg","profile_text_color":"333333","id":320406917,"listed_count":225,"lang":"en","profile_background_image_url":"http:\/\/a0.twimg.com\/profile_background_images\/274253345\/h_twitter_background.jpg","friends_count":325},"contributors":null,"in_reply_to_status_id":null,"source":"<a href=\"http:\/\/www.tweetdeck.com\" rel=\"nofollow\">TweetDeck<\/a>","id_str":"123914739947548672","geo":null,"favorited":false,"id":123914739947548672,"coordinates":null,"in_reply_to_user_id":null,"truncated":false,"text":"National Review:  \"During Huntsman\u2019s tenure, 2005 to 2009, Utah had the best overall job-growth rate of any state in the nation\" #econdebate","name":"Jon2012HQ","boldText":"National Review:  \"During Huntsman\u2019s tenure, 2005 to 2009, Utah had the best overall job-<B>growth<\/B> rate of any state in the nation\" #econdebate"},{"possibly_sensitive":false,"place":null,"retweet_count":2,"in_reply_to_screen_name":null,"created_at":"Wed Oct 12 00:13:45 +0000 2011","retweeted":false,"in_reply_to_status_id_str":null,"in_reply_to_user_id_str":null,"user":{"time_zone":null,"profile_link_color":"0084B4","protected":false,"created_at":"Sat Apr 23 18:09:14 +0000 2011","profile_image_url_https":"https:\/\/si0.twimg.com\/profile_images\/1601522227\/291839_222611644456614_198437953540650_717288_6623343_s_normal.jpg","name":"Team Huntsman 2012","geo_enabled":false,"favourites_count":73,"profile_background_color":"C0DEED","default_profile_image":false,"notifications":null,"profile_background_tile":true,"utc_offset":null,"description":"America 4 Jon Huntsman, the Conservative Problem-Solver, in 2012.\nNot authorized by any candidate or candidate committee. Follow the Gov: @JonHuntsman\n#Jon2012","statuses_count":1082,"following":null,"verified":false,"profile_sidebar_fill_color":"DDEEF6","followers_count":1958,"profile_image_url":"http:\/\/a0.twimg.com\/profile_images\/1601522227\/291839_222611644456614_198437953540650_717288_6623343_s_normal.jpg","follow_request_sent":null,"profile_sidebar_border_color":"C0DEED","location":"USA","is_translator":false,"default_profile":false,"contributors_enabled":false,"screen_name":"JonHuntsman12","profile_use_background_image":true,"url":"http:\/\/goo.gl\/487lO","id_str":"286790129","show_all_inline_media":true,"profile_background_image_url_https":"https:\/\/si0.twimg.com\/profile_background_images\/282556199\/oldflag.jpg","profile_text_color":"333333","id":286790129,"listed_count":74,"lang":"en","profile_background_image_url":"http:\/\/a0.twimg.com\/profile_background_images\/282556199\/oldflag.jpg","friends_count":2014},"contributors":null,"in_reply_to_status_id":null,"source":"web","id_str":"123914214053126144","geo":null,"favorited":false,"id":123914214053126144,"coordinates":null,"in_reply_to_user_id":null,"truncated":false,"text":"Wall Street Journal: Huntsman's Good Economic Plan: Better than anything so far from the GOP field. http:\/\/t.co\/b6kDvmFK #econdebate","name":"JonHuntsman12","boldText":"Wall Street Journal: Huntsman's Good <B>Economic<\/B> Plan: Better than anything so far from the GOP field. http:\/\/t.co\/b6kDvmFK #econdebate"},{"place":null,"retweet_count":16,"in_reply_to_screen_name":null,"created_at":"Wed Oct 12 00:11:12 +0000 2011","retweeted":false,"in_reply_to_status_id_str":null,"in_reply_to_user_id_str":null,"user":{"time_zone":"Eastern Time (US & Canada)","profile_link_color":"0084B4","protected":false,"default_profile":false,"created_at":"Sun Jun 19 21:17:54 +0000 2011","profile_image_url_https":"https:\/\/si0.twimg.com\/profile_images\/1405226692\/FB-75_normal.jpg","name":"Jon 2012","geo_enabled":false,"favourites_count":0,"profile_background_color":"001d36","default_profile_image":false,"notifications":null,"profile_background_tile":false,"utc_offset":-18000,"description":"The official Twitter campaign headquarters for @JonHuntsman. #Jon2012","statuses_count":387,"following":null,"verified":false,"profile_sidebar_fill_color":"DDEEF6","followers_count":4983,"profile_image_url":"http:\/\/a0.twimg.com\/profile_images\/1405226692\/FB-75_normal.jpg","follow_request_sent":null,"profile_sidebar_border_color":"C0DEED","location":"","is_translator":false,"contributors_enabled":false,"screen_name":"Jon2012HQ","profile_use_background_image":true,"url":"http:\/\/www.Jon2012.com","id_str":"320406917","show_all_inline_media":false,"profile_background_image_url_https":"https:\/\/si0.twimg.com\/profile_background_images\/274253345\/h_twitter_background.jpg","profile_text_color":"333333","id":320406917,"listed_count":225,"lang":"en","profile_background_image_url":"http:\/\/a0.twimg.com\/profile_background_images\/274253345\/h_twitter_background.jpg","friends_count":325},"contributors":null,"in_reply_to_status_id":null,"source":"<a href=\"http:\/\/www.tweetdeck.com\" rel=\"nofollow\">TweetDeck<\/a>","id_str":"123913571393470464","geo":null,"favorited":false,"id":123913571393470464,"coordinates":null,"in_reply_to_user_id":null,"truncated":false,"text":"Reuters on Jon Huntsman's economic plan: \"the most pro-growth, pro-market tax plan\" by a president candidate since Ronald Reagan #econdebate","name":"Jon2012HQ","boldText":"Reuters on Jon Huntsman's <B>economic<\/B> plan: \"the most pro-<B><B>growth<\/B><\/B>, pro-market tax plan\" by a president candidate since Ronald Reagan #econdebate"},{"place":null,"retweet_count":16,"in_reply_to_screen_name":null,"created_at":"Wed Oct 12 00:04:35 +0000 2011","retweeted":false,"in_reply_to_status_id_str":null,"in_reply_to_user_id_str":null,"user":{"time_zone":"Eastern Time (US & Canada)","profile_link_color":"0084B4","protected":false,"default_profile":false,"created_at":"Sun Jun 19 21:17:54 +0000 2011","profile_image_url_https":"https:\/\/si0.twimg.com\/profile_images\/1405226692\/FB-75_normal.jpg","name":"Jon 2012","geo_enabled":false,"favourites_count":0,"profile_background_color":"001d36","default_profile_image":false,"notifications":null,"profile_background_tile":false,"utc_offset":-18000,"description":"The official Twitter campaign headquarters for @JonHuntsman. #Jon2012","statuses_count":387,"following":null,"verified":false,"profile_sidebar_fill_color":"DDEEF6","followers_count":4983,"profile_image_url":"http:\/\/a0.twimg.com\/profile_images\/1405226692\/FB-75_normal.jpg","follow_request_sent":null,"profile_sidebar_border_color":"C0DEED","location":"","is_translator":false,"contributors_enabled":false,"screen_name":"Jon2012HQ","profile_use_background_image":true,"url":"http:\/\/www.Jon2012.com","id_str":"320406917","show_all_inline_media":false,"profile_background_image_url_https":"https:\/\/si0.twimg.com\/profile_background_images\/274253345\/h_twitter_background.jpg","profile_text_color":"333333","id":320406917,"listed_count":225,"lang":"en","profile_background_image_url":"http:\/\/a0.twimg.com\/profile_background_images\/274253345\/h_twitter_background.jpg","friends_count":325},"contributors":null,"in_reply_to_status_id":null,"source":"<a href=\"http:\/\/www.tweetdeck.com\" rel=\"nofollow\">TweetDeck<\/a>","id_str":"123911907928322048","geo":null,"favorited":false,"id":123911907928322048,"coordinates":null,"in_reply_to_user_id":null,"truncated":false,"text":"The WSJ on Jon Huntsman's economic plan: \"the most pro-growth proposal ever offered by a US presidential candidate\" #econdebate #Jon2012","name":"Jon2012HQ","boldText":"The WSJ on Jon Huntsman's <B>economic<\/B> plan: \"the most pro-<B><B>growth<\/B><\/B> proposal ever offered by a US presidential candidate\" #econdebate #Jon2012"},{"place":null,"retweet_count":13,"in_reply_to_screen_name":null,"created_at":"Tue Oct 11 23:51:18 +0000 2011","retweeted":false,"in_reply_to_status_id_str":null,"in_reply_to_user_id_str":null,"user":{"time_zone":"Eastern Time (US & Canada)","profile_link_color":"0084B4","protected":false,"default_profile":false,"created_at":"Sun Jun 19 21:17:54 +0000 2011","profile_image_url_https":"https:\/\/si0.twimg.com\/profile_images\/1405226692\/FB-75_normal.jpg","name":"Jon 2012","geo_enabled":false,"favourites_count":0,"profile_background_color":"001d36","default_profile_image":false,"notifications":null,"profile_background_tile":false,"utc_offset":-18000,"description":"The official Twitter campaign headquarters for @JonHuntsman. #Jon2012","statuses_count":387,"following":null,"verified":false,"profile_sidebar_fill_color":"DDEEF6","followers_count":4983,"profile_image_url":"http:\/\/a0.twimg.com\/profile_images\/1405226692\/FB-75_normal.jpg","follow_request_sent":null,"profile_sidebar_border_color":"C0DEED","location":"","is_translator":false,"contributors_enabled":false,"screen_name":"Jon2012HQ","profile_use_background_image":true,"url":"http:\/\/www.Jon2012.com","id_str":"320406917","show_all_inline_media":false,"profile_background_image_url_https":"https:\/\/si0.twimg.com\/profile_background_images\/274253345\/h_twitter_background.jpg","profile_text_color":"333333","id":320406917,"listed_count":225,"lang":"en","profile_background_image_url":"http:\/\/a0.twimg.com\/profile_background_images\/274253345\/h_twitter_background.jpg","friends_count":325},"contributors":null,"in_reply_to_status_id":null,"source":"<a href=\"http:\/\/www.tweetdeck.com\" rel=\"nofollow\">TweetDeck<\/a>","id_str":"123908565386792960","geo":null,"favorited":false,"id":123908565386792960,"coordinates":null,"in_reply_to_user_id":null,"truncated":false,"text":"Gov Tom Ridge: \u201cJon Huntsman has the experience we need to rebuild our nation\u2019s economic foundation & reduce our crushing debt\u201d #econdebate","name":"Jon2012HQ","boldText":"Gov Tom Ridge: \u201cJon Huntsman has the experience we need to rebuild our nation\u2019s <B>economic<\/B> foundation & reduce our crushing debt\u201d #econdebate"},{"possibly_sensitive":false,"place":null,"retweet_count":7,"in_reply_to_screen_name":null,"created_at":"Tue Oct 11 23:35:20 +0000 2011","retweeted":false,"in_reply_to_status_id_str":null,"in_reply_to_user_id_str":null,"user":{"time_zone":"Eastern Time (US & Canada)","profile_link_color":"0084B4","protected":false,"default_profile":false,"created_at":"Sun Jun 19 21:17:54 +0000 2011","profile_image_url_https":"https:\/\/si0.twimg.com\/profile_images\/1405226692\/FB-75_normal.jpg","name":"Jon 2012","geo_enabled":false,"favourites_count":0,"profile_background_color":"001d36","default_profile_image":false,"notifications":null,"profile_background_tile":false,"utc_offset":-18000,"description":"The official Twitter campaign headquarters for @JonHuntsman. #Jon2012","statuses_count":387,"following":null,"verified":false,"profile_sidebar_fill_color":"DDEEF6","followers_count":4983,"profile_image_url":"http:\/\/a0.twimg.com\/profile_images\/1405226692\/FB-75_normal.jpg","follow_request_sent":null,"profile_sidebar_border_color":"C0DEED","location":"","is_translator":false,"contributors_enabled":false,"screen_name":"Jon2012HQ","profile_use_background_image":true,"url":"http:\/\/www.Jon2012.com","id_str":"320406917","show_all_inline_media":false,"profile_background_image_url_https":"https:\/\/si0.twimg.com\/profile_background_images\/274253345\/h_twitter_background.jpg","profile_text_color":"333333","id":320406917,"listed_count":225,"lang":"en","profile_background_image_url":"http:\/\/a0.twimg.com\/profile_background_images\/274253345\/h_twitter_background.jpg","friends_count":325},"contributors":null,"in_reply_to_status_id":null,"source":"<a href=\"http:\/\/www.tweetdeck.com\" rel=\"nofollow\">TweetDeck<\/a>","id_str":"123904546643775488","geo":null,"favorited":false,"id":123904546643775488,"coordinates":null,"in_reply_to_user_id":null,"truncated":false,"text":"Jon Huntsman's record of job creation, tax-cuts, and less regulation [VIDEO] http:\/\/t.co\/rshWeTuv  #econdebate #gop2012","name":"Jon2012HQ","boldText":"Jon Huntsman's record of job creation, tax-<B>cut<\/B>s, and less regulation [VIDEO] http:\/\/t.co\/rshWeTuv  #econdebate #gop2012"},{"place":null,"retweet_count":50,"in_reply_to_screen_name":null,"created_at":"Fri Oct 07 15:07:21 +0000 2011","retweeted":false,"in_reply_to_status_id_str":null,"in_reply_to_user_id_str":null,"user":{"time_zone":"Eastern Time (US & Canada)","profile_link_color":"1F98C7","protected":false,"created_at":"Sat May 07 17:16:04 +0000 2011","profile_image_url_https":"https:\/\/si0.twimg.com\/profile_images\/1350998450\/Huntsman_normal.jpg","name":"Jon Huntsman","geo_enabled":false,"favourites_count":0,"profile_background_color":"001d36","default_profile_image":false,"notifications":null,"profile_background_tile":false,"utc_offset":-18000,"description":"Proud husband and father of seven.  Businessman, former two-term Governor of Utah, former Ambassador to China and Singapore. Follow campaign at @Jon2012HQ","statuses_count":148,"following":null,"verified":true,"profile_sidebar_fill_color":"DAECF4","followers_count":45966,"profile_image_url":"http:\/\/a1.twimg.com\/profile_images\/1350998450\/Huntsman_normal.jpg","follow_request_sent":null,"profile_sidebar_border_color":"C6E2EE","location":"","is_translator":false,"contributors_enabled":false,"screen_name":"JonHuntsman","profile_use_background_image":true,"url":"http:\/\/Jon2012.com","id_str":"294728278","default_profile":false,"show_all_inline_media":false,"profile_background_image_url_https":"https:\/\/si0.twimg.com\/profile_background_images\/274598242\/h_twitter_background.jpg","profile_text_color":"663B12","id":294728278,"listed_count":1144,"lang":"en","profile_background_image_url":"http:\/\/a0.twimg.com\/profile_background_images\/274598242\/h_twitter_background.jpg","friends_count":102},"contributors":null,"in_reply_to_status_id":null,"source":"web","id_str":"122327156020887552","geo":null,"favorited":false,"id":122327156020887552,"coordinates":null,"in_reply_to_user_id":null,"truncated":false,"text":"We need more agility, more intelligence and more economic engagement w\/ the world","name":"JonHuntsman","boldText":"We need more agility, more intelligence and more <B>economic<\/B> engagement w\/ the world"},{"place":null,"retweet_count":44,"in_reply_to_screen_name":null,"created_at":"Fri Oct 07 14:10:57 +0000 2011","retweeted":false,"in_reply_to_status_id_str":null,"in_reply_to_user_id_str":null,"user":{"time_zone":"Eastern Time (US & Canada)","profile_link_color":"1F98C7","protected":false,"created_at":"Sat May 07 17:16:04 +0000 2011","profile_image_url_https":"https:\/\/si0.twimg.com\/profile_images\/1350998450\/Huntsman_normal.jpg","name":"Jon Huntsman","geo_enabled":false,"favourites_count":0,"profile_background_color":"001d36","default_profile_image":false,"notifications":false,"profile_background_tile":false,"utc_offset":-18000,"description":"Proud husband and father of seven.  Businessman, former two-term Governor of Utah, former Ambassador to China and Singapore. Follow campaign at @Jon2012HQ","statuses_count":148,"following":false,"verified":true,"profile_sidebar_fill_color":"DAECF4","followers_count":45966,"profile_image_url":"http:\/\/a1.twimg.com\/profile_images\/1350998450\/Huntsman_normal.jpg","follow_request_sent":false,"profile_sidebar_border_color":"C6E2EE","location":"","is_translator":false,"contributors_enabled":false,"screen_name":"JonHuntsman","profile_use_background_image":true,"url":"http:\/\/Jon2012.com","id_str":"294728278","default_profile":false,"show_all_inline_media":false,"profile_background_image_url_https":"https:\/\/si0.twimg.com\/profile_background_images\/274598242\/h_twitter_background.jpg","profile_text_color":"663B12","id":294728278,"listed_count":1144,"lang":"en","profile_background_image_url":"http:\/\/a0.twimg.com\/profile_background_images\/274598242\/h_twitter_background.jpg","friends_count":102},"contributors":null,"in_reply_to_status_id":null,"source":"web","id_str":"122312961074266112","geo":null,"favorited":false,"id":122312961074266112,"coordinates":null,"in_reply_to_user_id":null,"truncated":false,"text":"Job growth is still unacceptably low. President Obama refuses to take on the bold tax and reg reforms we need. I will.","name":"JonHuntsman","boldText":"Job <B>growth<\/B> is still unacceptably low. President Obama refuses to take on the bold tax and reg reforms we need. I will."},{"possibly_sensitive":false,"place":null,"retweet_count":2,"in_reply_to_screen_name":null,"created_at":"Thu Sep 22 10:54:21 +0000 2011","retweeted":false,"in_reply_to_status_id_str":null,"in_reply_to_user_id_str":null,"user":{"time_zone":null,"profile_link_color":"0084B4","protected":false,"created_at":"Sat Apr 23 18:09:14 +0000 2011","profile_image_url_https":"https:\/\/si0.twimg.com\/profile_images\/1601522227\/291839_222611644456614_198437953540650_717288_6623343_s_normal.jpg","name":"Team Huntsman 2012","geo_enabled":false,"favourites_count":73,"profile_background_color":"C0DEED","default_profile_image":false,"notifications":null,"profile_background_tile":true,"utc_offset":null,"description":"America 4 Jon Huntsman, the Conservative Problem-Solver, in 2012.\nNot authorized by any candidate or candidate committee. Follow the Gov: @JonHuntsman\n#Jon2012","statuses_count":1082,"following":null,"verified":false,"profile_sidebar_fill_color":"DDEEF6","followers_count":1958,"profile_image_url":"http:\/\/a0.twimg.com\/profile_images\/1601522227\/291839_222611644456614_198437953540650_717288_6623343_s_normal.jpg","follow_request_sent":null,"profile_sidebar_border_color":"C0DEED","location":"USA","is_translator":false,"contributors_enabled":false,"screen_name":"JonHuntsman12","default_profile":false,"profile_use_background_image":true,"url":"http:\/\/goo.gl\/487lO","id_str":"286790129","show_all_inline_media":true,"profile_background_image_url_https":"https:\/\/si0.twimg.com\/profile_background_images\/282556199\/oldflag.jpg","profile_text_color":"333333","id":286790129,"listed_count":74,"lang":"en","profile_background_image_url":"http:\/\/a0.twimg.com\/profile_background_images\/282556199\/oldflag.jpg","friends_count":2014},"contributors":null,"in_reply_to_status_id":null,"source":"<a href=\"http:\/\/blackberry.com\/twitter\" rel=\"nofollow\">Twitter for BlackBerry\u00ae<\/a>","id_str":"116827669265530880","geo":null,"favorited":false,"id":116827669265530880,"coordinates":null,"in_reply_to_user_id":null,"truncated":false,"text":"'Vote Huntsman': \"He is the only candidate w\/ hands-on foreign-policy experience & a record of tremendous job growth.\" http:\/\/t.co\/wX6itAFk","name":"JonHuntsman12","boldText":"'Vote Huntsman': \"He is the only candidate w\/ hands-on foreign-policy experience & a record of tremendous job <B>growth<\/B>.\" http:\/\/t.co\/wX6itAFk"},{"place":null,"retweet_count":61,"in_reply_to_screen_name":null,"created_at":"Wed Sep 21 20:45:42 +0000 2011","retweeted":false,"in_reply_to_status_id_str":null,"in_reply_to_user_id_str":null,"user":{"time_zone":"Eastern Time (US & Canada)","profile_link_color":"1F98C7","protected":false,"created_at":"Sat May 07 17:16:04 +0000 2011","profile_image_url_https":"https:\/\/si0.twimg.com\/profile_images\/1350998450\/Huntsman_normal.jpg","name":"Jon Huntsman","geo_enabled":false,"favourites_count":0,"profile_background_color":"001d36","default_profile_image":false,"notifications":null,"profile_background_tile":false,"utc_offset":-18000,"description":"Proud husband and father of seven.  Businessman, former two-term Governor of Utah, former Ambassador to China and Singapore. Follow campaign at @Jon2012HQ","statuses_count":148,"following":null,"verified":true,"profile_sidebar_fill_color":"DAECF4","followers_count":45966,"profile_image_url":"http:\/\/a1.twimg.com\/profile_images\/1350998450\/Huntsman_normal.jpg","follow_request_sent":null,"profile_sidebar_border_color":"C6E2EE","location":"","is_translator":false,"contributors_enabled":false,"screen_name":"JonHuntsman","profile_use_background_image":true,"url":"http:\/\/Jon2012.com","id_str":"294728278","default_profile":false,"show_all_inline_media":false,"profile_background_image_url_https":"https:\/\/si0.twimg.com\/profile_background_images\/274598242\/h_twitter_background.jpg","profile_text_color":"663B12","id":294728278,"listed_count":1144,"lang":"en","profile_background_image_url":"http:\/\/a0.twimg.com\/profile_background_images\/274598242\/h_twitter_background.jpg","friends_count":102},"contributors":null,"in_reply_to_status_id":null,"source":"web","id_str":"116614101001703424","geo":null,"favorited":false,"id":116614101001703424,"coordinates":null,"in_reply_to_user_id":null,"truncated":false,"text":"Re: Fed decision. We can't stimulate our way to prosperity, we must earn it by creating a tax & reg environment conducive to job growth","name":"JonHuntsman","boldText":"Re: Fed decision. We can't stimulate our way to prosperity, we must earn it by creating a tax & reg environment conducive to job <B>growth<\/B>"},{"place":null,"retweet_count":100,"in_reply_to_screen_name":null,"created_at":"Thu Sep 08 02:26:43 +0000 2011","retweeted":false,"in_reply_to_status_id_str":null,"in_reply_to_user_id_str":null,"user":{"time_zone":"Eastern Time (US & Canada)","profile_link_color":"1F98C7","protected":false,"created_at":"Sat May 07 17:16:04 +0000 2011","profile_image_url_https":"https:\/\/si0.twimg.com\/profile_images\/1350998450\/Huntsman_normal.jpg","name":"Jon Huntsman","geo_enabled":false,"favourites_count":0,"profile_background_color":"001d36","default_profile_image":false,"notifications":null,"profile_background_tile":false,"utc_offset":-18000,"description":"Proud husband and father of seven.  Businessman, former two-term Governor of Utah, former Ambassador to China and Singapore. Follow campaign at @Jon2012HQ","statuses_count":148,"following":null,"verified":true,"profile_sidebar_fill_color":"DAECF4","followers_count":45966,"profile_image_url":"http:\/\/a1.twimg.com\/profile_images\/1350998450\/Huntsman_normal.jpg","follow_request_sent":null,"profile_sidebar_border_color":"C6E2EE","location":"","is_translator":false,"contributors_enabled":false,"screen_name":"JonHuntsman","profile_use_background_image":true,"url":"http:\/\/Jon2012.com","id_str":"294728278","default_profile":false,"show_all_inline_media":false,"profile_background_image_url_https":"https:\/\/si0.twimg.com\/profile_background_images\/274598242\/h_twitter_background.jpg","profile_text_color":"663B12","id":294728278,"listed_count":1144,"lang":"en","profile_background_image_url":"http:\/\/a0.twimg.com\/profile_background_images\/274598242\/h_twitter_background.jpg","friends_count":102},"contributors":null,"in_reply_to_status_id":null,"source":"web","id_str":"111626488863932416","geo":null,"favorited":false,"id":111626488863932416,"coordinates":null,"in_reply_to_user_id":null,"truncated":false,"text":"Great debate at Reagan Library! We need a candidate ready to beat @BarackObama. I have the record to do it. 47th isn't gonna cut it.","name":"JonHuntsman","boldText":"Great debate at Reagan Library! We need a candidate ready to beat @BarackObama. I have the record to do it. 47th isn't gonna <B>cut<\/B> it."},{"possibly_sensitive":false,"place":null,"retweet_count":"100+","in_reply_to_screen_name":null,"created_at":"Fri Sep 02 13:22:38 +0000 2011","retweeted":false,"in_reply_to_status_id_str":null,"in_reply_to_user_id_str":null,"user":{"time_zone":"Eastern Time (US & Canada)","profile_link_color":"1F98C7","protected":false,"created_at":"Sat May 07 17:16:04 +0000 2011","profile_image_url_https":"https:\/\/si0.twimg.com\/profile_images\/1350998450\/Huntsman_normal.jpg","name":"Jon Huntsman","geo_enabled":false,"favourites_count":0,"profile_background_color":"001d36","default_profile_image":false,"notifications":null,"profile_background_tile":false,"utc_offset":-18000,"description":"Proud husband and father of seven.  Businessman, former two-term Governor of Utah, former Ambassador to China and Singapore. Follow campaign at @Jon2012HQ","statuses_count":148,"following":null,"verified":true,"profile_sidebar_fill_color":"DAECF4","followers_count":45966,"profile_image_url":"http:\/\/a1.twimg.com\/profile_images\/1350998450\/Huntsman_normal.jpg","follow_request_sent":null,"profile_sidebar_border_color":"C6E2EE","location":"","is_translator":false,"contributors_enabled":false,"screen_name":"JonHuntsman","profile_use_background_image":true,"url":"http:\/\/Jon2012.com","id_str":"294728278","default_profile":false,"show_all_inline_media":false,"profile_background_image_url_https":"https:\/\/si0.twimg.com\/profile_background_images\/274598242\/h_twitter_background.jpg","profile_text_color":"663B12","id":294728278,"listed_count":1144,"lang":"en","profile_background_image_url":"http:\/\/a0.twimg.com\/profile_background_images\/274598242\/h_twitter_background.jpg","friends_count":102},"contributors":null,"in_reply_to_status_id":null,"source":"<a href=\"http:\/\/twitter.com\/#!\/download\/iphone\" rel=\"nofollow\">Twitter for iPhone<\/a>","id_str":"109617229737361409","geo":null,"favorited":false,"id":109617229737361409,"coordinates":null,"in_reply_to_user_id":null,"truncated":false,"text":"Zero job growth? What an utter failure of leadership. It's time to create jobs and compete again. Read my plan on how to do it: Jon2012.com","name":"JonHuntsman","boldText":"Zero job <B>growth<\/B>? What an utter failure of leadership. It's time to create jobs and compete again. Read my plan on how to do it: Jon2012.com"},{"possibly_sensitive":false,"place":null,"retweet_count":89,"in_reply_to_screen_name":null,"created_at":"Fri Sep 02 00:03:05 +0000 2011","retweeted":false,"in_reply_to_status_id_str":null,"in_reply_to_user_id_str":null,"user":{"time_zone":"Eastern Time (US & Canada)","profile_link_color":"1F98C7","protected":false,"default_profile":false,"created_at":"Sat May 07 17:16:04 +0000 2011","profile_image_url_https":"https:\/\/si0.twimg.com\/profile_images\/1350998450\/Huntsman_normal.jpg","name":"Jon Huntsman","geo_enabled":false,"favourites_count":0,"profile_background_color":"001d36","default_profile_image":false,"notifications":false,"profile_background_tile":false,"utc_offset":-18000,"description":"Proud husband and father of seven.  Businessman, former two-term Governor of Utah, former Ambassador to China and Singapore. Follow campaign at @Jon2012HQ","statuses_count":148,"following":true,"verified":true,"profile_sidebar_fill_color":"DAECF4","followers_count":45942,"profile_image_url":"http:\/\/a1.twimg.com\/profile_images\/1350998450\/Huntsman_normal.jpg","follow_request_sent":false,"profile_sidebar_border_color":"C6E2EE","location":"","is_translator":false,"contributors_enabled":false,"screen_name":"JonHuntsman","profile_use_background_image":true,"url":"http:\/\/Jon2012.com","id_str":"294728278","show_all_inline_media":false,"profile_background_image_url_https":"https:\/\/si0.twimg.com\/profile_background_images\/274598242\/h_twitter_background.jpg","profile_text_color":"663B12","id":294728278,"listed_count":1144,"lang":"en","profile_background_image_url":"http:\/\/a0.twimg.com\/profile_background_images\/274598242\/h_twitter_background.jpg","friends_count":102},"contributors":null,"in_reply_to_status_id":null,"source":"<a href=\"http:\/\/twitter.com\/#!\/download\/iphone\" rel=\"nofollow\">Twitter for iPhone<\/a>","id_str":"109416015565299712","geo":null,"favorited":false,"id":109416015565299712,"coordinates":null,"in_reply_to_user_id":null,"truncated":false,"text":"Thanks! RT @WSJopinion: Huntsman's Good Economic Plan: Better than anything so far from the GOP Presidential field. http:\/\/t.co\/SzcHbWo","name":"JonHuntsman","boldText":"Thanks! RT @WSJopinion: Huntsman's Good <B>Economic<\/B> Plan: Better than anything so far from the GOP Presidential field. http:\/\/t.co\/SzcHbWo"},{"place":null,"retweet_count":9,"in_reply_to_screen_name":null,"created_at":"Fri Aug 12 01:36:37 +0000 2011","retweeted":false,"in_reply_to_status_id_str":null,"in_reply_to_user_id_str":null,"user":{"time_zone":"Eastern Time (US & Canada)","profile_link_color":"1F98C7","protected":false,"created_at":"Sat May 07 17:16:04 +0000 2011","profile_image_url_https":"https:\/\/si0.twimg.com\/profile_images\/1350998450\/Huntsman_normal.jpg","name":"Jon Huntsman","geo_enabled":false,"favourites_count":0,"profile_background_color":"001d36","default_profile_image":false,"notifications":null,"profile_background_tile":false,"utc_offset":-18000,"description":"Proud husband and father of seven.  Businessman, former two-term Governor of Utah, former Ambassador to China and Singapore. Follow campaign at @Jon2012HQ","statuses_count":148,"following":null,"verified":true,"profile_sidebar_fill_color":"DAECF4","followers_count":45966,"profile_image_url":"http:\/\/a1.twimg.com\/profile_images\/1350998450\/Huntsman_normal.jpg","follow_request_sent":null,"profile_sidebar_border_color":"C6E2EE","location":"","is_translator":false,"contributors_enabled":false,"screen_name":"JonHuntsman","profile_use_background_image":true,"url":"http:\/\/Jon2012.com","id_str":"294728278","default_profile":false,"show_all_inline_media":false,"profile_background_image_url_https":"https:\/\/si0.twimg.com\/profile_background_images\/274598242\/h_twitter_background.jpg","profile_text_color":"663B12","id":294728278,"listed_count":1144,"lang":"en","profile_background_image_url":"http:\/\/a0.twimg.com\/profile_background_images\/274598242\/h_twitter_background.jpg","friends_count":102},"contributors":null,"in_reply_to_status_id":null,"source":"<a href=\"http:\/\/itunes.apple.com\/us\/app\/twitter\/id409789998?mt=12\" rel=\"nofollow\">Twitter for Mac<\/a>","id_str":"101829408519753728","geo":null,"favorited":false,"id":101829408519753728,"coordinates":null,"in_reply_to_user_id":null,"truncated":false,"text":"I talked about the need for more tax cuts in the stimulus. We got the economy moving. We became the number one job creator in the nation.","name":"JonHuntsman","boldText":"I talked about the need for more tax <B>cut<\/B>s in the stimulus. We got the economy moving. We became the number one job creator in the nation."},{"place":null,"retweet_count":24,"in_reply_to_screen_name":null,"created_at":"Fri Aug 12 01:14:06 +0000 2011","retweeted":false,"in_reply_to_status_id_str":null,"in_reply_to_user_id_str":null,"user":{"time_zone":"Eastern Time (US & Canada)","profile_link_color":"1F98C7","protected":false,"created_at":"Sat May 07 17:16:04 +0000 2011","profile_image_url_https":"https:\/\/si0.twimg.com\/profile_images\/1350998450\/Huntsman_normal.jpg","name":"Jon Huntsman","geo_enabled":false,"favourites_count":0,"profile_background_color":"001d36","default_profile_image":false,"notifications":null,"profile_background_tile":false,"utc_offset":-18000,"description":"Proud husband and father of seven.  Businessman, former two-term Governor of Utah, former Ambassador to China and Singapore. Follow campaign at @Jon2012HQ","statuses_count":148,"following":null,"verified":true,"profile_sidebar_fill_color":"DAECF4","followers_count":45966,"profile_image_url":"http:\/\/a1.twimg.com\/profile_images\/1350998450\/Huntsman_normal.jpg","follow_request_sent":null,"profile_sidebar_border_color":"C6E2EE","location":"","is_translator":false,"contributors_enabled":false,"screen_name":"JonHuntsman","profile_use_background_image":true,"url":"http:\/\/Jon2012.com","id_str":"294728278","default_profile":false,"show_all_inline_media":false,"profile_background_image_url_https":"https:\/\/si0.twimg.com\/profile_background_images\/274598242\/h_twitter_background.jpg","profile_text_color":"663B12","id":294728278,"listed_count":1144,"lang":"en","profile_background_image_url":"http:\/\/a0.twimg.com\/profile_background_images\/274598242\/h_twitter_background.jpg","friends_count":102},"contributors":null,"in_reply_to_status_id":null,"source":"<a href=\"http:\/\/itunes.apple.com\/us\/app\/twitter\/id409789998?mt=12\" rel=\"nofollow\">Twitter for Mac<\/a>","id_str":"101823740299591681","geo":null,"favorited":false,"id":101823740299591681,"coordinates":null,"in_reply_to_user_id":null,"truncated":false,"text":"We cut taxes historically. We created the most business friendly environment in the country. We maintained our AAA bond rating.","name":"JonHuntsman","boldText":"We <B>cut<\/B> taxes historically. We created the most business friendly environment in the country. We maintained our AAA bond rating."},{"possibly_sensitive":false,"place":null,"retweet_count":25,"in_reply_to_screen_name":null,"created_at":"Mon Aug 08 20:18:20 +0000 2011","retweeted":false,"in_reply_to_status_id_str":null,"in_reply_to_user_id_str":null,"user":{"time_zone":"Eastern Time (US & Canada)","profile_link_color":"1F98C7","protected":false,"default_profile":false,"created_at":"Sat May 07 17:16:04 +0000 2011","profile_image_url_https":"https:\/\/si0.twimg.com\/profile_images\/1350998450\/Huntsman_normal.jpg","name":"Jon Huntsman","geo_enabled":false,"favourites_count":0,"profile_background_color":"001d36","default_profile_image":false,"notifications":false,"profile_background_tile":false,"utc_offset":-18000,"description":"Proud husband and father of seven.  Businessman, former two-term Governor of Utah, former Ambassador to China and Singapore. Follow campaign at @Jon2012HQ","statuses_count":148,"following":true,"verified":true,"profile_sidebar_fill_color":"DAECF4","followers_count":45942,"profile_image_url":"http:\/\/a1.twimg.com\/profile_images\/1350998450\/Huntsman_normal.jpg","follow_request_sent":false,"profile_sidebar_border_color":"C6E2EE","location":"","is_translator":false,"contributors_enabled":false,"screen_name":"JonHuntsman","profile_use_background_image":true,"url":"http:\/\/Jon2012.com","id_str":"294728278","show_all_inline_media":false,"profile_background_image_url_https":"https:\/\/si0.twimg.com\/profile_background_images\/274598242\/h_twitter_background.jpg","profile_text_color":"663B12","id":294728278,"listed_count":1144,"lang":"en","profile_background_image_url":"http:\/\/a0.twimg.com\/profile_background_images\/274598242\/h_twitter_background.jpg","friends_count":102},"contributors":null,"in_reply_to_status_id":null,"source":"<a href=\"http:\/\/twitter.com\/#!\/download\/iphone\" rel=\"nofollow\">Twitter for iPhone<\/a>","id_str":"100662147465478144","geo":null,"favorited":false,"id":100662147465478144,"coordinates":null,"in_reply_to_user_id":null,"truncated":false,"text":"Today's news demonstrates how much this country desperately needs a new direction, and pro growth policies. http:\/\/t.co\/RgYkGUv","name":"JonHuntsman","boldText":"Today's news demonstrates how much this country desperately needs a new direction, and pro <B>growth<\/B> policies. http:\/\/t.co\/RgYkGUv"},{"possibly_sensitive":false,"place":null,"retweet_count":61,"in_reply_to_screen_name":null,"created_at":"Sat Aug 06 00:42:11 +0000 2011","retweeted":false,"in_reply_to_status_id_str":null,"in_reply_to_user_id_str":null,"user":{"time_zone":"Eastern Time (US & Canada)","profile_link_color":"1F98C7","protected":false,"created_at":"Sat May 07 17:16:04 +0000 2011","profile_image_url_https":"https:\/\/si0.twimg.com\/profile_images\/1350998450\/Huntsman_normal.jpg","name":"Jon Huntsman","geo_enabled":false,"favourites_count":0,"profile_background_color":"001d36","default_profile_image":false,"notifications":null,"profile_background_tile":false,"utc_offset":-18000,"description":"Proud husband and father of seven.  Businessman, former two-term Governor of Utah, former Ambassador to China and Singapore. Follow campaign at @Jon2012HQ","statuses_count":148,"following":null,"verified":true,"profile_sidebar_fill_color":"DAECF4","followers_count":45966,"profile_image_url":"http:\/\/a1.twimg.com\/profile_images\/1350998450\/Huntsman_normal.jpg","follow_request_sent":null,"profile_sidebar_border_color":"C6E2EE","location":"","is_translator":false,"contributors_enabled":false,"screen_name":"JonHuntsman","profile_use_background_image":true,"url":"http:\/\/Jon2012.com","id_str":"294728278","default_profile":false,"show_all_inline_media":false,"profile_background_image_url_https":"https:\/\/si0.twimg.com\/profile_background_images\/274598242\/h_twitter_background.jpg","profile_text_color":"663B12","id":294728278,"listed_count":1144,"lang":"en","profile_background_image_url":"http:\/\/a0.twimg.com\/profile_background_images\/274598242\/h_twitter_background.jpg","friends_count":102},"contributors":null,"in_reply_to_status_id":null,"source":"<a href=\"http:\/\/twitter.com\/#!\/download\/iphone\" rel=\"nofollow\">Twitter for iPhone<\/a>","id_str":"99641382926434304","geo":null,"favorited":false,"id":99641382926434304,"coordinates":null,"in_reply_to_user_id":null,"truncated":false,"text":"Sad that out-of-control spending, lack of leadership in DC means @BarackObama presiding over 1st US credit downgrade http:\/\/t.co\/5S36g11","name":"JonHuntsman","boldText":"Sad that out-of-control <B>spending<\/B>, lack of leadership in DC means @BarackObama presiding over 1st US credit downgrade http:\/\/t.co\/5S36g11"},{"place":null,"retweet_count":29,"in_reply_to_screen_name":null,"created_at":"Thu Jul 28 14:30:07 +0000 2011","retweeted":false,"in_reply_to_status_id_str":null,"in_reply_to_user_id_str":null,"user":{"time_zone":"Eastern Time (US & Canada)","profile_link_color":"1F98C7","protected":false,"created_at":"Sat May 07 17:16:04 +0000 2011","profile_image_url_https":"https:\/\/si0.twimg.com\/profile_images\/1350998450\/Huntsman_normal.jpg","name":"Jon Huntsman","geo_enabled":false,"favourites_count":0,"profile_background_color":"001d36","default_profile_image":false,"notifications":null,"profile_background_tile":false,"utc_offset":-18000,"description":"Proud husband and father of seven.  Businessman, former two-term Governor of Utah, former Ambassador to China and Singapore. Follow campaign at @Jon2012HQ","statuses_count":148,"following":null,"verified":true,"profile_sidebar_fill_color":"DAECF4","followers_count":45966,"profile_image_url":"http:\/\/a1.twimg.com\/profile_images\/1350998450\/Huntsman_normal.jpg","follow_request_sent":null,"profile_sidebar_border_color":"C6E2EE","location":"","is_translator":false,"contributors_enabled":false,"screen_name":"JonHuntsman","profile_use_background_image":true,"url":"http:\/\/Jon2012.com","id_str":"294728278","default_profile":false,"show_all_inline_media":false,"profile_background_image_url_https":"https:\/\/si0.twimg.com\/profile_background_images\/274598242\/h_twitter_background.jpg","profile_text_color":"663B12","id":294728278,"listed_count":1144,"lang":"en","profile_background_image_url":"http:\/\/a0.twimg.com\/profile_background_images\/274598242\/h_twitter_background.jpg","friends_count":102},"contributors":null,"in_reply_to_status_id":null,"source":"<a href=\"http:\/\/twitter.com\/#!\/download\/iphone\" rel=\"nofollow\">Twitter for iPhone<\/a>","id_str":"96588249182642176","geo":null,"favorited":false,"id":96588249182642176,"coordinates":null,"in_reply_to_user_id":null,"truncated":false,"text":"Glad @MyManMitch, @HaleyBarbour announced support for Boehner Plan. We must cut spending, avoid default, move toward Balanced Budget Amdt.","name":"JonHuntsman","boldText":"Glad @MyManMitch, @HaleyBarbour announced support for Boehner Plan. We must <B>cut<\/B> <B>spending<\/B>, avoid default, move toward Balanced Budget Amdt."},{"possibly_sensitive":false,"place":null,"retweet_count":4,"in_reply_to_screen_name":null,"created_at":"Wed Jul 27 11:49:18 +0000 2011","retweeted":false,"in_reply_to_status_id_str":null,"in_reply_to_user_id_str":null,"user":{"time_zone":"Eastern Time (US & Canada)","profile_link_color":"0084B4","protected":false,"created_at":"Sun Jun 19 21:17:54 +0000 2011","profile_image_url_https":"https:\/\/si0.twimg.com\/profile_images\/1405226692\/FB-75_normal.jpg","name":"Jon 2012","default_profile":false,"geo_enabled":false,"favourites_count":0,"profile_background_color":"001d36","default_profile_image":false,"notifications":null,"profile_background_tile":false,"utc_offset":-18000,"description":"The official Twitter campaign headquarters for @JonHuntsman. #Jon2012","statuses_count":387,"following":null,"verified":false,"profile_sidebar_fill_color":"DDEEF6","followers_count":4983,"profile_image_url":"http:\/\/a0.twimg.com\/profile_images\/1405226692\/FB-75_normal.jpg","follow_request_sent":null,"profile_sidebar_border_color":"C0DEED","location":"","is_translator":false,"contributors_enabled":false,"screen_name":"Jon2012HQ","profile_use_background_image":true,"url":"http:\/\/www.Jon2012.com","id_str":"320406917","show_all_inline_media":false,"profile_background_image_url_https":"https:\/\/si0.twimg.com\/profile_background_images\/274253345\/h_twitter_background.jpg","profile_text_color":"333333","id":320406917,"listed_count":225,"lang":"en","profile_background_image_url":"http:\/\/a0.twimg.com\/profile_background_images\/274253345\/h_twitter_background.jpg","friends_count":325},"contributors":null,"in_reply_to_status_id":null,"source":"web","id_str":"96185389504663552","geo":null,"favorited":false,"id":96185389504663552,"coordinates":null,"in_reply_to_user_id":null,"truncated":false,"text":"Human Events: \"Huntsman has been the clearest and most executive-like...in taking stands on hot-button issues.\" http:\/\/t.co\/wO0f39L","name":"Jon2012HQ","boldText":"Human Events: \"Huntsman has been the clearest and most exe<B>cut<\/B>ive-like...in taking stands on hot-button issues.\" http:\/\/t.co\/wO0f39L"},{"possibly_sensitive":false,"place":null,"retweet_count":7,"in_reply_to_screen_name":null,"created_at":"Tue Jul 19 18:48:17 +0000 2011","retweeted":false,"in_reply_to_status_id_str":null,"in_reply_to_user_id_str":null,"user":{"time_zone":"Eastern Time (US & Canada)","profile_link_color":"0084B4","protected":false,"default_profile":false,"created_at":"Sun Jun 19 21:17:54 +0000 2011","profile_image_url_https":"https:\/\/si0.twimg.com\/profile_images\/1405226692\/FB-75_normal.jpg","name":"Jon 2012","geo_enabled":false,"favourites_count":0,"profile_background_color":"001d36","default_profile_image":false,"notifications":null,"profile_background_tile":false,"utc_offset":-18000,"description":"The official Twitter campaign headquarters for @JonHuntsman. #Jon2012","statuses_count":387,"following":null,"verified":false,"profile_sidebar_fill_color":"DDEEF6","followers_count":4983,"profile_image_url":"http:\/\/a0.twimg.com\/profile_images\/1405226692\/FB-75_normal.jpg","follow_request_sent":null,"profile_sidebar_border_color":"C0DEED","location":"","is_translator":false,"contributors_enabled":false,"screen_name":"Jon2012HQ","profile_use_background_image":true,"url":"http:\/\/www.Jon2012.com","id_str":"320406917","show_all_inline_media":false,"profile_background_image_url_https":"https:\/\/si0.twimg.com\/profile_background_images\/274253345\/h_twitter_background.jpg","profile_text_color":"333333","id":320406917,"listed_count":225,"lang":"en","profile_background_image_url":"http:\/\/a0.twimg.com\/profile_background_images\/274253345\/h_twitter_background.jpg","friends_count":325},"contributors":null,"in_reply_to_status_id":null,"source":"web","id_str":"93391728895209472","geo":null,"favorited":false,"id":93391728895209472,"coordinates":null,"in_reply_to_user_id":null,"truncated":false,"text":"\"Jon's pro-growth, jobs-friendly policies delivered remarkable results for UT, and they'll deliver for America as well.\" http:\/\/t.co\/Qiop9lY","name":"Jon2012HQ","boldText":"\"Jon's pro-<B>growth<\/B>, jobs-friendly policies delivered remarkable results for UT, and they'll deliver for America as well.\" http:\/\/t.co\/Qiop9lY"},{"possibly_sensitive":false,"place":null,"retweet_count":7,"in_reply_to_screen_name":null,"created_at":"Fri Jul 15 19:42:03 +0000 2011","retweeted":false,"in_reply_to_status_id_str":null,"in_reply_to_user_id_str":null,"user":{"time_zone":"Eastern Time (US & Canada)","profile_link_color":"0084B4","protected":false,"default_profile":false,"created_at":"Sun Jun 19 21:17:54 +0000 2011","profile_image_url_https":"https:\/\/si0.twimg.com\/profile_images\/1405226692\/FB-75_normal.jpg","name":"Jon 2012","geo_enabled":false,"favourites_count":0,"profile_background_color":"001d36","default_profile_image":false,"notifications":null,"profile_background_tile":false,"utc_offset":-18000,"description":"The official Twitter campaign headquarters for @JonHuntsman. #Jon2012","statuses_count":387,"following":null,"verified":false,"profile_sidebar_fill_color":"DDEEF6","followers_count":4983,"profile_image_url":"http:\/\/a0.twimg.com\/profile_images\/1405226692\/FB-75_normal.jpg","follow_request_sent":null,"profile_sidebar_border_color":"C0DEED","location":"","is_translator":false,"contributors_enabled":false,"screen_name":"Jon2012HQ","profile_use_background_image":true,"url":"http:\/\/www.Jon2012.com","id_str":"320406917","show_all_inline_media":false,"profile_background_image_url_https":"https:\/\/si0.twimg.com\/profile_background_images\/274253345\/h_twitter_background.jpg","profile_text_color":"333333","id":320406917,"listed_count":225,"lang":"en","profile_background_image_url":"http:\/\/a0.twimg.com\/profile_background_images\/274253345\/h_twitter_background.jpg","friends_count":325},"contributors":null,"in_reply_to_status_id":null,"source":"web","id_str":"91955706298777600","geo":null,"favorited":false,"id":91955706298777600,"coordinates":null,"in_reply_to_user_id":null,"truncated":false,"text":"New on HBlog, @JonHuntsman visited @StruckAxiom to show @BarackObama how pro-growth policies can create jobs. http:\/\/t.co\/Ddvhzw0 #Jon2012","name":"Jon2012HQ","boldText":"New on HBlog, @JonHuntsman visited @StruckAxiom to show @BarackObama how pro-<B>growth<\/B> policies can create jobs. http:\/\/t.co\/Ddvhzw0 #Jon2012"},{"place":null,"retweet_count":15,"in_reply_to_screen_name":null,"created_at":"Fri Jul 15 18:29:51 +0000 2011","retweeted":false,"in_reply_to_status_id_str":null,"in_reply_to_user_id_str":null,"user":{"time_zone":"Eastern Time (US & Canada)","profile_link_color":"1F98C7","protected":false,"created_at":"Sat May 07 17:16:04 +0000 2011","profile_image_url_https":"https:\/\/si0.twimg.com\/profile_images\/1350998450\/Huntsman_normal.jpg","name":"Jon Huntsman","geo_enabled":false,"favourites_count":0,"profile_background_color":"001d36","default_profile_image":false,"notifications":null,"profile_background_tile":false,"utc_offset":-18000,"description":"Proud husband and father of seven.  Businessman, former two-term Governor of Utah, former Ambassador to China and Singapore. Follow campaign at @Jon2012HQ","statuses_count":148,"following":null,"verified":true,"profile_sidebar_fill_color":"DAECF4","followers_count":45966,"profile_image_url":"http:\/\/a1.twimg.com\/profile_images\/1350998450\/Huntsman_normal.jpg","follow_request_sent":null,"profile_sidebar_border_color":"C6E2EE","location":"","is_translator":false,"contributors_enabled":false,"screen_name":"JonHuntsman","profile_use_background_image":true,"url":"http:\/\/Jon2012.com","id_str":"294728278","default_profile":false,"show_all_inline_media":false,"profile_background_image_url_https":"https:\/\/si0.twimg.com\/profile_background_images\/274598242\/h_twitter_background.jpg","profile_text_color":"663B12","id":294728278,"listed_count":1144,"lang":"en","profile_background_image_url":"http:\/\/a0.twimg.com\/profile_background_images\/274598242\/h_twitter_background.jpg","friends_count":102},"contributors":null,"in_reply_to_status_id":null,"source":"<a href=\"http:\/\/twitter.com\/#!\/download\/iphone\" rel=\"nofollow\">Twitter for iPhone<\/a>","id_str":"91937537555308544","geo":null,"favorited":false,"id":91937537555308544,"coordinates":null,"in_reply_to_user_id":null,"truncated":false,"text":"Great stop talking jobs @StruckAxiom. They've grown 3x thanks to our pro-growth policies in UT. Why we were #1 in job growth.","name":"JonHuntsman","boldText":"Great stop talking jobs @StruckAxiom. They've grown 3x thanks to our pro-<B>growth<\/B> policies in UT. Why we were #1 in job <B>growth<\/B>."},{"possibly_sensitive":false,"place":null,"retweet_count":21,"in_reply_to_screen_name":null,"created_at":"Fri Jun 24 00:02:06 +0000 2011","retweeted":false,"in_reply_to_status_id_str":null,"in_reply_to_user_id_str":null,"user":{"time_zone":"Eastern Time (US & Canada)","profile_link_color":"1F98C7","protected":false,"created_at":"Sat May 07 17:16:04 +0000 2011","profile_image_url_https":"https:\/\/si0.twimg.com\/profile_images\/1350998450\/Huntsman_normal.jpg","name":"Jon Huntsman","geo_enabled":false,"favourites_count":0,"profile_background_color":"001d36","default_profile_image":false,"notifications":null,"profile_background_tile":false,"utc_offset":-18000,"description":"Proud husband and father of seven.  Businessman, former two-term Governor of Utah, former Ambassador to China and Singapore. Follow campaign at @Jon2012HQ","statuses_count":148,"following":null,"verified":true,"profile_sidebar_fill_color":"DAECF4","followers_count":45966,"profile_image_url":"http:\/\/a1.twimg.com\/profile_images\/1350998450\/Huntsman_normal.jpg","follow_request_sent":null,"profile_sidebar_border_color":"C6E2EE","location":"","is_translator":false,"contributors_enabled":false,"screen_name":"JonHuntsman","profile_use_background_image":true,"url":"http:\/\/Jon2012.com","id_str":"294728278","default_profile":false,"show_all_inline_media":false,"profile_background_image_url_https":"https:\/\/si0.twimg.com\/profile_background_images\/274598242\/h_twitter_background.jpg","profile_text_color":"663B12","id":294728278,"listed_count":1144,"lang":"en","profile_background_image_url":"http:\/\/a0.twimg.com\/profile_background_images\/274598242\/h_twitter_background.jpg","friends_count":102},"contributors":null,"in_reply_to_status_id":null,"source":"<a href=\"http:\/\/twitter.com\/#!\/download\/iphone\" rel=\"nofollow\">Twitter for iPhone<\/a>","id_str":"84048615198302210","geo":null,"favorited":false,"id":84048615198302210,"coordinates":null,"in_reply_to_user_id":null,"truncated":false,"text":"With Mary Kaye cutting the ribbon at our national HQ in Orlando. Great crowd! #Jon2012  http:\/\/t.co\/lBZl4L0","name":"JonHuntsman","boldText":"With Mary Kaye <B>cut<\/B>ting the ribbon at our national HQ in Orlando. Great crowd! #Jon2012  http:\/\/t.co\/lBZl4L0"}]