[{"place":null,"retweet_count":61,"in_reply_to_screen_name":null,"created_at":"Wed Sep 21 20:45:42 +0000 2011","retweeted":false,"in_reply_to_status_id_str":null,"in_reply_to_user_id_str":null,"user":{"time_zone":"Eastern Time (US & Canada)","profile_link_color":"1F98C7","protected":false,"created_at":"Sat May 07 17:16:04 +0000 2011","profile_image_url_https":"https:\/\/si0.twimg.com\/profile_images\/1350998450\/Huntsman_normal.jpg","name":"Jon Huntsman","geo_enabled":false,"favourites_count":0,"profile_background_color":"001d36","default_profile_image":false,"notifications":null,"profile_background_tile":false,"utc_offset":-18000,"description":"Proud husband and father of seven.  Businessman, former two-term Governor of Utah, former Ambassador to China and Singapore. Follow campaign at @Jon2012HQ","statuses_count":148,"following":null,"verified":true,"profile_sidebar_fill_color":"DAECF4","followers_count":45966,"profile_image_url":"http:\/\/a1.twimg.com\/profile_images\/1350998450\/Huntsman_normal.jpg","follow_request_sent":null,"profile_sidebar_border_color":"C6E2EE","location":"","is_translator":false,"contributors_enabled":false,"screen_name":"JonHuntsman","profile_use_background_image":true,"url":"http:\/\/Jon2012.com","id_str":"294728278","default_profile":false,"show_all_inline_media":false,"profile_background_image_url_https":"https:\/\/si0.twimg.com\/profile_background_images\/274598242\/h_twitter_background.jpg","profile_text_color":"663B12","id":294728278,"listed_count":1144,"lang":"en","profile_background_image_url":"http:\/\/a0.twimg.com\/profile_background_images\/274598242\/h_twitter_background.jpg","friends_count":102},"contributors":null,"in_reply_to_status_id":null,"source":"web","id_str":"116614101001703424","geo":null,"favorited":false,"id":116614101001703424,"coordinates":null,"in_reply_to_user_id":null,"truncated":false,"text":"Re: Fed decision. We can't stimulate our way to prosperity, we must earn it by creating a tax & reg environment conducive to job growth","name":"JonHuntsman","boldText":"Re: Fed decision. We can't stimulate our way to prosperity, we must earn it by creating a tax & reg <B>environment<\/B> conducive to job growth"},{"place":null,"retweet_count":"100+","in_reply_to_screen_name":null,"created_at":"Thu Aug 18 17:57:52 +0000 2011","retweeted":false,"in_reply_to_status_id_str":null,"in_reply_to_user_id_str":null,"user":{"time_zone":"Eastern Time (US & Canada)","profile_link_color":"1F98C7","protected":false,"created_at":"Sat May 07 17:16:04 +0000 2011","profile_image_url_https":"https:\/\/si0.twimg.com\/profile_images\/1350998450\/Huntsman_normal.jpg","name":"Jon Huntsman","geo_enabled":false,"favourites_count":0,"profile_background_color":"001d36","default_profile_image":false,"notifications":null,"profile_background_tile":false,"utc_offset":-18000,"description":"Proud husband and father of seven.  Businessman, former two-term Governor of Utah, former Ambassador to China and Singapore. Follow campaign at @Jon2012HQ","default_profile":false,"statuses_count":148,"following":null,"verified":true,"profile_sidebar_fill_color":"DAECF4","followers_count":45944,"profile_image_url":"http:\/\/a1.twimg.com\/profile_images\/1350998450\/Huntsman_normal.jpg","follow_request_sent":null,"profile_sidebar_border_color":"C6E2EE","location":"","is_translator":false,"contributors_enabled":false,"screen_name":"JonHuntsman","profile_use_background_image":true,"url":"http:\/\/Jon2012.com","id_str":"294728278","show_all_inline_media":false,"profile_background_image_url_https":"https:\/\/si0.twimg.com\/profile_background_images\/274598242\/h_twitter_background.jpg","profile_text_color":"663B12","id":294728278,"listed_count":1144,"lang":"en","profile_background_image_url":"http:\/\/a0.twimg.com\/profile_background_images\/274598242\/h_twitter_background.jpg","friends_count":102},"contributors":null,"in_reply_to_status_id":null,"source":"<a href=\"http:\/\/twitter.com\/#!\/download\/iphone\" rel=\"nofollow\">Twitter for iPhone<\/a>","id_str":"104250677051654144","geo":null,"favorited":false,"id":104250677051654144,"coordinates":null,"in_reply_to_user_id":null,"truncated":false,"text":"To be clear. I believe in evolution and trust scientists on global warming. Call me crazy.","name":"JonHuntsman","boldText":"To be clear. I believe in evolution and trust scientists on <B>global warming<\/B>. Call me crazy."},{"place":null,"retweet_count":24,"in_reply_to_screen_name":null,"created_at":"Fri Aug 12 01:14:06 +0000 2011","retweeted":false,"in_reply_to_status_id_str":null,"in_reply_to_user_id_str":null,"user":{"time_zone":"Eastern Time (US & Canada)","profile_link_color":"1F98C7","protected":false,"created_at":"Sat May 07 17:16:04 +0000 2011","profile_image_url_https":"https:\/\/si0.twimg.com\/profile_images\/1350998450\/Huntsman_normal.jpg","name":"Jon Huntsman","geo_enabled":false,"favourites_count":0,"profile_background_color":"001d36","default_profile_image":false,"notifications":null,"profile_background_tile":false,"utc_offset":-18000,"description":"Proud husband and father of seven.  Businessman, former two-term Governor of Utah, former Ambassador to China and Singapore. Follow campaign at @Jon2012HQ","statuses_count":148,"following":null,"verified":true,"profile_sidebar_fill_color":"DAECF4","followers_count":45966,"profile_image_url":"http:\/\/a1.twimg.com\/profile_images\/1350998450\/Huntsman_normal.jpg","follow_request_sent":null,"profile_sidebar_border_color":"C6E2EE","location":"","is_translator":false,"contributors_enabled":false,"screen_name":"JonHuntsman","profile_use_background_image":true,"url":"http:\/\/Jon2012.com","id_str":"294728278","default_profile":false,"show_all_inline_media":false,"profile_background_image_url_https":"https:\/\/si0.twimg.com\/profile_background_images\/274598242\/h_twitter_background.jpg","profile_text_color":"663B12","id":294728278,"listed_count":1144,"lang":"en","profile_background_image_url":"http:\/\/a0.twimg.com\/profile_background_images\/274598242\/h_twitter_background.jpg","friends_count":102},"contributors":null,"in_reply_to_status_id":null,"source":"<a href=\"http:\/\/itunes.apple.com\/us\/app\/twitter\/id409789998?mt=12\" rel=\"nofollow\">Twitter for Mac<\/a>","id_str":"101823740299591681","geo":null,"favorited":false,"id":101823740299591681,"coordinates":null,"in_reply_to_user_id":null,"truncated":false,"text":"We cut taxes historically. We created the most business friendly environment in the country. We maintained our AAA bond rating.","name":"JonHuntsman","boldText":"We cut taxes historically. We created the most business friendly <B>environment<\/B> in the country. We maintained our AAA bond rating."},{"possibly_sensitive":false,"place":null,"retweet_count":2,"in_reply_to_screen_name":null,"created_at":"Mon Aug 08 22:55:41 +0000 2011","retweeted":false,"in_reply_to_status_id_str":null,"in_reply_to_user_id_str":null,"user":{"time_zone":"Eastern Time (US & Canada)","profile_link_color":"0084B4","protected":false,"created_at":"Sun Jun 19 21:17:54 +0000 2011","profile_image_url_https":"https:\/\/si0.twimg.com\/profile_images\/1405226692\/FB-75_normal.jpg","name":"Jon 2012","default_profile":false,"geo_enabled":false,"favourites_count":0,"profile_background_color":"001d36","default_profile_image":false,"notifications":null,"profile_background_tile":false,"utc_offset":-18000,"description":"The official Twitter campaign headquarters for @JonHuntsman. #Jon2012","statuses_count":387,"following":null,"verified":false,"profile_sidebar_fill_color":"DDEEF6","followers_count":4983,"profile_image_url":"http:\/\/a0.twimg.com\/profile_images\/1405226692\/FB-75_normal.jpg","follow_request_sent":null,"profile_sidebar_border_color":"C0DEED","location":"","is_translator":false,"contributors_enabled":false,"screen_name":"Jon2012HQ","profile_use_background_image":true,"url":"http:\/\/www.Jon2012.com","id_str":"320406917","show_all_inline_media":false,"profile_background_image_url_https":"https:\/\/si0.twimg.com\/profile_background_images\/274253345\/h_twitter_background.jpg","profile_text_color":"333333","id":320406917,"listed_count":225,"lang":"en","profile_background_image_url":"http:\/\/a0.twimg.com\/profile_background_images\/274253345\/h_twitter_background.jpg","friends_count":325},"contributors":null,"in_reply_to_status_id":null,"source":"web","id_str":"100701743620435968","geo":null,"favorited":false,"id":100701743620435968,"coordinates":null,"in_reply_to_user_id":null,"truncated":false,"text":"In our new video, @JonHuntsman discusses how to go about fostering the right business environment. http:\/\/t.co\/7a6ZMp5 #Jon2012","name":"Jon2012HQ","boldText":"In our new video, @JonHuntsman discusses how to go about fostering the right business <B>environment<\/B>. http:\/\/t.co\/7a6ZMp5 #Jon2012"},{"possibly_sensitive":false,"place":null,"retweet_count":4,"in_reply_to_screen_name":null,"created_at":"Mon Jul 18 14:55:16 +0000 2011","retweeted":false,"in_reply_to_status_id_str":null,"in_reply_to_user_id_str":null,"user":{"time_zone":"Eastern Time (US & Canada)","profile_link_color":"0084B4","protected":false,"created_at":"Sun Jun 19 21:17:54 +0000 2011","profile_image_url_https":"https:\/\/si0.twimg.com\/profile_images\/1405226692\/FB-75_normal.jpg","name":"Jon 2012","default_profile":false,"geo_enabled":false,"favourites_count":0,"profile_background_color":"001d36","default_profile_image":false,"notifications":null,"profile_background_tile":false,"utc_offset":-18000,"description":"The official Twitter campaign headquarters for @JonHuntsman. #Jon2012","statuses_count":387,"following":null,"verified":false,"profile_sidebar_fill_color":"DDEEF6","followers_count":4983,"profile_image_url":"http:\/\/a0.twimg.com\/profile_images\/1405226692\/FB-75_normal.jpg","follow_request_sent":null,"profile_sidebar_border_color":"C0DEED","location":"","is_translator":false,"contributors_enabled":false,"screen_name":"Jon2012HQ","profile_use_background_image":true,"url":"http:\/\/www.Jon2012.com","id_str":"320406917","show_all_inline_media":false,"profile_background_image_url_https":"https:\/\/si0.twimg.com\/profile_background_images\/274253345\/h_twitter_background.jpg","profile_text_color":"333333","id":320406917,"listed_count":225,"lang":"en","profile_background_image_url":"http:\/\/a0.twimg.com\/profile_background_images\/274253345\/h_twitter_background.jpg","friends_count":325},"contributors":null,"in_reply_to_status_id":null,"source":"web","id_str":"92970697541943296","geo":null,"favorited":false,"id":92970697541943296,"coordinates":null,"in_reply_to_user_id":null,"truncated":false,"text":"In today's video, Jon and Mary Kaye enjoy a bilingual trip to the Greenville, SC City Hall.  Watch now! http:\/\/t.co\/LVHIakh #Jon2012","name":"Jon2012HQ","boldText":"In today's video, Jon and Mary Kaye enjoy a bilingual trip to the <B>Green<\/B>ville, SC City Hall.  Watch now! http:\/\/t.co\/LVHIakh #Jon2012"}]