[{"possibly_sensitive":false,"place":null,"retweet_count":0,"in_reply_to_screen_name":null,"created_at":"Wed Oct 12 01:04:27 +0000 2011","retweeted":false,"in_reply_to_status_id_str":null,"in_reply_to_user_id_str":null,"user":{"time_zone":null,"profile_link_color":"0084B4","protected":false,"created_at":"Sat Apr 23 18:09:14 +0000 2011","profile_image_url_https":"https:\/\/si0.twimg.com\/profile_images\/1601522227\/291839_222611644456614_198437953540650_717288_6623343_s_normal.jpg","name":"Team Huntsman 2012","geo_enabled":false,"favourites_count":73,"profile_background_color":"C0DEED","default_profile_image":false,"notifications":null,"profile_background_tile":true,"utc_offset":null,"description":"America 4 Jon Huntsman, the Conservative Problem-Solver, in 2012.\nNot authorized by any candidate or candidate committee. Follow the Gov: @JonHuntsman\n#Jon2012","statuses_count":1082,"following":null,"verified":false,"profile_sidebar_fill_color":"DDEEF6","followers_count":1958,"profile_image_url":"http:\/\/a0.twimg.com\/profile_images\/1601522227\/291839_222611644456614_198437953540650_717288_6623343_s_normal.jpg","follow_request_sent":null,"profile_sidebar_border_color":"C0DEED","location":"USA","is_translator":false,"default_profile":false,"contributors_enabled":false,"screen_name":"JonHuntsman12","profile_use_background_image":true,"url":"http:\/\/goo.gl\/487lO","id_str":"286790129","show_all_inline_media":true,"profile_background_image_url_https":"https:\/\/si0.twimg.com\/profile_background_images\/282556199\/oldflag.jpg","profile_text_color":"333333","id":286790129,"listed_count":74,"lang":"en","profile_background_image_url":"http:\/\/a0.twimg.com\/profile_background_images\/282556199\/oldflag.jpg","friends_count":2014},"contributors":null,"in_reply_to_status_id":null,"source":"web","id_str":"123926973562105857","geo":null,"favorited":false,"id":123926973562105857,"coordinates":null,"in_reply_to_user_id":null,"truncated":false,"text":"Jon Huntsman on Healthcare Reform - Without a Mandate http:\/\/t.co\/w7NPq4Y4 #econdebate #jon2012","name":"JonHuntsman12","boldText":"Jon Huntsman on <B>Healthcare<\/B> Reform - Without a Mandate http:\/\/t.co\/w7NPq4Y4 #econdebate #jon2012"},{"possibly_sensitive":false,"place":null,"retweet_count":4,"in_reply_to_screen_name":null,"created_at":"Fri Aug 12 22:54:47 +0000 2011","retweeted":false,"in_reply_to_status_id_str":null,"in_reply_to_user_id_str":null,"user":{"time_zone":"Eastern Time (US & Canada)","profile_link_color":"0084B4","protected":false,"default_profile":false,"created_at":"Sun Jun 19 21:17:54 +0000 2011","profile_image_url_https":"https:\/\/si0.twimg.com\/profile_images\/1405226692\/FB-75_normal.jpg","name":"Jon 2012","geo_enabled":false,"favourites_count":0,"profile_background_color":"001d36","default_profile_image":false,"notifications":null,"profile_background_tile":false,"utc_offset":-18000,"description":"The official Twitter campaign headquarters for @JonHuntsman. #Jon2012","statuses_count":387,"following":null,"verified":false,"profile_sidebar_fill_color":"DDEEF6","followers_count":4983,"profile_image_url":"http:\/\/a0.twimg.com\/profile_images\/1405226692\/FB-75_normal.jpg","follow_request_sent":null,"profile_sidebar_border_color":"C0DEED","location":"","is_translator":false,"contributors_enabled":false,"screen_name":"Jon2012HQ","profile_use_background_image":true,"url":"http:\/\/www.Jon2012.com","id_str":"320406917","show_all_inline_media":false,"profile_background_image_url_https":"https:\/\/si0.twimg.com\/profile_background_images\/274253345\/h_twitter_background.jpg","profile_text_color":"333333","id":320406917,"listed_count":225,"lang":"en","profile_background_image_url":"http:\/\/a0.twimg.com\/profile_background_images\/274253345\/h_twitter_background.jpg","friends_count":325},"contributors":null,"in_reply_to_status_id":null,"source":"web","id_str":"102151070343630848","geo":null,"favorited":false,"id":102151070343630848,"coordinates":null,"in_reply_to_user_id":null,"truncated":false,"text":"Gov. Huntsman supports today's 11th circuit court ruling that rightly declares obamacare unconstitutional. http:\/\/t.co\/6ppFCaO #Jon2012","name":"Jon2012HQ","boldText":"Gov. Huntsman supports today's 11th circuit court ruling that rightly declares <B>obamacare<\/B> unconstitutional. http:\/\/t.co\/6ppFCaO #Jon2012"},{"possibly_sensitive":false,"place":null,"retweet_count":30,"in_reply_to_screen_name":null,"created_at":"Fri Aug 12 22:07:59 +0000 2011","retweeted":false,"in_reply_to_status_id_str":null,"in_reply_to_user_id_str":null,"user":{"time_zone":"Eastern Time (US & Canada)","profile_link_color":"1F98C7","protected":false,"created_at":"Sat May 07 17:16:04 +0000 2011","profile_image_url_https":"https:\/\/si0.twimg.com\/profile_images\/1350998450\/Huntsman_normal.jpg","name":"Jon Huntsman","geo_enabled":false,"favourites_count":0,"profile_background_color":"001d36","default_profile_image":false,"notifications":null,"profile_background_tile":false,"utc_offset":-18000,"description":"Proud husband and father of seven.  Businessman, former two-term Governor of Utah, former Ambassador to China and Singapore. Follow campaign at @Jon2012HQ","statuses_count":148,"following":null,"verified":true,"profile_sidebar_fill_color":"DAECF4","followers_count":45966,"profile_image_url":"http:\/\/a1.twimg.com\/profile_images\/1350998450\/Huntsman_normal.jpg","follow_request_sent":null,"profile_sidebar_border_color":"C6E2EE","location":"","is_translator":false,"contributors_enabled":false,"screen_name":"JonHuntsman","profile_use_background_image":true,"url":"http:\/\/Jon2012.com","id_str":"294728278","default_profile":false,"show_all_inline_media":false,"profile_background_image_url_https":"https:\/\/si0.twimg.com\/profile_background_images\/274598242\/h_twitter_background.jpg","profile_text_color":"663B12","id":294728278,"listed_count":1144,"lang":"en","profile_background_image_url":"http:\/\/a0.twimg.com\/profile_background_images\/274598242\/h_twitter_background.jpg","friends_count":102},"contributors":null,"in_reply_to_status_id":null,"source":"<a href=\"http:\/\/twitter.com\/#!\/download\/iphone\" rel=\"nofollow\">Twitter for iPhone<\/a>","id_str":"102139290280148992","geo":null,"favorited":false,"id":102139290280148992,"coordinates":null,"in_reply_to_user_id":null,"truncated":false,"text":"Individual mandate included in ObamaCare is an unconstitutional assault on individual liberty http:\/\/t.co\/FHOs8Gq","name":"JonHuntsman","boldText":"Individual mandate included in <B>ObamaCare<\/B> is an unconstitutional assault on individual liberty http:\/\/t.co\/FHOs8Gq"}]