[{"possibly_sensitive":false,"place":null,"retweet_count":38,"in_reply_to_screen_name":null,"created_at":"Thu Nov 03 16:01:58 +0000 2011","retweeted":false,"in_reply_to_status_id_str":null,"in_reply_to_user_id_str":null,"user":{"time_zone":"Eastern Time (US & Canada)","profile_link_color":"0084B4","protected":false,"default_profile":false,"created_at":"Sun Jun 19 21:17:54 +0000 2011","profile_image_url_https":"https:\/\/si0.twimg.com\/profile_images\/1405226692\/FB-75_normal.jpg","name":"Jon 2012","geo_enabled":false,"favourites_count":0,"profile_background_color":"001d36","default_profile_image":false,"notifications":false,"profile_background_tile":false,"utc_offset":-18000,"description":"The official Twitter campaign headquarters for @JonHuntsman. #Jon2012","statuses_count":387,"following":true,"verified":false,"profile_sidebar_fill_color":"DDEEF6","followers_count":4983,"profile_image_url":"http:\/\/a0.twimg.com\/profile_images\/1405226692\/FB-75_normal.jpg","follow_request_sent":false,"profile_sidebar_border_color":"C0DEED","location":"","is_translator":false,"contributors_enabled":false,"screen_name":"Jon2012HQ","profile_use_background_image":true,"url":"http:\/\/www.Jon2012.com","id_str":"320406917","show_all_inline_media":false,"profile_background_image_url_https":"https:\/\/si0.twimg.com\/profile_background_images\/274253345\/h_twitter_background.jpg","profile_text_color":"333333","id":320406917,"listed_count":225,"lang":"en","profile_background_image_url":"http:\/\/a0.twimg.com\/profile_background_images\/274253345\/h_twitter_background.jpg","friends_count":325},"contributors":null,"in_reply_to_status_id":null,"source":"web","id_str":"132125373742858240","geo":null,"favorited":false,"id":132125373742858240,"coordinates":null,"in_reply_to_user_id":null,"truncated":false,"text":"Prediction model by @NYTimes shows @JonHuntsman with best chance to beat President Obama in #2012 http:\/\/t.co\/VUaFKwTq #FITN #GOP #GOP2012","name":"Jon2012HQ","boldText":"Prediction model by @NYTimes shows @JonHuntsman with best chance to beat P<B>resident<\/B> Obama in #2012 http:\/\/t.co\/VUaFKwTq #FITN #GOP #GOP2012"},{"possibly_sensitive":false,"place":null,"retweet_count":2,"in_reply_to_screen_name":null,"created_at":"Tue Nov 01 22:01:20 +0000 2011","retweeted":false,"in_reply_to_status_id_str":null,"in_reply_to_user_id_str":null,"user":{"time_zone":null,"profile_link_color":"0084B4","protected":false,"created_at":"Sat Apr 23 18:09:14 +0000 2011","profile_image_url_https":"https:\/\/si0.twimg.com\/profile_images\/1601522227\/291839_222611644456614_198437953540650_717288_6623343_s_normal.jpg","name":"Team Huntsman 2012","geo_enabled":false,"favourites_count":73,"profile_background_color":"C0DEED","default_profile_image":false,"notifications":null,"profile_background_tile":true,"utc_offset":null,"description":"America 4 Jon Huntsman, the Conservative Problem-Solver, in 2012.\nNot authorized by any candidate or candidate committee. Follow the Gov: @JonHuntsman\n#Jon2012","statuses_count":1082,"following":null,"verified":false,"profile_sidebar_fill_color":"DDEEF6","followers_count":1958,"profile_image_url":"http:\/\/a0.twimg.com\/profile_images\/1601522227\/291839_222611644456614_198437953540650_717288_6623343_s_normal.jpg","follow_request_sent":null,"profile_sidebar_border_color":"C0DEED","location":"USA","is_translator":false,"default_profile":false,"contributors_enabled":false,"screen_name":"JonHuntsman12","profile_use_background_image":true,"url":"http:\/\/goo.gl\/487lO","id_str":"286790129","show_all_inline_media":true,"profile_background_image_url_https":"https:\/\/si0.twimg.com\/profile_background_images\/282556199\/oldflag.jpg","profile_text_color":"333333","id":286790129,"listed_count":74,"lang":"en","profile_background_image_url":"http:\/\/a0.twimg.com\/profile_background_images\/282556199\/oldflag.jpg","friends_count":2014},"contributors":null,"in_reply_to_status_id":null,"source":"<a href=\"http:\/\/ubersocial.com\" rel=\"nofollow\">UberSocial for BlackBerry<\/a>","id_str":"131491036307521536","geo":null,"favorited":false,"id":131491036307521536,"coordinates":null,"in_reply_to_user_id":null,"truncated":false,"text":"\"Energy security can no longer be a catchphrase; it will be a driving force behind my administration's agenda\" http:\/\/t.co\/RfBuNXH6 #Jon2012","name":"JonHuntsman12","boldText":"\"Energy <B>security<\/B> can no longer be a catchphrase; it will be a driving force behind my administration's agenda\" http:\/\/t.co\/RfBuNXH6 #Jon2012"},{"place":null,"retweet_count":0,"in_reply_to_screen_name":null,"created_at":"Tue Oct 25 23:43:19 +0000 2011","retweeted":false,"in_reply_to_status_id_str":null,"in_reply_to_user_id_str":null,"user":{"time_zone":null,"profile_link_color":"0084B4","protected":false,"created_at":"Sat Apr 23 18:09:14 +0000 2011","profile_image_url_https":"https:\/\/si0.twimg.com\/profile_images\/1601522227\/291839_222611644456614_198437953540650_717288_6623343_s_normal.jpg","name":"Team Huntsman 2012","geo_enabled":false,"favourites_count":73,"profile_background_color":"C0DEED","default_profile_image":false,"notifications":null,"profile_background_tile":true,"utc_offset":null,"description":"America 4 Jon Huntsman, the Conservative Problem-Solver, in 2012.\nNot authorized by any candidate or candidate committee. Follow the Gov: @JonHuntsman\n#Jon2012","statuses_count":1082,"following":null,"verified":false,"profile_sidebar_fill_color":"DDEEF6","followers_count":1958,"profile_image_url":"http:\/\/a0.twimg.com\/profile_images\/1601522227\/291839_222611644456614_198437953540650_717288_6623343_s_normal.jpg","follow_request_sent":null,"profile_sidebar_border_color":"C0DEED","location":"USA","is_translator":false,"default_profile":false,"contributors_enabled":false,"screen_name":"JonHuntsman12","profile_use_background_image":true,"url":"http:\/\/goo.gl\/487lO","id_str":"286790129","show_all_inline_media":true,"profile_background_image_url_https":"https:\/\/si0.twimg.com\/profile_background_images\/282556199\/oldflag.jpg","profile_text_color":"333333","id":286790129,"listed_count":74,"lang":"en","profile_background_image_url":"http:\/\/a0.twimg.com\/profile_background_images\/282556199\/oldflag.jpg","friends_count":2014},"contributors":null,"in_reply_to_status_id":null,"source":"<a href=\"http:\/\/ubersocial.com\" rel=\"nofollow\">UberSocial for BlackBerry<\/a>","id_str":"128979984604872705","geo":null,"favorited":false,"id":128979984604872705,"coordinates":null,"in_reply_to_user_id":null,"truncated":false,"text":"RT @kokomodianne: GOP Presidential hopeful @JonHuntsman will hold a meet & greet at @winthropu Friday 8 a.m. #Jon2012 #SCgop","name":"JonHuntsman12","boldText":"RT @kokomodianne: GOP P<B>resident<\/B>ial hopeful @JonHuntsman will hold a meet & greet at @winthropu Friday 8 a.m. #Jon2012 #SCgop"},{"place":null,"retweet_count":2,"in_reply_to_screen_name":null,"created_at":"Sun Oct 16 14:15:31 +0000 2011","retweeted":false,"in_reply_to_status_id_str":null,"in_reply_to_user_id_str":null,"user":{"time_zone":null,"profile_link_color":"0084B4","protected":false,"created_at":"Sat Apr 23 18:09:14 +0000 2011","profile_image_url_https":"https:\/\/si0.twimg.com\/profile_images\/1601522227\/291839_222611644456614_198437953540650_717288_6623343_s_normal.jpg","name":"Team Huntsman 2012","geo_enabled":false,"favourites_count":73,"profile_background_color":"C0DEED","default_profile_image":false,"notifications":null,"profile_background_tile":true,"utc_offset":null,"description":"America 4 Jon Huntsman, the Conservative Problem-Solver, in 2012.\nNot authorized by any candidate or candidate committee. Follow the Gov: @JonHuntsman\n#Jon2012","statuses_count":1082,"following":null,"verified":false,"profile_sidebar_fill_color":"DDEEF6","followers_count":1958,"profile_image_url":"http:\/\/a0.twimg.com\/profile_images\/1601522227\/291839_222611644456614_198437953540650_717288_6623343_s_normal.jpg","follow_request_sent":null,"profile_sidebar_border_color":"C0DEED","location":"USA","is_translator":false,"default_profile":false,"contributors_enabled":false,"screen_name":"JonHuntsman12","profile_use_background_image":true,"url":"http:\/\/goo.gl\/487lO","id_str":"286790129","show_all_inline_media":true,"profile_background_image_url_https":"https:\/\/si0.twimg.com\/profile_background_images\/282556199\/oldflag.jpg","profile_text_color":"333333","id":286790129,"listed_count":74,"lang":"en","profile_background_image_url":"http:\/\/a0.twimg.com\/profile_background_images\/282556199\/oldflag.jpg","friends_count":2014},"contributors":null,"in_reply_to_status_id":null,"source":"web","id_str":"125575602324520960","geo":null,"favorited":false,"id":125575602324520960,"coordinates":null,"in_reply_to_user_id":null,"truncated":false,"text":"RT @GWRepublicans Proud to announce that presidential candidate Jon Huntsman will be speaking to the organization on October 25th. #Jon2012","name":"JonHuntsman12","boldText":"RT @GWRepublicans Proud to announce that p<B>resident<\/B>ial candidate Jon Huntsman will be speaking to the organization on October 25th. #Jon2012"},{"place":null,"retweet_count":15,"in_reply_to_screen_name":null,"created_at":"Wed Oct 12 01:08:03 +0000 2011","retweeted":false,"in_reply_to_status_id_str":null,"in_reply_to_user_id_str":null,"user":{"time_zone":"Eastern Time (US & Canada)","profile_link_color":"0084B4","protected":false,"default_profile":false,"created_at":"Sun Jun 19 21:17:54 +0000 2011","profile_image_url_https":"https:\/\/si0.twimg.com\/profile_images\/1405226692\/FB-75_normal.jpg","name":"Jon 2012","geo_enabled":false,"favourites_count":0,"profile_background_color":"001d36","default_profile_image":false,"notifications":null,"profile_background_tile":false,"utc_offset":-18000,"description":"The official Twitter campaign headquarters for @JonHuntsman. #Jon2012","statuses_count":387,"following":null,"verified":false,"profile_sidebar_fill_color":"DDEEF6","followers_count":4983,"profile_image_url":"http:\/\/a0.twimg.com\/profile_images\/1405226692\/FB-75_normal.jpg","follow_request_sent":null,"profile_sidebar_border_color":"C0DEED","location":"","is_translator":false,"contributors_enabled":false,"screen_name":"Jon2012HQ","profile_use_background_image":true,"url":"http:\/\/www.Jon2012.com","id_str":"320406917","show_all_inline_media":false,"profile_background_image_url_https":"https:\/\/si0.twimg.com\/profile_background_images\/274253345\/h_twitter_background.jpg","profile_text_color":"333333","id":320406917,"listed_count":225,"lang":"en","profile_background_image_url":"http:\/\/a0.twimg.com\/profile_background_images\/274253345\/h_twitter_background.jpg","friends_count":325},"contributors":null,"in_reply_to_status_id":null,"source":"<a href=\"http:\/\/www.tweetdeck.com\" rel=\"nofollow\">TweetDeck<\/a>","id_str":"123927879808593920","geo":null,"favorited":false,"id":123927879808593920,"coordinates":null,"in_reply_to_user_id":null,"truncated":false,"text":"The WSJ on Jon Huntsman's economic plan: \"the most pro-growth proposal ever offered by a US presidential candidate\" #EconDebate #GOP2012","name":"Jon2012HQ","boldText":"The WSJ on Jon Huntsman's economic plan: \"the most pro-growth proposal ever offered by a US p<B>resident<\/B>ial candidate\" #EconDebate #GOP2012"},{"place":null,"retweet_count":20,"in_reply_to_screen_name":null,"created_at":"Wed Oct 12 00:22:34 +0000 2011","retweeted":false,"in_reply_to_status_id_str":null,"in_reply_to_user_id_str":null,"user":{"time_zone":"Eastern Time (US & Canada)","profile_link_color":"0084B4","protected":false,"default_profile":false,"created_at":"Sun Jun 19 21:17:54 +0000 2011","profile_image_url_https":"https:\/\/si0.twimg.com\/profile_images\/1405226692\/FB-75_normal.jpg","name":"Jon 2012","geo_enabled":false,"favourites_count":0,"profile_background_color":"001d36","default_profile_image":false,"notifications":null,"profile_background_tile":false,"utc_offset":-18000,"description":"The official Twitter campaign headquarters for @JonHuntsman. #Jon2012","statuses_count":387,"following":null,"verified":false,"profile_sidebar_fill_color":"DDEEF6","followers_count":4983,"profile_image_url":"http:\/\/a0.twimg.com\/profile_images\/1405226692\/FB-75_normal.jpg","follow_request_sent":null,"profile_sidebar_border_color":"C0DEED","location":"","is_translator":false,"contributors_enabled":false,"screen_name":"Jon2012HQ","profile_use_background_image":true,"url":"http:\/\/www.Jon2012.com","id_str":"320406917","show_all_inline_media":false,"profile_background_image_url_https":"https:\/\/si0.twimg.com\/profile_background_images\/274253345\/h_twitter_background.jpg","profile_text_color":"333333","id":320406917,"listed_count":225,"lang":"en","profile_background_image_url":"http:\/\/a0.twimg.com\/profile_background_images\/274253345\/h_twitter_background.jpg","friends_count":325},"contributors":null,"in_reply_to_status_id":null,"source":"<a href=\"http:\/\/www.tweetdeck.com\" rel=\"nofollow\">TweetDeck<\/a>","id_str":"123916434274398208","geo":null,"favorited":false,"id":123916434274398208,"coordinates":null,"in_reply_to_user_id":null,"truncated":false,"text":"Reuters: Jon Huntsman's economic plan: \"the most pro-growth, pro-market tax plan\" by a president candidate since Ronald Reagan #econdebate","name":"Jon2012HQ","boldText":"Reuters: Jon Huntsman's economic plan: \"the most pro-growth, pro-market tax plan\" by a p<B>resident<\/B> candidate since Ronald Reagan #econdebate"},{"place":null,"retweet_count":16,"in_reply_to_screen_name":null,"created_at":"Wed Oct 12 00:11:12 +0000 2011","retweeted":false,"in_reply_to_status_id_str":null,"in_reply_to_user_id_str":null,"user":{"time_zone":"Eastern Time (US & Canada)","profile_link_color":"0084B4","protected":false,"default_profile":false,"created_at":"Sun Jun 19 21:17:54 +0000 2011","profile_image_url_https":"https:\/\/si0.twimg.com\/profile_images\/1405226692\/FB-75_normal.jpg","name":"Jon 2012","geo_enabled":false,"favourites_count":0,"profile_background_color":"001d36","default_profile_image":false,"notifications":null,"profile_background_tile":false,"utc_offset":-18000,"description":"The official Twitter campaign headquarters for @JonHuntsman. #Jon2012","statuses_count":387,"following":null,"verified":false,"profile_sidebar_fill_color":"DDEEF6","followers_count":4983,"profile_image_url":"http:\/\/a0.twimg.com\/profile_images\/1405226692\/FB-75_normal.jpg","follow_request_sent":null,"profile_sidebar_border_color":"C0DEED","location":"","is_translator":false,"contributors_enabled":false,"screen_name":"Jon2012HQ","profile_use_background_image":true,"url":"http:\/\/www.Jon2012.com","id_str":"320406917","show_all_inline_media":false,"profile_background_image_url_https":"https:\/\/si0.twimg.com\/profile_background_images\/274253345\/h_twitter_background.jpg","profile_text_color":"333333","id":320406917,"listed_count":225,"lang":"en","profile_background_image_url":"http:\/\/a0.twimg.com\/profile_background_images\/274253345\/h_twitter_background.jpg","friends_count":325},"contributors":null,"in_reply_to_status_id":null,"source":"<a href=\"http:\/\/www.tweetdeck.com\" rel=\"nofollow\">TweetDeck<\/a>","id_str":"123913571393470464","geo":null,"favorited":false,"id":123913571393470464,"coordinates":null,"in_reply_to_user_id":null,"truncated":false,"text":"Reuters on Jon Huntsman's economic plan: \"the most pro-growth, pro-market tax plan\" by a president candidate since Ronald Reagan #econdebate","name":"Jon2012HQ","boldText":"Reuters on Jon Huntsman's economic plan: \"the most pro-growth, pro-market tax plan\" by a p<B>resident<\/B> candidate since Ronald Reagan #econdebate"},{"place":null,"retweet_count":16,"in_reply_to_screen_name":null,"created_at":"Wed Oct 12 00:04:35 +0000 2011","retweeted":false,"in_reply_to_status_id_str":null,"in_reply_to_user_id_str":null,"user":{"time_zone":"Eastern Time (US & Canada)","profile_link_color":"0084B4","protected":false,"default_profile":false,"created_at":"Sun Jun 19 21:17:54 +0000 2011","profile_image_url_https":"https:\/\/si0.twimg.com\/profile_images\/1405226692\/FB-75_normal.jpg","name":"Jon 2012","geo_enabled":false,"favourites_count":0,"profile_background_color":"001d36","default_profile_image":false,"notifications":null,"profile_background_tile":false,"utc_offset":-18000,"description":"The official Twitter campaign headquarters for @JonHuntsman. #Jon2012","statuses_count":387,"following":null,"verified":false,"profile_sidebar_fill_color":"DDEEF6","followers_count":4983,"profile_image_url":"http:\/\/a0.twimg.com\/profile_images\/1405226692\/FB-75_normal.jpg","follow_request_sent":null,"profile_sidebar_border_color":"C0DEED","location":"","is_translator":false,"contributors_enabled":false,"screen_name":"Jon2012HQ","profile_use_background_image":true,"url":"http:\/\/www.Jon2012.com","id_str":"320406917","show_all_inline_media":false,"profile_background_image_url_https":"https:\/\/si0.twimg.com\/profile_background_images\/274253345\/h_twitter_background.jpg","profile_text_color":"333333","id":320406917,"listed_count":225,"lang":"en","profile_background_image_url":"http:\/\/a0.twimg.com\/profile_background_images\/274253345\/h_twitter_background.jpg","friends_count":325},"contributors":null,"in_reply_to_status_id":null,"source":"<a href=\"http:\/\/www.tweetdeck.com\" rel=\"nofollow\">TweetDeck<\/a>","id_str":"123911907928322048","geo":null,"favorited":false,"id":123911907928322048,"coordinates":null,"in_reply_to_user_id":null,"truncated":false,"text":"The WSJ on Jon Huntsman's economic plan: \"the most pro-growth proposal ever offered by a US presidential candidate\" #econdebate #Jon2012","name":"Jon2012HQ","boldText":"The WSJ on Jon Huntsman's economic plan: \"the most pro-growth proposal ever offered by a US p<B>resident<\/B>ial candidate\" #econdebate #Jon2012"},{"possibly_sensitive":false,"place":null,"retweet_count":11,"in_reply_to_screen_name":null,"created_at":"Tue Oct 11 21:23:31 +0000 2011","retweeted":false,"in_reply_to_status_id_str":null,"in_reply_to_user_id_str":null,"user":{"time_zone":"Eastern Time (US & Canada)","profile_link_color":"0084B4","protected":false,"default_profile":false,"created_at":"Sun Jun 19 21:17:54 +0000 2011","profile_image_url_https":"https:\/\/si0.twimg.com\/profile_images\/1405226692\/FB-75_normal.jpg","name":"Jon 2012","geo_enabled":false,"favourites_count":0,"profile_background_color":"001d36","default_profile_image":false,"notifications":null,"profile_background_tile":false,"utc_offset":-18000,"description":"The official Twitter campaign headquarters for @JonHuntsman. #Jon2012","statuses_count":387,"following":null,"verified":false,"profile_sidebar_fill_color":"DDEEF6","followers_count":4983,"profile_image_url":"http:\/\/a0.twimg.com\/profile_images\/1405226692\/FB-75_normal.jpg","follow_request_sent":null,"profile_sidebar_border_color":"C0DEED","location":"","is_translator":false,"contributors_enabled":false,"screen_name":"Jon2012HQ","profile_use_background_image":true,"url":"http:\/\/www.Jon2012.com","id_str":"320406917","show_all_inline_media":false,"profile_background_image_url_https":"https:\/\/si0.twimg.com\/profile_background_images\/274253345\/h_twitter_background.jpg","profile_text_color":"333333","id":320406917,"listed_count":225,"lang":"en","profile_background_image_url":"http:\/\/a0.twimg.com\/profile_background_images\/274253345\/h_twitter_background.jpg","friends_count":325},"contributors":null,"in_reply_to_status_id":null,"source":"web","id_str":"123871375361441792","geo":null,"favorited":false,"id":123871375361441792,"coordinates":null,"in_reply_to_user_id":null,"truncated":false,"text":"Tonight at 8pm ET watch Jon Huntsman take the stage at the Bloomberg - Washington Post Presidential Debate http:\/\/t.co\/DMylW3bp #econdebate","name":"Jon2012HQ","boldText":"Tonight at 8pm ET watch Jon Huntsman take the stage at the Bloomberg - Washington Post P<B>resident<\/B>ial Debate http:\/\/t.co\/DMylW3bp #econdebate"},{"place":null,"retweet_count":44,"in_reply_to_screen_name":null,"created_at":"Fri Oct 07 14:10:57 +0000 2011","retweeted":false,"in_reply_to_status_id_str":null,"in_reply_to_user_id_str":null,"user":{"time_zone":"Eastern Time (US & Canada)","profile_link_color":"1F98C7","protected":false,"created_at":"Sat May 07 17:16:04 +0000 2011","profile_image_url_https":"https:\/\/si0.twimg.com\/profile_images\/1350998450\/Huntsman_normal.jpg","name":"Jon Huntsman","geo_enabled":false,"favourites_count":0,"profile_background_color":"001d36","default_profile_image":false,"notifications":false,"profile_background_tile":false,"utc_offset":-18000,"description":"Proud husband and father of seven.  Businessman, former two-term Governor of Utah, former Ambassador to China and Singapore. Follow campaign at @Jon2012HQ","statuses_count":148,"following":false,"verified":true,"profile_sidebar_fill_color":"DAECF4","followers_count":45966,"profile_image_url":"http:\/\/a1.twimg.com\/profile_images\/1350998450\/Huntsman_normal.jpg","follow_request_sent":false,"profile_sidebar_border_color":"C6E2EE","location":"","is_translator":false,"contributors_enabled":false,"screen_name":"JonHuntsman","profile_use_background_image":true,"url":"http:\/\/Jon2012.com","id_str":"294728278","default_profile":false,"show_all_inline_media":false,"profile_background_image_url_https":"https:\/\/si0.twimg.com\/profile_background_images\/274598242\/h_twitter_background.jpg","profile_text_color":"663B12","id":294728278,"listed_count":1144,"lang":"en","profile_background_image_url":"http:\/\/a0.twimg.com\/profile_background_images\/274598242\/h_twitter_background.jpg","friends_count":102},"contributors":null,"in_reply_to_status_id":null,"source":"web","id_str":"122312961074266112","geo":null,"favorited":false,"id":122312961074266112,"coordinates":null,"in_reply_to_user_id":null,"truncated":false,"text":"Job growth is still unacceptably low. President Obama refuses to take on the bold tax and reg reforms we need. I will.","name":"JonHuntsman","boldText":"Job growth is still unacceptably low. P<B>resident<\/B> Obama refuses to take on the bold tax and reg reforms we need. I will."},{"place":null,"retweet_count":22,"in_reply_to_screen_name":null,"created_at":"Thu Oct 06 17:51:27 +0000 2011","retweeted":false,"in_reply_to_status_id_str":null,"in_reply_to_user_id_str":null,"user":{"time_zone":"Eastern Time (US & Canada)","profile_link_color":"1F98C7","protected":false,"created_at":"Sat May 07 17:16:04 +0000 2011","profile_image_url_https":"https:\/\/si0.twimg.com\/profile_images\/1350998450\/Huntsman_normal.jpg","name":"Jon Huntsman","geo_enabled":false,"favourites_count":0,"profile_background_color":"001d36","default_profile_image":false,"notifications":false,"profile_background_tile":false,"utc_offset":-18000,"description":"Proud husband and father of seven.  Businessman, former two-term Governor of Utah, former Ambassador to China and Singapore. Follow campaign at @Jon2012HQ","statuses_count":148,"following":false,"verified":true,"profile_sidebar_fill_color":"DAECF4","followers_count":45961,"profile_image_url":"http:\/\/a1.twimg.com\/profile_images\/1350998450\/Huntsman_normal.jpg","follow_request_sent":false,"profile_sidebar_border_color":"C6E2EE","location":"","is_translator":false,"contributors_enabled":false,"screen_name":"JonHuntsman","default_profile":false,"profile_use_background_image":true,"url":"http:\/\/Jon2012.com","id_str":"294728278","show_all_inline_media":false,"profile_background_image_url_https":"https:\/\/si0.twimg.com\/profile_background_images\/274598242\/h_twitter_background.jpg","profile_text_color":"663B12","id":294728278,"listed_count":1144,"lang":"en","profile_background_image_url":"http:\/\/a0.twimg.com\/profile_background_images\/274598242\/h_twitter_background.jpg","friends_count":102},"contributors":null,"in_reply_to_status_id":null,"source":"web","id_str":"122006065054351360","geo":null,"favorited":false,"id":122006065054351360,"coordinates":null,"in_reply_to_user_id":null,"truncated":false,"text":"Watch America Live w\/ @MegynKelly at 2 to hear my thoughts on the President's failed jobs agenda and my plan for turning the economy around.","name":"JonHuntsman","boldText":"Watch America Live w\/ @MegynKelly at 2 to hear my thoughts on the P<B>resident<\/B>'s failed jobs agenda and my plan for turning the economy around."},{"place":null,"retweet_count":0,"in_reply_to_screen_name":null,"created_at":"Wed Oct 05 22:55:19 +0000 2011","retweeted":false,"in_reply_to_status_id_str":null,"in_reply_to_user_id_str":null,"user":{"time_zone":null,"profile_link_color":"0084B4","protected":false,"created_at":"Sat Apr 23 18:09:14 +0000 2011","profile_image_url_https":"https:\/\/si0.twimg.com\/profile_images\/1601522227\/291839_222611644456614_198437953540650_717288_6623343_s_normal.jpg","name":"Team Huntsman 2012","geo_enabled":false,"favourites_count":73,"profile_background_color":"C0DEED","default_profile_image":false,"notifications":null,"profile_background_tile":true,"utc_offset":null,"description":"America 4 Jon Huntsman, the Conservative Problem-Solver, in 2012.\nNot authorized by any candidate or candidate committee. Follow the Gov: @JonHuntsman\n#Jon2012","statuses_count":1082,"following":null,"verified":false,"profile_sidebar_fill_color":"DDEEF6","followers_count":1958,"profile_image_url":"http:\/\/a0.twimg.com\/profile_images\/1601522227\/291839_222611644456614_198437953540650_717288_6623343_s_normal.jpg","follow_request_sent":null,"profile_sidebar_border_color":"C0DEED","location":"USA","is_translator":false,"contributors_enabled":false,"screen_name":"JonHuntsman12","default_profile":false,"profile_use_background_image":true,"url":"http:\/\/goo.gl\/487lO","id_str":"286790129","show_all_inline_media":true,"profile_background_image_url_https":"https:\/\/si0.twimg.com\/profile_background_images\/282556199\/oldflag.jpg","profile_text_color":"333333","id":286790129,"listed_count":74,"lang":"en","profile_background_image_url":"http:\/\/a0.twimg.com\/profile_background_images\/282556199\/oldflag.jpg","friends_count":2014},"contributors":null,"in_reply_to_status_id":null,"source":"web","id_str":"121720149278593024","geo":null,"favorited":false,"id":121720149278593024,"coordinates":null,"in_reply_to_user_id":null,"truncated":false,"text":"The field is set. Support the common-sense conservative: @JonHuntsman RT @President Sarah Palin says she will not run for president in 2012","name":"JonHuntsman12","boldText":"The field is set. Support the common-sense conservative: @JonHuntsman RT @P<B>resident<\/B> Sarah Palin says she will not run for p<B>resident<\/B> in 2012"},{"possibly_sensitive":false,"place":null,"retweet_count":1,"in_reply_to_screen_name":null,"created_at":"Wed Oct 05 17:50:12 +0000 2011","retweeted":false,"in_reply_to_status_id_str":null,"in_reply_to_user_id_str":null,"user":{"time_zone":null,"profile_link_color":"0084B4","protected":false,"created_at":"Sat Apr 23 18:09:14 +0000 2011","profile_image_url_https":"https:\/\/si0.twimg.com\/profile_images\/1601522227\/291839_222611644456614_198437953540650_717288_6623343_s_normal.jpg","name":"Team Huntsman 2012","geo_enabled":false,"favourites_count":73,"profile_background_color":"C0DEED","default_profile_image":false,"notifications":null,"profile_background_tile":true,"utc_offset":null,"description":"America 4 Jon Huntsman, the Conservative Problem-Solver, in 2012.\nNot authorized by any candidate or candidate committee. Follow the Gov: @JonHuntsman\n#Jon2012","statuses_count":1082,"following":null,"verified":false,"profile_sidebar_fill_color":"DDEEF6","followers_count":1958,"profile_image_url":"http:\/\/a0.twimg.com\/profile_images\/1601522227\/291839_222611644456614_198437953540650_717288_6623343_s_normal.jpg","follow_request_sent":null,"profile_sidebar_border_color":"C0DEED","location":"USA","is_translator":false,"contributors_enabled":false,"screen_name":"JonHuntsman12","default_profile":false,"profile_use_background_image":true,"url":"http:\/\/goo.gl\/487lO","id_str":"286790129","show_all_inline_media":true,"profile_background_image_url_https":"https:\/\/si0.twimg.com\/profile_background_images\/282556199\/oldflag.jpg","profile_text_color":"333333","id":286790129,"listed_count":74,"lang":"en","profile_background_image_url":"http:\/\/a0.twimg.com\/profile_background_images\/282556199\/oldflag.jpg","friends_count":2014},"contributors":null,"in_reply_to_status_id":null,"source":"<a href=\"http:\/\/ubersocial.com\" rel=\"nofollow\">UberSocial for BlackBerry<\/a>","id_str":"121643362943119360","geo":null,"favorited":false,"id":121643362943119360,"coordinates":null,"in_reply_to_user_id":null,"truncated":false,"text":"RT @Timodc: Presidential candidate Jon Huntsman makes Knoxville stop http:\/\/t.co\/J30AjCIf #TN #Jon2012 #gop2012","name":"JonHuntsman12","boldText":"RT @Timodc: P<B>resident<\/B>ial candidate Jon Huntsman makes Knoxville stop http:\/\/t.co\/J30AjCIf #TN #Jon2012 #gop2012"},{"possibly_sensitive":false,"place":null,"retweet_count":1,"in_reply_to_screen_name":null,"created_at":"Wed Oct 05 11:37:04 +0000 2011","retweeted":false,"in_reply_to_status_id_str":null,"in_reply_to_user_id_str":null,"user":{"time_zone":null,"profile_link_color":"0084B4","protected":false,"created_at":"Sat Apr 23 18:09:14 +0000 2011","profile_image_url_https":"https:\/\/si0.twimg.com\/profile_images\/1601522227\/291839_222611644456614_198437953540650_717288_6623343_s_normal.jpg","name":"Team Huntsman 2012","geo_enabled":false,"favourites_count":73,"profile_background_color":"C0DEED","default_profile_image":false,"notifications":null,"profile_background_tile":true,"utc_offset":null,"description":"America 4 Jon Huntsman, the Conservative Problem-Solver, in 2012.\nNot authorized by any candidate or candidate committee. Follow the Gov: @JonHuntsman\n#Jon2012","statuses_count":1082,"following":null,"verified":false,"profile_sidebar_fill_color":"DDEEF6","followers_count":1958,"profile_image_url":"http:\/\/a0.twimg.com\/profile_images\/1601522227\/291839_222611644456614_198437953540650_717288_6623343_s_normal.jpg","follow_request_sent":null,"profile_sidebar_border_color":"C0DEED","location":"USA","is_translator":false,"contributors_enabled":false,"screen_name":"JonHuntsman12","default_profile":false,"profile_use_background_image":true,"url":"http:\/\/goo.gl\/487lO","id_str":"286790129","show_all_inline_media":true,"profile_background_image_url_https":"https:\/\/si0.twimg.com\/profile_background_images\/282556199\/oldflag.jpg","profile_text_color":"333333","id":286790129,"listed_count":74,"lang":"en","profile_background_image_url":"http:\/\/a0.twimg.com\/profile_background_images\/282556199\/oldflag.jpg","friends_count":2014},"contributors":null,"in_reply_to_status_id":null,"source":"<a href=\"http:\/\/ubersocial.com\" rel=\"nofollow\">UberSocial for BlackBerry<\/a>","id_str":"121549461154574336","geo":null,"favorited":false,"id":121549461154574336,"coordinates":null,"in_reply_to_user_id":null,"truncated":false,"text":"RT @KSCRepublicans: Come see presidential candidate Gov. Jon Huntsman next Wednesday! http:\/\/t.co\/UL3zWL0j #GenH #crnc #fitn","name":"JonHuntsman12","boldText":"RT @KSCRepublicans: Come see p<B>resident<\/B>ial candidate Gov. Jon Huntsman next Wednesday! http:\/\/t.co\/UL3zWL0j #GenH #crnc #fitn"},{"possibly_sensitive":false,"place":null,"retweet_count":8,"in_reply_to_screen_name":null,"created_at":"Fri Sep 30 19:47:52 +0000 2011","retweeted":false,"in_reply_to_status_id_str":null,"in_reply_to_user_id_str":null,"user":{"time_zone":"Eastern Time (US & Canada)","profile_link_color":"0084B4","protected":false,"default_profile":false,"created_at":"Sun Jun 19 21:17:54 +0000 2011","profile_image_url_https":"https:\/\/si0.twimg.com\/profile_images\/1405226692\/FB-75_normal.jpg","name":"Jon 2012","geo_enabled":false,"favourites_count":0,"profile_background_color":"001d36","default_profile_image":false,"notifications":null,"profile_background_tile":false,"utc_offset":-18000,"description":"The official Twitter campaign headquarters for @JonHuntsman. #Jon2012","statuses_count":387,"following":null,"verified":false,"profile_sidebar_fill_color":"DDEEF6","followers_count":4983,"profile_image_url":"http:\/\/a0.twimg.com\/profile_images\/1405226692\/FB-75_normal.jpg","follow_request_sent":null,"profile_sidebar_border_color":"C0DEED","location":"","is_translator":false,"contributors_enabled":false,"screen_name":"Jon2012HQ","profile_use_background_image":true,"url":"http:\/\/www.Jon2012.com","id_str":"320406917","show_all_inline_media":false,"profile_background_image_url_https":"https:\/\/si0.twimg.com\/profile_background_images\/274253345\/h_twitter_background.jpg","profile_text_color":"333333","id":320406917,"listed_count":225,"lang":"en","profile_background_image_url":"http:\/\/a0.twimg.com\/profile_background_images\/274253345\/h_twitter_background.jpg","friends_count":325},"contributors":null,"in_reply_to_status_id":null,"source":"web","id_str":"119861036986806273","geo":null,"favorited":false,"id":119861036986806273,"coordinates":null,"in_reply_to_user_id":null,"truncated":false,"text":"Don't forget to chip in a donation before midnight to @JonHuntsman for\nPresident http:\/\/t.co\/RonUostP","name":"Jon2012HQ","boldText":"Don't forget to chip in a donation before midnight to @JonHuntsman for\nP<B>resident<\/B> http:\/\/t.co\/RonUostP"},{"possibly_sensitive":false,"place":null,"retweet_count":13,"in_reply_to_screen_name":null,"created_at":"Thu Sep 29 23:06:22 +0000 2011","retweeted":false,"in_reply_to_status_id_str":null,"in_reply_to_user_id_str":null,"user":{"time_zone":"Eastern Time (US & Canada)","profile_link_color":"0084B4","protected":false,"default_profile":false,"created_at":"Sun Jun 19 21:17:54 +0000 2011","profile_image_url_https":"https:\/\/si0.twimg.com\/profile_images\/1405226692\/FB-75_normal.jpg","name":"Jon 2012","geo_enabled":false,"favourites_count":0,"profile_background_color":"001d36","default_profile_image":false,"notifications":null,"profile_background_tile":false,"utc_offset":-18000,"description":"The official Twitter campaign headquarters for @JonHuntsman. #Jon2012","statuses_count":387,"following":null,"verified":false,"profile_sidebar_fill_color":"DDEEF6","followers_count":4983,"profile_image_url":"http:\/\/a0.twimg.com\/profile_images\/1405226692\/FB-75_normal.jpg","follow_request_sent":null,"profile_sidebar_border_color":"C0DEED","location":"","is_translator":false,"contributors_enabled":false,"screen_name":"Jon2012HQ","profile_use_background_image":true,"url":"http:\/\/www.Jon2012.com","id_str":"320406917","show_all_inline_media":false,"profile_background_image_url_https":"https:\/\/si0.twimg.com\/profile_background_images\/274253345\/h_twitter_background.jpg","profile_text_color":"333333","id":320406917,"listed_count":225,"lang":"en","profile_background_image_url":"http:\/\/a0.twimg.com\/profile_background_images\/274253345\/h_twitter_background.jpg","friends_count":325},"contributors":null,"in_reply_to_status_id":null,"source":"web","id_str":"119548602736590848","geo":null,"favorited":false,"id":119548602736590848,"coordinates":null,"in_reply_to_user_id":null,"truncated":false,"text":"Today we SPIKE THE LIKE for Huntsman on Facebook! Head over & LIKE @JonHuntsman for President http:\/\/t.co\/mMkCZK3d #jon2012 #GenH Pls RT!","name":"Jon2012HQ","boldText":"Today we SPIKE THE LIKE for Huntsman on Facebook! Head over & LIKE @JonHuntsman for P<B>resident<\/B> http:\/\/t.co\/mMkCZK3d #jon2012 #GenH Pls RT!"},{"possibly_sensitive":false,"place":null,"retweet_count":25,"in_reply_to_screen_name":null,"created_at":"Tue Sep 27 02:27:06 +0000 2011","retweeted":false,"in_reply_to_status_id_str":null,"in_reply_to_user_id_str":null,"user":{"time_zone":"Eastern Time (US & Canada)","profile_link_color":"0084B4","protected":false,"default_profile":false,"created_at":"Sun Jun 19 21:17:54 +0000 2011","profile_image_url_https":"https:\/\/si0.twimg.com\/profile_images\/1405226692\/FB-75_normal.jpg","name":"Jon 2012","geo_enabled":false,"favourites_count":0,"profile_background_color":"001d36","default_profile_image":false,"notifications":null,"profile_background_tile":false,"utc_offset":-18000,"description":"The official Twitter campaign headquarters for @JonHuntsman. #Jon2012","statuses_count":387,"following":null,"verified":false,"profile_sidebar_fill_color":"DDEEF6","followers_count":4983,"profile_image_url":"http:\/\/a0.twimg.com\/profile_images\/1405226692\/FB-75_normal.jpg","follow_request_sent":null,"profile_sidebar_border_color":"C0DEED","location":"","is_translator":false,"contributors_enabled":false,"screen_name":"Jon2012HQ","profile_use_background_image":true,"url":"http:\/\/www.Jon2012.com","id_str":"320406917","show_all_inline_media":false,"profile_background_image_url_https":"https:\/\/si0.twimg.com\/profile_background_images\/274253345\/h_twitter_background.jpg","profile_text_color":"333333","id":320406917,"listed_count":225,"lang":"en","profile_background_image_url":"http:\/\/a0.twimg.com\/profile_background_images\/274253345\/h_twitter_background.jpg","friends_count":325},"contributors":null,"in_reply_to_status_id":null,"source":"web","id_str":"118511953655246848","geo":null,"favorited":false,"id":118511953655246848,"coordinates":null,"in_reply_to_user_id":null,"truncated":false,"text":"Supporting Jon Huntsman for President? Register your support on this website & then please RT http:\/\/t.co\/AyNk8yTX #jon2012 #GenH","name":"Jon2012HQ","boldText":"Supporting Jon Huntsman for P<B>resident<\/B>? Register your support on this website & then please RT http:\/\/t.co\/AyNk8yTX #jon2012 #GenH"},{"place":null,"retweet_count":77,"in_reply_to_screen_name":null,"created_at":"Mon Sep 19 15:17:42 +0000 2011","retweeted":false,"in_reply_to_status_id_str":null,"in_reply_to_user_id_str":null,"user":{"time_zone":"Eastern Time (US & Canada)","profile_link_color":"1F98C7","protected":false,"default_profile":false,"created_at":"Sat May 07 17:16:04 +0000 2011","profile_image_url_https":"https:\/\/si0.twimg.com\/profile_images\/1350998450\/Huntsman_normal.jpg","name":"Jon Huntsman","geo_enabled":false,"favourites_count":0,"profile_background_color":"001d36","default_profile_image":false,"notifications":false,"profile_background_tile":false,"utc_offset":-18000,"description":"Proud husband and father of seven.  Businessman, former two-term Governor of Utah, former Ambassador to China and Singapore. Follow campaign at @Jon2012HQ","statuses_count":148,"following":true,"verified":true,"profile_sidebar_fill_color":"DAECF4","followers_count":45942,"profile_image_url":"http:\/\/a1.twimg.com\/profile_images\/1350998450\/Huntsman_normal.jpg","follow_request_sent":false,"profile_sidebar_border_color":"C6E2EE","location":"","is_translator":false,"contributors_enabled":false,"screen_name":"JonHuntsman","profile_use_background_image":true,"url":"http:\/\/Jon2012.com","id_str":"294728278","show_all_inline_media":false,"profile_background_image_url_https":"https:\/\/si0.twimg.com\/profile_background_images\/274598242\/h_twitter_background.jpg","profile_text_color":"663B12","id":294728278,"listed_count":1144,"lang":"en","profile_background_image_url":"http:\/\/a0.twimg.com\/profile_background_images\/274598242\/h_twitter_background.jpg","friends_count":102},"contributors":null,"in_reply_to_status_id":null,"source":"web","id_str":"115806779585208320","geo":null,"favorited":false,"id":115806779585208320,"coordinates":null,"in_reply_to_user_id":null,"truncated":false,"text":"President Obama continues to demonstrate that he has no new ideas on how to create American jobs. We cannot tax our way to prosperity.","name":"JonHuntsman","boldText":"P<B>resident<\/B> Obama continues to demonstrate that he has no new ideas on how to create American jobs. We cannot tax our way to prosperity."},{"place":null,"retweet_count":2,"in_reply_to_screen_name":null,"created_at":"Mon Sep 19 15:14:07 +0000 2011","retweeted":false,"in_reply_to_status_id_str":null,"in_reply_to_user_id_str":null,"user":{"time_zone":null,"profile_link_color":"0084B4","protected":false,"created_at":"Sat Apr 23 18:09:14 +0000 2011","profile_image_url_https":"https:\/\/si0.twimg.com\/profile_images\/1601522227\/291839_222611644456614_198437953540650_717288_6623343_s_normal.jpg","name":"Team Huntsman 2012","geo_enabled":false,"favourites_count":73,"profile_background_color":"C0DEED","default_profile_image":false,"notifications":null,"profile_background_tile":true,"utc_offset":null,"description":"America 4 Jon Huntsman, the Conservative Problem-Solver, in 2012.\nNot authorized by any candidate or candidate committee. Follow the Gov: @JonHuntsman\n#Jon2012","statuses_count":1082,"following":null,"verified":false,"profile_sidebar_fill_color":"DDEEF6","followers_count":1958,"profile_image_url":"http:\/\/a0.twimg.com\/profile_images\/1601522227\/291839_222611644456614_198437953540650_717288_6623343_s_normal.jpg","follow_request_sent":null,"profile_sidebar_border_color":"C0DEED","location":"USA","is_translator":false,"contributors_enabled":false,"screen_name":"JonHuntsman12","default_profile":false,"profile_use_background_image":true,"url":"http:\/\/goo.gl\/487lO","id_str":"286790129","show_all_inline_media":true,"profile_background_image_url_https":"https:\/\/si0.twimg.com\/profile_background_images\/282556199\/oldflag.jpg","profile_text_color":"333333","id":286790129,"listed_count":74,"lang":"en","profile_background_image_url":"http:\/\/a0.twimg.com\/profile_background_images\/282556199\/oldflag.jpg","friends_count":2014},"contributors":null,"in_reply_to_status_id":null,"source":"web","id_str":"115805878761947136","geo":null,"favorited":false,"id":115805878761947136,"coordinates":null,"in_reply_to_user_id":null,"truncated":false,"text":"RT @DStraussTheHill Huntsman: \"President Obama continues to demonstrate that he has no new ideas on how to create American jobs.\" #tcot #p2","name":"JonHuntsman12","boldText":"RT @DStraussTheHill Huntsman: \"P<B>resident<\/B> Obama continues to demonstrate that he has no new ideas on how to create American jobs.\" #tcot #p2"},{"place":null,"retweet_count":36,"in_reply_to_screen_name":null,"created_at":"Wed Sep 14 00:52:14 +0000 2011","retweeted":false,"in_reply_to_status_id_str":null,"in_reply_to_user_id_str":null,"user":{"time_zone":"Eastern Time (US & Canada)","profile_link_color":"1F98C7","protected":false,"created_at":"Sat May 07 17:16:04 +0000 2011","profile_image_url_https":"https:\/\/si0.twimg.com\/profile_images\/1350998450\/Huntsman_normal.jpg","name":"Jon Huntsman","geo_enabled":false,"favourites_count":0,"profile_background_color":"001d36","default_profile_image":false,"notifications":null,"profile_background_tile":false,"utc_offset":-18000,"description":"Proud husband and father of seven.  Businessman, former two-term Governor of Utah, former Ambassador to China and Singapore. Follow campaign at @Jon2012HQ","statuses_count":148,"following":null,"verified":true,"profile_sidebar_fill_color":"DAECF4","followers_count":45966,"profile_image_url":"http:\/\/a1.twimg.com\/profile_images\/1350998450\/Huntsman_normal.jpg","follow_request_sent":null,"profile_sidebar_border_color":"C6E2EE","location":"","is_translator":false,"contributors_enabled":false,"screen_name":"JonHuntsman","profile_use_background_image":true,"url":"http:\/\/Jon2012.com","id_str":"294728278","default_profile":false,"show_all_inline_media":false,"profile_background_image_url_https":"https:\/\/si0.twimg.com\/profile_background_images\/274598242\/h_twitter_background.jpg","profile_text_color":"663B12","id":294728278,"listed_count":1144,"lang":"en","profile_background_image_url":"http:\/\/a0.twimg.com\/profile_background_images\/274598242\/h_twitter_background.jpg","friends_count":102},"contributors":null,"in_reply_to_status_id":null,"source":"web","id_str":"113777039961620481","geo":null,"favorited":false,"id":113777039961620481,"coordinates":null,"in_reply_to_user_id":null,"truncated":false,"text":"1st NH townhall over. Shared my jobs plan, talked Afghanistan, social security and might have found my postmaster general. Gotta love NH","name":"JonHuntsman","boldText":"1st NH townhall over. Shared my jobs plan, talked Afghanistan, social <B>security<\/B> and might have found my postmaster general. Gotta love NH"},{"place":null,"retweet_count":1,"in_reply_to_screen_name":null,"created_at":"Tue Sep 13 08:26:54 +0000 2011","retweeted":false,"in_reply_to_status_id_str":null,"in_reply_to_user_id_str":null,"user":{"time_zone":null,"profile_link_color":"0084B4","protected":false,"created_at":"Sat Apr 23 18:09:14 +0000 2011","profile_image_url_https":"https:\/\/si0.twimg.com\/profile_images\/1601522227\/291839_222611644456614_198437953540650_717288_6623343_s_normal.jpg","name":"Team Huntsman 2012","geo_enabled":false,"favourites_count":73,"profile_background_color":"C0DEED","default_profile_image":false,"notifications":null,"profile_background_tile":true,"utc_offset":null,"description":"America 4 Jon Huntsman, the Conservative Problem-Solver, in 2012.\nNot authorized by any candidate or candidate committee. Follow the Gov: @JonHuntsman\n#Jon2012","statuses_count":1082,"following":null,"verified":false,"profile_sidebar_fill_color":"DDEEF6","followers_count":1958,"profile_image_url":"http:\/\/a0.twimg.com\/profile_images\/1601522227\/291839_222611644456614_198437953540650_717288_6623343_s_normal.jpg","follow_request_sent":null,"profile_sidebar_border_color":"C0DEED","location":"USA","is_translator":false,"default_profile":false,"contributors_enabled":false,"screen_name":"JonHuntsman12","profile_use_background_image":true,"url":"http:\/\/goo.gl\/487lO","id_str":"286790129","show_all_inline_media":true,"profile_background_image_url_https":"https:\/\/si0.twimg.com\/profile_background_images\/282556199\/oldflag.jpg","profile_text_color":"333333","id":286790129,"listed_count":74,"lang":"en","profile_background_image_url":"http:\/\/a0.twimg.com\/profile_background_images\/282556199\/oldflag.jpg","friends_count":2014},"contributors":null,"in_reply_to_status_id":null,"source":"web","id_str":"113529069810888704","geo":null,"favorited":false,"id":113529069810888704,"coordinates":null,"in_reply_to_user_id":null,"truncated":false,"text":"RT @rdesai1 @JonHuntsman Well done Governor. Good, strong responses in the debate. We are proud of you! #HuntsmanForPresident","name":"JonHuntsman12","boldText":"RT @rdesai1 @JonHuntsman Well done Governor. Good, strong responses in the debate. We are proud of you! #HuntsmanForP<B>resident<\/B>"},{"possibly_sensitive":false,"place":null,"retweet_count":18,"in_reply_to_screen_name":null,"created_at":"Fri Sep 09 18:46:03 +0000 2011","retweeted":false,"in_reply_to_status_id_str":null,"in_reply_to_user_id_str":null,"user":{"time_zone":"Eastern Time (US & Canada)","profile_link_color":"0084B4","protected":false,"default_profile":false,"created_at":"Sun Jun 19 21:17:54 +0000 2011","profile_image_url_https":"https:\/\/si0.twimg.com\/profile_images\/1405226692\/FB-75_normal.jpg","name":"Jon 2012","geo_enabled":false,"favourites_count":0,"profile_background_color":"001d36","default_profile_image":false,"notifications":null,"profile_background_tile":false,"utc_offset":-18000,"description":"The official Twitter campaign headquarters for @JonHuntsman. #Jon2012","statuses_count":387,"following":null,"verified":false,"profile_sidebar_fill_color":"DDEEF6","followers_count":4983,"profile_image_url":"http:\/\/a0.twimg.com\/profile_images\/1405226692\/FB-75_normal.jpg","follow_request_sent":null,"profile_sidebar_border_color":"C0DEED","location":"","is_translator":false,"contributors_enabled":false,"screen_name":"Jon2012HQ","profile_use_background_image":true,"url":"http:\/\/www.Jon2012.com","id_str":"320406917","show_all_inline_media":false,"profile_background_image_url_https":"https:\/\/si0.twimg.com\/profile_background_images\/274253345\/h_twitter_background.jpg","profile_text_color":"333333","id":320406917,"listed_count":225,"lang":"en","profile_background_image_url":"http:\/\/a0.twimg.com\/profile_background_images\/274253345\/h_twitter_background.jpg","friends_count":325},"contributors":null,"in_reply_to_status_id":null,"source":"<a href=\"http:\/\/cotweet.com\/?utm_source=sp1\" rel=\"nofollow\">CoTweet<\/a>","id_str":"112235333298561026","geo":null,"favorited":false,"id":112235333298561026,"coordinates":null,"in_reply_to_user_id":null,"truncated":false,"text":"\"...he may be the one best suited to be president of the United States,\" writes Mickey Edwards in @TheAtlantic. http:\/\/t.co\/OqjCOTL","name":"Jon2012HQ","boldText":"\"...he may be the one best suited to be p<B>resident<\/B> of the United States,\" writes Mickey Edwards in @TheAtlantic. http:\/\/t.co\/OqjCOTL"},{"possibly_sensitive":false,"place":null,"retweet_count":3,"in_reply_to_screen_name":null,"created_at":"Fri Sep 09 14:56:53 +0000 2011","retweeted":false,"in_reply_to_status_id_str":null,"in_reply_to_user_id_str":null,"user":{"time_zone":"Eastern Time (US & Canada)","profile_link_color":"0084B4","protected":false,"default_profile":false,"created_at":"Sun Jun 19 21:17:54 +0000 2011","profile_image_url_https":"https:\/\/si0.twimg.com\/profile_images\/1405226692\/FB-75_normal.jpg","name":"Jon 2012","geo_enabled":false,"favourites_count":0,"profile_background_color":"001d36","default_profile_image":false,"notifications":null,"profile_background_tile":false,"utc_offset":-18000,"description":"The official Twitter campaign headquarters for @JonHuntsman. #Jon2012","statuses_count":387,"following":null,"verified":false,"profile_sidebar_fill_color":"DDEEF6","followers_count":4983,"profile_image_url":"http:\/\/a0.twimg.com\/profile_images\/1405226692\/FB-75_normal.jpg","follow_request_sent":null,"profile_sidebar_border_color":"C0DEED","location":"","is_translator":false,"contributors_enabled":false,"screen_name":"Jon2012HQ","profile_use_background_image":true,"url":"http:\/\/www.Jon2012.com","id_str":"320406917","show_all_inline_media":false,"profile_background_image_url_https":"https:\/\/si0.twimg.com\/profile_background_images\/274253345\/h_twitter_background.jpg","profile_text_color":"333333","id":320406917,"listed_count":225,"lang":"en","profile_background_image_url":"http:\/\/a0.twimg.com\/profile_background_images\/274253345\/h_twitter_background.jpg","friends_count":325},"contributors":null,"in_reply_to_status_id":null,"source":"<a href=\"http:\/\/cotweet.com\/?utm_source=sp1\" rel=\"nofollow\">CoTweet<\/a>","id_str":"112177664051249154","geo":null,"favorited":false,"id":112177664051249154,"coordinates":null,"in_reply_to_user_id":null,"truncated":false,"text":"ICYMI: Check out Governor @JonHuntsman on @GretaWire last night, responding to the President's jobs plan. http:\/\/t.co\/zO2lQTR #Jon2012","name":"Jon2012HQ","boldText":"ICYMI: Check out Governor @JonHuntsman on @GretaWire last night, responding to the P<B>resident<\/B>'s jobs plan. http:\/\/t.co\/zO2lQTR #Jon2012"},{"place":null,"retweet_count":5,"in_reply_to_screen_name":null,"created_at":"Thu Sep 08 19:39:03 +0000 2011","retweeted":false,"in_reply_to_status_id_str":null,"in_reply_to_user_id_str":null,"user":{"time_zone":"Eastern Time (US & Canada)","profile_link_color":"0084B4","protected":false,"default_profile":false,"created_at":"Sun Jun 19 21:17:54 +0000 2011","profile_image_url_https":"https:\/\/si0.twimg.com\/profile_images\/1405226692\/FB-75_normal.jpg","name":"Jon 2012","geo_enabled":false,"favourites_count":0,"profile_background_color":"001d36","default_profile_image":false,"notifications":null,"profile_background_tile":false,"utc_offset":-18000,"description":"The official Twitter campaign headquarters for @JonHuntsman. #Jon2012","statuses_count":387,"following":null,"verified":false,"profile_sidebar_fill_color":"DDEEF6","followers_count":4983,"profile_image_url":"http:\/\/a0.twimg.com\/profile_images\/1405226692\/FB-75_normal.jpg","follow_request_sent":null,"profile_sidebar_border_color":"C0DEED","location":"","is_translator":false,"contributors_enabled":false,"screen_name":"Jon2012HQ","profile_use_background_image":true,"url":"http:\/\/www.Jon2012.com","id_str":"320406917","show_all_inline_media":false,"profile_background_image_url_https":"https:\/\/si0.twimg.com\/profile_background_images\/274253345\/h_twitter_background.jpg","profile_text_color":"333333","id":320406917,"listed_count":225,"lang":"en","profile_background_image_url":"http:\/\/a0.twimg.com\/profile_background_images\/274253345\/h_twitter_background.jpg","friends_count":325},"contributors":null,"in_reply_to_status_id":null,"source":"<a href=\"http:\/\/cotweet.com\/?utm_source=sp1\" rel=\"nofollow\">CoTweet<\/a>","id_str":"111886283500032000","geo":null,"favorited":false,"id":111886283500032000,"coordinates":null,"in_reply_to_user_id":null,"truncated":false,"text":"Tune in tonight at 10 pm ET on @Gretawire as Governor @JonHuntsman responds to the President's jobs speech. #Jon2012","name":"Jon2012HQ","boldText":"Tune in tonight at 10 pm ET on @Gretawire as Governor @JonHuntsman responds to the P<B>resident<\/B>'s jobs speech. #Jon2012"},{"possibly_sensitive":false,"place":null,"retweet_count":36,"in_reply_to_screen_name":null,"created_at":"Tue Sep 06 20:29:39 +0000 2011","retweeted":false,"in_reply_to_status_id_str":null,"in_reply_to_user_id_str":null,"user":{"time_zone":"Eastern Time (US & Canada)","profile_link_color":"1F98C7","protected":false,"created_at":"Sat May 07 17:16:04 +0000 2011","profile_image_url_https":"https:\/\/si0.twimg.com\/profile_images\/1350998450\/Huntsman_normal.jpg","name":"Jon Huntsman","geo_enabled":false,"favourites_count":0,"profile_background_color":"001d36","default_profile_image":false,"notifications":null,"profile_background_tile":false,"utc_offset":-18000,"description":"Proud husband and father of seven.  Businessman, former two-term Governor of Utah, former Ambassador to China and Singapore. Follow campaign at @Jon2012HQ","statuses_count":148,"following":null,"verified":true,"profile_sidebar_fill_color":"DAECF4","followers_count":45966,"profile_image_url":"http:\/\/a1.twimg.com\/profile_images\/1350998450\/Huntsman_normal.jpg","follow_request_sent":null,"profile_sidebar_border_color":"C6E2EE","location":"","is_translator":false,"contributors_enabled":false,"screen_name":"JonHuntsman","profile_use_background_image":true,"url":"http:\/\/Jon2012.com","id_str":"294728278","default_profile":false,"show_all_inline_media":false,"profile_background_image_url_https":"https:\/\/si0.twimg.com\/profile_background_images\/274598242\/h_twitter_background.jpg","profile_text_color":"663B12","id":294728278,"listed_count":1144,"lang":"en","profile_background_image_url":"http:\/\/a0.twimg.com\/profile_background_images\/274598242\/h_twitter_background.jpg","friends_count":102},"contributors":null,"in_reply_to_status_id":null,"source":"web","id_str":"111174242967629824","geo":null,"favorited":false,"id":111174242967629824,"coordinates":null,"in_reply_to_user_id":null,"truncated":false,"text":"On jobs we need a President who has been there and done that. Look at the records & watch our video \"1 vs. 47\" http:\/\/t.co\/gyBRdK1","name":"JonHuntsman","boldText":"On jobs we need a P<B>resident<\/B> who has been there and done that. Look at the records & watch our video \"1 vs. 47\" http:\/\/t.co\/gyBRdK1"},{"possibly_sensitive":false,"place":null,"retweet_count":89,"in_reply_to_screen_name":null,"created_at":"Fri Sep 02 00:03:05 +0000 2011","retweeted":false,"in_reply_to_status_id_str":null,"in_reply_to_user_id_str":null,"user":{"time_zone":"Eastern Time (US & Canada)","profile_link_color":"1F98C7","protected":false,"default_profile":false,"created_at":"Sat May 07 17:16:04 +0000 2011","profile_image_url_https":"https:\/\/si0.twimg.com\/profile_images\/1350998450\/Huntsman_normal.jpg","name":"Jon Huntsman","geo_enabled":false,"favourites_count":0,"profile_background_color":"001d36","default_profile_image":false,"notifications":false,"profile_background_tile":false,"utc_offset":-18000,"description":"Proud husband and father of seven.  Businessman, former two-term Governor of Utah, former Ambassador to China and Singapore. Follow campaign at @Jon2012HQ","statuses_count":148,"following":true,"verified":true,"profile_sidebar_fill_color":"DAECF4","followers_count":45942,"profile_image_url":"http:\/\/a1.twimg.com\/profile_images\/1350998450\/Huntsman_normal.jpg","follow_request_sent":false,"profile_sidebar_border_color":"C6E2EE","location":"","is_translator":false,"contributors_enabled":false,"screen_name":"JonHuntsman","profile_use_background_image":true,"url":"http:\/\/Jon2012.com","id_str":"294728278","show_all_inline_media":false,"profile_background_image_url_https":"https:\/\/si0.twimg.com\/profile_background_images\/274598242\/h_twitter_background.jpg","profile_text_color":"663B12","id":294728278,"listed_count":1144,"lang":"en","profile_background_image_url":"http:\/\/a0.twimg.com\/profile_background_images\/274598242\/h_twitter_background.jpg","friends_count":102},"contributors":null,"in_reply_to_status_id":null,"source":"<a href=\"http:\/\/twitter.com\/#!\/download\/iphone\" rel=\"nofollow\">Twitter for iPhone<\/a>","id_str":"109416015565299712","geo":null,"favorited":false,"id":109416015565299712,"coordinates":null,"in_reply_to_user_id":null,"truncated":false,"text":"Thanks! RT @WSJopinion: Huntsman's Good Economic Plan: Better than anything so far from the GOP Presidential field. http:\/\/t.co\/SzcHbWo","name":"JonHuntsman","boldText":"Thanks! RT @WSJopinion: Huntsman's Good Economic Plan: Better than anything so far from the GOP P<B>resident<\/B>ial field. http:\/\/t.co\/SzcHbWo"},{"possibly_sensitive":false,"place":null,"retweet_count":6,"in_reply_to_screen_name":null,"created_at":"Thu Aug 25 15:34:08 +0000 2011","retweeted":false,"in_reply_to_status_id_str":null,"in_reply_to_user_id_str":null,"user":{"time_zone":"Eastern Time (US & Canada)","profile_link_color":"0084B4","protected":false,"default_profile":false,"created_at":"Sun Jun 19 21:17:54 +0000 2011","profile_image_url_https":"https:\/\/si0.twimg.com\/profile_images\/1405226692\/FB-75_normal.jpg","name":"Jon 2012","geo_enabled":false,"favourites_count":0,"profile_background_color":"001d36","default_profile_image":false,"notifications":null,"profile_background_tile":false,"utc_offset":-18000,"description":"The official Twitter campaign headquarters for @JonHuntsman. #Jon2012","statuses_count":387,"following":null,"verified":false,"profile_sidebar_fill_color":"DDEEF6","followers_count":4983,"profile_image_url":"http:\/\/a0.twimg.com\/profile_images\/1405226692\/FB-75_normal.jpg","follow_request_sent":null,"profile_sidebar_border_color":"C0DEED","location":"","is_translator":false,"contributors_enabled":false,"screen_name":"Jon2012HQ","profile_use_background_image":true,"url":"http:\/\/www.Jon2012.com","id_str":"320406917","show_all_inline_media":false,"profile_background_image_url_https":"https:\/\/si0.twimg.com\/profile_background_images\/274253345\/h_twitter_background.jpg","profile_text_color":"333333","id":320406917,"listed_count":225,"lang":"en","profile_background_image_url":"http:\/\/a0.twimg.com\/profile_background_images\/274253345\/h_twitter_background.jpg","friends_count":325},"contributors":null,"in_reply_to_status_id":null,"source":"web","id_str":"106751217333579776","geo":null,"favorited":false,"id":106751217333579776,"coordinates":null,"in_reply_to_user_id":null,"truncated":false,"text":"Get your @JonHuntsman for President bumper-stickers, t-shirts, lapel pins and much more by visiting the HStore now! http:\/\/t.co\/nDGPOWb","name":"Jon2012HQ","boldText":"Get your @JonHuntsman for P<B>resident<\/B> bumper-stickers, t-shirts, lapel pins and much more by visiting the HStore now! http:\/\/t.co\/nDGPOWb"},{"possibly_sensitive":false,"place":null,"retweet_count":6,"in_reply_to_screen_name":null,"created_at":"Tue Aug 23 12:15:19 +0000 2011","retweeted":false,"in_reply_to_status_id_str":null,"in_reply_to_user_id_str":null,"user":{"time_zone":"Eastern Time (US & Canada)","profile_link_color":"0084B4","protected":false,"default_profile":false,"created_at":"Sun Jun 19 21:17:54 +0000 2011","profile_image_url_https":"https:\/\/si0.twimg.com\/profile_images\/1405226692\/FB-75_normal.jpg","name":"Jon 2012","geo_enabled":false,"favourites_count":0,"profile_background_color":"001d36","default_profile_image":false,"notifications":null,"profile_background_tile":false,"utc_offset":-18000,"description":"The official Twitter campaign headquarters for @JonHuntsman. #Jon2012","statuses_count":387,"following":null,"verified":false,"profile_sidebar_fill_color":"DDEEF6","followers_count":4983,"profile_image_url":"http:\/\/a0.twimg.com\/profile_images\/1405226692\/FB-75_normal.jpg","follow_request_sent":null,"profile_sidebar_border_color":"C0DEED","location":"","is_translator":false,"contributors_enabled":false,"screen_name":"Jon2012HQ","profile_use_background_image":true,"url":"http:\/\/www.Jon2012.com","id_str":"320406917","show_all_inline_media":false,"profile_background_image_url_https":"https:\/\/si0.twimg.com\/profile_background_images\/274253345\/h_twitter_background.jpg","profile_text_color":"333333","id":320406917,"listed_count":225,"lang":"en","profile_background_image_url":"http:\/\/a0.twimg.com\/profile_background_images\/274253345\/h_twitter_background.jpg","friends_count":325},"contributors":null,"in_reply_to_status_id":null,"source":"web","id_str":"105976408878235648","geo":null,"favorited":false,"id":105976408878235648,"coordinates":null,"in_reply_to_user_id":null,"truncated":false,"text":"Gov. @JonHuntsman:  \"Take it from me, the President has failed.\" http:\/\/t.co\/tjMeBRl #Jon2012","name":"Jon2012HQ","boldText":"Gov. @JonHuntsman:  \"Take it from me, the P<B>resident<\/B> has failed.\" http:\/\/t.co\/tjMeBRl #Jon2012"},{"possibly_sensitive":false,"place":null,"retweet_count":6,"in_reply_to_screen_name":null,"created_at":"Fri Aug 19 21:37:50 +0000 2011","retweeted":false,"in_reply_to_status_id_str":null,"in_reply_to_user_id_str":null,"user":{"time_zone":"Eastern Time (US & Canada)","profile_link_color":"0084B4","protected":false,"default_profile":false,"created_at":"Sun Jun 19 21:17:54 +0000 2011","profile_image_url_https":"https:\/\/si0.twimg.com\/profile_images\/1405226692\/FB-75_normal.jpg","name":"Jon 2012","geo_enabled":false,"favourites_count":0,"profile_background_color":"001d36","default_profile_image":false,"notifications":null,"profile_background_tile":false,"utc_offset":-18000,"description":"The official Twitter campaign headquarters for @JonHuntsman. #Jon2012","statuses_count":387,"following":null,"verified":false,"profile_sidebar_fill_color":"DDEEF6","followers_count":4983,"profile_image_url":"http:\/\/a0.twimg.com\/profile_images\/1405226692\/FB-75_normal.jpg","follow_request_sent":null,"profile_sidebar_border_color":"C0DEED","location":"","is_translator":false,"contributors_enabled":false,"screen_name":"Jon2012HQ","profile_use_background_image":true,"url":"http:\/\/www.Jon2012.com","id_str":"320406917","show_all_inline_media":false,"profile_background_image_url_https":"https:\/\/si0.twimg.com\/profile_background_images\/274253345\/h_twitter_background.jpg","profile_text_color":"333333","id":320406917,"listed_count":225,"lang":"en","profile_background_image_url":"http:\/\/a0.twimg.com\/profile_background_images\/274253345\/h_twitter_background.jpg","friends_count":325},"contributors":null,"in_reply_to_status_id":null,"source":"web","id_str":"104668417423974401","geo":null,"favorited":false,"id":104668417423974401,"coordinates":null,"in_reply_to_user_id":null,"truncated":false,"text":"\"In stark contrast to President Obama, Jon's record is one of offering serious solutions and delivering real results.\" http:\/\/t.co\/TLUGcP6","name":"Jon2012HQ","boldText":"\"In stark contrast to P<B>resident<\/B> Obama, Jon's record is one of offering serious solutions and delivering real results.\" http:\/\/t.co\/TLUGcP6"},{"place":null,"retweet_count":81,"in_reply_to_screen_name":null,"created_at":"Thu Aug 18 17:58:50 +0000 2011","retweeted":false,"in_reply_to_status_id_str":null,"in_reply_to_user_id_str":null,"user":{"time_zone":"Eastern Time (US & Canada)","profile_link_color":"1F98C7","protected":false,"created_at":"Sat May 07 17:16:04 +0000 2011","profile_image_url_https":"https:\/\/si0.twimg.com\/profile_images\/1350998450\/Huntsman_normal.jpg","name":"Jon Huntsman","geo_enabled":false,"favourites_count":0,"profile_background_color":"001d36","default_profile_image":false,"notifications":null,"profile_background_tile":false,"utc_offset":-18000,"description":"Proud husband and father of seven.  Businessman, former two-term Governor of Utah, former Ambassador to China and Singapore. Follow campaign at @Jon2012HQ","statuses_count":148,"following":null,"verified":true,"profile_sidebar_fill_color":"DAECF4","followers_count":45966,"profile_image_url":"http:\/\/a1.twimg.com\/profile_images\/1350998450\/Huntsman_normal.jpg","follow_request_sent":null,"profile_sidebar_border_color":"C6E2EE","location":"","is_translator":false,"contributors_enabled":false,"screen_name":"JonHuntsman","profile_use_background_image":true,"url":"http:\/\/Jon2012.com","id_str":"294728278","default_profile":false,"show_all_inline_media":false,"profile_background_image_url_https":"https:\/\/si0.twimg.com\/profile_background_images\/274598242\/h_twitter_background.jpg","profile_text_color":"663B12","id":294728278,"listed_count":1144,"lang":"en","profile_background_image_url":"http:\/\/a0.twimg.com\/profile_background_images\/274598242\/h_twitter_background.jpg","friends_count":102},"contributors":null,"in_reply_to_status_id":null,"source":"<a href=\"http:\/\/twitter.com\/#!\/download\/iphone\" rel=\"nofollow\">Twitter for iPhone<\/a>","id_str":"104250919557931009","geo":null,"favorited":false,"id":104250919557931009,"coordinates":null,"in_reply_to_user_id":null,"truncated":false,"text":"And also, with the jobs crisis this country faces, President Obama should be calling Congress back to DC, not going on a 10 day vacation.","name":"JonHuntsman","boldText":"And also, with the jobs crisis this country faces, P<B>resident<\/B> Obama should be calling Congress back to DC, not going on a 10 day vacation."},{"place":null,"retweet_count":14,"in_reply_to_screen_name":null,"created_at":"Fri Aug 12 03:01:50 +0000 2011","retweeted":false,"in_reply_to_status_id_str":null,"in_reply_to_user_id_str":null,"user":{"time_zone":"Eastern Time (US & Canada)","profile_link_color":"1F98C7","protected":false,"created_at":"Sat May 07 17:16:04 +0000 2011","profile_image_url_https":"https:\/\/si0.twimg.com\/profile_images\/1350998450\/Huntsman_normal.jpg","name":"Jon Huntsman","geo_enabled":false,"favourites_count":0,"profile_background_color":"001d36","default_profile_image":false,"notifications":null,"profile_background_tile":false,"utc_offset":-18000,"description":"Proud husband and father of seven.  Businessman, former two-term Governor of Utah, former Ambassador to China and Singapore. Follow campaign at @Jon2012HQ","statuses_count":148,"following":null,"verified":true,"profile_sidebar_fill_color":"DAECF4","followers_count":45966,"profile_image_url":"http:\/\/a1.twimg.com\/profile_images\/1350998450\/Huntsman_normal.jpg","follow_request_sent":null,"profile_sidebar_border_color":"C6E2EE","location":"","is_translator":false,"contributors_enabled":false,"screen_name":"JonHuntsman","profile_use_background_image":true,"url":"http:\/\/Jon2012.com","id_str":"294728278","default_profile":false,"show_all_inline_media":false,"profile_background_image_url_https":"https:\/\/si0.twimg.com\/profile_background_images\/274598242\/h_twitter_background.jpg","profile_text_color":"663B12","id":294728278,"listed_count":1144,"lang":"en","profile_background_image_url":"http:\/\/a0.twimg.com\/profile_background_images\/274598242\/h_twitter_background.jpg","friends_count":102},"contributors":null,"in_reply_to_status_id":null,"source":"<a href=\"http:\/\/itunes.apple.com\/us\/app\/twitter\/id409789998?mt=12\" rel=\"nofollow\">Twitter for Mac<\/a>","id_str":"101850852498743296","geo":null,"favorited":false,"id":101850852498743296,"coordinates":null,"in_reply_to_user_id":null,"truncated":false,"text":"\"I'm running for President of the United States because I love this country.\"","name":"JonHuntsman","boldText":"\"I'm running for P<B>resident<\/B> of the United States because I love this country.\""},{"place":null,"retweet_count":6,"in_reply_to_screen_name":null,"created_at":"Fri Aug 12 01:36:57 +0000 2011","retweeted":false,"in_reply_to_status_id_str":null,"in_reply_to_user_id_str":null,"user":{"time_zone":"Eastern Time (US & Canada)","profile_link_color":"1F98C7","protected":false,"created_at":"Sat May 07 17:16:04 +0000 2011","profile_image_url_https":"https:\/\/si0.twimg.com\/profile_images\/1350998450\/Huntsman_normal.jpg","name":"Jon Huntsman","geo_enabled":false,"favourites_count":0,"profile_background_color":"001d36","default_profile_image":false,"notifications":null,"profile_background_tile":false,"utc_offset":-18000,"description":"Proud husband and father of seven.  Businessman, former two-term Governor of Utah, former Ambassador to China and Singapore. Follow campaign at @Jon2012HQ","statuses_count":148,"following":null,"verified":true,"profile_sidebar_fill_color":"DAECF4","followers_count":45966,"profile_image_url":"http:\/\/a1.twimg.com\/profile_images\/1350998450\/Huntsman_normal.jpg","follow_request_sent":null,"profile_sidebar_border_color":"C6E2EE","location":"","is_translator":false,"contributors_enabled":false,"screen_name":"JonHuntsman","profile_use_background_image":true,"url":"http:\/\/Jon2012.com","id_str":"294728278","default_profile":false,"show_all_inline_media":false,"profile_background_image_url_https":"https:\/\/si0.twimg.com\/profile_background_images\/274598242\/h_twitter_background.jpg","profile_text_color":"663B12","id":294728278,"listed_count":1144,"lang":"en","profile_background_image_url":"http:\/\/a0.twimg.com\/profile_background_images\/274598242\/h_twitter_background.jpg","friends_count":102},"contributors":null,"in_reply_to_status_id":null,"source":"<a href=\"http:\/\/itunes.apple.com\/us\/app\/twitter\/id409789998?mt=12\" rel=\"nofollow\">Twitter for Mac<\/a>","id_str":"101829492401639424","geo":null,"favorited":false,"id":101829492401639424,"coordinates":null,"in_reply_to_user_id":null,"truncated":false,"text":"I'll talk to the four border state governors to get verification from them that we have secured the border.","name":"JonHuntsman","boldText":"I'll talk to the four <B>border<\/B> state governors to get verification from them that we have secured the <B>border<\/B>."},{"place":null,"retweet_count":36,"in_reply_to_screen_name":null,"created_at":"Fri Aug 12 01:36:49 +0000 2011","retweeted":false,"in_reply_to_status_id_str":null,"in_reply_to_user_id_str":null,"user":{"time_zone":"Eastern Time (US & Canada)","profile_link_color":"1F98C7","protected":false,"created_at":"Sat May 07 17:16:04 +0000 2011","profile_image_url_https":"https:\/\/si0.twimg.com\/profile_images\/1350998450\/Huntsman_normal.jpg","name":"Jon Huntsman","geo_enabled":false,"favourites_count":0,"profile_background_color":"001d36","default_profile_image":false,"notifications":null,"profile_background_tile":false,"utc_offset":-18000,"description":"Proud husband and father of seven.  Businessman, former two-term Governor of Utah, former Ambassador to China and Singapore. Follow campaign at @Jon2012HQ","statuses_count":148,"following":null,"verified":true,"profile_sidebar_fill_color":"DAECF4","followers_count":45966,"profile_image_url":"http:\/\/a1.twimg.com\/profile_images\/1350998450\/Huntsman_normal.jpg","follow_request_sent":null,"profile_sidebar_border_color":"C6E2EE","location":"","is_translator":false,"contributors_enabled":false,"screen_name":"JonHuntsman","profile_use_background_image":true,"url":"http:\/\/Jon2012.com","id_str":"294728278","default_profile":false,"show_all_inline_media":false,"profile_background_image_url_https":"https:\/\/si0.twimg.com\/profile_background_images\/274598242\/h_twitter_background.jpg","profile_text_color":"663B12","id":294728278,"listed_count":1144,"lang":"en","profile_background_image_url":"http:\/\/a0.twimg.com\/profile_background_images\/274598242\/h_twitter_background.jpg","friends_count":102},"contributors":null,"in_reply_to_status_id":null,"source":"<a href=\"http:\/\/itunes.apple.com\/us\/app\/twitter\/id409789998?mt=12\" rel=\"nofollow\">Twitter for Mac<\/a>","id_str":"101829460311027714","geo":null,"favorited":false,"id":101829460311027714,"coordinates":null,"in_reply_to_user_id":null,"truncated":false,"text":"When elected president, I'm simply going to prove to the American people we can secure the border. That's what they want done.","name":"JonHuntsman","boldText":"When elected p<B>resident<\/B>, I'm simply going to prove to the American people we can secure the <B>border<\/B>. That's what they want done."},{"possibly_sensitive":false,"place":null,"retweet_count":11,"in_reply_to_screen_name":null,"created_at":"Wed Aug 10 20:58:26 +0000 2011","retweeted":false,"in_reply_to_status_id_str":null,"in_reply_to_user_id_str":null,"user":{"time_zone":"Eastern Time (US & Canada)","profile_link_color":"0084B4","protected":false,"created_at":"Sun Jun 19 21:17:54 +0000 2011","profile_image_url_https":"https:\/\/si0.twimg.com\/profile_images\/1405226692\/FB-75_normal.jpg","name":"Jon 2012","default_profile":false,"geo_enabled":false,"favourites_count":0,"profile_background_color":"001d36","default_profile_image":false,"notifications":null,"profile_background_tile":false,"utc_offset":-18000,"description":"The official Twitter campaign headquarters for @JonHuntsman. #Jon2012","statuses_count":387,"following":null,"verified":false,"profile_sidebar_fill_color":"DDEEF6","followers_count":4983,"profile_image_url":"http:\/\/a0.twimg.com\/profile_images\/1405226692\/FB-75_normal.jpg","follow_request_sent":null,"profile_sidebar_border_color":"C0DEED","location":"","is_translator":false,"contributors_enabled":false,"screen_name":"Jon2012HQ","profile_use_background_image":true,"url":"http:\/\/www.Jon2012.com","id_str":"320406917","show_all_inline_media":false,"profile_background_image_url_https":"https:\/\/si0.twimg.com\/profile_background_images\/274253345\/h_twitter_background.jpg","profile_text_color":"333333","id":320406917,"listed_count":225,"lang":"en","profile_background_image_url":"http:\/\/a0.twimg.com\/profile_background_images\/274253345\/h_twitter_background.jpg","friends_count":325},"contributors":null,"in_reply_to_status_id":null,"source":"web","id_str":"101397012435570688","geo":null,"favorited":false,"id":101397012435570688,"coordinates":null,"in_reply_to_user_id":null,"truncated":false,"text":".@JonHuntsman: \"The president is out of ideas because everything he has tried...has only served to make things worse.\" http:\/\/t.co\/bDzSb4P","name":"Jon2012HQ","boldText":".@JonHuntsman: \"The p<B>resident<\/B> is out of ideas because everything he has tried...has only served to make things worse.\" http:\/\/t.co\/bDzSb4P"},{"possibly_sensitive":false,"place":null,"retweet_count":11,"in_reply_to_screen_name":null,"created_at":"Wed Aug 10 11:00:59 +0000 2011","retweeted":false,"in_reply_to_status_id_str":null,"in_reply_to_user_id_str":null,"user":{"time_zone":"Eastern Time (US & Canada)","profile_link_color":"0084B4","protected":false,"created_at":"Sun Jun 19 21:17:54 +0000 2011","profile_image_url_https":"https:\/\/si0.twimg.com\/profile_images\/1405226692\/FB-75_normal.jpg","name":"Jon 2012","default_profile":false,"geo_enabled":false,"favourites_count":0,"profile_background_color":"001d36","default_profile_image":false,"notifications":null,"profile_background_tile":false,"utc_offset":-18000,"description":"The official Twitter campaign headquarters for @JonHuntsman. #Jon2012","statuses_count":387,"following":null,"verified":false,"profile_sidebar_fill_color":"DDEEF6","followers_count":4983,"profile_image_url":"http:\/\/a0.twimg.com\/profile_images\/1405226692\/FB-75_normal.jpg","follow_request_sent":null,"profile_sidebar_border_color":"C0DEED","location":"","is_translator":false,"contributors_enabled":false,"screen_name":"Jon2012HQ","profile_use_background_image":true,"url":"http:\/\/www.Jon2012.com","id_str":"320406917","show_all_inline_media":false,"profile_background_image_url_https":"https:\/\/si0.twimg.com\/profile_background_images\/274253345\/h_twitter_background.jpg","profile_text_color":"333333","id":320406917,"listed_count":225,"lang":"en","profile_background_image_url":"http:\/\/a0.twimg.com\/profile_background_images\/274253345\/h_twitter_background.jpg","friends_count":325},"contributors":null,"in_reply_to_status_id":null,"source":"web","id_str":"101246658075045888","geo":null,"favorited":false,"id":101246658075045888,"coordinates":null,"in_reply_to_user_id":null,"truncated":false,"text":"New on the HBlog: \"Jon is the candidate best-equipped to defeat President Obama next November.\" -Jeb Bush Jr. http:\/\/t.co\/h3wZzae #Jon2012","name":"Jon2012HQ","boldText":"New on the HBlog: \"Jon is the candidate best-equipped to defeat P<B>resident<\/B> Obama next November.\" -Jeb Bush Jr. http:\/\/t.co\/h3wZzae #Jon2012"},{"possibly_sensitive":false,"place":null,"retweet_count":9,"in_reply_to_screen_name":null,"created_at":"Fri Jul 29 22:08:26 +0000 2011","retweeted":false,"in_reply_to_status_id_str":null,"in_reply_to_user_id_str":null,"user":{"time_zone":"Eastern Time (US & Canada)","profile_link_color":"0084B4","protected":false,"created_at":"Sun Jun 19 21:17:54 +0000 2011","profile_image_url_https":"https:\/\/si0.twimg.com\/profile_images\/1405226692\/FB-75_normal.jpg","name":"Jon 2012","default_profile":false,"geo_enabled":false,"favourites_count":0,"profile_background_color":"001d36","default_profile_image":false,"notifications":null,"profile_background_tile":false,"utc_offset":-18000,"description":"The official Twitter campaign headquarters for @JonHuntsman. #Jon2012","statuses_count":387,"following":null,"verified":false,"profile_sidebar_fill_color":"DDEEF6","followers_count":4983,"profile_image_url":"http:\/\/a0.twimg.com\/profile_images\/1405226692\/FB-75_normal.jpg","follow_request_sent":null,"profile_sidebar_border_color":"C0DEED","location":"","is_translator":false,"contributors_enabled":false,"screen_name":"Jon2012HQ","profile_use_background_image":true,"url":"http:\/\/www.Jon2012.com","id_str":"320406917","show_all_inline_media":false,"profile_background_image_url_https":"https:\/\/si0.twimg.com\/profile_background_images\/274253345\/h_twitter_background.jpg","profile_text_color":"333333","id":320406917,"listed_count":225,"lang":"en","profile_background_image_url":"http:\/\/a0.twimg.com\/profile_background_images\/274253345\/h_twitter_background.jpg","friends_count":325},"contributors":null,"in_reply_to_status_id":null,"source":"<a href=\"http:\/\/itunes.apple.com\/us\/app\/twitter\/id409789998?mt=12\" rel=\"nofollow\">Twitter for Mac<\/a>","id_str":"97065973261144064","geo":null,"favorited":false,"id":97065973261144064,"coordinates":null,"in_reply_to_user_id":null,"truncated":false,"text":"Huntsman: \"If somebody wants to be president of the United States, this is the time to stand up and actually lead\" http:\/\/t.co\/nOKYw4w","name":"Jon2012HQ","boldText":"Huntsman: \"If somebody wants to be p<B>resident<\/B> of the United States, this is the time to stand up and actually lead\" http:\/\/t.co\/nOKYw4w"},{"possibly_sensitive":false,"place":null,"retweet_count":4,"in_reply_to_screen_name":null,"created_at":"Wed Jul 27 14:22:36 +0000 2011","retweeted":false,"in_reply_to_status_id_str":null,"in_reply_to_user_id_str":null,"user":{"time_zone":"Eastern Time (US & Canada)","profile_link_color":"0084B4","protected":false,"default_profile":false,"created_at":"Sun Jun 19 21:17:54 +0000 2011","profile_image_url_https":"https:\/\/si0.twimg.com\/profile_images\/1405226692\/FB-75_normal.jpg","name":"Jon 2012","geo_enabled":false,"favourites_count":0,"profile_background_color":"001d36","default_profile_image":false,"notifications":null,"profile_background_tile":false,"utc_offset":-18000,"description":"The official Twitter campaign headquarters for @JonHuntsman. #Jon2012","statuses_count":387,"following":null,"verified":false,"profile_sidebar_fill_color":"DDEEF6","followers_count":4983,"profile_image_url":"http:\/\/a0.twimg.com\/profile_images\/1405226692\/FB-75_normal.jpg","follow_request_sent":null,"profile_sidebar_border_color":"C0DEED","location":"","is_translator":false,"contributors_enabled":false,"screen_name":"Jon2012HQ","profile_use_background_image":true,"url":"http:\/\/www.Jon2012.com","id_str":"320406917","show_all_inline_media":false,"profile_background_image_url_https":"https:\/\/si0.twimg.com\/profile_background_images\/274253345\/h_twitter_background.jpg","profile_text_color":"333333","id":320406917,"listed_count":225,"lang":"en","profile_background_image_url":"http:\/\/a0.twimg.com\/profile_background_images\/274253345\/h_twitter_background.jpg","friends_count":325},"contributors":null,"in_reply_to_status_id":null,"source":"web","id_str":"96223967802703872","geo":null,"favorited":false,"id":96223967802703872,"coordinates":null,"in_reply_to_user_id":null,"truncated":false,"text":"Head over to Facebook and see why Matt G, from SC, made a donation to @JonHuntsman\u2019s campaign for President.  http:\/\/t.co\/qzYUvfV #Jon2012","name":"Jon2012HQ","boldText":"Head over to Facebook and see why Matt G, from SC, made a donation to @JonHuntsman\u2019s campaign for P<B>resident<\/B>.  http:\/\/t.co\/qzYUvfV #Jon2012"},{"place":null,"retweet_count":0,"in_reply_to_screen_name":null,"created_at":"Tue Jul 26 21:52:28 +0000 2011","retweeted":false,"in_reply_to_status_id_str":null,"in_reply_to_user_id_str":null,"user":{"time_zone":"Eastern Time (US & Canada)","profile_link_color":"0084B4","protected":false,"default_profile":false,"created_at":"Sun Jun 19 21:17:54 +0000 2011","profile_image_url_https":"https:\/\/si0.twimg.com\/profile_images\/1405226692\/FB-75_normal.jpg","name":"Jon 2012","geo_enabled":false,"favourites_count":0,"profile_background_color":"001d36","default_profile_image":false,"notifications":null,"profile_background_tile":false,"utc_offset":-18000,"description":"The official Twitter campaign headquarters for @JonHuntsman. #Jon2012","statuses_count":387,"following":null,"verified":false,"profile_sidebar_fill_color":"DDEEF6","followers_count":4983,"profile_image_url":"http:\/\/a0.twimg.com\/profile_images\/1405226692\/FB-75_normal.jpg","follow_request_sent":null,"profile_sidebar_border_color":"C0DEED","location":"","is_translator":false,"contributors_enabled":false,"screen_name":"Jon2012HQ","profile_use_background_image":true,"url":"http:\/\/www.Jon2012.com","id_str":"320406917","show_all_inline_media":false,"profile_background_image_url_https":"https:\/\/si0.twimg.com\/profile_background_images\/274253345\/h_twitter_background.jpg","profile_text_color":"333333","id":320406917,"listed_count":225,"lang":"en","profile_background_image_url":"http:\/\/a0.twimg.com\/profile_background_images\/274253345\/h_twitter_background.jpg","friends_count":325},"contributors":null,"in_reply_to_status_id":null,"source":"web","id_str":"95974791231700993","geo":null,"favorited":false,"id":95974791231700993,"coordinates":null,"in_reply_to_user_id":null,"truncated":false,"text":"RT @NHforHuntsman: Follow @HuntsmanNH the Official Jon Huntsman for President-New Hampshire account & receive the latest updates from th ...","name":"Jon2012HQ","boldText":"RT @NHforHuntsman: Follow @HuntsmanNH the Official Jon Huntsman for P<B>resident<\/B>-New Hampshire account & receive the latest updates from th ..."},{"possibly_sensitive":false,"place":null,"retweet_count":1,"in_reply_to_screen_name":null,"created_at":"Tue Jul 26 19:08:01 +0000 2011","retweeted":false,"in_reply_to_status_id_str":null,"in_reply_to_user_id_str":null,"user":{"time_zone":"Eastern Time (US & Canada)","profile_link_color":"0084B4","protected":false,"default_profile":false,"created_at":"Sun Jun 19 21:17:54 +0000 2011","profile_image_url_https":"https:\/\/si0.twimg.com\/profile_images\/1405226692\/FB-75_normal.jpg","name":"Jon 2012","geo_enabled":false,"favourites_count":0,"profile_background_color":"001d36","default_profile_image":false,"notifications":null,"profile_background_tile":false,"utc_offset":-18000,"description":"The official Twitter campaign headquarters for @JonHuntsman. #Jon2012","statuses_count":387,"following":null,"verified":false,"profile_sidebar_fill_color":"DDEEF6","followers_count":4983,"profile_image_url":"http:\/\/a0.twimg.com\/profile_images\/1405226692\/FB-75_normal.jpg","follow_request_sent":null,"profile_sidebar_border_color":"C0DEED","location":"","is_translator":false,"contributors_enabled":false,"screen_name":"Jon2012HQ","profile_use_background_image":true,"url":"http:\/\/www.Jon2012.com","id_str":"320406917","show_all_inline_media":false,"profile_background_image_url_https":"https:\/\/si0.twimg.com\/profile_background_images\/274253345\/h_twitter_background.jpg","profile_text_color":"333333","id":320406917,"listed_count":225,"lang":"en","profile_background_image_url":"http:\/\/a0.twimg.com\/profile_background_images\/274253345\/h_twitter_background.jpg","friends_count":325},"contributors":null,"in_reply_to_status_id":null,"source":"web","id_str":"95933406155776000","geo":null,"favorited":false,"id":95933406155776000,"coordinates":null,"in_reply_to_user_id":null,"truncated":false,"text":"A special thanks to everyone for their donations to @JonHuntsman for president! Have you donated? http:\/\/t.co\/faZka2y #Jon2012","name":"Jon2012HQ","boldText":"A special thanks to everyone for their donations to @JonHuntsman for p<B>resident<\/B>! Have you donated? http:\/\/t.co\/faZka2y #Jon2012"},{"possibly_sensitive":false,"place":null,"retweet_count":1,"in_reply_to_screen_name":null,"created_at":"Thu Jul 21 11:55:24 +0000 2011","retweeted":false,"in_reply_to_status_id_str":null,"in_reply_to_user_id_str":null,"user":{"time_zone":"Eastern Time (US & Canada)","profile_link_color":"0084B4","protected":false,"default_profile":false,"created_at":"Sun Jun 19 21:17:54 +0000 2011","profile_image_url_https":"https:\/\/si0.twimg.com\/profile_images\/1405226692\/FB-75_normal.jpg","name":"Jon 2012","geo_enabled":false,"favourites_count":0,"profile_background_color":"001d36","default_profile_image":false,"notifications":null,"profile_background_tile":false,"utc_offset":-18000,"description":"The official Twitter campaign headquarters for @JonHuntsman. #Jon2012","statuses_count":387,"following":null,"verified":false,"profile_sidebar_fill_color":"DDEEF6","followers_count":4983,"profile_image_url":"http:\/\/a0.twimg.com\/profile_images\/1405226692\/FB-75_normal.jpg","follow_request_sent":null,"profile_sidebar_border_color":"C0DEED","location":"","is_translator":false,"contributors_enabled":false,"screen_name":"Jon2012HQ","profile_use_background_image":true,"url":"http:\/\/www.Jon2012.com","id_str":"320406917","show_all_inline_media":false,"profile_background_image_url_https":"https:\/\/si0.twimg.com\/profile_background_images\/274253345\/h_twitter_background.jpg","profile_text_color":"333333","id":320406917,"listed_count":225,"lang":"en","profile_background_image_url":"http:\/\/a0.twimg.com\/profile_background_images\/274253345\/h_twitter_background.jpg","friends_count":325},"contributors":null,"in_reply_to_status_id":null,"source":"web","id_str":"94012596872683520","geo":null,"favorited":false,"id":94012596872683520,"coordinates":null,"in_reply_to_user_id":null,"truncated":false,"text":"New on the HBlog, @JonHuntsman discusses the importance of securing our border immediately. http:\/\/t.co\/nIMArMk #Jon2012","name":"Jon2012HQ","boldText":"New on the HBlog, @JonHuntsman discusses the importance of securing our <B>border<\/B> immediately. http:\/\/t.co\/nIMArMk #Jon2012"},{"possibly_sensitive":false,"place":null,"retweet_count":6,"in_reply_to_screen_name":null,"created_at":"Sat Jul 16 20:58:38 +0000 2011","retweeted":false,"in_reply_to_status_id_str":null,"in_reply_to_user_id_str":null,"user":{"time_zone":"Eastern Time (US & Canada)","profile_link_color":"0084B4","protected":false,"created_at":"Sun Jun 19 21:17:54 +0000 2011","profile_image_url_https":"https:\/\/si0.twimg.com\/profile_images\/1405226692\/FB-75_normal.jpg","name":"Jon 2012","default_profile":false,"geo_enabled":false,"favourites_count":0,"profile_background_color":"001d36","default_profile_image":false,"notifications":null,"profile_background_tile":false,"utc_offset":-18000,"description":"The official Twitter campaign headquarters for @JonHuntsman. #Jon2012","statuses_count":387,"following":null,"verified":false,"profile_sidebar_fill_color":"DDEEF6","followers_count":4983,"profile_image_url":"http:\/\/a0.twimg.com\/profile_images\/1405226692\/FB-75_normal.jpg","follow_request_sent":null,"profile_sidebar_border_color":"C0DEED","location":"","is_translator":false,"contributors_enabled":false,"screen_name":"Jon2012HQ","profile_use_background_image":true,"url":"http:\/\/www.Jon2012.com","id_str":"320406917","show_all_inline_media":false,"profile_background_image_url_https":"https:\/\/si0.twimg.com\/profile_background_images\/274253345\/h_twitter_background.jpg","profile_text_color":"333333","id":320406917,"listed_count":225,"lang":"en","profile_background_image_url":"http:\/\/a0.twimg.com\/profile_background_images\/274253345\/h_twitter_background.jpg","friends_count":325},"contributors":null,"in_reply_to_status_id":null,"source":"web","id_str":"92337368413118464","geo":null,"favorited":false,"id":92337368413118464,"coordinates":null,"in_reply_to_user_id":null,"truncated":false,"text":"Do you support the Huntsman for President campaign? Join others from across the nation by signing our petition now! http:\/\/t.co\/LLYNL0W","name":"Jon2012HQ","boldText":"Do you support the Huntsman for P<B>resident<\/B> campaign? Join others from across the nation by signing our petition now! http:\/\/t.co\/LLYNL0W"},{"possibly_sensitive":false,"place":null,"retweet_count":3,"in_reply_to_screen_name":null,"created_at":"Fri Jul 15 13:08:18 +0000 2011","retweeted":false,"in_reply_to_status_id_str":null,"in_reply_to_user_id_str":null,"user":{"time_zone":"Eastern Time (US & Canada)","profile_link_color":"1F98C7","protected":false,"created_at":"Sat May 07 17:16:04 +0000 2011","profile_image_url_https":"https:\/\/si0.twimg.com\/profile_images\/1350998450\/Huntsman_normal.jpg","name":"Jon Huntsman","geo_enabled":false,"favourites_count":0,"profile_background_color":"001d36","default_profile_image":false,"notifications":null,"profile_background_tile":false,"utc_offset":-18000,"description":"Proud husband and father of seven.  Businessman, former two-term Governor of Utah, former Ambassador to China and Singapore. Follow campaign at @Jon2012HQ","statuses_count":148,"following":null,"verified":true,"profile_sidebar_fill_color":"DAECF4","followers_count":45966,"profile_image_url":"http:\/\/a1.twimg.com\/profile_images\/1350998450\/Huntsman_normal.jpg","follow_request_sent":null,"profile_sidebar_border_color":"C6E2EE","location":"","is_translator":false,"contributors_enabled":false,"screen_name":"JonHuntsman","profile_use_background_image":true,"url":"http:\/\/Jon2012.com","id_str":"294728278","default_profile":false,"show_all_inline_media":false,"profile_background_image_url_https":"https:\/\/si0.twimg.com\/profile_background_images\/274598242\/h_twitter_background.jpg","profile_text_color":"663B12","id":294728278,"listed_count":1144,"lang":"en","profile_background_image_url":"http:\/\/a0.twimg.com\/profile_background_images\/274598242\/h_twitter_background.jpg","friends_count":102},"contributors":null,"in_reply_to_status_id":null,"source":"<a href=\"http:\/\/twitter.com\/#!\/download\/iphone\" rel=\"nofollow\">Twitter for iPhone<\/a>","id_str":"91856617410273280","geo":null,"favorited":false,"id":91856617410273280,"coordinates":null,"in_reply_to_user_id":null,"truncated":false,"text":"Thank you DeLinda! RT @dmtridings I'm signing this petition in support of @jonhuntsman for President. Will you join me? http:\/\/t.co\/02zpKCA","name":"JonHuntsman","boldText":"Thank you DeLinda! RT @dmtridings I'm signing this petition in support of @jonhuntsman for P<B>resident<\/B>. Will you join me? http:\/\/t.co\/02zpKCA"},{"possibly_sensitive":false,"place":null,"retweet_count":4,"in_reply_to_screen_name":null,"created_at":"Mon Jul 11 14:08:10 +0000 2011","retweeted":false,"in_reply_to_status_id_str":null,"in_reply_to_user_id_str":null,"user":{"time_zone":"Eastern Time (US & Canada)","profile_link_color":"0084B4","protected":false,"default_profile":false,"created_at":"Sun Jun 19 21:17:54 +0000 2011","profile_image_url_https":"https:\/\/si0.twimg.com\/profile_images\/1405226692\/FB-75_normal.jpg","name":"Jon 2012","geo_enabled":false,"favourites_count":0,"profile_background_color":"001d36","default_profile_image":false,"notifications":null,"profile_background_tile":false,"utc_offset":-18000,"description":"The official Twitter campaign headquarters for @JonHuntsman. #Jon2012","statuses_count":387,"following":null,"verified":false,"profile_sidebar_fill_color":"DDEEF6","followers_count":4983,"profile_image_url":"http:\/\/a0.twimg.com\/profile_images\/1405226692\/FB-75_normal.jpg","follow_request_sent":null,"profile_sidebar_border_color":"C0DEED","location":"","is_translator":false,"contributors_enabled":false,"screen_name":"Jon2012HQ","profile_use_background_image":true,"url":"http:\/\/www.Jon2012.com","id_str":"320406917","show_all_inline_media":false,"profile_background_image_url_https":"https:\/\/si0.twimg.com\/profile_background_images\/274253345\/h_twitter_background.jpg","profile_text_color":"333333","id":320406917,"listed_count":225,"lang":"en","profile_background_image_url":"http:\/\/a0.twimg.com\/profile_background_images\/274253345\/h_twitter_background.jpg","friends_count":325},"contributors":null,"in_reply_to_status_id":null,"source":"web","id_str":"90422128951824384","geo":null,"favorited":false,"id":90422128951824384,"coordinates":null,"in_reply_to_user_id":null,"truncated":false,"text":"\u201cHe impressed me,\u201d said Bay area resident Nina Pilon. \u201cI like...what he\u2019s accomplished.\u201d  http:\/\/t.co\/hZKpvw9 #Jon2012","name":"Jon2012HQ","boldText":"\u201cHe impressed me,\u201d said Bay area <B>resident<\/B> Nina Pilon. \u201cI like...what he\u2019s accomplished.\u201d  http:\/\/t.co\/hZKpvw9 #Jon2012"},{"possibly_sensitive":false,"place":null,"retweet_count":16,"in_reply_to_screen_name":null,"created_at":"Wed Jun 29 22:45:15 +0000 2011","retweeted":false,"in_reply_to_status_id_str":null,"in_reply_to_user_id_str":null,"user":{"time_zone":"Eastern Time (US & Canada)","profile_link_color":"1F98C7","protected":false,"created_at":"Sat May 07 17:16:04 +0000 2011","profile_image_url_https":"https:\/\/si0.twimg.com\/profile_images\/1350998450\/Huntsman_normal.jpg","name":"Jon Huntsman","geo_enabled":false,"favourites_count":0,"profile_background_color":"001d36","default_profile_image":false,"notifications":null,"profile_background_tile":false,"utc_offset":-18000,"description":"Proud husband and father of seven.  Businessman, former two-term Governor of Utah, former Ambassador to China and Singapore. Follow campaign at @Jon2012HQ","statuses_count":148,"following":null,"verified":true,"profile_sidebar_fill_color":"DAECF4","followers_count":45966,"profile_image_url":"http:\/\/a1.twimg.com\/profile_images\/1350998450\/Huntsman_normal.jpg","follow_request_sent":null,"profile_sidebar_border_color":"C6E2EE","location":"","is_translator":false,"contributors_enabled":false,"screen_name":"JonHuntsman","profile_use_background_image":true,"url":"http:\/\/Jon2012.com","id_str":"294728278","default_profile":false,"show_all_inline_media":false,"profile_background_image_url_https":"https:\/\/si0.twimg.com\/profile_background_images\/274598242\/h_twitter_background.jpg","profile_text_color":"663B12","id":294728278,"listed_count":1144,"lang":"en","profile_background_image_url":"http:\/\/a0.twimg.com\/profile_background_images\/274598242\/h_twitter_background.jpg","friends_count":102},"contributors":null,"in_reply_to_status_id":null,"source":"<a href=\"http:\/\/twitter.com\/#!\/download\/iphone\" rel=\"nofollow\">Twitter for iPhone<\/a>","id_str":"86203603202744321","geo":null,"favorited":false,"id":86203603202744321,"coordinates":null,"in_reply_to_user_id":null,"truncated":false,"text":"In Michigan, the family and I stopped by President Ford's grave to pay our\nrespects. A great man. http:\/\/t.co\/lK7lVgx","name":"JonHuntsman","boldText":"In Michigan, the family and I stopped by P<B>resident<\/B> Ford's grave to pay our\nrespects. A great man. http:\/\/t.co\/lK7lVgx"},{"possibly_sensitive":false,"place":null,"retweet_count":98,"in_reply_to_screen_name":null,"created_at":"Tue Jun 21 13:31:16 +0000 2011","retweeted":false,"in_reply_to_status_id_str":null,"in_reply_to_user_id_str":null,"user":{"time_zone":"Eastern Time (US & Canada)","profile_link_color":"1F98C7","protected":false,"created_at":"Sat May 07 17:16:04 +0000 2011","profile_image_url_https":"https:\/\/si0.twimg.com\/profile_images\/1350998450\/Huntsman_normal.jpg","name":"Jon Huntsman","geo_enabled":false,"favourites_count":0,"profile_background_color":"001d36","default_profile_image":false,"notifications":null,"profile_background_tile":false,"utc_offset":-18000,"description":"Proud husband and father of seven.  Businessman, former two-term Governor of Utah, former Ambassador to China and Singapore. Follow campaign at @Jon2012HQ","statuses_count":148,"following":null,"verified":true,"profile_sidebar_fill_color":"DAECF4","followers_count":45966,"profile_image_url":"http:\/\/a1.twimg.com\/profile_images\/1350998450\/Huntsman_normal.jpg","follow_request_sent":null,"profile_sidebar_border_color":"C6E2EE","location":"","is_translator":false,"contributors_enabled":false,"screen_name":"JonHuntsman","profile_use_background_image":true,"url":"http:\/\/Jon2012.com","id_str":"294728278","default_profile":false,"show_all_inline_media":false,"profile_background_image_url_https":"https:\/\/si0.twimg.com\/profile_background_images\/274598242\/h_twitter_background.jpg","profile_text_color":"663B12","id":294728278,"listed_count":1144,"lang":"en","profile_background_image_url":"http:\/\/a0.twimg.com\/profile_background_images\/274598242\/h_twitter_background.jpg","friends_count":102},"contributors":null,"in_reply_to_status_id":null,"source":"<a href=\"http:\/\/twitter.com\/#!\/download\/iphone\" rel=\"nofollow\">Twitter for iPhone<\/a>","id_str":"83165088751681536","geo":null,"favorited":false,"id":83165088751681536,"coordinates":null,"in_reply_to_user_id":null,"truncated":false,"text":"About to announce my candidacy for president of the United States. Watch live at www.Jon2012.com and please RT #Jon2012","name":"JonHuntsman","boldText":"About to announce my candidacy for p<B>resident<\/B> of the United States. Watch live at www.Jon2012.com and please RT #Jon2012"}]