[{"possibly_sensitive":false,"place":null,"retweet_count":1,"in_reply_to_screen_name":null,"created_at":"Mon Oct 31 09:53:58 +0000 2011","retweeted":false,"in_reply_to_status_id_str":null,"in_reply_to_user_id_str":null,"user":{"time_zone":null,"profile_link_color":"0084B4","protected":false,"created_at":"Sat Apr 23 18:09:14 +0000 2011","profile_image_url_https":"https:\/\/si0.twimg.com\/profile_images\/1601522227\/291839_222611644456614_198437953540650_717288_6623343_s_normal.jpg","name":"Team Huntsman 2012","geo_enabled":false,"favourites_count":73,"profile_background_color":"C0DEED","default_profile_image":false,"notifications":null,"profile_background_tile":true,"utc_offset":null,"description":"America 4 Jon Huntsman, the Conservative Problem-Solver, in 2012.\nNot authorized by any candidate or candidate committee. Follow the Gov: @JonHuntsman\n#Jon2012","statuses_count":1082,"following":null,"verified":false,"profile_sidebar_fill_color":"DDEEF6","followers_count":1958,"profile_image_url":"http:\/\/a0.twimg.com\/profile_images\/1601522227\/291839_222611644456614_198437953540650_717288_6623343_s_normal.jpg","follow_request_sent":null,"profile_sidebar_border_color":"C0DEED","location":"USA","is_translator":false,"default_profile":false,"contributors_enabled":false,"screen_name":"JonHuntsman12","profile_use_background_image":true,"url":"http:\/\/goo.gl\/487lO","id_str":"286790129","show_all_inline_media":true,"profile_background_image_url_https":"https:\/\/si0.twimg.com\/profile_background_images\/282556199\/oldflag.jpg","profile_text_color":"333333","id":286790129,"listed_count":74,"lang":"en","profile_background_image_url":"http:\/\/a0.twimg.com\/profile_background_images\/282556199\/oldflag.jpg","friends_count":2014},"contributors":null,"in_reply_to_status_id":null,"source":"<a href=\"http:\/\/ubersocial.com\" rel=\"nofollow\">UberSocial for BlackBerry<\/a>","id_str":"130945600559656962","geo":null,"favorited":false,"id":130945600559656962,"coordinates":null,"in_reply_to_user_id":null,"truncated":false,"text":"Good piece on Jon's Dover town hall---&gt; RT @FostersDailyDem: Huntsman talks taxes in Garrison City http:\/\/t.co\/2hyunTOs #fitn #nhpolitics","name":"JonHuntsman12","boldText":"Good piece on Jon's Dover town hall---&gt; RT @FostersDailyDem: Huntsman talks <B>taxes<\/B> in Garrison City http:\/\/t.co\/2hyunTOs #fitn #nhpolitics"},{"place":null,"retweet_count":0,"in_reply_to_screen_name":null,"created_at":"Sat Oct 22 17:02:38 +0000 2011","retweeted":false,"in_reply_to_status_id_str":null,"in_reply_to_user_id_str":null,"user":{"time_zone":null,"profile_link_color":"0084B4","protected":false,"created_at":"Sat Apr 23 18:09:14 +0000 2011","profile_image_url_https":"https:\/\/si0.twimg.com\/profile_images\/1601522227\/291839_222611644456614_198437953540650_717288_6623343_s_normal.jpg","name":"Team Huntsman 2012","geo_enabled":false,"favourites_count":73,"profile_background_color":"C0DEED","default_profile_image":false,"notifications":null,"profile_background_tile":true,"utc_offset":null,"description":"America 4 Jon Huntsman, the Conservative Problem-Solver, in 2012.\nNot authorized by any candidate or candidate committee. Follow the Gov: @JonHuntsman\n#Jon2012","statuses_count":1082,"following":null,"verified":false,"profile_sidebar_fill_color":"DDEEF6","followers_count":1958,"profile_image_url":"http:\/\/a0.twimg.com\/profile_images\/1601522227\/291839_222611644456614_198437953540650_717288_6623343_s_normal.jpg","follow_request_sent":null,"profile_sidebar_border_color":"C0DEED","location":"USA","is_translator":false,"default_profile":false,"contributors_enabled":false,"screen_name":"JonHuntsman12","profile_use_background_image":true,"url":"http:\/\/goo.gl\/487lO","id_str":"286790129","show_all_inline_media":true,"profile_background_image_url_https":"https:\/\/si0.twimg.com\/profile_background_images\/282556199\/oldflag.jpg","profile_text_color":"333333","id":286790129,"listed_count":74,"lang":"en","profile_background_image_url":"http:\/\/a0.twimg.com\/profile_background_images\/282556199\/oldflag.jpg","friends_count":2014},"contributors":null,"in_reply_to_status_id":null,"source":"<a href=\"http:\/\/ubersocial.com\" rel=\"nofollow\">UberSocial for BlackBerry<\/a>","id_str":"127791988434157568","geo":null,"favorited":false,"id":127791988434157568,"coordinates":null,"in_reply_to_user_id":null,"truncated":false,"text":"RT @LarryKudlowShow: on the show today we have Sen. Sessions, @JonHuntsman and Steve Forbes. talking the #economy & flat tax, tune in! #tcot","name":"JonHuntsman12","boldText":"RT @LarryKudlowShow: on the show today we have Sen. Sessions, @JonHuntsman and Steve Forbes. talking the #economy & <B>flat tax<\/B>, tune in! #tcot"},{"place":null,"retweet_count":3,"in_reply_to_screen_name":null,"created_at":"Sun Oct 16 15:15:04 +0000 2011","retweeted":false,"in_reply_to_status_id_str":null,"in_reply_to_user_id_str":null,"user":{"time_zone":null,"profile_link_color":"0084B4","protected":false,"created_at":"Sat Apr 23 18:09:14 +0000 2011","profile_image_url_https":"https:\/\/si0.twimg.com\/profile_images\/1601522227\/291839_222611644456614_198437953540650_717288_6623343_s_normal.jpg","name":"Team Huntsman 2012","geo_enabled":false,"favourites_count":73,"profile_background_color":"C0DEED","default_profile_image":false,"notifications":null,"profile_background_tile":true,"utc_offset":null,"description":"America 4 Jon Huntsman, the Conservative Problem-Solver, in 2012.\nNot authorized by any candidate or candidate committee. Follow the Gov: @JonHuntsman\n#Jon2012","statuses_count":1082,"following":null,"verified":false,"profile_sidebar_fill_color":"DDEEF6","followers_count":1958,"profile_image_url":"http:\/\/a0.twimg.com\/profile_images\/1601522227\/291839_222611644456614_198437953540650_717288_6623343_s_normal.jpg","follow_request_sent":null,"profile_sidebar_border_color":"C0DEED","location":"USA","is_translator":false,"default_profile":false,"contributors_enabled":false,"screen_name":"JonHuntsman12","profile_use_background_image":true,"url":"http:\/\/goo.gl\/487lO","id_str":"286790129","show_all_inline_media":true,"profile_background_image_url_https":"https:\/\/si0.twimg.com\/profile_background_images\/282556199\/oldflag.jpg","profile_text_color":"333333","id":286790129,"listed_count":74,"lang":"en","profile_background_image_url":"http:\/\/a0.twimg.com\/profile_background_images\/282556199\/oldflag.jpg","friends_count":2014},"contributors":null,"in_reply_to_status_id":null,"source":"<a href=\"http:\/\/ubersocial.com\" rel=\"nofollow\">UberSocial for BlackBerry<\/a>","id_str":"125590587398295552","geo":null,"favorited":false,"id":125590587398295552,"coordinates":null,"in_reply_to_user_id":null,"truncated":false,"text":"Huntsman only one who knows what he's talking about. RT @RichLowry: on f-policy, cain still relying on the \"i havent been briefed\" answer","name":"JonHuntsman12","boldText":"Huntsman only one who knows what he's talking about. RT @RichLowry: on f-policy, cain still relying on the \"i havent been brie<B>fed<\/B>\" answer"},{"possibly_sensitive":false,"place":null,"retweet_count":10,"in_reply_to_screen_name":null,"created_at":"Wed Oct 12 00:31:42 +0000 2011","retweeted":false,"in_reply_to_status_id_str":null,"in_reply_to_user_id_str":null,"user":{"time_zone":"Eastern Time (US & Canada)","profile_link_color":"0084B4","protected":false,"default_profile":false,"created_at":"Sun Jun 19 21:17:54 +0000 2011","profile_image_url_https":"https:\/\/si0.twimg.com\/profile_images\/1405226692\/FB-75_normal.jpg","name":"Jon 2012","geo_enabled":false,"favourites_count":0,"profile_background_color":"001d36","default_profile_image":false,"notifications":null,"profile_background_tile":false,"utc_offset":-18000,"description":"The official Twitter campaign headquarters for @JonHuntsman. #Jon2012","statuses_count":387,"following":null,"verified":false,"profile_sidebar_fill_color":"DDEEF6","followers_count":4983,"profile_image_url":"http:\/\/a0.twimg.com\/profile_images\/1405226692\/FB-75_normal.jpg","follow_request_sent":null,"profile_sidebar_border_color":"C0DEED","location":"","is_translator":false,"contributors_enabled":false,"screen_name":"Jon2012HQ","profile_use_background_image":true,"url":"http:\/\/www.Jon2012.com","id_str":"320406917","show_all_inline_media":false,"profile_background_image_url_https":"https:\/\/si0.twimg.com\/profile_background_images\/274253345\/h_twitter_background.jpg","profile_text_color":"333333","id":320406917,"listed_count":225,"lang":"en","profile_background_image_url":"http:\/\/a0.twimg.com\/profile_background_images\/274253345\/h_twitter_background.jpg","friends_count":325},"contributors":null,"in_reply_to_status_id":null,"source":"<a href=\"http:\/\/www.tweetdeck.com\" rel=\"nofollow\">TweetDeck<\/a>","id_str":"123918730848763904","geo":null,"favorited":false,"id":123918730848763904,"coordinates":null,"in_reply_to_user_id":null,"truncated":false,"text":"Check out @JonHuntsman's Wall Street Journal endorsed economic plan http:\/\/t.co\/6fVbzKUU #EconDebate #gop2012","name":"Jon2012HQ","boldText":"Check out @JonHuntsman's <B>Wall Street<\/B> Journal endorsed economic plan http:\/\/t.co\/6fVbzKUU #EconDebate #gop2012"},{"possibly_sensitive":false,"place":null,"retweet_count":2,"in_reply_to_screen_name":null,"created_at":"Wed Oct 12 00:13:45 +0000 2011","retweeted":false,"in_reply_to_status_id_str":null,"in_reply_to_user_id_str":null,"user":{"time_zone":null,"profile_link_color":"0084B4","protected":false,"created_at":"Sat Apr 23 18:09:14 +0000 2011","profile_image_url_https":"https:\/\/si0.twimg.com\/profile_images\/1601522227\/291839_222611644456614_198437953540650_717288_6623343_s_normal.jpg","name":"Team Huntsman 2012","geo_enabled":false,"favourites_count":73,"profile_background_color":"C0DEED","default_profile_image":false,"notifications":null,"profile_background_tile":true,"utc_offset":null,"description":"America 4 Jon Huntsman, the Conservative Problem-Solver, in 2012.\nNot authorized by any candidate or candidate committee. Follow the Gov: @JonHuntsman\n#Jon2012","statuses_count":1082,"following":null,"verified":false,"profile_sidebar_fill_color":"DDEEF6","followers_count":1958,"profile_image_url":"http:\/\/a0.twimg.com\/profile_images\/1601522227\/291839_222611644456614_198437953540650_717288_6623343_s_normal.jpg","follow_request_sent":null,"profile_sidebar_border_color":"C0DEED","location":"USA","is_translator":false,"default_profile":false,"contributors_enabled":false,"screen_name":"JonHuntsman12","profile_use_background_image":true,"url":"http:\/\/goo.gl\/487lO","id_str":"286790129","show_all_inline_media":true,"profile_background_image_url_https":"https:\/\/si0.twimg.com\/profile_background_images\/282556199\/oldflag.jpg","profile_text_color":"333333","id":286790129,"listed_count":74,"lang":"en","profile_background_image_url":"http:\/\/a0.twimg.com\/profile_background_images\/282556199\/oldflag.jpg","friends_count":2014},"contributors":null,"in_reply_to_status_id":null,"source":"web","id_str":"123914214053126144","geo":null,"favorited":false,"id":123914214053126144,"coordinates":null,"in_reply_to_user_id":null,"truncated":false,"text":"Wall Street Journal: Huntsman's Good Economic Plan: Better than anything so far from the GOP field. http:\/\/t.co\/b6kDvmFK #econdebate","name":"JonHuntsman12","boldText":"Wall Street Journal: Huntsman's Good Economic Plan: Better than anything so far from the GOP field. http:\/\/t.co\/b6kDvmFK #econdebate"},{"possibly_sensitive":false,"place":null,"retweet_count":2,"in_reply_to_screen_name":null,"created_at":"Wed Oct 12 00:09:40 +0000 2011","retweeted":false,"in_reply_to_status_id_str":null,"in_reply_to_user_id_str":null,"user":{"time_zone":null,"profile_link_color":"0084B4","protected":false,"created_at":"Sat Apr 23 18:09:14 +0000 2011","profile_image_url_https":"https:\/\/si0.twimg.com\/profile_images\/1601522227\/291839_222611644456614_198437953540650_717288_6623343_s_normal.jpg","name":"Team Huntsman 2012","geo_enabled":false,"favourites_count":73,"profile_background_color":"C0DEED","default_profile_image":false,"notifications":null,"profile_background_tile":true,"utc_offset":null,"description":"America 4 Jon Huntsman, the Conservative Problem-Solver, in 2012.\nNot authorized by any candidate or candidate committee. Follow the Gov: @JonHuntsman\n#Jon2012","statuses_count":1082,"following":null,"verified":false,"profile_sidebar_fill_color":"DDEEF6","followers_count":1958,"profile_image_url":"http:\/\/a0.twimg.com\/profile_images\/1601522227\/291839_222611644456614_198437953540650_717288_6623343_s_normal.jpg","follow_request_sent":null,"profile_sidebar_border_color":"C0DEED","location":"USA","is_translator":false,"default_profile":false,"contributors_enabled":false,"screen_name":"JonHuntsman12","profile_use_background_image":true,"url":"http:\/\/goo.gl\/487lO","id_str":"286790129","show_all_inline_media":true,"profile_background_image_url_https":"https:\/\/si0.twimg.com\/profile_background_images\/282556199\/oldflag.jpg","profile_text_color":"333333","id":286790129,"listed_count":74,"lang":"en","profile_background_image_url":"http:\/\/a0.twimg.com\/profile_background_images\/282556199\/oldflag.jpg","friends_count":2014},"contributors":null,"in_reply_to_status_id":null,"source":"web","id_str":"123913187853746177","geo":null,"favorited":false,"id":123913187853746177,"coordinates":null,"in_reply_to_user_id":null,"truncated":false,"text":"Wall Street Journal on @JonHuntsman: A 'Conservative Problem-Solver' http:\/\/t.co\/bcMQ23RR #EconDebate #Jon2012","name":"JonHuntsman12","boldText":"Wall Street Journal on @JonHuntsman: A 'Conservative Problem-Solver' http:\/\/t.co\/bcMQ23RR #EconDebate #Jon2012"},{"possibly_sensitive":false,"place":null,"retweet_count":1,"in_reply_to_screen_name":null,"created_at":"Mon Oct 10 15:53:22 +0000 2011","retweeted":false,"in_reply_to_status_id_str":null,"in_reply_to_user_id_str":null,"user":{"time_zone":null,"profile_link_color":"0084B4","protected":false,"created_at":"Sat Apr 23 18:09:14 +0000 2011","profile_image_url_https":"https:\/\/si0.twimg.com\/profile_images\/1601522227\/291839_222611644456614_198437953540650_717288_6623343_s_normal.jpg","name":"Team Huntsman 2012","geo_enabled":false,"favourites_count":73,"profile_background_color":"C0DEED","default_profile_image":false,"notifications":null,"profile_background_tile":true,"utc_offset":null,"description":"America 4 Jon Huntsman, the Conservative Problem-Solver, in 2012.\nNot authorized by any candidate or candidate committee. Follow the Gov: @JonHuntsman\n#Jon2012","statuses_count":1082,"following":null,"verified":false,"profile_sidebar_fill_color":"DDEEF6","followers_count":1958,"profile_image_url":"http:\/\/a0.twimg.com\/profile_images\/1601522227\/291839_222611644456614_198437953540650_717288_6623343_s_normal.jpg","follow_request_sent":null,"profile_sidebar_border_color":"C0DEED","location":"USA","is_translator":false,"default_profile":false,"contributors_enabled":false,"screen_name":"JonHuntsman12","profile_use_background_image":true,"url":"http:\/\/goo.gl\/487lO","id_str":"286790129","show_all_inline_media":true,"profile_background_image_url_https":"https:\/\/si0.twimg.com\/profile_background_images\/282556199\/oldflag.jpg","profile_text_color":"333333","id":286790129,"listed_count":74,"lang":"en","profile_background_image_url":"http:\/\/a0.twimg.com\/profile_background_images\/282556199\/oldflag.jpg","friends_count":2014},"contributors":null,"in_reply_to_status_id":null,"source":"<a href=\"http:\/\/ubersocial.com\" rel=\"nofollow\">UberSocial for BlackBerry<\/a>","id_str":"123425899348623360","geo":null,"favorited":false,"id":123425899348623360,"coordinates":null,"in_reply_to_user_id":null,"truncated":false,"text":"RT @MLevoff: Gov. @JonHuntsman laying out his foreign policy agenda now in a full auditorium at SNHU in #NH #FITN  http:\/\/t.co\/TDwGQwfN","name":"JonHuntsman12","boldText":"RT @MLevoff: Gov. @JonHuntsman laying out his foreign policy agenda now in a full <B>audit<\/B>orium at SNHU in #NH #FITN  http:\/\/t.co\/TDwGQwfN"},{"place":null,"retweet_count":61,"in_reply_to_screen_name":null,"created_at":"Wed Sep 21 20:45:42 +0000 2011","retweeted":false,"in_reply_to_status_id_str":null,"in_reply_to_user_id_str":null,"user":{"time_zone":"Eastern Time (US & Canada)","profile_link_color":"1F98C7","protected":false,"created_at":"Sat May 07 17:16:04 +0000 2011","profile_image_url_https":"https:\/\/si0.twimg.com\/profile_images\/1350998450\/Huntsman_normal.jpg","name":"Jon Huntsman","geo_enabled":false,"favourites_count":0,"profile_background_color":"001d36","default_profile_image":false,"notifications":null,"profile_background_tile":false,"utc_offset":-18000,"description":"Proud husband and father of seven.  Businessman, former two-term Governor of Utah, former Ambassador to China and Singapore. Follow campaign at @Jon2012HQ","statuses_count":148,"following":null,"verified":true,"profile_sidebar_fill_color":"DAECF4","followers_count":45966,"profile_image_url":"http:\/\/a1.twimg.com\/profile_images\/1350998450\/Huntsman_normal.jpg","follow_request_sent":null,"profile_sidebar_border_color":"C6E2EE","location":"","is_translator":false,"contributors_enabled":false,"screen_name":"JonHuntsman","profile_use_background_image":true,"url":"http:\/\/Jon2012.com","id_str":"294728278","default_profile":false,"show_all_inline_media":false,"profile_background_image_url_https":"https:\/\/si0.twimg.com\/profile_background_images\/274598242\/h_twitter_background.jpg","profile_text_color":"663B12","id":294728278,"listed_count":1144,"lang":"en","profile_background_image_url":"http:\/\/a0.twimg.com\/profile_background_images\/274598242\/h_twitter_background.jpg","friends_count":102},"contributors":null,"in_reply_to_status_id":null,"source":"web","id_str":"116614101001703424","geo":null,"favorited":false,"id":116614101001703424,"coordinates":null,"in_reply_to_user_id":null,"truncated":false,"text":"Re: Fed decision. We can't stimulate our way to prosperity, we must earn it by creating a tax & reg environment conducive to job growth","name":"JonHuntsman","boldText":"Re: <B>Fed<\/B> decision. We can't stimulate our way to prosperity, we must earn it by creating a tax & reg environment conducive to job growth"},{"place":null,"retweet_count":38,"in_reply_to_screen_name":null,"created_at":"Mon Sep 19 15:19:31 +0000 2011","retweeted":false,"in_reply_to_status_id_str":null,"in_reply_to_user_id_str":null,"user":{"time_zone":"Eastern Time (US & Canada)","profile_link_color":"1F98C7","protected":false,"default_profile":false,"created_at":"Sat May 07 17:16:04 +0000 2011","profile_image_url_https":"https:\/\/si0.twimg.com\/profile_images\/1350998450\/Huntsman_normal.jpg","name":"Jon Huntsman","geo_enabled":false,"favourites_count":0,"profile_background_color":"001d36","default_profile_image":false,"notifications":false,"profile_background_tile":false,"utc_offset":-18000,"description":"Proud husband and father of seven.  Businessman, former two-term Governor of Utah, former Ambassador to China and Singapore. Follow campaign at @Jon2012HQ","statuses_count":148,"following":true,"verified":true,"profile_sidebar_fill_color":"DAECF4","followers_count":45942,"profile_image_url":"http:\/\/a1.twimg.com\/profile_images\/1350998450\/Huntsman_normal.jpg","follow_request_sent":false,"profile_sidebar_border_color":"C6E2EE","location":"","is_translator":false,"contributors_enabled":false,"screen_name":"JonHuntsman","profile_use_background_image":true,"url":"http:\/\/Jon2012.com","id_str":"294728278","show_all_inline_media":false,"profile_background_image_url_https":"https:\/\/si0.twimg.com\/profile_background_images\/274598242\/h_twitter_background.jpg","profile_text_color":"663B12","id":294728278,"listed_count":1144,"lang":"en","profile_background_image_url":"http:\/\/a0.twimg.com\/profile_background_images\/274598242\/h_twitter_background.jpg","friends_count":102},"contributors":null,"in_reply_to_status_id":null,"source":"web","id_str":"115807236940513280","geo":null,"favorited":false,"id":115807236940513280,"coordinates":null,"in_reply_to_user_id":null,"truncated":false,"text":"I urge Congress to reject this $1.5 trillion tax increase and work on the structural reforms to entitlements & taxes we desperately need.","name":"JonHuntsman","boldText":"I urge Congress to reject this $1.5 trillion tax increase and work on the structural reforms to entitlements & <B>taxes<\/B> we desperately need."},{"place":null,"retweet_count":24,"in_reply_to_screen_name":null,"created_at":"Fri Aug 12 01:14:06 +0000 2011","retweeted":false,"in_reply_to_status_id_str":null,"in_reply_to_user_id_str":null,"user":{"time_zone":"Eastern Time (US & Canada)","profile_link_color":"1F98C7","protected":false,"created_at":"Sat May 07 17:16:04 +0000 2011","profile_image_url_https":"https:\/\/si0.twimg.com\/profile_images\/1350998450\/Huntsman_normal.jpg","name":"Jon Huntsman","geo_enabled":false,"favourites_count":0,"profile_background_color":"001d36","default_profile_image":false,"notifications":null,"profile_background_tile":false,"utc_offset":-18000,"description":"Proud husband and father of seven.  Businessman, former two-term Governor of Utah, former Ambassador to China and Singapore. Follow campaign at @Jon2012HQ","statuses_count":148,"following":null,"verified":true,"profile_sidebar_fill_color":"DAECF4","followers_count":45966,"profile_image_url":"http:\/\/a1.twimg.com\/profile_images\/1350998450\/Huntsman_normal.jpg","follow_request_sent":null,"profile_sidebar_border_color":"C6E2EE","location":"","is_translator":false,"contributors_enabled":false,"screen_name":"JonHuntsman","profile_use_background_image":true,"url":"http:\/\/Jon2012.com","id_str":"294728278","default_profile":false,"show_all_inline_media":false,"profile_background_image_url_https":"https:\/\/si0.twimg.com\/profile_background_images\/274598242\/h_twitter_background.jpg","profile_text_color":"663B12","id":294728278,"listed_count":1144,"lang":"en","profile_background_image_url":"http:\/\/a0.twimg.com\/profile_background_images\/274598242\/h_twitter_background.jpg","friends_count":102},"contributors":null,"in_reply_to_status_id":null,"source":"<a href=\"http:\/\/itunes.apple.com\/us\/app\/twitter\/id409789998?mt=12\" rel=\"nofollow\">Twitter for Mac<\/a>","id_str":"101823740299591681","geo":null,"favorited":false,"id":101823740299591681,"coordinates":null,"in_reply_to_user_id":null,"truncated":false,"text":"We cut taxes historically. We created the most business friendly environment in the country. We maintained our AAA bond rating.","name":"JonHuntsman","boldText":"We cut <B>taxes<\/B> historically. We created the most business friendly environment in the country. We maintained our AAA bond rating."}]