[{"possibly_sensitive":false,"place":null,"retweet_count":42,"in_reply_to_screen_name":null,"created_at":"Thu Nov 03 16:25:05 +0000 2011","retweeted":false,"in_reply_to_status_id_str":null,"in_reply_to_user_id_str":null,"user":{"time_zone":"Eastern Time (US & Canada)","profile_link_color":"2d4a92","protected":false,"created_at":"Thu Feb 12 20:18:08 +0000 2009","profile_image_url_https":"https:\/\/si0.twimg.com\/profile_images\/1266146219\/Newt_Approved_Headshot_normal.jpeg","name":"Newt Gingrich","geo_enabled":false,"favourites_count":0,"profile_background_color":"0a1735","default_profile_image":false,"notifications":false,"profile_background_tile":false,"utc_offset":-18000,"description":"Husband, father, grandfather, citizen, small businessman, author, former Speaker. I'm running for president to offer leadership to solve America's challenges.","statuses_count":2978,"following":true,"verified":true,"profile_sidebar_fill_color":"ffffff","followers_count":1340779,"profile_image_url":"http:\/\/a1.twimg.com\/profile_images\/1266146219\/Newt_Approved_Headshot_normal.jpeg","follow_request_sent":false,"profile_sidebar_border_color":"eaeaea","location":"","is_translator":false,"default_profile":false,"contributors_enabled":false,"screen_name":"newtgingrich","profile_use_background_image":true,"url":"http:\/\/Newt.org","id_str":"20713061","show_all_inline_media":false,"profile_background_image_url_https":"https:\/\/si0.twimg.com\/profile_background_images\/251627781\/NG_twit2.jpg","profile_text_color":"727272","id":20713061,"listed_count":9994,"lang":"en","profile_background_image_url":"http:\/\/a1.twimg.com\/profile_background_images\/251627781\/NG_twit2.jpg","friends_count":466},"contributors":null,"in_reply_to_status_id":null,"source":"web","id_str":"132131191624171520","geo":null,"favorited":false,"id":132131191624171520,"coordinates":null,"in_reply_to_user_id":null,"truncated":false,"text":"For Medicare and SS, we have a choice between means testing\/benefit cuts and bold reforms that empower Americans: http:\/\/t.co\/sy5suK7R","name":"NewtGingrich","boldText":"For Medicare and SS, we have a choice between means testing\/benefit <B>cut<\/B>s and bold reforms that empower Americans: http:\/\/t.co\/sy5suK7R"},{"possibly_sensitive":false,"place":null,"retweet_count":1,"in_reply_to_screen_name":"austinharris54","created_at":"Tue Nov 01 18:53:48 +0000 2011","retweeted":false,"in_reply_to_status_id_str":"131440089543884800","in_reply_to_user_id_str":"306396497","user":{"time_zone":"Central Time (US & Canada)","profile_link_color":"2d4a92","protected":false,"created_at":"Thu Feb 24 22:53:03 +0000 2011","profile_image_url_https":"https:\/\/si0.twimg.com\/profile_images\/1358814555\/FB_share_normal.jpg","name":"Newt 2012 Campaign","geo_enabled":false,"favourites_count":0,"profile_background_color":"0a1735","default_profile_image":false,"notifications":null,"profile_background_tile":false,"utc_offset":-21600,"description":"The Official twitter account for Newt 2012 ","statuses_count":2203,"following":null,"verified":false,"profile_sidebar_fill_color":"ffffff","followers_count":8611,"profile_image_url":"http:\/\/a1.twimg.com\/profile_images\/1358814555\/FB_share_normal.jpg","default_profile":false,"follow_request_sent":null,"profile_sidebar_border_color":"eaeaea","location":"Atlanta, GA","is_translator":false,"contributors_enabled":false,"screen_name":"Newt2012HQ","profile_use_background_image":true,"url":"http:\/\/newt.org","id_str":"257193354","show_all_inline_media":false,"profile_background_image_url_https":"https:\/\/si0.twimg.com\/profile_background_images\/251658738\/NG_twit2.jpg","profile_text_color":"727272","id":257193354,"listed_count":352,"lang":"en","profile_background_image_url":"http:\/\/a1.twimg.com\/profile_background_images\/251658738\/NG_twit2.jpg","friends_count":1795},"contributors":null,"in_reply_to_status_id":131440089543884800,"source":"<a href=\"http:\/\/www.tweetdeck.com\" rel=\"nofollow\">TweetDeck<\/a>","id_str":"131443840132456448","geo":null,"favorited":false,"id":131443840132456448,"coordinates":null,"in_reply_to_user_id":306396497,"truncated":false,"text":"@austinharris54 Have you submitted your idea for a first-day executive order at Newt.org\/contract\/first-day?","name":"Newt2012HQ","boldText":"@austinharris54 Have you submitted your idea for a first-day exe<B>cut<\/B>ive order at Newt.org\/contract\/first-day?"},{"possibly_sensitive":false,"place":null,"retweet_count":7,"in_reply_to_screen_name":null,"created_at":"Tue Nov 01 16:57:03 +0000 2011","retweeted":false,"in_reply_to_status_id_str":null,"in_reply_to_user_id_str":null,"user":{"time_zone":"Central Time (US & Canada)","profile_link_color":"2d4a92","protected":false,"created_at":"Thu Feb 24 22:53:03 +0000 2011","profile_image_url_https":"https:\/\/si0.twimg.com\/profile_images\/1358814555\/FB_share_normal.jpg","name":"Newt 2012 Campaign","geo_enabled":false,"favourites_count":0,"profile_background_color":"0a1735","default_profile_image":false,"notifications":false,"profile_background_tile":false,"utc_offset":-21600,"description":"The Official twitter account for Newt 2012 ","statuses_count":2203,"following":true,"verified":false,"profile_sidebar_fill_color":"ffffff","followers_count":8610,"profile_image_url":"http:\/\/a1.twimg.com\/profile_images\/1358814555\/FB_share_normal.jpg","follow_request_sent":false,"profile_sidebar_border_color":"eaeaea","location":"Atlanta, GA","is_translator":false,"contributors_enabled":false,"screen_name":"Newt2012HQ","default_profile":false,"profile_use_background_image":true,"url":"http:\/\/newt.org","id_str":"257193354","show_all_inline_media":false,"profile_background_image_url_https":"https:\/\/si0.twimg.com\/profile_background_images\/251658738\/NG_twit2.jpg","profile_text_color":"727272","id":257193354,"listed_count":352,"lang":"en","profile_background_image_url":"http:\/\/a1.twimg.com\/profile_background_images\/251658738\/NG_twit2.jpg","friends_count":1797},"contributors":null,"in_reply_to_status_id":null,"source":"web","id_str":"131414460484169728","geo":null,"favorited":false,"id":131414460484169728,"coordinates":null,"in_reply_to_user_id":null,"truncated":false,"text":"RT @JenniferJJacobs At manufacturing forum in Pella, IA, Gingrich promises U.S. economic revival. http:\/\/t.co\/JbULRqAg #iacaucus","name":"Newt2012HQ","boldText":"RT @JenniferJJacobs At manufacturing forum in Pella, IA, Gingrich promises U.S. <B>economic<\/B> revival. http:\/\/t.co\/JbULRqAg #iacaucus"},{"possibly_sensitive":false,"place":null,"retweet_count":7,"in_reply_to_screen_name":null,"created_at":"Tue Nov 01 15:51:22 +0000 2011","retweeted":false,"in_reply_to_status_id_str":null,"in_reply_to_user_id_str":null,"user":{"time_zone":"Central Time (US & Canada)","profile_link_color":"2d4a92","protected":false,"created_at":"Thu Feb 24 22:53:03 +0000 2011","profile_image_url_https":"https:\/\/si0.twimg.com\/profile_images\/1358814555\/FB_share_normal.jpg","name":"Newt 2012 Campaign","geo_enabled":false,"favourites_count":0,"profile_background_color":"0a1735","default_profile_image":false,"notifications":false,"profile_background_tile":false,"utc_offset":-21600,"description":"The Official twitter account for Newt 2012 ","statuses_count":2203,"following":true,"verified":false,"profile_sidebar_fill_color":"ffffff","followers_count":8610,"profile_image_url":"http:\/\/a1.twimg.com\/profile_images\/1358814555\/FB_share_normal.jpg","follow_request_sent":false,"profile_sidebar_border_color":"eaeaea","location":"Atlanta, GA","is_translator":false,"contributors_enabled":false,"screen_name":"Newt2012HQ","profile_use_background_image":true,"url":"http:\/\/newt.org","id_str":"257193354","default_profile":false,"show_all_inline_media":false,"profile_background_image_url_https":"https:\/\/si0.twimg.com\/profile_background_images\/251658738\/NG_twit2.jpg","profile_text_color":"727272","id":257193354,"listed_count":352,"lang":"en","profile_background_image_url":"http:\/\/a1.twimg.com\/profile_background_images\/251658738\/NG_twit2.jpg","friends_count":1797},"contributors":null,"in_reply_to_status_id":null,"source":"web","id_str":"131397930954391552","geo":null,"favorited":false,"id":131397930954391552,"coordinates":null,"in_reply_to_user_id":null,"truncated":false,"text":"RT @jimmiebjr New (from Me!) at @EndingSpending: Turn Newt Loose On Our Educational System and Watch Our Economy Grow http:\/\/t.co\/L6lfH2lp","name":"Newt2012HQ","boldText":"RT @jimmiebjr New (from Me!) at @Ending<B>Spending<\/B>: Turn Newt Loose On Our Educational System and Watch Our Economy Grow http:\/\/t.co\/L6lfH2lp"},{"place":null,"retweet_count":"100+","in_reply_to_screen_name":null,"created_at":"Sun Oct 30 23:03:59 +0000 2011","retweeted":false,"in_reply_to_status_id_str":null,"in_reply_to_user_id_str":null,"user":{"time_zone":"Eastern Time (US & Canada)","profile_link_color":"2d4a92","protected":false,"created_at":"Thu Feb 12 20:18:08 +0000 2009","profile_image_url_https":"https:\/\/si0.twimg.com\/profile_images\/1266146219\/Newt_Approved_Headshot_normal.jpeg","name":"Newt Gingrich","geo_enabled":false,"favourites_count":0,"profile_background_color":"0a1735","default_profile_image":false,"notifications":false,"profile_background_tile":false,"utc_offset":-18000,"description":"Husband, father, grandfather, citizen, small businessman, author, former Speaker. I'm running for president to offer leadership to solve America's challenges.","statuses_count":2978,"following":true,"verified":true,"profile_sidebar_fill_color":"ffffff","followers_count":1340778,"profile_image_url":"http:\/\/a1.twimg.com\/profile_images\/1266146219\/Newt_Approved_Headshot_normal.jpeg","follow_request_sent":false,"profile_sidebar_border_color":"eaeaea","location":"","is_translator":false,"contributors_enabled":false,"screen_name":"newtgingrich","profile_use_background_image":true,"url":"http:\/\/Newt.org","id_str":"20713061","default_profile":false,"show_all_inline_media":false,"profile_background_image_url_https":"https:\/\/si0.twimg.com\/profile_background_images\/251627781\/NG_twit2.jpg","profile_text_color":"727272","id":20713061,"listed_count":9994,"lang":"en","profile_background_image_url":"http:\/\/a1.twimg.com\/profile_background_images\/251627781\/NG_twit2.jpg","friends_count":466},"contributors":null,"in_reply_to_status_id":null,"source":"<a href=\"http:\/\/blackberry.com\/twitter\" rel=\"nofollow\">Twitter for BlackBerry\u00ae<\/a>","id_str":"130782026864406529","geo":null,"favorited":false,"id":130782026864406529,"coordinates":null,"in_reply_to_user_id":null,"truncated":false,"text":"Palin in \"undefeated\" has amazing record of reform, standing up to big oil- and controlling spending in Alaska-a story most have never heard","name":"NewtGingrich","boldText":"Palin in \"undefeated\" has amazing record of reform, standing up to big oil- and controlling <B>spending<\/B> in Alaska-a story most have never heard"},{"place":null,"retweet_count":0,"in_reply_to_screen_name":"TrzCon38","created_at":"Sun Oct 30 02:06:29 +0000 2011","retweeted":false,"in_reply_to_status_id_str":"130465146417065984","in_reply_to_user_id_str":"319420349","user":{"time_zone":"Central Time (US & Canada)","profile_link_color":"2d4a92","protected":false,"created_at":"Thu Feb 24 22:53:03 +0000 2011","profile_image_url_https":"https:\/\/si0.twimg.com\/profile_images\/1358814555\/FB_share_normal.jpg","name":"Newt 2012 Campaign","geo_enabled":false,"favourites_count":0,"profile_background_color":"0a1735","default_profile_image":false,"notifications":null,"profile_background_tile":false,"utc_offset":-21600,"description":"The Official twitter account for Newt 2012 ","statuses_count":2203,"following":null,"verified":false,"profile_sidebar_fill_color":"ffffff","followers_count":8611,"profile_image_url":"http:\/\/a1.twimg.com\/profile_images\/1358814555\/FB_share_normal.jpg","default_profile":false,"follow_request_sent":null,"profile_sidebar_border_color":"eaeaea","location":"Atlanta, GA","is_translator":false,"contributors_enabled":false,"screen_name":"Newt2012HQ","profile_use_background_image":true,"url":"http:\/\/newt.org","id_str":"257193354","show_all_inline_media":false,"profile_background_image_url_https":"https:\/\/si0.twimg.com\/profile_background_images\/251658738\/NG_twit2.jpg","profile_text_color":"727272","id":257193354,"listed_count":352,"lang":"en","profile_background_image_url":"http:\/\/a1.twimg.com\/profile_background_images\/251658738\/NG_twit2.jpg","friends_count":1795},"contributors":null,"in_reply_to_status_id":130465146417065984,"source":"<a href=\"http:\/\/www.tweetdeck.com\" rel=\"nofollow\">TweetDeck<\/a>","id_str":"130465565876817920","geo":null,"favorited":false,"id":130465565876817920,"coordinates":null,"in_reply_to_user_id":319420349,"truncated":false,"text":"@TrzCon38 Right. We need a pro-growth corporate tax policy.","name":"Newt2012HQ","boldText":"@TrzCon38 Right. We need a pro-<B>growth<\/B> corporate tax policy."},{"possibly_sensitive":false,"place":null,"retweet_count":0,"in_reply_to_screen_name":null,"created_at":"Fri Oct 28 21:17:15 +0000 2011","retweeted":false,"in_reply_to_status_id_str":null,"in_reply_to_user_id_str":null,"user":{"time_zone":null,"profile_link_color":"0084B4","protected":false,"created_at":"Fri Feb 18 14:00:10 +0000 2011","profile_image_url_https":"https:\/\/si0.twimg.com\/profile_images\/1341608289\/huffingtonpost_normal.png","name":"Newt Gingrich News","geo_enabled":false,"favourites_count":0,"profile_background_color":"C0DEED","default_profile_image":false,"notifications":null,"profile_background_tile":false,"utc_offset":null,"description":"Newt Gingrich: Breaking news and updates from HuffPost","statuses_count":327,"following":null,"verified":false,"profile_sidebar_fill_color":"DDEEF6","followers_count":56,"profile_image_url":"http:\/\/a1.twimg.com\/profile_images\/1341608289\/huffingtonpost_normal.png","follow_request_sent":null,"profile_sidebar_border_color":"C0DEED","location":null,"is_translator":false,"default_profile":true,"contributors_enabled":false,"screen_name":"NewtG_News","profile_use_background_image":true,"url":null,"id_str":"254049462","show_all_inline_media":false,"profile_background_image_url_https":"https:\/\/si0.twimg.com\/images\/themes\/theme1\/bg.png","profile_text_color":"333333","id":254049462,"listed_count":5,"lang":"en","profile_background_image_url":"http:\/\/a0.twimg.com\/images\/themes\/theme1\/bg.png","friends_count":0},"contributors":null,"in_reply_to_status_id":null,"source":"<a href=\"http:\/\/www.huffingtonpost.com\" rel=\"nofollow\">The Huffington Post<\/a>","id_str":"130030391842177024","geo":null,"favorited":false,"id":130030391842177024,"coordinates":null,"in_reply_to_user_id":null,"truncated":false,"text":"The Politically-Minded Prosecution http:\/\/t.co\/KiwmYSEP","name":"NewtG_News","boldText":"The Politically-Minded Prose<B>cut<\/B>ion http:\/\/t.co\/KiwmYSEP"},{"possibly_sensitive":false,"place":null,"retweet_count":40,"in_reply_to_screen_name":null,"created_at":"Mon Oct 24 14:05:52 +0000 2011","retweeted":false,"in_reply_to_status_id_str":null,"in_reply_to_user_id_str":null,"user":{"time_zone":"Eastern Time (US & Canada)","profile_link_color":"2d4a92","protected":false,"created_at":"Thu Feb 12 20:18:08 +0000 2009","profile_image_url_https":"https:\/\/si0.twimg.com\/profile_images\/1266146219\/Newt_Approved_Headshot_normal.jpeg","name":"Newt Gingrich","geo_enabled":false,"favourites_count":0,"profile_background_color":"0a1735","default_profile_image":false,"notifications":null,"profile_background_tile":false,"utc_offset":-18000,"description":"Husband, father, grandfather, citizen, small businessman, author, former Speaker. I'm running for president to offer leadership to solve America's challenges.","statuses_count":2978,"following":null,"verified":true,"profile_sidebar_fill_color":"ffffff","followers_count":1340778,"profile_image_url":"http:\/\/a1.twimg.com\/profile_images\/1266146219\/Newt_Approved_Headshot_normal.jpeg","default_profile":false,"follow_request_sent":null,"profile_sidebar_border_color":"eaeaea","location":"","is_translator":false,"contributors_enabled":false,"screen_name":"newtgingrich","profile_use_background_image":true,"url":"http:\/\/Newt.org","id_str":"20713061","show_all_inline_media":false,"profile_background_image_url_https":"https:\/\/si0.twimg.com\/profile_background_images\/251627781\/NG_twit2.jpg","profile_text_color":"727272","id":20713061,"listed_count":9994,"lang":"en","profile_background_image_url":"http:\/\/a1.twimg.com\/profile_background_images\/251627781\/NG_twit2.jpg","friends_count":466},"contributors":null,"in_reply_to_status_id":null,"source":"<a href=\"http:\/\/twitter.com\/tweetbutton\" rel=\"nofollow\">Tweet Button<\/a>","id_str":"128472278206906369","geo":null,"favorited":false,"id":128472278206906369,"coordinates":null,"in_reply_to_user_id":null,"truncated":false,"text":"My oped in Quad City Times: Optional flat tax will launch recovery http:\/\/t.co\/GPKXfzbf Look forward to discussing today in Davenport","name":"NewtGingrich","boldText":"My oped in Quad City Times: Optional flat tax will launch <B>recovery<\/B> http:\/\/t.co\/GPKXfzbf Look forward to discussing today in Davenport"},{"place":null,"retweet_count":9,"in_reply_to_screen_name":"AMHateRadio","created_at":"Sat Oct 22 15:53:51 +0000 2011","retweeted":false,"in_reply_to_status_id_str":"127758061258547200","in_reply_to_user_id_str":"196442985","user":{"time_zone":"Eastern Time (US & Canada)","profile_link_color":"2d4a92","protected":false,"default_profile":false,"created_at":"Thu Feb 12 20:18:08 +0000 2009","profile_image_url_https":"https:\/\/si0.twimg.com\/profile_images\/1266146219\/Newt_Approved_Headshot_normal.jpeg","name":"Newt Gingrich","geo_enabled":false,"favourites_count":0,"profile_background_color":"0a1735","default_profile_image":false,"notifications":false,"profile_background_tile":false,"utc_offset":-18000,"description":"Husband, father, grandfather, citizen, small businessman, author, former Speaker. I'm running for president to offer leadership to solve America's challenges.","statuses_count":2978,"following":true,"verified":true,"profile_sidebar_fill_color":"ffffff","followers_count":1340769,"profile_image_url":"http:\/\/a1.twimg.com\/profile_images\/1266146219\/Newt_Approved_Headshot_normal.jpeg","follow_request_sent":false,"profile_sidebar_border_color":"eaeaea","location":"","is_translator":false,"contributors_enabled":false,"screen_name":"newtgingrich","profile_use_background_image":true,"url":"http:\/\/Newt.org","id_str":"20713061","show_all_inline_media":false,"profile_background_image_url_https":"https:\/\/si0.twimg.com\/profile_background_images\/251627781\/NG_twit2.jpg","profile_text_color":"727272","id":20713061,"listed_count":9994,"lang":"en","profile_background_image_url":"http:\/\/a1.twimg.com\/profile_background_images\/251627781\/NG_twit2.jpg","friends_count":466},"contributors":null,"in_reply_to_status_id":127758061258547200,"source":"<a href=\"http:\/\/blackberry.com\/twitter\" rel=\"nofollow\">Twitter for BlackBerry\u00ae<\/a>","id_str":"127774676402438145","geo":null,"favorited":false,"id":127774676402438145,"coordinates":null,"in_reply_to_user_id":196442985,"truncated":false,"text":"@AMHateRadio four balanced budgets in a row; deficit projection dropped $4.7 TRILLION for ten years during 4 years I was Speaker-facts","name":"NewtGingrich","boldText":"@AMHateRadio four balanced budgets in a row; <B>deficit<\/B> projection dropped $4.7 TRILLION for ten years during 4 years I was Speaker-facts"},{"possibly_sensitive":false,"place":null,"retweet_count":25,"in_reply_to_screen_name":"fredhensley","created_at":"Wed Oct 12 14:31:13 +0000 2011","retweeted":false,"in_reply_to_status_id_str":null,"in_reply_to_user_id_str":"15454339","user":{"time_zone":"Eastern Time (US & Canada)","profile_link_color":"2d4a92","protected":false,"created_at":"Thu Feb 12 20:18:08 +0000 2009","profile_image_url_https":"https:\/\/si0.twimg.com\/profile_images\/1266146219\/Newt_Approved_Headshot_normal.jpeg","name":"Newt Gingrich","geo_enabled":false,"favourites_count":0,"profile_background_color":"0a1735","default_profile_image":false,"notifications":null,"profile_background_tile":false,"utc_offset":-18000,"description":"Husband, father, grandfather, citizen, small businessman, author, former Speaker. I'm running for president to offer leadership to solve America's challenges.","statuses_count":2978,"following":null,"verified":true,"profile_sidebar_fill_color":"ffffff","followers_count":1340778,"profile_image_url":"http:\/\/a1.twimg.com\/profile_images\/1266146219\/Newt_Approved_Headshot_normal.jpeg","default_profile":false,"follow_request_sent":null,"profile_sidebar_border_color":"eaeaea","location":"","is_translator":false,"contributors_enabled":false,"screen_name":"newtgingrich","profile_use_background_image":true,"url":"http:\/\/Newt.org","id_str":"20713061","show_all_inline_media":false,"profile_background_image_url_https":"https:\/\/si0.twimg.com\/profile_background_images\/251627781\/NG_twit2.jpg","profile_text_color":"727272","id":20713061,"listed_count":9994,"lang":"en","profile_background_image_url":"http:\/\/a1.twimg.com\/profile_background_images\/251627781\/NG_twit2.jpg","friends_count":466},"contributors":null,"in_reply_to_status_id":null,"source":"web","id_str":"124130001774850048","geo":null,"favorited":false,"id":124130001774850048,"coordinates":null,"in_reply_to_user_id":15454339,"truncated":false,"text":"@fredhensley #LeadNow Deficit is $1.3 tril. I\u2019m the only candidate who has balanced fed budget, and will do it again: http:\/\/t.co\/xWBtuqrs","name":"NewtGingrich","boldText":"@fredhensley #LeadNow <B>Deficit<\/B> is $1.3 tril. I\u2019m the only candidate who has balanced fed budget, and will do it again: http:\/\/t.co\/xWBtuqrs"},{"possibly_sensitive":false,"place":null,"retweet_count":30,"in_reply_to_screen_name":"WSchrammel","created_at":"Wed Oct 12 13:54:32 +0000 2011","retweeted":false,"in_reply_to_status_id_str":null,"in_reply_to_user_id_str":"196066514","user":{"time_zone":"Eastern Time (US & Canada)","profile_link_color":"2d4a92","protected":false,"created_at":"Thu Feb 12 20:18:08 +0000 2009","profile_image_url_https":"https:\/\/si0.twimg.com\/profile_images\/1266146219\/Newt_Approved_Headshot_normal.jpeg","name":"Newt Gingrich","geo_enabled":false,"favourites_count":0,"profile_background_color":"0a1735","default_profile_image":false,"notifications":null,"profile_background_tile":false,"utc_offset":-18000,"description":"Husband, father, grandfather, citizen, small businessman, author, former Speaker. I'm running for president to offer leadership to solve America's challenges.","statuses_count":2978,"following":null,"verified":true,"profile_sidebar_fill_color":"ffffff","followers_count":1340778,"profile_image_url":"http:\/\/a1.twimg.com\/profile_images\/1266146219\/Newt_Approved_Headshot_normal.jpeg","default_profile":false,"follow_request_sent":null,"profile_sidebar_border_color":"eaeaea","location":"","is_translator":false,"contributors_enabled":false,"screen_name":"newtgingrich","profile_use_background_image":true,"url":"http:\/\/Newt.org","id_str":"20713061","show_all_inline_media":false,"profile_background_image_url_https":"https:\/\/si0.twimg.com\/profile_background_images\/251627781\/NG_twit2.jpg","profile_text_color":"727272","id":20713061,"listed_count":9994,"lang":"en","profile_background_image_url":"http:\/\/a1.twimg.com\/profile_background_images\/251627781\/NG_twit2.jpg","friends_count":466},"contributors":null,"in_reply_to_status_id":null,"source":"web","id_str":"124120769302237184","geo":null,"favorited":false,"id":124120769302237184,"coordinates":null,"in_reply_to_user_id":196066514,"truncated":false,"text":"@wschrammel #LeadNow Dodd-Frank is a 2300-pg bill that will freeze lending, hurt small banks, and kill jobs. My plan: http:\/\/t.co\/etH6rhzQ","name":"NewtGingrich","boldText":"@wschrammel #LeadNow Dodd-Frank is a 2300-pg bill that will freeze lending, hurt small <B>bank<\/B>s, and kill jobs. My plan: http:\/\/t.co\/etH6rhzQ"},{"possibly_sensitive":false,"place":null,"retweet_count":9,"in_reply_to_screen_name":"fredhensley","created_at":"Wed Oct 12 13:50:51 +0000 2011","retweeted":false,"in_reply_to_status_id_str":null,"in_reply_to_user_id_str":"15454339","user":{"time_zone":"Eastern Time (US & Canada)","profile_link_color":"2d4a92","protected":false,"created_at":"Thu Feb 12 20:18:08 +0000 2009","profile_image_url_https":"https:\/\/si0.twimg.com\/profile_images\/1266146219\/Newt_Approved_Headshot_normal.jpeg","name":"Newt Gingrich","geo_enabled":false,"favourites_count":0,"profile_background_color":"0a1735","default_profile_image":false,"notifications":null,"profile_background_tile":false,"utc_offset":-18000,"description":"Husband, father, grandfather, citizen, small businessman, author, former Speaker. I'm running for president to offer leadership to solve America's challenges.","statuses_count":2978,"following":null,"verified":true,"profile_sidebar_fill_color":"ffffff","followers_count":1340778,"profile_image_url":"http:\/\/a1.twimg.com\/profile_images\/1266146219\/Newt_Approved_Headshot_normal.jpeg","default_profile":false,"follow_request_sent":null,"profile_sidebar_border_color":"eaeaea","location":"","is_translator":false,"contributors_enabled":false,"screen_name":"newtgingrich","profile_use_background_image":true,"url":"http:\/\/Newt.org","id_str":"20713061","show_all_inline_media":false,"profile_background_image_url_https":"https:\/\/si0.twimg.com\/profile_background_images\/251627781\/NG_twit2.jpg","profile_text_color":"727272","id":20713061,"listed_count":9994,"lang":"en","profile_background_image_url":"http:\/\/a1.twimg.com\/profile_background_images\/251627781\/NG_twit2.jpg","friends_count":466},"contributors":null,"in_reply_to_status_id":null,"source":"web","id_str":"124119842231029762","geo":null,"favorited":false,"id":124119842231029762,"coordinates":null,"in_reply_to_user_id":15454339,"truncated":false,"text":"@fredhensley #LeadNow Fed was orig only supposed to stabilize prices, not set economic policy. My speech on Fed reform: http:\/\/t.co\/etH6rhzQ","name":"NewtGingrich","boldText":"@fredhensley #LeadNow Fed was orig only supposed to stabilize prices, not set <B>economic<\/B> policy. My speech on Fed reform: http:\/\/t.co\/etH6rhzQ"},{"possibly_sensitive":false,"place":null,"retweet_count":4,"in_reply_to_screen_name":"williswj","created_at":"Wed Oct 12 13:47:17 +0000 2011","retweeted":false,"in_reply_to_status_id_str":null,"in_reply_to_user_id_str":"78332484","user":{"time_zone":"Eastern Time (US & Canada)","profile_link_color":"2d4a92","protected":false,"created_at":"Thu Feb 12 20:18:08 +0000 2009","profile_image_url_https":"https:\/\/si0.twimg.com\/profile_images\/1266146219\/Newt_Approved_Headshot_normal.jpeg","name":"Newt Gingrich","geo_enabled":false,"favourites_count":0,"profile_background_color":"0a1735","default_profile_image":false,"notifications":null,"profile_background_tile":false,"utc_offset":-18000,"description":"Husband, father, grandfather, citizen, small businessman, author, former Speaker. I'm running for president to offer leadership to solve America's challenges.","statuses_count":2978,"following":null,"verified":true,"profile_sidebar_fill_color":"ffffff","followers_count":1340778,"profile_image_url":"http:\/\/a1.twimg.com\/profile_images\/1266146219\/Newt_Approved_Headshot_normal.jpeg","default_profile":false,"follow_request_sent":null,"profile_sidebar_border_color":"eaeaea","location":"","is_translator":false,"contributors_enabled":false,"screen_name":"newtgingrich","profile_use_background_image":true,"url":"http:\/\/Newt.org","id_str":"20713061","show_all_inline_media":false,"profile_background_image_url_https":"https:\/\/si0.twimg.com\/profile_background_images\/251627781\/NG_twit2.jpg","profile_text_color":"727272","id":20713061,"listed_count":9994,"lang":"en","profile_background_image_url":"http:\/\/a1.twimg.com\/profile_background_images\/251627781\/NG_twit2.jpg","friends_count":466},"contributors":null,"in_reply_to_status_id":null,"source":"web","id_str":"124118946730348544","geo":null,"favorited":false,"id":124118946730348544,"coordinates":null,"in_reply_to_user_id":78332484,"truncated":false,"text":"@williswj #LeadNow Yes on 2001\/03 tax cuts, & social security will be strengthened by giving Americans more options: http:\/\/t.co\/HgW3fSaD","name":"NewtGingrich","boldText":"@williswj #LeadNow Yes on 2001\/03 tax <B>cut<\/B>s, & social security will be strengthened by giving Americans more options: http:\/\/t.co\/HgW3fSaD"},{"place":null,"retweet_count":1,"in_reply_to_screen_name":"Englishmanrocks","created_at":"Wed Oct 12 13:09:21 +0000 2011","retweeted":false,"in_reply_to_status_id_str":null,"in_reply_to_user_id_str":"28329797","user":{"time_zone":"Eastern Time (US & Canada)","profile_link_color":"2d4a92","protected":false,"created_at":"Thu Feb 12 20:18:08 +0000 2009","profile_image_url_https":"https:\/\/si0.twimg.com\/profile_images\/1266146219\/Newt_Approved_Headshot_normal.jpeg","name":"Newt Gingrich","geo_enabled":false,"favourites_count":0,"profile_background_color":"0a1735","default_profile_image":false,"notifications":null,"profile_background_tile":false,"utc_offset":-18000,"description":"Husband, father, grandfather, citizen, small businessman, author, former Speaker. I'm running for president to offer leadership to solve America's challenges.","default_profile":false,"statuses_count":2978,"following":null,"verified":true,"profile_sidebar_fill_color":"ffffff","followers_count":1340681,"profile_image_url":"http:\/\/a1.twimg.com\/profile_images\/1266146219\/Newt_Approved_Headshot_normal.jpeg","follow_request_sent":null,"profile_sidebar_border_color":"eaeaea","location":"","is_translator":false,"contributors_enabled":false,"screen_name":"newtgingrich","profile_use_background_image":true,"url":"http:\/\/Newt.org","id_str":"20713061","show_all_inline_media":false,"profile_background_image_url_https":"https:\/\/si0.twimg.com\/profile_background_images\/251627781\/NG_twit2.jpg","profile_text_color":"727272","id":20713061,"listed_count":9992,"lang":"en","profile_background_image_url":"http:\/\/a1.twimg.com\/profile_background_images\/251627781\/NG_twit2.jpg","friends_count":466},"contributors":null,"in_reply_to_status_id":null,"source":"web","id_str":"124109399840129024","geo":null,"favorited":false,"id":124109399840129024,"coordinates":null,"in_reply_to_user_id":28329797,"truncated":false,"text":"@Englishmanrocks #LeadNow We cut taxes and revenues rose dramatically. CBO needs to end its Keynesian modeling and use dynamic scoring now","name":"NewtGingrich","boldText":"@Englishmanrocks #LeadNow We <B>cut<\/B> taxes and revenues rose dramatically. CBO needs to end its Keynesian modeling and use dynamic scoring now"},{"possibly_sensitive":false,"place":null,"retweet_count":1,"in_reply_to_screen_name":"Tattoomejg","created_at":"Tue Oct 11 18:29:04 +0000 2011","retweeted":false,"in_reply_to_status_id_str":null,"in_reply_to_user_id_str":"385155604","user":{"time_zone":"Eastern Time (US & Canada)","profile_link_color":"2d4a92","protected":false,"created_at":"Thu Feb 12 20:18:08 +0000 2009","profile_image_url_https":"https:\/\/si0.twimg.com\/profile_images\/1266146219\/Newt_Approved_Headshot_normal.jpeg","name":"Newt Gingrich","geo_enabled":false,"favourites_count":0,"profile_background_color":"0a1735","default_profile_image":false,"notifications":null,"profile_background_tile":false,"utc_offset":-18000,"description":"Husband, father, grandfather, citizen, small businessman, author, former Speaker. I'm running for president to offer leadership to solve America's challenges.","statuses_count":2978,"following":null,"verified":true,"profile_sidebar_fill_color":"ffffff","followers_count":1340778,"profile_image_url":"http:\/\/a1.twimg.com\/profile_images\/1266146219\/Newt_Approved_Headshot_normal.jpeg","default_profile":false,"follow_request_sent":null,"profile_sidebar_border_color":"eaeaea","location":"","is_translator":false,"contributors_enabled":false,"screen_name":"newtgingrich","profile_use_background_image":true,"url":"http:\/\/Newt.org","id_str":"20713061","show_all_inline_media":false,"profile_background_image_url_https":"https:\/\/si0.twimg.com\/profile_background_images\/251627781\/NG_twit2.jpg","profile_text_color":"727272","id":20713061,"listed_count":9994,"lang":"en","profile_background_image_url":"http:\/\/a1.twimg.com\/profile_background_images\/251627781\/NG_twit2.jpg","friends_count":466},"contributors":null,"in_reply_to_status_id":null,"source":"web","id_str":"123827472394498048","geo":null,"favorited":false,"id":123827472394498048,"coordinates":null,"in_reply_to_user_id":385155604,"truncated":false,"text":"@Tattoomejg #LeadNow Thank U! Bold tax cuts & balanced budgets R at t\/top of my 21st Century Contract w\/Amer. Read here http:\/\/t.co\/XHsfZASF","name":"NewtGingrich","boldText":"@Tattoomejg #LeadNow Thank U! Bold tax <B>cut<\/B>s & balanced budgets R at t\/top of my 21st Century Contract w\/Amer. Read here http:\/\/t.co\/XHsfZASF"},{"possibly_sensitive":false,"place":null,"retweet_count":1,"in_reply_to_screen_name":"Rum_King","created_at":"Tue Oct 11 18:07:45 +0000 2011","retweeted":false,"in_reply_to_status_id_str":null,"in_reply_to_user_id_str":"292528004","user":{"time_zone":"Eastern Time (US & Canada)","profile_link_color":"2d4a92","protected":false,"created_at":"Thu Feb 12 20:18:08 +0000 2009","profile_image_url_https":"https:\/\/si0.twimg.com\/profile_images\/1266146219\/Newt_Approved_Headshot_normal.jpeg","name":"Newt Gingrich","geo_enabled":false,"favourites_count":0,"profile_background_color":"0a1735","default_profile_image":false,"notifications":null,"profile_background_tile":false,"utc_offset":-18000,"description":"Husband, father, grandfather, citizen, small businessman, author, former Speaker. I'm running for president to offer leadership to solve America's challenges.","statuses_count":2978,"following":null,"verified":true,"profile_sidebar_fill_color":"ffffff","followers_count":1340778,"profile_image_url":"http:\/\/a1.twimg.com\/profile_images\/1266146219\/Newt_Approved_Headshot_normal.jpeg","default_profile":false,"follow_request_sent":null,"profile_sidebar_border_color":"eaeaea","location":"","is_translator":false,"contributors_enabled":false,"screen_name":"newtgingrich","profile_use_background_image":true,"url":"http:\/\/Newt.org","id_str":"20713061","show_all_inline_media":false,"profile_background_image_url_https":"https:\/\/si0.twimg.com\/profile_background_images\/251627781\/NG_twit2.jpg","profile_text_color":"727272","id":20713061,"listed_count":9994,"lang":"en","profile_background_image_url":"http:\/\/a1.twimg.com\/profile_background_images\/251627781\/NG_twit2.jpg","friends_count":466},"contributors":null,"in_reply_to_status_id":null,"source":"web","id_str":"123822106407473152","geo":null,"favorited":false,"id":123822106407473152,"coordinates":null,"in_reply_to_user_id":292528004,"truncated":false,"text":"@Rum_King #LeadNow Dramatically reduce spending & gov\u2019t. We balanced budgets for 4 yrs & can do it again. My plan: http:\/\/t.co\/uXuVV9KO","name":"NewtGingrich","boldText":"@Rum_King #LeadNow Dramatically reduce <B>spending<\/B> & gov\u2019t. We balanced budgets for 4 yrs & can do it again. My plan: http:\/\/t.co\/uXuVV9KO"},{"possibly_sensitive":false,"place":null,"retweet_count":"100+","in_reply_to_screen_name":null,"created_at":"Mon Oct 03 23:09:53 +0000 2011","retweeted":false,"in_reply_to_status_id_str":null,"in_reply_to_user_id_str":null,"user":{"time_zone":"Eastern Time (US & Canada)","profile_link_color":"2d4a92","protected":false,"created_at":"Thu Feb 12 20:18:08 +0000 2009","profile_image_url_https":"https:\/\/si0.twimg.com\/profile_images\/1266146219\/Newt_Approved_Headshot_normal.jpeg","name":"Newt Gingrich","geo_enabled":false,"favourites_count":0,"profile_background_color":"0a1735","default_profile_image":false,"notifications":null,"profile_background_tile":false,"utc_offset":-18000,"description":"Husband, father, grandfather, citizen, small businessman, author, former Speaker. I'm running for president to offer leadership to solve America's challenges.","statuses_count":2978,"following":null,"verified":true,"profile_sidebar_fill_color":"ffffff","followers_count":1340778,"profile_image_url":"http:\/\/a1.twimg.com\/profile_images\/1266146219\/Newt_Approved_Headshot_normal.jpeg","default_profile":false,"follow_request_sent":null,"profile_sidebar_border_color":"eaeaea","location":"","is_translator":false,"contributors_enabled":false,"screen_name":"newtgingrich","profile_use_background_image":true,"url":"http:\/\/Newt.org","id_str":"20713061","show_all_inline_media":false,"profile_background_image_url_https":"https:\/\/si0.twimg.com\/profile_background_images\/251627781\/NG_twit2.jpg","profile_text_color":"727272","id":20713061,"listed_count":9994,"lang":"en","profile_background_image_url":"http:\/\/a1.twimg.com\/profile_background_images\/251627781\/NG_twit2.jpg","friends_count":466},"contributors":null,"in_reply_to_status_id":null,"source":"web","id_str":"120999039817883648","geo":null,"favorited":false,"id":120999039817883648,"coordinates":null,"in_reply_to_user_id":null,"truncated":false,"text":"Outraged at Bank of America's $5 fee? @IBDeditorials points out we can thank Dodd-Frank: http:\/\/t.co\/ln93T789 Five more reasons to repeal...","name":"NewtGingrich","boldText":"Outraged at <B>Bank<\/B> of America's $5 fee? @IBDeditorials points out we can thank Dodd-Frank: http:\/\/t.co\/ln93T789 Five more reasons to repeal..."},{"place":null,"retweet_count":1,"in_reply_to_screen_name":"WmSWade","created_at":"Mon Oct 03 19:50:23 +0000 2011","retweeted":false,"in_reply_to_status_id_str":"120933823453204480","in_reply_to_user_id_str":"353741893","user":{"time_zone":"Eastern Time (US & Canada)","profile_link_color":"2d4a92","protected":false,"created_at":"Thu Feb 12 20:18:08 +0000 2009","profile_image_url_https":"https:\/\/si0.twimg.com\/profile_images\/1266146219\/Newt_Approved_Headshot_normal.jpeg","name":"Newt Gingrich","geo_enabled":false,"favourites_count":0,"profile_background_color":"0a1735","default_profile_image":false,"notifications":null,"profile_background_tile":false,"utc_offset":-18000,"description":"Husband, father, grandfather, citizen, small businessman, author, former Speaker. I'm running for president to offer leadership to solve America's challenges.","statuses_count":2978,"following":null,"verified":true,"profile_sidebar_fill_color":"ffffff","followers_count":1340778,"profile_image_url":"http:\/\/a1.twimg.com\/profile_images\/1266146219\/Newt_Approved_Headshot_normal.jpeg","default_profile":false,"follow_request_sent":null,"profile_sidebar_border_color":"eaeaea","location":"","is_translator":false,"contributors_enabled":false,"screen_name":"newtgingrich","profile_use_background_image":true,"url":"http:\/\/Newt.org","id_str":"20713061","show_all_inline_media":false,"profile_background_image_url_https":"https:\/\/si0.twimg.com\/profile_background_images\/251627781\/NG_twit2.jpg","profile_text_color":"727272","id":20713061,"listed_count":9994,"lang":"en","profile_background_image_url":"http:\/\/a1.twimg.com\/profile_background_images\/251627781\/NG_twit2.jpg","friends_count":466},"contributors":null,"in_reply_to_status_id":120933823453204480,"source":"<a href=\"http:\/\/blackberry.com\/twitter\" rel=\"nofollow\">Twitter for BlackBerry\u00ae<\/a>","id_str":"120948834523283456","geo":null,"favorited":false,"id":120948834523283456,"coordinates":null,"in_reply_to_user_id":353741893,"truncated":false,"text":"@WmSWade thanks it was a great meeting focused on jobs, housing and economic growth","name":"NewtGingrich","boldText":"@WmSWade thanks it was a great meeting focused on jobs, housing and <B>economic<\/B> <B><B>growth<\/B><\/B>"},{"place":null,"retweet_count":18,"in_reply_to_screen_name":"gatorDennis","created_at":"Sun Oct 02 22:39:40 +0000 2011","retweeted":false,"in_reply_to_status_id_str":"120610081879498752","in_reply_to_user_id_str":"267322485","user":{"time_zone":"Eastern Time (US & Canada)","profile_link_color":"2d4a92","protected":false,"created_at":"Thu Feb 12 20:18:08 +0000 2009","profile_image_url_https":"https:\/\/si0.twimg.com\/profile_images\/1266146219\/Newt_Approved_Headshot_normal.jpeg","name":"Newt Gingrich","geo_enabled":false,"favourites_count":0,"profile_background_color":"0a1735","default_profile_image":false,"notifications":null,"profile_background_tile":false,"utc_offset":-18000,"description":"Husband, father, grandfather, citizen, small businessman, author, former Speaker. I'm running for president to offer leadership to solve America's challenges.","statuses_count":2978,"following":null,"verified":true,"profile_sidebar_fill_color":"ffffff","followers_count":1340778,"profile_image_url":"http:\/\/a1.twimg.com\/profile_images\/1266146219\/Newt_Approved_Headshot_normal.jpeg","default_profile":false,"follow_request_sent":null,"profile_sidebar_border_color":"eaeaea","location":"","is_translator":false,"contributors_enabled":false,"screen_name":"newtgingrich","profile_use_background_image":true,"url":"http:\/\/Newt.org","id_str":"20713061","show_all_inline_media":false,"profile_background_image_url_https":"https:\/\/si0.twimg.com\/profile_background_images\/251627781\/NG_twit2.jpg","profile_text_color":"727272","id":20713061,"listed_count":9994,"lang":"en","profile_background_image_url":"http:\/\/a1.twimg.com\/profile_background_images\/251627781\/NG_twit2.jpg","friends_count":466},"contributors":null,"in_reply_to_status_id":120610081879498752,"source":"<a href=\"http:\/\/blackberry.com\/twitter\" rel=\"nofollow\">Twitter for BlackBerry\u00ae<\/a>","id_str":"120629046588612608","geo":null,"favorited":false,"id":120629046588612608,"coordinates":null,"in_reply_to_user_id":267322485,"truncated":false,"text":"@gatorDennis I have already committed to a first day executive order stopping all federal support for agenda 21","name":"NewtGingrich","boldText":"@gatorDennis I have already committed to a first day exe<B>cut<\/B>ive order stopping all federal support for agenda 21"},{"place":null,"retweet_count":12,"in_reply_to_screen_name":"Jackson117","created_at":"Tue Sep 27 23:56:46 +0000 2011","retweeted":false,"in_reply_to_status_id_str":"118820474636603392","in_reply_to_user_id_str":"37290695","user":{"time_zone":"Eastern Time (US & Canada)","profile_link_color":"2d4a92","protected":false,"created_at":"Thu Feb 12 20:18:08 +0000 2009","profile_image_url_https":"https:\/\/si0.twimg.com\/profile_images\/1266146219\/Newt_Approved_Headshot_normal.jpeg","name":"Newt Gingrich","geo_enabled":false,"favourites_count":0,"profile_background_color":"0a1735","default_profile_image":false,"notifications":null,"profile_background_tile":false,"utc_offset":-18000,"description":"Husband, father, grandfather, citizen, small businessman, author, former Speaker. I'm running for president to offer leadership to solve America's challenges.","statuses_count":2978,"following":null,"verified":true,"profile_sidebar_fill_color":"ffffff","followers_count":1340778,"profile_image_url":"http:\/\/a1.twimg.com\/profile_images\/1266146219\/Newt_Approved_Headshot_normal.jpeg","default_profile":false,"follow_request_sent":null,"profile_sidebar_border_color":"eaeaea","location":"","is_translator":false,"contributors_enabled":false,"screen_name":"newtgingrich","profile_use_background_image":true,"url":"http:\/\/Newt.org","id_str":"20713061","show_all_inline_media":false,"profile_background_image_url_https":"https:\/\/si0.twimg.com\/profile_background_images\/251627781\/NG_twit2.jpg","profile_text_color":"727272","id":20713061,"listed_count":9994,"lang":"en","profile_background_image_url":"http:\/\/a1.twimg.com\/profile_background_images\/251627781\/NG_twit2.jpg","friends_count":466},"contributors":null,"in_reply_to_status_id":118820474636603392,"source":"<a href=\"http:\/\/blackberry.com\/twitter\" rel=\"nofollow\">Twitter for BlackBerry\u00ae<\/a>","id_str":"118836510270296064","geo":null,"favorited":false,"id":118836510270296064,"coordinates":null,"in_reply_to_user_id":37290695,"truncated":false,"text":"@Jackson117 I am opposed to UN agenda 21 and will issue an executive order stopping federal agencies from promoting it on the first day","name":"NewtGingrich","boldText":"@Jackson117 I am opposed to UN agenda 21 and will issue an exe<B>cut<\/B>ive order stopping federal agencies from promoting it on the first day"},{"place":null,"retweet_count":0,"in_reply_to_screen_name":"targetmarketpro","created_at":"Mon Sep 26 09:32:40 +0000 2011","retweeted":false,"in_reply_to_status_id_str":"118195028786024448","in_reply_to_user_id_str":"186723188","user":{"time_zone":"Eastern Time (US & Canada)","profile_link_color":"2d4a92","protected":false,"created_at":"Thu Feb 12 20:18:08 +0000 2009","profile_image_url_https":"https:\/\/si0.twimg.com\/profile_images\/1266146219\/Newt_Approved_Headshot_normal.jpeg","name":"Newt Gingrich","geo_enabled":false,"favourites_count":0,"profile_background_color":"0a1735","default_profile_image":false,"notifications":null,"profile_background_tile":false,"utc_offset":-18000,"description":"Husband, father, grandfather, citizen, small businessman, author, former Speaker. I'm running for president to offer leadership to solve America's challenges.","statuses_count":2978,"following":null,"verified":true,"profile_sidebar_fill_color":"ffffff","followers_count":1340778,"profile_image_url":"http:\/\/a1.twimg.com\/profile_images\/1266146219\/Newt_Approved_Headshot_normal.jpeg","default_profile":false,"follow_request_sent":null,"profile_sidebar_border_color":"eaeaea","location":"","is_translator":false,"contributors_enabled":false,"screen_name":"newtgingrich","profile_use_background_image":true,"url":"http:\/\/Newt.org","id_str":"20713061","show_all_inline_media":false,"profile_background_image_url_https":"https:\/\/si0.twimg.com\/profile_background_images\/251627781\/NG_twit2.jpg","profile_text_color":"727272","id":20713061,"listed_count":9994,"lang":"en","profile_background_image_url":"http:\/\/a1.twimg.com\/profile_background_images\/251627781\/NG_twit2.jpg","friends_count":466},"contributors":null,"in_reply_to_status_id":118195028786024448,"source":"<a href=\"http:\/\/blackberry.com\/twitter\" rel=\"nofollow\">Twitter for BlackBerry\u00ae<\/a>","id_str":"118256664049750016","geo":null,"favorited":false,"id":118256664049750016,"coordinates":null,"in_reply_to_user_id":186723188,"truncated":false,"text":"@targetmarketpro drucker's effective executive","name":"NewtGingrich","boldText":"@targetmarketpro drucker's effective exe<B>cut<\/B>ive"},{"place":null,"retweet_count":71,"in_reply_to_screen_name":null,"created_at":"Wed Sep 21 19:01:55 +0000 2011","retweeted":false,"in_reply_to_status_id_str":null,"in_reply_to_user_id_str":null,"user":{"time_zone":"Eastern Time (US & Canada)","profile_link_color":"2d4a92","protected":false,"created_at":"Thu Feb 12 20:18:08 +0000 2009","profile_image_url_https":"https:\/\/si0.twimg.com\/profile_images\/1266146219\/Newt_Approved_Headshot_normal.jpeg","name":"Newt Gingrich","geo_enabled":false,"favourites_count":0,"profile_background_color":"0a1735","default_profile_image":false,"notifications":null,"profile_background_tile":false,"utc_offset":-18000,"description":"Husband, father, grandfather, citizen, small businessman, author, former Speaker. I'm running for president to offer leadership to solve America's challenges.","statuses_count":2978,"following":null,"verified":true,"profile_sidebar_fill_color":"ffffff","followers_count":1340778,"profile_image_url":"http:\/\/a1.twimg.com\/profile_images\/1266146219\/Newt_Approved_Headshot_normal.jpeg","default_profile":false,"follow_request_sent":null,"profile_sidebar_border_color":"eaeaea","location":"","is_translator":false,"contributors_enabled":false,"screen_name":"newtgingrich","profile_use_background_image":true,"url":"http:\/\/Newt.org","id_str":"20713061","show_all_inline_media":false,"profile_background_image_url_https":"https:\/\/si0.twimg.com\/profile_background_images\/251627781\/NG_twit2.jpg","profile_text_color":"727272","id":20713061,"listed_count":9994,"lang":"en","profile_background_image_url":"http:\/\/a1.twimg.com\/profile_background_images\/251627781\/NG_twit2.jpg","friends_count":466},"contributors":null,"in_reply_to_status_id":null,"source":"web","id_str":"116587980059197441","geo":null,"favorited":false,"id":116587980059197441,"coordinates":null,"in_reply_to_user_id":null,"truncated":false,"text":"Fed Reserve should not be making economic policy. As Pres., I'll work to return Fed to focusing solely on stable prices and low inflation.","name":"NewtGingrich","boldText":"Fed Reserve should not be making <B>economic<\/B> policy. As Pres., I'll work to return Fed to focusing solely on stable prices and low inflation."},{"possibly_sensitive":false,"place":null,"retweet_count":0,"in_reply_to_screen_name":null,"created_at":"Mon Jun 13 22:03:59 +0000 2011","retweeted":false,"in_reply_to_status_id_str":null,"in_reply_to_user_id_str":null,"user":{"time_zone":null,"profile_link_color":"0084B4","protected":false,"created_at":"Fri Feb 18 14:00:10 +0000 2011","profile_image_url_https":"https:\/\/si0.twimg.com\/profile_images\/1341608289\/huffingtonpost_normal.png","name":"Newt Gingrich News","geo_enabled":false,"favourites_count":0,"profile_background_color":"C0DEED","default_profile_image":false,"notifications":null,"profile_background_tile":false,"utc_offset":null,"description":"Newt Gingrich: Breaking news and updates from HuffPost","statuses_count":327,"following":null,"verified":false,"profile_sidebar_fill_color":"DDEEF6","followers_count":56,"profile_image_url":"http:\/\/a1.twimg.com\/profile_images\/1341608289\/huffingtonpost_normal.png","follow_request_sent":null,"profile_sidebar_border_color":"C0DEED","location":null,"is_translator":false,"default_profile":true,"contributors_enabled":false,"screen_name":"NewtG_News","profile_use_background_image":true,"url":null,"id_str":"254049462","show_all_inline_media":false,"profile_background_image_url_https":"https:\/\/si0.twimg.com\/images\/themes\/theme1\/bg.png","profile_text_color":"333333","id":254049462,"listed_count":5,"lang":"en","profile_background_image_url":"http:\/\/a0.twimg.com\/images\/themes\/theme1\/bg.png","friends_count":0},"contributors":null,"in_reply_to_status_id":null,"source":"<a href=\"http:\/\/www.huffingtonpost.com\" rel=\"nofollow\">The Huffington Post<\/a>","id_str":"80395014693322752","geo":null,"favorited":false,"id":80395014693322752,"coordinates":null,"in_reply_to_user_id":null,"truncated":false,"text":"The Question For Tonight's GOP Debate About The Bush Tax Cuts http:\/\/huff.to\/jk8rbW","name":"NewtG_News","boldText":"The Question For Tonight's GOP Debate About The Bush Tax <B>Cut<\/B>s http:\/\/huff.to\/jk8rbW"}]