[{"possibly_sensitive":false,"place":null,"retweet_count":1,"in_reply_to_screen_name":null,"created_at":"Fri Oct 28 18:38:59 +0000 2011","retweeted":false,"in_reply_to_status_id_str":null,"in_reply_to_user_id_str":null,"user":{"time_zone":"Central Time (US & Canada)","profile_link_color":"2d4a92","protected":false,"created_at":"Thu Feb 24 22:53:03 +0000 2011","profile_image_url_https":"https:\/\/si0.twimg.com\/profile_images\/1358814555\/FB_share_normal.jpg","name":"Newt 2012 Campaign","geo_enabled":false,"favourites_count":0,"profile_background_color":"0a1735","default_profile_image":false,"notifications":false,"profile_background_tile":false,"utc_offset":-21600,"description":"The Official twitter account for Newt 2012 ","statuses_count":2201,"following":true,"verified":false,"profile_sidebar_fill_color":"ffffff","followers_count":8603,"profile_image_url":"http:\/\/a1.twimg.com\/profile_images\/1358814555\/FB_share_normal.jpg","follow_request_sent":false,"profile_sidebar_border_color":"eaeaea","location":"Atlanta, GA","is_translator":false,"default_profile":false,"contributors_enabled":false,"screen_name":"Newt2012HQ","profile_use_background_image":true,"url":"http:\/\/newt.org","id_str":"257193354","show_all_inline_media":false,"profile_background_image_url_https":"https:\/\/si0.twimg.com\/profile_background_images\/251658738\/NG_twit2.jpg","profile_text_color":"727272","id":257193354,"listed_count":352,"lang":"en","profile_background_image_url":"http:\/\/a1.twimg.com\/profile_background_images\/251658738\/NG_twit2.jpg","friends_count":1795},"contributors":null,"in_reply_to_status_id":null,"source":"<a href=\"http:\/\/www.tweetdeck.com\" rel=\"nofollow\">TweetDeck<\/a>","id_str":"129990560776855552","geo":null,"favorited":false,"id":129990560776855552,"coordinates":null,"in_reply_to_user_id":null,"truncated":false,"text":"RT @awaldeck They've stopped letting people into the Chick-Fil-A in Greenville for @newtgingrich townhall http:\/\/t.co\/sN7uNLko","name":"Newt2012HQ","boldText":"RT @awaldeck They've stopped letting people into the Chick-Fil-A in <B>Green<\/B>ville for @newtgingrich townhall http:\/\/t.co\/sN7uNLko"},{"possibly_sensitive":false,"place":null,"retweet_count":1,"in_reply_to_screen_name":null,"created_at":"Fri Oct 28 18:24:44 +0000 2011","retweeted":false,"in_reply_to_status_id_str":null,"in_reply_to_user_id_str":null,"user":{"time_zone":"Central Time (US & Canada)","profile_link_color":"2d4a92","protected":false,"created_at":"Thu Feb 24 22:53:03 +0000 2011","profile_image_url_https":"https:\/\/si0.twimg.com\/profile_images\/1358814555\/FB_share_normal.jpg","name":"Newt 2012 Campaign","geo_enabled":false,"favourites_count":0,"profile_background_color":"0a1735","default_profile_image":false,"notifications":false,"profile_background_tile":false,"utc_offset":-21600,"description":"The Official twitter account for Newt 2012 ","statuses_count":2203,"following":true,"verified":false,"profile_sidebar_fill_color":"ffffff","followers_count":8611,"profile_image_url":"http:\/\/a1.twimg.com\/profile_images\/1358814555\/FB_share_normal.jpg","default_profile":false,"follow_request_sent":false,"profile_sidebar_border_color":"eaeaea","location":"Atlanta, GA","is_translator":false,"contributors_enabled":false,"screen_name":"Newt2012HQ","profile_use_background_image":true,"url":"http:\/\/newt.org","id_str":"257193354","show_all_inline_media":false,"profile_background_image_url_https":"https:\/\/si0.twimg.com\/profile_background_images\/251658738\/NG_twit2.jpg","profile_text_color":"727272","id":257193354,"listed_count":352,"lang":"en","profile_background_image_url":"http:\/\/a1.twimg.com\/profile_background_images\/251658738\/NG_twit2.jpg","friends_count":1797},"contributors":null,"in_reply_to_status_id":null,"source":"<a href=\"http:\/\/www.tweetdeck.com\" rel=\"nofollow\">TweetDeck<\/a>","id_str":"129986975066365952","geo":null,"favorited":false,"id":129986975066365952,"coordinates":null,"in_reply_to_user_id":null,"truncated":false,"text":"RT @Newt2012SC RT @AndrewM_Bell @newtgingrich in Greenville, SC @Newt2012HQ #packedhouse http:\/\/t.co\/PMVXSRq5","name":"Newt2012HQ","boldText":"RT @Newt2012SC RT @AndrewM_Bell @newtgingrich in <B>Green<\/B>ville, SC @Newt2012HQ #packedhouse http:\/\/t.co\/PMVXSRq5"},{"possibly_sensitive":false,"place":null,"retweet_count":5,"in_reply_to_screen_name":null,"created_at":"Fri Oct 28 18:24:10 +0000 2011","retweeted":false,"in_reply_to_status_id_str":null,"in_reply_to_user_id_str":null,"user":{"time_zone":"Central Time (US & Canada)","profile_link_color":"2d4a92","protected":false,"created_at":"Thu Feb 24 22:53:03 +0000 2011","profile_image_url_https":"https:\/\/si0.twimg.com\/profile_images\/1358814555\/FB_share_normal.jpg","name":"Newt 2012 Campaign","geo_enabled":false,"favourites_count":0,"profile_background_color":"0a1735","default_profile_image":false,"notifications":false,"profile_background_tile":false,"utc_offset":-21600,"description":"The Official twitter account for Newt 2012 ","statuses_count":2203,"following":true,"verified":false,"profile_sidebar_fill_color":"ffffff","followers_count":8610,"profile_image_url":"http:\/\/a1.twimg.com\/profile_images\/1358814555\/FB_share_normal.jpg","follow_request_sent":false,"profile_sidebar_border_color":"eaeaea","location":"Atlanta, GA","is_translator":false,"default_profile":false,"contributors_enabled":false,"screen_name":"Newt2012HQ","profile_use_background_image":true,"url":"http:\/\/newt.org","id_str":"257193354","show_all_inline_media":false,"profile_background_image_url_https":"https:\/\/si0.twimg.com\/profile_background_images\/251658738\/NG_twit2.jpg","profile_text_color":"727272","id":257193354,"listed_count":352,"lang":"en","profile_background_image_url":"http:\/\/a1.twimg.com\/profile_background_images\/251658738\/NG_twit2.jpg","friends_count":1795},"contributors":null,"in_reply_to_status_id":null,"source":"web","id_str":"129986834003542016","geo":null,"favorited":false,"id":129986834003542016,"coordinates":null,"in_reply_to_user_id":null,"truncated":false,"text":"WATCH: Newt's packed townhall at a Chick-fil-A in Greenville, SC is streaming live now @CNNLive http:\/\/t.co\/E1R8v3xQ","name":"Newt2012HQ","boldText":"WATCH: Newt's packed townhall at a Chick-fil-A in <B>Green<\/B>ville, SC is streaming live now @CNNLive http:\/\/t.co\/E1R8v3xQ"},{"possibly_sensitive":false,"place":null,"retweet_count":1,"in_reply_to_screen_name":null,"created_at":"Fri Oct 28 18:15:52 +0000 2011","retweeted":false,"in_reply_to_status_id_str":null,"in_reply_to_user_id_str":null,"user":{"time_zone":"Central Time (US & Canada)","profile_link_color":"2d4a92","protected":false,"created_at":"Thu Feb 24 22:53:03 +0000 2011","profile_image_url_https":"https:\/\/si0.twimg.com\/profile_images\/1358814555\/FB_share_normal.jpg","name":"Newt 2012 Campaign","default_profile":false,"geo_enabled":false,"favourites_count":0,"profile_background_color":"0a1735","default_profile_image":false,"notifications":false,"profile_background_tile":false,"utc_offset":-21600,"description":"The Official twitter account for Newt 2012 ","statuses_count":2201,"following":true,"verified":false,"profile_sidebar_fill_color":"ffffff","followers_count":8608,"profile_image_url":"http:\/\/a1.twimg.com\/profile_images\/1358814555\/FB_share_normal.jpg","follow_request_sent":false,"profile_sidebar_border_color":"eaeaea","location":"Atlanta, GA","is_translator":false,"contributors_enabled":false,"screen_name":"Newt2012HQ","profile_use_background_image":true,"url":"http:\/\/newt.org","id_str":"257193354","show_all_inline_media":false,"profile_background_image_url_https":"https:\/\/si0.twimg.com\/profile_background_images\/251658738\/NG_twit2.jpg","profile_text_color":"727272","id":257193354,"listed_count":352,"lang":"en","profile_background_image_url":"http:\/\/a1.twimg.com\/profile_background_images\/251658738\/NG_twit2.jpg","friends_count":1795},"contributors":null,"in_reply_to_status_id":null,"source":"<a href=\"http:\/\/www.tweetdeck.com\" rel=\"nofollow\">TweetDeck<\/a>","id_str":"129984745420488706","geo":null,"favorited":false,"id":129984745420488706,"coordinates":null,"in_reply_to_user_id":null,"truncated":false,"text":"RT @Newt2012SC RT @ReaganCKelley . @newtgingrich and I at @HighCottonGVL in Greenville,SC #gop #gop2012 http:\/\/t.co\/ZkHhIIIh","name":"Newt2012HQ","boldText":"RT @Newt2012SC RT @ReaganCKelley . @newtgingrich and I at @HighCottonGVL in <B>Green<\/B>ville,SC #gop #gop2012 http:\/\/t.co\/ZkHhIIIh"},{"place":null,"retweet_count":0,"in_reply_to_screen_name":"JsrRoger","created_at":"Sun Oct 16 22:37:43 +0000 2011","retweeted":false,"in_reply_to_status_id_str":"125658318176911360","in_reply_to_user_id_str":"293745809","user":{"time_zone":"Eastern Time (US & Canada)","profile_link_color":"2d4a92","protected":false,"created_at":"Thu Feb 12 20:18:08 +0000 2009","profile_image_url_https":"https:\/\/si0.twimg.com\/profile_images\/1266146219\/Newt_Approved_Headshot_normal.jpeg","name":"Newt Gingrich","geo_enabled":false,"favourites_count":0,"profile_background_color":"0a1735","default_profile_image":false,"notifications":null,"profile_background_tile":false,"utc_offset":-18000,"description":"Husband, father, grandfather, citizen, small businessman, author, former Speaker. I'm running for president to offer leadership to solve America's challenges.","statuses_count":2978,"following":null,"verified":true,"profile_sidebar_fill_color":"ffffff","followers_count":1340778,"profile_image_url":"http:\/\/a1.twimg.com\/profile_images\/1266146219\/Newt_Approved_Headshot_normal.jpeg","default_profile":false,"follow_request_sent":null,"profile_sidebar_border_color":"eaeaea","location":"","is_translator":false,"contributors_enabled":false,"screen_name":"newtgingrich","profile_use_background_image":true,"url":"http:\/\/Newt.org","id_str":"20713061","show_all_inline_media":false,"profile_background_image_url_https":"https:\/\/si0.twimg.com\/profile_background_images\/251627781\/NG_twit2.jpg","profile_text_color":"727272","id":20713061,"listed_count":9994,"lang":"en","profile_background_image_url":"http:\/\/a1.twimg.com\/profile_background_images\/251627781\/NG_twit2.jpg","friends_count":466},"contributors":null,"in_reply_to_status_id":125658318176911360,"source":"<a href=\"http:\/\/blackberry.com\/twitter\" rel=\"nofollow\">Twitter for BlackBerry\u00ae<\/a>","id_str":"125701984312492033","geo":null,"favorited":false,"id":125701984312492033,"coordinates":null,"in_reply_to_user_id":293745809,"truncated":false,"text":"@JsrRoger that was a fun event at kathy's coffee shop-she and paul realy liked living in greensboro-","name":"NewtGingrich","boldText":"@JsrRoger that was a fun event at kathy's coffee shop-she and paul realy liked living in <B>green<\/B>sboro-"},{"possibly_sensitive":false,"place":null,"retweet_count":4,"in_reply_to_screen_name":"coreyoliver","created_at":"Tue Oct 11 21:24:32 +0000 2011","retweeted":false,"in_reply_to_status_id_str":null,"in_reply_to_user_id_str":"34706436","user":{"time_zone":"Eastern Time (US & Canada)","profile_link_color":"2d4a92","protected":false,"created_at":"Thu Feb 12 20:18:08 +0000 2009","profile_image_url_https":"https:\/\/si0.twimg.com\/profile_images\/1266146219\/Newt_Approved_Headshot_normal.jpeg","name":"Newt Gingrich","geo_enabled":false,"favourites_count":0,"profile_background_color":"0a1735","default_profile_image":false,"notifications":null,"profile_background_tile":false,"utc_offset":-18000,"description":"Husband, father, grandfather, citizen, small businessman, author, former Speaker. I'm running for president to offer leadership to solve America's challenges.","statuses_count":2978,"following":null,"verified":true,"profile_sidebar_fill_color":"ffffff","followers_count":1340778,"profile_image_url":"http:\/\/a1.twimg.com\/profile_images\/1266146219\/Newt_Approved_Headshot_normal.jpeg","default_profile":false,"follow_request_sent":null,"profile_sidebar_border_color":"eaeaea","location":"","is_translator":false,"contributors_enabled":false,"screen_name":"newtgingrich","profile_use_background_image":true,"url":"http:\/\/Newt.org","id_str":"20713061","show_all_inline_media":false,"profile_background_image_url_https":"https:\/\/si0.twimg.com\/profile_background_images\/251627781\/NG_twit2.jpg","profile_text_color":"727272","id":20713061,"listed_count":9994,"lang":"en","profile_background_image_url":"http:\/\/a1.twimg.com\/profile_background_images\/251627781\/NG_twit2.jpg","friends_count":466},"contributors":null,"in_reply_to_status_id":null,"source":"web","id_str":"123871629011988480","geo":null,"favorited":false,"id":123871629011988480,"coordinates":null,"in_reply_to_user_id":34706436,"truncated":false,"text":"@coreyoliver #LeadNow Day 1 exec order 2 resume permits in W Gulf, sign bill in first 100 days to open E Gulf. My plan: http:\/\/t.co\/nUxrMoR6","name":"NewtGingrich","boldText":"@coreyoliver #LeadNow Day 1 exec order 2 resume permits in W <B>Gulf<\/B>, sign bill in first 100 days to open E <B>Gulf<\/B>. My plan: http:\/\/t.co\/nUxrMoR6"},{"possibly_sensitive":false,"place":null,"retweet_count":1,"in_reply_to_screen_name":"jrsjr","created_at":"Tue Oct 11 19:10:47 +0000 2011","retweeted":false,"in_reply_to_status_id_str":null,"in_reply_to_user_id_str":"11346462","user":{"time_zone":"Eastern Time (US & Canada)","profile_link_color":"2d4a92","protected":false,"created_at":"Thu Feb 12 20:18:08 +0000 2009","profile_image_url_https":"https:\/\/si0.twimg.com\/profile_images\/1266146219\/Newt_Approved_Headshot_normal.jpeg","name":"Newt Gingrich","geo_enabled":false,"favourites_count":0,"profile_background_color":"0a1735","default_profile_image":false,"notifications":null,"profile_background_tile":false,"utc_offset":-18000,"description":"Husband, father, grandfather, citizen, small businessman, author, former Speaker. I'm running for president to offer leadership to solve America's challenges.","statuses_count":2978,"following":null,"verified":true,"profile_sidebar_fill_color":"ffffff","followers_count":1340778,"profile_image_url":"http:\/\/a1.twimg.com\/profile_images\/1266146219\/Newt_Approved_Headshot_normal.jpeg","default_profile":false,"follow_request_sent":null,"profile_sidebar_border_color":"eaeaea","location":"","is_translator":false,"contributors_enabled":false,"screen_name":"newtgingrich","profile_use_background_image":true,"url":"http:\/\/Newt.org","id_str":"20713061","show_all_inline_media":false,"profile_background_image_url_https":"https:\/\/si0.twimg.com\/profile_background_images\/251627781\/NG_twit2.jpg","profile_text_color":"727272","id":20713061,"listed_count":9994,"lang":"en","profile_background_image_url":"http:\/\/a1.twimg.com\/profile_background_images\/251627781\/NG_twit2.jpg","friends_count":466},"contributors":null,"in_reply_to_status_id":null,"source":"web","id_str":"123837971072958464","geo":null,"favorited":false,"id":123837971072958464,"coordinates":null,"in_reply_to_user_id":11346462,"truncated":false,"text":"@jrsjr #LeadNow Open E Gulf, outer cont shelf, rockies to development; Approve Keystone pipeline; Replace EPA. My plan: http:\/\/t.co\/nUxrMoR6","name":"NewtGingrich","boldText":"@jrsjr #LeadNow Open E <B>Gulf<\/B>, outer cont shelf, rockies to development; Approve Keystone pipeline; Replace EPA. My plan: http:\/\/t.co\/nUxrMoR6"},{"place":null,"retweet_count":3,"in_reply_to_screen_name":"HisWayMedia","created_at":"Mon Oct 03 19:49:19 +0000 2011","retweeted":false,"in_reply_to_status_id_str":"120943436231741440","in_reply_to_user_id_str":"246514807","user":{"time_zone":"Eastern Time (US & Canada)","profile_link_color":"2d4a92","protected":false,"created_at":"Thu Feb 12 20:18:08 +0000 2009","profile_image_url_https":"https:\/\/si0.twimg.com\/profile_images\/1266146219\/Newt_Approved_Headshot_normal.jpeg","name":"Newt Gingrich","geo_enabled":false,"favourites_count":0,"profile_background_color":"0a1735","default_profile_image":false,"notifications":null,"profile_background_tile":false,"utc_offset":-18000,"description":"Husband, father, grandfather, citizen, small businessman, author, former Speaker. I'm running for president to offer leadership to solve America's challenges.","statuses_count":2978,"following":null,"verified":true,"profile_sidebar_fill_color":"ffffff","followers_count":1340778,"profile_image_url":"http:\/\/a1.twimg.com\/profile_images\/1266146219\/Newt_Approved_Headshot_normal.jpeg","default_profile":false,"follow_request_sent":null,"profile_sidebar_border_color":"eaeaea","location":"","is_translator":false,"contributors_enabled":false,"screen_name":"newtgingrich","profile_use_background_image":true,"url":"http:\/\/Newt.org","id_str":"20713061","show_all_inline_media":false,"profile_background_image_url_https":"https:\/\/si0.twimg.com\/profile_background_images\/251627781\/NG_twit2.jpg","profile_text_color":"727272","id":20713061,"listed_count":9994,"lang":"en","profile_background_image_url":"http:\/\/a1.twimg.com\/profile_background_images\/251627781\/NG_twit2.jpg","friends_count":466},"contributors":null,"in_reply_to_status_id":120943436231741440,"source":"<a href=\"http:\/\/blackberry.com\/twitter\" rel=\"nofollow\">Twitter for BlackBerry\u00ae<\/a>","id_str":"120948564301066240","geo":null,"favorited":false,"id":120948564301066240,"coordinates":null,"in_reply_to_user_id":246514807,"truncated":false,"text":"@HisWayMedia would replace the EPA with an environmental solutions agency based on common sense and collaboration","name":"NewtGingrich","boldText":"@HisWayMedia would replace the EPA with an <B>environment<\/B>al solutions agency based on common sense and collaboration"},{"possibly_sensitive":false,"place":null,"retweet_count":0,"in_reply_to_screen_name":null,"created_at":"Thu Sep 15 16:02:18 +0000 2011","retweeted":false,"in_reply_to_status_id_str":null,"in_reply_to_user_id_str":null,"user":{"time_zone":null,"profile_link_color":"0084B4","protected":false,"created_at":"Fri Feb 18 14:00:10 +0000 2011","profile_image_url_https":"https:\/\/si0.twimg.com\/profile_images\/1341608289\/huffingtonpost_normal.png","name":"Newt Gingrich News","geo_enabled":false,"favourites_count":0,"profile_background_color":"C0DEED","default_profile_image":false,"notifications":null,"profile_background_tile":false,"utc_offset":null,"description":"Newt Gingrich: Breaking news and updates from HuffPost","statuses_count":327,"following":null,"verified":false,"profile_sidebar_fill_color":"DDEEF6","followers_count":56,"profile_image_url":"http:\/\/a1.twimg.com\/profile_images\/1341608289\/huffingtonpost_normal.png","follow_request_sent":null,"profile_sidebar_border_color":"C0DEED","location":null,"is_translator":false,"default_profile":true,"contributors_enabled":false,"screen_name":"NewtG_News","profile_use_background_image":true,"url":null,"id_str":"254049462","show_all_inline_media":false,"profile_background_image_url_https":"https:\/\/si0.twimg.com\/images\/themes\/theme1\/bg.png","profile_text_color":"333333","id":254049462,"listed_count":5,"lang":"en","profile_background_image_url":"http:\/\/a0.twimg.com\/images\/themes\/theme1\/bg.png","friends_count":0},"contributors":null,"in_reply_to_status_id":null,"source":"<a href=\"http:\/\/www.huffingtonpost.com\" rel=\"nofollow\">The Huffington Post<\/a>","id_str":"114368451610550272","geo":null,"favorited":false,"id":114368451610550272,"coordinates":null,"in_reply_to_user_id":null,"truncated":false,"text":"Waxman Calls House Most Anti-Environment 'In History' http:\/\/t.co\/mS2KUyt6","name":"NewtG_News","boldText":"Waxman Calls House Most Anti-<B>Environment<\/B> 'In History' http:\/\/t.co\/mS2KUyt6"},{"possibly_sensitive":false,"place":null,"retweet_count":0,"in_reply_to_screen_name":null,"created_at":"Thu Aug 25 15:08:46 +0000 2011","retweeted":false,"in_reply_to_status_id_str":null,"in_reply_to_user_id_str":null,"user":{"time_zone":null,"profile_link_color":"0084B4","protected":false,"created_at":"Fri Feb 18 14:00:10 +0000 2011","profile_image_url_https":"https:\/\/si0.twimg.com\/profile_images\/1341608289\/huffingtonpost_normal.png","name":"Newt Gingrich News","geo_enabled":false,"favourites_count":0,"profile_background_color":"C0DEED","default_profile_image":false,"notifications":null,"profile_background_tile":false,"utc_offset":null,"description":"Newt Gingrich: Breaking news and updates from HuffPost","statuses_count":327,"following":null,"verified":false,"profile_sidebar_fill_color":"DDEEF6","followers_count":56,"profile_image_url":"http:\/\/a1.twimg.com\/profile_images\/1341608289\/huffingtonpost_normal.png","follow_request_sent":null,"profile_sidebar_border_color":"C0DEED","location":null,"is_translator":false,"default_profile":true,"contributors_enabled":false,"screen_name":"NewtG_News","profile_use_background_image":true,"url":null,"id_str":"254049462","show_all_inline_media":false,"profile_background_image_url_https":"https:\/\/si0.twimg.com\/images\/themes\/theme1\/bg.png","profile_text_color":"333333","id":254049462,"listed_count":5,"lang":"en","profile_background_image_url":"http:\/\/a0.twimg.com\/images\/themes\/theme1\/bg.png","friends_count":0},"contributors":null,"in_reply_to_status_id":null,"source":"<a href=\"http:\/\/www.huffingtonpost.com\" rel=\"nofollow\">The Huffington Post<\/a>","id_str":"106744833573527552","geo":null,"favorited":false,"id":106744833573527552,"coordinates":null,"in_reply_to_user_id":null,"truncated":false,"text":"SLIDESHOW: A guide to the Republican candidates' views on climate change http:\/\/t.co\/VU1da6z","name":"NewtG_News","boldText":"SLIDESHOW: A guide to the Republican candidates' views on <B>climate<\/B> change http:\/\/t.co\/VU1da6z"},{"possibly_sensitive":false,"place":null,"retweet_count":0,"in_reply_to_screen_name":null,"created_at":"Thu Aug 11 18:29:58 +0000 2011","retweeted":false,"in_reply_to_status_id_str":null,"in_reply_to_user_id_str":null,"user":{"time_zone":null,"profile_link_color":"0084B4","protected":false,"created_at":"Fri Feb 18 14:00:10 +0000 2011","profile_image_url_https":"https:\/\/si0.twimg.com\/profile_images\/1341608289\/huffingtonpost_normal.png","name":"Newt Gingrich News","geo_enabled":false,"favourites_count":0,"profile_background_color":"C0DEED","default_profile_image":false,"notifications":null,"profile_background_tile":false,"utc_offset":null,"description":"Newt Gingrich: Breaking news and updates from HuffPost","statuses_count":327,"following":null,"verified":false,"profile_sidebar_fill_color":"DDEEF6","followers_count":56,"profile_image_url":"http:\/\/a1.twimg.com\/profile_images\/1341608289\/huffingtonpost_normal.png","follow_request_sent":null,"profile_sidebar_border_color":"C0DEED","location":null,"is_translator":false,"default_profile":true,"contributors_enabled":false,"screen_name":"NewtG_News","profile_use_background_image":true,"url":null,"id_str":"254049462","show_all_inline_media":false,"profile_background_image_url_https":"https:\/\/si0.twimg.com\/images\/themes\/theme1\/bg.png","profile_text_color":"333333","id":254049462,"listed_count":5,"lang":"en","profile_background_image_url":"http:\/\/a0.twimg.com\/images\/themes\/theme1\/bg.png","friends_count":0},"contributors":null,"in_reply_to_status_id":null,"source":"<a href=\"http:\/\/www.huffingtonpost.com\" rel=\"nofollow\">The Huffington Post<\/a>","id_str":"101722038942695424","geo":null,"favorited":false,"id":101722038942695424,"coordinates":null,"in_reply_to_user_id":null,"truncated":false,"text":"A Climate of Confusion for 2012 Presidential Hopefuls http:\/\/huff.to\/oBuqr0","name":"NewtG_News","boldText":"A <B>Climate<\/B> of Confusion for 2012 Presidential Hopefuls http:\/\/huff.to\/oBuqr0"},{"possibly_sensitive":false,"place":null,"retweet_count":0,"in_reply_to_screen_name":null,"created_at":"Tue Jul 19 14:10:06 +0000 2011","retweeted":false,"in_reply_to_status_id_str":null,"in_reply_to_user_id_str":null,"user":{"time_zone":null,"profile_link_color":"0084B4","protected":false,"created_at":"Fri Feb 18 14:00:10 +0000 2011","profile_image_url_https":"https:\/\/si0.twimg.com\/profile_images\/1341608289\/huffingtonpost_normal.png","name":"Newt Gingrich News","geo_enabled":false,"favourites_count":0,"profile_background_color":"C0DEED","default_profile_image":false,"notifications":null,"profile_background_tile":false,"utc_offset":null,"description":"Newt Gingrich: Breaking news and updates from HuffPost","statuses_count":327,"following":null,"verified":false,"profile_sidebar_fill_color":"DDEEF6","followers_count":56,"profile_image_url":"http:\/\/a1.twimg.com\/profile_images\/1341608289\/huffingtonpost_normal.png","follow_request_sent":null,"profile_sidebar_border_color":"C0DEED","location":null,"is_translator":false,"default_profile":true,"contributors_enabled":false,"screen_name":"NewtG_News","profile_use_background_image":true,"url":null,"id_str":"254049462","show_all_inline_media":false,"profile_background_image_url_https":"https:\/\/si0.twimg.com\/images\/themes\/theme1\/bg.png","profile_text_color":"333333","id":254049462,"listed_count":5,"lang":"en","profile_background_image_url":"http:\/\/a0.twimg.com\/images\/themes\/theme1\/bg.png","friends_count":0},"contributors":null,"in_reply_to_status_id":null,"source":"<a href=\"http:\/\/www.huffingtonpost.com\" rel=\"nofollow\">The Huffington Post<\/a>","id_str":"93321718898229248","geo":null,"favorited":false,"id":93321718898229248,"coordinates":null,"in_reply_to_user_id":null,"truncated":false,"text":"Most Anti-Environment House of Representatives in History Tries to Do More... http:\/\/huff.to\/pyyZrZ","name":"NewtG_News","boldText":"Most Anti-<B>Environment<\/B> House of Representatives in History Tries to Do More... http:\/\/huff.to\/pyyZrZ"},{"possibly_sensitive":false,"place":null,"retweet_count":0,"in_reply_to_screen_name":null,"created_at":"Thu Jun 23 20:11:25 +0000 2011","retweeted":false,"in_reply_to_status_id_str":null,"in_reply_to_user_id_str":null,"user":{"time_zone":null,"profile_link_color":"0084B4","protected":false,"created_at":"Fri Feb 18 14:00:10 +0000 2011","profile_image_url_https":"https:\/\/si0.twimg.com\/profile_images\/1341608289\/huffingtonpost_normal.png","name":"Newt Gingrich News","geo_enabled":false,"favourites_count":0,"profile_background_color":"C0DEED","default_profile_image":false,"notifications":null,"profile_background_tile":false,"utc_offset":null,"description":"Newt Gingrich: Breaking news and updates from HuffPost","statuses_count":327,"following":null,"verified":false,"profile_sidebar_fill_color":"DDEEF6","followers_count":56,"profile_image_url":"http:\/\/a1.twimg.com\/profile_images\/1341608289\/huffingtonpost_normal.png","follow_request_sent":null,"profile_sidebar_border_color":"C0DEED","location":null,"is_translator":false,"default_profile":true,"contributors_enabled":false,"screen_name":"NewtG_News","profile_use_background_image":true,"url":null,"id_str":"254049462","show_all_inline_media":false,"profile_background_image_url_https":"https:\/\/si0.twimg.com\/images\/themes\/theme1\/bg.png","profile_text_color":"333333","id":254049462,"listed_count":5,"lang":"en","profile_background_image_url":"http:\/\/a0.twimg.com\/images\/themes\/theme1\/bg.png","friends_count":0},"contributors":null,"in_reply_to_status_id":null,"source":"<a href=\"http:\/\/www.huffingtonpost.com\" rel=\"nofollow\">The Huffington Post<\/a>","id_str":"83990562809708544","geo":null,"favorited":false,"id":83990562809708544,"coordinates":null,"in_reply_to_user_id":null,"truncated":false,"text":"Republican Presidential Candidates Not Courting The Green Vote http:\/\/huff.to\/lv89LU","name":"NewtG_News","boldText":"Republican Presidential Candidates Not Courting The <B>Green<\/B> Vote http:\/\/huff.to\/lv89LU"}]