[{"possibly_sensitive":false,"place":null,"retweet_count":42,"in_reply_to_screen_name":null,"created_at":"Thu Nov 03 16:25:05 +0000 2011","retweeted":false,"in_reply_to_status_id_str":null,"in_reply_to_user_id_str":null,"user":{"time_zone":"Eastern Time (US & Canada)","profile_link_color":"2d4a92","protected":false,"created_at":"Thu Feb 12 20:18:08 +0000 2009","profile_image_url_https":"https:\/\/si0.twimg.com\/profile_images\/1266146219\/Newt_Approved_Headshot_normal.jpeg","name":"Newt Gingrich","geo_enabled":false,"favourites_count":0,"profile_background_color":"0a1735","default_profile_image":false,"notifications":false,"profile_background_tile":false,"utc_offset":-18000,"description":"Husband, father, grandfather, citizen, small businessman, author, former Speaker. I'm running for president to offer leadership to solve America's challenges.","statuses_count":2978,"following":true,"verified":true,"profile_sidebar_fill_color":"ffffff","followers_count":1340779,"profile_image_url":"http:\/\/a1.twimg.com\/profile_images\/1266146219\/Newt_Approved_Headshot_normal.jpeg","follow_request_sent":false,"profile_sidebar_border_color":"eaeaea","location":"","is_translator":false,"default_profile":false,"contributors_enabled":false,"screen_name":"newtgingrich","profile_use_background_image":true,"url":"http:\/\/Newt.org","id_str":"20713061","show_all_inline_media":false,"profile_background_image_url_https":"https:\/\/si0.twimg.com\/profile_background_images\/251627781\/NG_twit2.jpg","profile_text_color":"727272","id":20713061,"listed_count":9994,"lang":"en","profile_background_image_url":"http:\/\/a1.twimg.com\/profile_background_images\/251627781\/NG_twit2.jpg","friends_count":466},"contributors":null,"in_reply_to_status_id":null,"source":"web","id_str":"132131191624171520","geo":null,"favorited":false,"id":132131191624171520,"coordinates":null,"in_reply_to_user_id":null,"truncated":false,"text":"For Medicare and SS, we have a choice between means testing\/benefit cuts and bold reforms that empower Americans: http:\/\/t.co\/sy5suK7R","name":"NewtGingrich","boldText":"For <B>Medicare<\/B> and SS, we have a choice between means testing\/benefit cuts and bold reforms that empower Americans: http:\/\/t.co\/sy5suK7R"},{"possibly_sensitive":false,"place":null,"retweet_count":16,"in_reply_to_screen_name":null,"created_at":"Thu Nov 03 16:14:11 +0000 2011","retweeted":false,"in_reply_to_status_id_str":null,"in_reply_to_user_id_str":null,"user":{"time_zone":"Central Time (US & Canada)","profile_link_color":"2d4a92","protected":false,"created_at":"Thu Feb 24 22:53:03 +0000 2011","profile_image_url_https":"https:\/\/si0.twimg.com\/profile_images\/1358814555\/FB_share_normal.jpg","name":"Newt 2012 Campaign","geo_enabled":false,"favourites_count":0,"profile_background_color":"0a1735","default_profile_image":false,"notifications":false,"profile_background_tile":false,"utc_offset":-21600,"description":"The Official twitter account for Newt 2012 ","default_profile":false,"statuses_count":2203,"following":true,"verified":false,"profile_sidebar_fill_color":"ffffff","followers_count":8611,"profile_image_url":"http:\/\/a1.twimg.com\/profile_images\/1358814555\/FB_share_normal.jpg","follow_request_sent":false,"profile_sidebar_border_color":"eaeaea","location":"Atlanta, GA","is_translator":false,"contributors_enabled":false,"screen_name":"Newt2012HQ","profile_use_background_image":true,"url":"http:\/\/newt.org","id_str":"257193354","show_all_inline_media":false,"profile_background_image_url_https":"https:\/\/si0.twimg.com\/profile_background_images\/251658738\/NG_twit2.jpg","profile_text_color":"727272","id":257193354,"listed_count":352,"lang":"en","profile_background_image_url":"http:\/\/a1.twimg.com\/profile_background_images\/251658738\/NG_twit2.jpg","friends_count":1797},"contributors":null,"in_reply_to_status_id":null,"source":"<a href=\"http:\/\/twitter.com\/tweetbutton\" rel=\"nofollow\">Tweet Button<\/a>","id_str":"132128446724841472","geo":null,"favorited":false,"id":132128446724841472,"coordinates":null,"in_reply_to_user_id":null,"truncated":false,"text":"Gingrich Offers Bold Plan to Strengthen Social Security and Medicare; Romney Provides No Plan http:\/\/t.co\/I6ShhmeF","name":"Newt2012HQ","boldText":"Gingrich Offers Bold Plan to Strengthen Social Security and <B>Medicare<\/B>; Romney Provides No Plan http:\/\/t.co\/I6ShhmeF"},{"place":null,"retweet_count":9,"in_reply_to_screen_name":"OnandOnandOn1","created_at":"Sun Oct 30 22:59:31 +0000 2011","retweeted":false,"in_reply_to_status_id_str":"130776484137811968","in_reply_to_user_id_str":"401679872","user":{"time_zone":"Eastern Time (US & Canada)","profile_link_color":"2d4a92","protected":false,"created_at":"Thu Feb 12 20:18:08 +0000 2009","profile_image_url_https":"https:\/\/si0.twimg.com\/profile_images\/1266146219\/Newt_Approved_Headshot_normal.jpeg","name":"Newt Gingrich","geo_enabled":false,"favourites_count":0,"profile_background_color":"0a1735","default_profile_image":false,"notifications":null,"profile_background_tile":false,"utc_offset":-18000,"description":"Husband, father, grandfather, citizen, small businessman, author, former Speaker. I'm running for president to offer leadership to solve America's challenges.","statuses_count":2978,"following":null,"verified":true,"profile_sidebar_fill_color":"ffffff","followers_count":1340764,"profile_image_url":"http:\/\/a1.twimg.com\/profile_images\/1266146219\/Newt_Approved_Headshot_normal.jpeg","follow_request_sent":null,"profile_sidebar_border_color":"eaeaea","location":"","is_translator":false,"contributors_enabled":false,"screen_name":"newtgingrich","profile_use_background_image":true,"url":"http:\/\/Newt.org","id_str":"20713061","default_profile":false,"show_all_inline_media":false,"profile_background_image_url_https":"https:\/\/si0.twimg.com\/profile_background_images\/251627781\/NG_twit2.jpg","profile_text_color":"727272","id":20713061,"listed_count":9994,"lang":"en","profile_background_image_url":"http:\/\/a1.twimg.com\/profile_background_images\/251627781\/NG_twit2.jpg","friends_count":466},"contributors":null,"in_reply_to_status_id":130776484137811968,"source":"<a href=\"http:\/\/blackberry.com\/twitter\" rel=\"nofollow\">Twitter for BlackBerry\u00ae<\/a>","id_str":"130780900458901505","geo":null,"favorited":false,"id":130780900458901505,"coordinates":null,"in_reply_to_user_id":401679872,"truncated":false,"text":"@OnandOnandOn1 just trying to be fair-if he has to defend obamacare in a debate he will need a teleprompter","name":"NewtGingrich","boldText":"@OnandOnandOn1 just trying to be fair-if he has to defend <B>obamacare<\/B> in a debate he will need a teleprompter"},{"possibly_sensitive":false,"place":null,"retweet_count":10,"in_reply_to_screen_name":null,"created_at":"Fri Oct 28 18:31:19 +0000 2011","retweeted":false,"in_reply_to_status_id_str":null,"in_reply_to_user_id_str":null,"user":{"time_zone":"Central Time (US & Canada)","profile_link_color":"2d4a92","protected":false,"created_at":"Thu Feb 24 22:53:03 +0000 2011","profile_image_url_https":"https:\/\/si0.twimg.com\/profile_images\/1358814555\/FB_share_normal.jpg","name":"Newt 2012 Campaign","geo_enabled":false,"favourites_count":0,"profile_background_color":"0a1735","default_profile_image":false,"notifications":false,"profile_background_tile":false,"utc_offset":-21600,"description":"The Official twitter account for Newt 2012 ","statuses_count":2203,"following":true,"verified":false,"profile_sidebar_fill_color":"ffffff","followers_count":8610,"profile_image_url":"http:\/\/a1.twimg.com\/profile_images\/1358814555\/FB_share_normal.jpg","follow_request_sent":false,"profile_sidebar_border_color":"eaeaea","location":"Atlanta, GA","is_translator":false,"contributors_enabled":false,"screen_name":"Newt2012HQ","profile_use_background_image":true,"url":"http:\/\/newt.org","id_str":"257193354","default_profile":false,"show_all_inline_media":false,"profile_background_image_url_https":"https:\/\/si0.twimg.com\/profile_background_images\/251658738\/NG_twit2.jpg","profile_text_color":"727272","id":257193354,"listed_count":352,"lang":"en","profile_background_image_url":"http:\/\/a1.twimg.com\/profile_background_images\/251658738\/NG_twit2.jpg","friends_count":1795},"contributors":null,"in_reply_to_status_id":null,"source":"<a href=\"http:\/\/www.tweetdeck.com\" rel=\"nofollow\">TweetDeck<\/a>","id_str":"129988632986656768","geo":null,"favorited":false,"id":129988632986656768,"coordinates":null,"in_reply_to_user_id":null,"truncated":false,"text":"\"If you had to defend Obamacare, wouldn't you want to use a teleprompter?\" -- @newtgingrich. Live: http:\/\/t.co\/KV5Dyy4h","name":"Newt2012HQ","boldText":"\"If you had to defend <B>Obamacare<\/B>, wouldn't you want to use a teleprompter?\" -- @newtgingrich. Live: http:\/\/t.co\/KV5Dyy4h"},{"place":null,"retweet_count":4,"in_reply_to_screen_name":"Rain_78","created_at":"Wed Oct 12 13:17:22 +0000 2011","retweeted":false,"in_reply_to_status_id_str":null,"in_reply_to_user_id_str":"76698051","user":{"time_zone":"Eastern Time (US & Canada)","profile_link_color":"2d4a92","protected":false,"created_at":"Thu Feb 12 20:18:08 +0000 2009","profile_image_url_https":"https:\/\/si0.twimg.com\/profile_images\/1266146219\/Newt_Approved_Headshot_normal.jpeg","name":"Newt Gingrich","geo_enabled":false,"favourites_count":0,"profile_background_color":"0a1735","default_profile_image":false,"notifications":null,"profile_background_tile":false,"utc_offset":-18000,"description":"Husband, father, grandfather, citizen, small businessman, author, former Speaker. I'm running for president to offer leadership to solve America's challenges.","statuses_count":2978,"following":null,"verified":true,"profile_sidebar_fill_color":"ffffff","followers_count":1340778,"profile_image_url":"http:\/\/a1.twimg.com\/profile_images\/1266146219\/Newt_Approved_Headshot_normal.jpeg","default_profile":false,"follow_request_sent":null,"profile_sidebar_border_color":"eaeaea","location":"","is_translator":false,"contributors_enabled":false,"screen_name":"newtgingrich","profile_use_background_image":true,"url":"http:\/\/Newt.org","id_str":"20713061","show_all_inline_media":false,"profile_background_image_url_https":"https:\/\/si0.twimg.com\/profile_background_images\/251627781\/NG_twit2.jpg","profile_text_color":"727272","id":20713061,"listed_count":9994,"lang":"en","profile_background_image_url":"http:\/\/a1.twimg.com\/profile_background_images\/251627781\/NG_twit2.jpg","friends_count":466},"contributors":null,"in_reply_to_status_id":null,"source":"web","id_str":"124111417665257472","geo":null,"favorited":false,"id":124111417665257472,"coordinates":null,"in_reply_to_user_id":76698051,"truncated":false,"text":"@Rain_78 #LeadNow Yes \u2013 I will work with the House & Sen GOP majorities to repeal Dodd-Frank and Obamacare in the first 100 days of my admin","name":"NewtGingrich","boldText":"@Rain_78 #LeadNow Yes \u2013 I will work with the House & Sen GOP majorities to repeal Dodd-Frank and <B>Obamacare<\/B> in the first 100 days of my admin"},{"possibly_sensitive":false,"place":null,"retweet_count":3,"in_reply_to_screen_name":"YodaJediGeneral","created_at":"Tue Oct 11 20:50:56 +0000 2011","retweeted":false,"in_reply_to_status_id_str":null,"in_reply_to_user_id_str":"24426471","user":{"time_zone":"Eastern Time (US & Canada)","profile_link_color":"2d4a92","protected":false,"created_at":"Thu Feb 12 20:18:08 +0000 2009","profile_image_url_https":"https:\/\/si0.twimg.com\/profile_images\/1266146219\/Newt_Approved_Headshot_normal.jpeg","name":"Newt Gingrich","geo_enabled":false,"favourites_count":0,"profile_background_color":"0a1735","default_profile_image":false,"notifications":null,"profile_background_tile":false,"utc_offset":-18000,"description":"Husband, father, grandfather, citizen, small businessman, author, former Speaker. I'm running for president to offer leadership to solve America's challenges.","statuses_count":2978,"following":null,"verified":true,"profile_sidebar_fill_color":"ffffff","followers_count":1340778,"profile_image_url":"http:\/\/a1.twimg.com\/profile_images\/1266146219\/Newt_Approved_Headshot_normal.jpeg","default_profile":false,"follow_request_sent":null,"profile_sidebar_border_color":"eaeaea","location":"","is_translator":false,"contributors_enabled":false,"screen_name":"newtgingrich","profile_use_background_image":true,"url":"http:\/\/Newt.org","id_str":"20713061","show_all_inline_media":false,"profile_background_image_url_https":"https:\/\/si0.twimg.com\/profile_background_images\/251627781\/NG_twit2.jpg","profile_text_color":"727272","id":20713061,"listed_count":9994,"lang":"en","profile_background_image_url":"http:\/\/a1.twimg.com\/profile_background_images\/251627781\/NG_twit2.jpg","friends_count":466},"contributors":null,"in_reply_to_status_id":null,"source":"web","id_str":"123863174062673920","geo":null,"favorited":false,"id":123863174062673920,"coordinates":null,"in_reply_to_user_id":24426471,"truncated":false,"text":"@YodaJediGeneral #LeadNow Repeal Obamacare and Dodd-Frank, open up energy development, bold tax reform. My plan: http:\/\/t.co\/XHsfZASF","name":"NewtGingrich","boldText":"@YodaJediGeneral #LeadNow Repeal <B>Obamacare<\/B> and Dodd-Frank, open up energy development, bold tax reform. My plan: http:\/\/t.co\/XHsfZASF"},{"possibly_sensitive":false,"place":null,"retweet_count":22,"in_reply_to_screen_name":null,"created_at":"Tue Oct 11 19:16:27 +0000 2011","retweeted":false,"in_reply_to_status_id_str":null,"in_reply_to_user_id_str":null,"user":{"time_zone":"Eastern Time (US & Canada)","profile_link_color":"2d4a92","protected":false,"created_at":"Thu Feb 12 20:18:08 +0000 2009","profile_image_url_https":"https:\/\/si0.twimg.com\/profile_images\/1266146219\/Newt_Approved_Headshot_normal.jpeg","name":"Newt Gingrich","geo_enabled":false,"favourites_count":0,"profile_background_color":"0a1735","default_profile_image":false,"notifications":null,"profile_background_tile":false,"utc_offset":-18000,"description":"Husband, father, grandfather, citizen, small businessman, author, former Speaker. I'm running for president to offer leadership to solve America's challenges.","statuses_count":2978,"following":null,"verified":true,"profile_sidebar_fill_color":"ffffff","followers_count":1340778,"profile_image_url":"http:\/\/a1.twimg.com\/profile_images\/1266146219\/Newt_Approved_Headshot_normal.jpeg","default_profile":false,"follow_request_sent":null,"profile_sidebar_border_color":"eaeaea","location":"","is_translator":false,"contributors_enabled":false,"screen_name":"newtgingrich","profile_use_background_image":true,"url":"http:\/\/Newt.org","id_str":"20713061","show_all_inline_media":false,"profile_background_image_url_https":"https:\/\/si0.twimg.com\/profile_background_images\/251627781\/NG_twit2.jpg","profile_text_color":"727272","id":20713061,"listed_count":9994,"lang":"en","profile_background_image_url":"http:\/\/a1.twimg.com\/profile_background_images\/251627781\/NG_twit2.jpg","friends_count":466},"contributors":null,"in_reply_to_status_id":null,"source":"<a href=\"http:\/\/blackberry.com\/twitter\" rel=\"nofollow\">Twitter for BlackBerry\u00ae<\/a>","id_str":"123839396372951040","geo":null,"favorited":false,"id":123839396372951040,"coordinates":null,"in_reply_to_user_id":null,"truncated":false,"text":"More on health reform: newt.org has strong section on health  and repealing obamacare is item one on 21st century contract with America","name":"NewtGingrich","boldText":"More on health reform: newt.org has strong section on health  and repealing <B>obamacare<\/B> is item one on 21st century contract with America"},{"possibly_sensitive":false,"place":null,"retweet_count":3,"in_reply_to_screen_name":"Anfoooey","created_at":"Tue Oct 11 18:32:24 +0000 2011","retweeted":false,"in_reply_to_status_id_str":null,"in_reply_to_user_id_str":"372596280","user":{"time_zone":"Eastern Time (US & Canada)","profile_link_color":"2d4a92","protected":false,"created_at":"Thu Feb 12 20:18:08 +0000 2009","profile_image_url_https":"https:\/\/si0.twimg.com\/profile_images\/1266146219\/Newt_Approved_Headshot_normal.jpeg","name":"Newt Gingrich","geo_enabled":false,"favourites_count":0,"profile_background_color":"0a1735","default_profile_image":false,"notifications":null,"profile_background_tile":false,"utc_offset":-18000,"description":"Husband, father, grandfather, citizen, small businessman, author, former Speaker. I'm running for president to offer leadership to solve America's challenges.","statuses_count":2978,"following":null,"verified":true,"profile_sidebar_fill_color":"ffffff","followers_count":1340778,"profile_image_url":"http:\/\/a1.twimg.com\/profile_images\/1266146219\/Newt_Approved_Headshot_normal.jpeg","default_profile":false,"follow_request_sent":null,"profile_sidebar_border_color":"eaeaea","location":"","is_translator":false,"contributors_enabled":false,"screen_name":"newtgingrich","profile_use_background_image":true,"url":"http:\/\/Newt.org","id_str":"20713061","show_all_inline_media":false,"profile_background_image_url_https":"https:\/\/si0.twimg.com\/profile_background_images\/251627781\/NG_twit2.jpg","profile_text_color":"727272","id":20713061,"listed_count":9994,"lang":"en","profile_background_image_url":"http:\/\/a1.twimg.com\/profile_background_images\/251627781\/NG_twit2.jpg","friends_count":466},"contributors":null,"in_reply_to_status_id":null,"source":"web","id_str":"123828308495437825","geo":null,"favorited":false,"id":123828308495437825,"coordinates":null,"in_reply_to_user_id":372596280,"truncated":false,"text":"@Anfoooey #LeadNow Agree \u2013 Obamacare & Dodd-Frank are killing US jobs & we will repeal immediately. My plan to reverse: http:\/\/t.co\/XHsfZASF","name":"NewtGingrich","boldText":"@Anfoooey #LeadNow Agree \u2013 <B>Obamacare<\/B> & Dodd-Frank are killing US jobs & we will repeal immediately. My plan to reverse: http:\/\/t.co\/XHsfZASF"},{"possibly_sensitive":false,"place":null,"retweet_count":3,"in_reply_to_screen_name":"DocSpotts","created_at":"Tue Oct 11 18:16:27 +0000 2011","retweeted":false,"in_reply_to_status_id_str":null,"in_reply_to_user_id_str":"24123443","user":{"time_zone":"Eastern Time (US & Canada)","profile_link_color":"2d4a92","protected":false,"created_at":"Thu Feb 12 20:18:08 +0000 2009","profile_image_url_https":"https:\/\/si0.twimg.com\/profile_images\/1266146219\/Newt_Approved_Headshot_normal.jpeg","name":"Newt Gingrich","geo_enabled":false,"favourites_count":0,"profile_background_color":"0a1735","default_profile_image":false,"notifications":null,"profile_background_tile":false,"utc_offset":-18000,"description":"Husband, father, grandfather, citizen, small businessman, author, former Speaker. I'm running for president to offer leadership to solve America's challenges.","statuses_count":2978,"following":null,"verified":true,"profile_sidebar_fill_color":"ffffff","followers_count":1340778,"profile_image_url":"http:\/\/a1.twimg.com\/profile_images\/1266146219\/Newt_Approved_Headshot_normal.jpeg","default_profile":false,"follow_request_sent":null,"profile_sidebar_border_color":"eaeaea","location":"","is_translator":false,"contributors_enabled":false,"screen_name":"newtgingrich","profile_use_background_image":true,"url":"http:\/\/Newt.org","id_str":"20713061","show_all_inline_media":false,"profile_background_image_url_https":"https:\/\/si0.twimg.com\/profile_background_images\/251627781\/NG_twit2.jpg","profile_text_color":"727272","id":20713061,"listed_count":9994,"lang":"en","profile_background_image_url":"http:\/\/a1.twimg.com\/profile_background_images\/251627781\/NG_twit2.jpg","friends_count":466},"contributors":null,"in_reply_to_status_id":null,"source":"web","id_str":"123824296882745344","geo":null,"favorited":false,"id":123824296882745344,"coordinates":null,"in_reply_to_user_id":24123443,"truncated":false,"text":"@DocSpotts #LeadNow 1) repeal obamacare, 2) price competition, 3) digitize records 4) tort reform; rest of my plan: http:\/\/t.co\/ZjjGjjlO","name":"NewtGingrich","boldText":"@DocSpotts #LeadNow 1) repeal <B>obamacare<\/B>, 2) price competition, 3) digitize records 4) tort reform; rest of my plan: http:\/\/t.co\/ZjjGjjlO"},{"possibly_sensitive":false,"place":null,"retweet_count":2,"in_reply_to_screen_name":"BVWilliams","created_at":"Tue Oct 11 18:04:33 +0000 2011","retweeted":false,"in_reply_to_status_id_str":null,"in_reply_to_user_id_str":"248674378","user":{"time_zone":"Eastern Time (US & Canada)","profile_link_color":"2d4a92","protected":false,"created_at":"Thu Feb 12 20:18:08 +0000 2009","profile_image_url_https":"https:\/\/si0.twimg.com\/profile_images\/1266146219\/Newt_Approved_Headshot_normal.jpeg","name":"Newt Gingrich","geo_enabled":false,"favourites_count":0,"profile_background_color":"0a1735","default_profile_image":false,"notifications":null,"profile_background_tile":false,"utc_offset":-18000,"description":"Husband, father, grandfather, citizen, small businessman, author, former Speaker. I'm running for president to offer leadership to solve America's challenges.","statuses_count":2978,"following":null,"verified":true,"profile_sidebar_fill_color":"ffffff","followers_count":1340778,"profile_image_url":"http:\/\/a1.twimg.com\/profile_images\/1266146219\/Newt_Approved_Headshot_normal.jpeg","default_profile":false,"follow_request_sent":null,"profile_sidebar_border_color":"eaeaea","location":"","is_translator":false,"contributors_enabled":false,"screen_name":"newtgingrich","profile_use_background_image":true,"url":"http:\/\/Newt.org","id_str":"20713061","show_all_inline_media":false,"profile_background_image_url_https":"https:\/\/si0.twimg.com\/profile_background_images\/251627781\/NG_twit2.jpg","profile_text_color":"727272","id":20713061,"listed_count":9994,"lang":"en","profile_background_image_url":"http:\/\/a1.twimg.com\/profile_background_images\/251627781\/NG_twit2.jpg","friends_count":466},"contributors":null,"in_reply_to_status_id":null,"source":"web","id_str":"123821299930894336","geo":null,"favorited":false,"id":123821299930894336,"coordinates":null,"in_reply_to_user_id":248674378,"truncated":false,"text":"@BVWilliams #LeadNow Repeal Obamacare, reform taxes and regs, American Energy, balanced budgets now. My full plan: http:\/\/t.co\/XHsfZASF","name":"NewtGingrich","boldText":"@BVWilliams #LeadNow Repeal <B>Obamacare<\/B>, reform taxes and regs, American Energy, balanced budgets now. My full plan: http:\/\/t.co\/XHsfZASF"},{"possibly_sensitive":false,"place":null,"retweet_count":4,"in_reply_to_screen_name":"SSReaney","created_at":"Tue Oct 11 18:01:10 +0000 2011","retweeted":false,"in_reply_to_status_id_str":null,"in_reply_to_user_id_str":"82901787","user":{"time_zone":"Eastern Time (US & Canada)","profile_link_color":"2d4a92","protected":false,"created_at":"Thu Feb 12 20:18:08 +0000 2009","profile_image_url_https":"https:\/\/si0.twimg.com\/profile_images\/1266146219\/Newt_Approved_Headshot_normal.jpeg","name":"Newt Gingrich","geo_enabled":false,"favourites_count":0,"profile_background_color":"0a1735","default_profile_image":false,"notifications":null,"profile_background_tile":false,"utc_offset":-18000,"description":"Husband, father, grandfather, citizen, small businessman, author, former Speaker. I'm running for president to offer leadership to solve America's challenges.","statuses_count":2978,"following":null,"verified":true,"profile_sidebar_fill_color":"ffffff","followers_count":1340778,"profile_image_url":"http:\/\/a1.twimg.com\/profile_images\/1266146219\/Newt_Approved_Headshot_normal.jpeg","default_profile":false,"follow_request_sent":null,"profile_sidebar_border_color":"eaeaea","location":"","is_translator":false,"contributors_enabled":false,"screen_name":"newtgingrich","profile_use_background_image":true,"url":"http:\/\/Newt.org","id_str":"20713061","show_all_inline_media":false,"profile_background_image_url_https":"https:\/\/si0.twimg.com\/profile_background_images\/251627781\/NG_twit2.jpg","profile_text_color":"727272","id":20713061,"listed_count":9994,"lang":"en","profile_background_image_url":"http:\/\/a1.twimg.com\/profile_background_images\/251627781\/NG_twit2.jpg","friends_count":466},"contributors":null,"in_reply_to_status_id":null,"source":"web","id_str":"123820450257178624","geo":null,"favorited":false,"id":123820450257178624,"coordinates":null,"in_reply_to_user_id":82901787,"truncated":false,"text":"@SSReaney #LeadNow Under my plan, nobody will lose their SS\/Medicare benefits, the programs will be strengthened: http:\/\/t.co\/HgW3fSaD","name":"NewtGingrich","boldText":"@SSReaney #LeadNow Under my plan, nobody will lose their SS\/<B>Medicare<\/B> <B>benefits<\/B>, the programs will be strengthened: http:\/\/t.co\/HgW3fSaD"},{"possibly_sensitive":false,"place":null,"retweet_count":0,"in_reply_to_screen_name":null,"created_at":"Tue May 31 09:02:15 +0000 2011","retweeted":false,"in_reply_to_status_id_str":null,"in_reply_to_user_id_str":null,"user":{"time_zone":null,"profile_link_color":"0084B4","protected":false,"created_at":"Fri Feb 18 14:00:10 +0000 2011","profile_image_url_https":"https:\/\/si0.twimg.com\/profile_images\/1341608289\/huffingtonpost_normal.png","name":"Newt Gingrich News","geo_enabled":false,"favourites_count":0,"profile_background_color":"C0DEED","default_profile_image":false,"notifications":null,"profile_background_tile":false,"utc_offset":null,"description":"Newt Gingrich: Breaking news and updates from HuffPost","statuses_count":327,"following":null,"verified":false,"profile_sidebar_fill_color":"DDEEF6","followers_count":56,"profile_image_url":"http:\/\/a1.twimg.com\/profile_images\/1341608289\/huffingtonpost_normal.png","follow_request_sent":null,"profile_sidebar_border_color":"C0DEED","location":null,"is_translator":false,"default_profile":true,"contributors_enabled":false,"screen_name":"NewtG_News","profile_use_background_image":true,"url":null,"id_str":"254049462","show_all_inline_media":false,"profile_background_image_url_https":"https:\/\/si0.twimg.com\/images\/themes\/theme1\/bg.png","profile_text_color":"333333","id":254049462,"listed_count":5,"lang":"en","profile_background_image_url":"http:\/\/a0.twimg.com\/images\/themes\/theme1\/bg.png","friends_count":0},"contributors":null,"in_reply_to_status_id":null,"source":"<a href=\"http:\/\/www.huffingtonpost.com\" rel=\"nofollow\">The Huffington Post<\/a>","id_str":"75487239513194496","geo":null,"favorited":false,"id":75487239513194496,"coordinates":null,"in_reply_to_user_id":null,"truncated":false,"text":"Medicare Is Turning Point Battle for 2012 http:\/\/huff.to\/izx5JV","name":"NewtG_News","boldText":"Medicare Is Turning Point Battle for 2012 http:\/\/huff.to\/izx5JV"},{"possibly_sensitive":false,"place":null,"retweet_count":0,"in_reply_to_screen_name":null,"created_at":"Wed May 25 15:40:38 +0000 2011","retweeted":false,"in_reply_to_status_id_str":null,"in_reply_to_user_id_str":null,"user":{"time_zone":null,"profile_link_color":"0084B4","protected":false,"created_at":"Fri Feb 18 14:00:10 +0000 2011","profile_image_url_https":"https:\/\/si0.twimg.com\/profile_images\/1341608289\/huffingtonpost_normal.png","name":"Newt Gingrich News","geo_enabled":false,"favourites_count":0,"profile_background_color":"C0DEED","default_profile_image":false,"notifications":null,"profile_background_tile":false,"utc_offset":null,"description":"Newt Gingrich: Breaking news and updates from HuffPost","statuses_count":327,"following":null,"verified":false,"profile_sidebar_fill_color":"DDEEF6","followers_count":56,"profile_image_url":"http:\/\/a1.twimg.com\/profile_images\/1341608289\/huffingtonpost_normal.png","follow_request_sent":null,"profile_sidebar_border_color":"C0DEED","location":null,"is_translator":false,"default_profile":true,"contributors_enabled":false,"screen_name":"NewtG_News","profile_use_background_image":true,"url":null,"id_str":"254049462","show_all_inline_media":false,"profile_background_image_url_https":"https:\/\/si0.twimg.com\/images\/themes\/theme1\/bg.png","profile_text_color":"333333","id":254049462,"listed_count":5,"lang":"en","profile_background_image_url":"http:\/\/a0.twimg.com\/images\/themes\/theme1\/bg.png","friends_count":0},"contributors":null,"in_reply_to_status_id":null,"source":"<a href=\"http:\/\/www.huffingtonpost.com\" rel=\"nofollow\">The Huffington Post<\/a>","id_str":"73413168898121728","geo":null,"favorited":false,"id":73413168898121728,"coordinates":null,"in_reply_to_user_id":null,"truncated":false,"text":"Will GOP Ever Learn? - Americans Love Medicare http:\/\/huff.to\/jTBobE","name":"NewtG_News","boldText":"Will GOP Ever Learn? - Americans Love <B>Medicare<\/B> http:\/\/huff.to\/jTBobE"},{"possibly_sensitive":false,"place":null,"retweet_count":0,"in_reply_to_screen_name":null,"created_at":"Fri May 20 20:27:01 +0000 2011","retweeted":false,"in_reply_to_status_id_str":null,"in_reply_to_user_id_str":null,"user":{"time_zone":null,"profile_link_color":"0084B4","protected":false,"created_at":"Fri Feb 18 14:00:10 +0000 2011","profile_image_url_https":"https:\/\/si0.twimg.com\/profile_images\/1341608289\/huffingtonpost_normal.png","name":"Newt Gingrich News","geo_enabled":false,"favourites_count":0,"profile_background_color":"C0DEED","default_profile_image":false,"notifications":null,"profile_background_tile":false,"utc_offset":null,"description":"Newt Gingrich: Breaking news and updates from HuffPost","default_profile":true,"statuses_count":327,"following":null,"verified":false,"profile_sidebar_fill_color":"DDEEF6","followers_count":56,"profile_image_url":"http:\/\/a1.twimg.com\/profile_images\/1341608289\/huffingtonpost_normal.png","follow_request_sent":null,"profile_sidebar_border_color":"C0DEED","location":null,"is_translator":false,"contributors_enabled":false,"screen_name":"NewtG_News","profile_use_background_image":true,"url":null,"id_str":"254049462","show_all_inline_media":false,"profile_background_image_url_https":"https:\/\/si0.twimg.com\/images\/themes\/theme1\/bg.png","profile_text_color":"333333","id":254049462,"listed_count":5,"lang":"en","profile_background_image_url":"http:\/\/a0.twimg.com\/images\/themes\/theme1\/bg.png","friends_count":0},"contributors":null,"in_reply_to_status_id":null,"source":"<a href=\"http:\/\/www.huffingtonpost.com\" rel=\"nofollow\">The Huffington Post<\/a>","id_str":"71673300576768000","geo":null,"favorited":false,"id":71673300576768000,"coordinates":null,"in_reply_to_user_id":null,"truncated":false,"text":"Potential GOP Presidential Candidate Favored Healthcare Mandate As Governor http:\/\/huff.to\/l2MGZ2","name":"NewtG_News","boldText":"Potential GOP Presidential Candidate Favored <B>Healthcare<\/B> Mandate As Governor http:\/\/huff.to\/l2MGZ2"},{"possibly_sensitive":false,"place":null,"retweet_count":0,"in_reply_to_screen_name":null,"created_at":"Thu May 19 15:59:36 +0000 2011","retweeted":false,"in_reply_to_status_id_str":null,"in_reply_to_user_id_str":null,"user":{"time_zone":null,"profile_link_color":"0084B4","protected":false,"created_at":"Fri Feb 18 14:00:10 +0000 2011","profile_image_url_https":"https:\/\/si0.twimg.com\/profile_images\/1341608289\/huffingtonpost_normal.png","name":"Newt Gingrich News","geo_enabled":false,"favourites_count":0,"profile_background_color":"C0DEED","default_profile_image":false,"notifications":null,"profile_background_tile":false,"utc_offset":null,"description":"Newt Gingrich: Breaking news and updates from HuffPost","statuses_count":327,"following":null,"verified":false,"profile_sidebar_fill_color":"DDEEF6","followers_count":56,"profile_image_url":"http:\/\/a1.twimg.com\/profile_images\/1341608289\/huffingtonpost_normal.png","follow_request_sent":null,"profile_sidebar_border_color":"C0DEED","location":null,"is_translator":false,"default_profile":true,"contributors_enabled":false,"screen_name":"NewtG_News","profile_use_background_image":true,"url":null,"id_str":"254049462","show_all_inline_media":false,"profile_background_image_url_https":"https:\/\/si0.twimg.com\/images\/themes\/theme1\/bg.png","profile_text_color":"333333","id":254049462,"listed_count":5,"lang":"en","profile_background_image_url":"http:\/\/a0.twimg.com\/images\/themes\/theme1\/bg.png","friends_count":0},"contributors":null,"in_reply_to_status_id":null,"source":"<a href=\"http:\/\/www.huffingtonpost.com\" rel=\"nofollow\">The Huffington Post<\/a>","id_str":"71243618396024834","geo":null,"favorited":false,"id":71243618396024834,"coordinates":null,"in_reply_to_user_id":null,"truncated":false,"text":"Newt Gingrich Medicare Controversy Targeted By Democrats (VIDEO) http:\/\/huff.to\/l0Xf1M","name":"NewtG_News","boldText":"Newt Gingrich <B>Medicare<\/B> Controversy Targeted By Democrats (VIDEO) http:\/\/huff.to\/l0Xf1M"}]