[{"possibly_sensitive":false,"place":null,"retweet_count":21,"in_reply_to_screen_name":null,"created_at":"Fri Nov 04 14:10:07 +0000 2011","retweeted":false,"in_reply_to_status_id_str":null,"in_reply_to_user_id_str":null,"user":{"time_zone":"Central Time (US & Canada)","profile_link_color":"2d4a92","protected":false,"created_at":"Thu Feb 24 22:53:03 +0000 2011","profile_image_url_https":"https:\/\/si0.twimg.com\/profile_images\/1358814555\/FB_share_normal.jpg","name":"Newt 2012 Campaign","geo_enabled":false,"favourites_count":0,"profile_background_color":"0a1735","default_profile_image":false,"notifications":false,"profile_background_tile":false,"utc_offset":-21600,"description":"The Official twitter account for Newt 2012 ","statuses_count":2203,"following":true,"verified":false,"profile_sidebar_fill_color":"ffffff","followers_count":8611,"profile_image_url":"http:\/\/a1.twimg.com\/profile_images\/1358814555\/FB_share_normal.jpg","default_profile":false,"follow_request_sent":false,"profile_sidebar_border_color":"eaeaea","location":"Atlanta, GA","is_translator":false,"contributors_enabled":false,"screen_name":"Newt2012HQ","profile_use_background_image":true,"url":"http:\/\/newt.org","id_str":"257193354","show_all_inline_media":false,"profile_background_image_url_https":"https:\/\/si0.twimg.com\/profile_background_images\/251658738\/NG_twit2.jpg","profile_text_color":"727272","id":257193354,"listed_count":352,"lang":"en","profile_background_image_url":"http:\/\/a1.twimg.com\/profile_background_images\/251658738\/NG_twit2.jpg","friends_count":1797},"contributors":null,"in_reply_to_status_id":null,"source":"<a href=\"http:\/\/twitter.com\/tweetbutton\" rel=\"nofollow\">Tweet Button<\/a>","id_str":"132459615177814016","geo":null,"favorited":false,"id":132459615177814016,"coordinates":null,"in_reply_to_user_id":null,"truncated":false,"text":"Another bad jobs report. Let's compare the job record of Speaker Gingrich & President Obama http:\/\/t.co\/sCDKWGkM","name":"Newt2012HQ","boldText":"Another bad jobs report. Let's compare the job record of Speaker Gingrich & P<B>resident<\/B> Obama http:\/\/t.co\/sCDKWGkM"},{"possibly_sensitive":false,"place":null,"retweet_count":16,"in_reply_to_screen_name":null,"created_at":"Thu Nov 03 16:14:11 +0000 2011","retweeted":false,"in_reply_to_status_id_str":null,"in_reply_to_user_id_str":null,"user":{"time_zone":"Central Time (US & Canada)","profile_link_color":"2d4a92","protected":false,"created_at":"Thu Feb 24 22:53:03 +0000 2011","profile_image_url_https":"https:\/\/si0.twimg.com\/profile_images\/1358814555\/FB_share_normal.jpg","name":"Newt 2012 Campaign","geo_enabled":false,"favourites_count":0,"profile_background_color":"0a1735","default_profile_image":false,"notifications":false,"profile_background_tile":false,"utc_offset":-21600,"description":"The Official twitter account for Newt 2012 ","default_profile":false,"statuses_count":2203,"following":true,"verified":false,"profile_sidebar_fill_color":"ffffff","followers_count":8611,"profile_image_url":"http:\/\/a1.twimg.com\/profile_images\/1358814555\/FB_share_normal.jpg","follow_request_sent":false,"profile_sidebar_border_color":"eaeaea","location":"Atlanta, GA","is_translator":false,"contributors_enabled":false,"screen_name":"Newt2012HQ","profile_use_background_image":true,"url":"http:\/\/newt.org","id_str":"257193354","show_all_inline_media":false,"profile_background_image_url_https":"https:\/\/si0.twimg.com\/profile_background_images\/251658738\/NG_twit2.jpg","profile_text_color":"727272","id":257193354,"listed_count":352,"lang":"en","profile_background_image_url":"http:\/\/a1.twimg.com\/profile_background_images\/251658738\/NG_twit2.jpg","friends_count":1797},"contributors":null,"in_reply_to_status_id":null,"source":"<a href=\"http:\/\/twitter.com\/tweetbutton\" rel=\"nofollow\">Tweet Button<\/a>","id_str":"132128446724841472","geo":null,"favorited":false,"id":132128446724841472,"coordinates":null,"in_reply_to_user_id":null,"truncated":false,"text":"Gingrich Offers Bold Plan to Strengthen Social Security and Medicare; Romney Provides No Plan http:\/\/t.co\/I6ShhmeF","name":"Newt2012HQ","boldText":"Gingrich Offers Bold Plan to Strengthen Social <B>Security<\/B> and Medicare; Romney Provides No Plan http:\/\/t.co\/I6ShhmeF"},{"possibly_sensitive":false,"place":null,"retweet_count":4,"in_reply_to_screen_name":null,"created_at":"Wed Nov 02 22:09:03 +0000 2011","retweeted":false,"in_reply_to_status_id_str":null,"in_reply_to_user_id_str":null,"user":{"time_zone":"Central Time (US & Canada)","profile_link_color":"2d4a92","protected":false,"created_at":"Thu Feb 24 22:53:03 +0000 2011","profile_image_url_https":"https:\/\/si0.twimg.com\/profile_images\/1358814555\/FB_share_normal.jpg","name":"Newt 2012 Campaign","geo_enabled":false,"favourites_count":0,"profile_background_color":"0a1735","default_profile_image":false,"notifications":false,"profile_background_tile":false,"utc_offset":-21600,"description":"The Official twitter account for Newt 2012 ","statuses_count":2203,"following":true,"verified":false,"profile_sidebar_fill_color":"ffffff","followers_count":8610,"profile_image_url":"http:\/\/a1.twimg.com\/profile_images\/1358814555\/FB_share_normal.jpg","default_profile":false,"follow_request_sent":false,"profile_sidebar_border_color":"eaeaea","location":"Atlanta, GA","is_translator":false,"contributors_enabled":false,"screen_name":"Newt2012HQ","profile_use_background_image":true,"url":"http:\/\/newt.org","id_str":"257193354","show_all_inline_media":false,"profile_background_image_url_https":"https:\/\/si0.twimg.com\/profile_background_images\/251658738\/NG_twit2.jpg","profile_text_color":"727272","id":257193354,"listed_count":352,"lang":"en","profile_background_image_url":"http:\/\/a1.twimg.com\/profile_background_images\/251658738\/NG_twit2.jpg","friends_count":1797},"contributors":null,"in_reply_to_status_id":null,"source":"web","id_str":"131855364181336064","geo":null,"favorited":false,"id":131855364181336064,"coordinates":null,"in_reply_to_user_id":null,"truncated":false,"text":"RT @brodigan Ok now...For my 20,000th Tweet, I'm Endorsing @NewtGingrich for President... http:\/\/t.co\/yFNgtb3e #tcot #ftrradio #sgp","name":"Newt2012HQ","boldText":"RT @brodigan Ok now...For my 20,000th Tweet, I'm Endorsing @NewtGingrich for P<B>resident<\/B>... http:\/\/t.co\/yFNgtb3e #tcot #ftrradio #sgp"},{"possibly_sensitive":false,"place":null,"retweet_count":1,"in_reply_to_screen_name":"JERSEY_MOM","created_at":"Wed Nov 02 19:14:16 +0000 2011","retweeted":false,"in_reply_to_status_id_str":"131763896712298497","in_reply_to_user_id_str":"133878660","user":{"time_zone":"Central Time (US & Canada)","profile_link_color":"2d4a92","protected":false,"created_at":"Thu Feb 24 22:53:03 +0000 2011","profile_image_url_https":"https:\/\/si0.twimg.com\/profile_images\/1358814555\/FB_share_normal.jpg","name":"Newt 2012 Campaign","geo_enabled":false,"favourites_count":0,"profile_background_color":"0a1735","default_profile_image":false,"notifications":false,"profile_background_tile":false,"utc_offset":-21600,"description":"The Official twitter account for Newt 2012 ","statuses_count":2203,"following":false,"verified":false,"profile_sidebar_fill_color":"ffffff","followers_count":8610,"profile_image_url":"http:\/\/a1.twimg.com\/profile_images\/1358814555\/FB_share_normal.jpg","default_profile":false,"follow_request_sent":false,"profile_sidebar_border_color":"eaeaea","location":"Atlanta, GA","is_translator":false,"contributors_enabled":false,"screen_name":"Newt2012HQ","profile_use_background_image":true,"url":"http:\/\/newt.org","id_str":"257193354","show_all_inline_media":false,"profile_background_image_url_https":"https:\/\/si0.twimg.com\/profile_background_images\/251658738\/NG_twit2.jpg","profile_text_color":"727272","id":257193354,"listed_count":352,"lang":"en","profile_background_image_url":"http:\/\/a1.twimg.com\/profile_background_images\/251658738\/NG_twit2.jpg","friends_count":1797},"contributors":null,"in_reply_to_status_id":131763896712298497,"source":"web","id_str":"131811379811319810","geo":null,"favorited":false,"id":131811379811319810,"coordinates":null,"in_reply_to_user_id":133878660,"truncated":false,"text":"@JERSEY_MOM Here is the section on http:\/\/t.co\/bFDqjX30 about national security: http:\/\/t.co\/WD9nvYg0","name":"Newt2012HQ","boldText":"@JERSEY_MOM Here is the section on http:\/\/t.co\/bFDqjX30 about national <B>security<\/B>: http:\/\/t.co\/WD9nvYg0"},{"place":null,"retweet_count":1,"in_reply_to_screen_name":"folandtech","created_at":"Wed Nov 02 19:05:25 +0000 2011","retweeted":false,"in_reply_to_status_id_str":"131734413573758978","in_reply_to_user_id_str":"42312828","user":{"time_zone":"Central Time (US & Canada)","profile_link_color":"2d4a92","protected":false,"created_at":"Thu Feb 24 22:53:03 +0000 2011","profile_image_url_https":"https:\/\/si0.twimg.com\/profile_images\/1358814555\/FB_share_normal.jpg","name":"Newt 2012 Campaign","geo_enabled":false,"favourites_count":0,"profile_background_color":"0a1735","default_profile_image":false,"notifications":null,"profile_background_tile":false,"utc_offset":-21600,"description":"The Official twitter account for Newt 2012 ","statuses_count":2203,"following":null,"verified":false,"profile_sidebar_fill_color":"ffffff","followers_count":8611,"profile_image_url":"http:\/\/a1.twimg.com\/profile_images\/1358814555\/FB_share_normal.jpg","default_profile":false,"follow_request_sent":null,"profile_sidebar_border_color":"eaeaea","location":"Atlanta, GA","is_translator":false,"contributors_enabled":false,"screen_name":"Newt2012HQ","profile_use_background_image":true,"url":"http:\/\/newt.org","id_str":"257193354","show_all_inline_media":false,"profile_background_image_url_https":"https:\/\/si0.twimg.com\/profile_background_images\/251658738\/NG_twit2.jpg","profile_text_color":"727272","id":257193354,"listed_count":352,"lang":"en","profile_background_image_url":"http:\/\/a1.twimg.com\/profile_background_images\/251658738\/NG_twit2.jpg","friends_count":1795},"contributors":null,"in_reply_to_status_id":131734413573758978,"source":"web","id_str":"131809150677155842","geo":null,"favorited":false,"id":131809150677155842,"coordinates":null,"in_reply_to_user_id":42312828,"truncated":false,"text":"@folandtech Great to have you on the Newt 2012 team! How would you like those debates next fall between Newt and President Obama?","name":"Newt2012HQ","boldText":"@folandtech Great to have you on the Newt 2012 team! How would you like those debates next fall between Newt and P<B>resident<\/B> Obama?"},{"place":null,"retweet_count":19,"in_reply_to_screen_name":null,"created_at":"Wed Nov 02 14:30:40 +0000 2011","retweeted":false,"in_reply_to_status_id_str":null,"in_reply_to_user_id_str":null,"user":{"time_zone":"Eastern Time (US & Canada)","profile_link_color":"2d4a92","protected":false,"created_at":"Thu Feb 12 20:18:08 +0000 2009","profile_image_url_https":"https:\/\/si0.twimg.com\/profile_images\/1266146219\/Newt_Approved_Headshot_normal.jpeg","name":"Newt Gingrich","default_profile":false,"geo_enabled":false,"favourites_count":0,"profile_background_color":"0a1735","default_profile_image":false,"notifications":false,"profile_background_tile":false,"utc_offset":-18000,"description":"Husband, father, grandfather, citizen, small businessman, author, former Speaker. I'm running for president to offer leadership to solve America's challenges.","statuses_count":2978,"following":true,"verified":true,"profile_sidebar_fill_color":"ffffff","followers_count":1340755,"profile_image_url":"http:\/\/a1.twimg.com\/profile_images\/1266146219\/Newt_Approved_Headshot_normal.jpeg","follow_request_sent":false,"profile_sidebar_border_color":"eaeaea","location":"","is_translator":false,"contributors_enabled":false,"screen_name":"newtgingrich","profile_use_background_image":true,"url":"http:\/\/Newt.org","id_str":"20713061","show_all_inline_media":false,"profile_background_image_url_https":"https:\/\/si0.twimg.com\/profile_background_images\/251627781\/NG_twit2.jpg","profile_text_color":"727272","id":20713061,"listed_count":9993,"lang":"en","profile_background_image_url":"http:\/\/a1.twimg.com\/profile_background_images\/251627781\/NG_twit2.jpg","friends_count":466},"contributors":null,"in_reply_to_status_id":null,"source":"web","id_str":"131740007772856320","geo":null,"favorited":false,"id":131740007772856320,"coordinates":null,"in_reply_to_user_id":null,"truncated":false,"text":"I'm in Atlanta today to speak at the GA-7 gop presidential forum this evening. Joining @Talkmaster on the radio in just a minute","name":"NewtGingrich","boldText":"I'm in Atlanta today to speak at the GA-7 gop p<B>resident<\/B>ial forum this evening. Joining @Talkmaster on the radio in just a minute"},{"possibly_sensitive":false,"place":null,"retweet_count":17,"in_reply_to_screen_name":null,"created_at":"Wed Nov 02 00:59:01 +0000 2011","retweeted":false,"in_reply_to_status_id_str":null,"in_reply_to_user_id_str":null,"user":{"time_zone":"Central Time (US & Canada)","profile_link_color":"2d4a92","protected":false,"created_at":"Thu Feb 24 22:53:03 +0000 2011","profile_image_url_https":"https:\/\/si0.twimg.com\/profile_images\/1358814555\/FB_share_normal.jpg","name":"Newt 2012 Campaign","geo_enabled":false,"favourites_count":0,"profile_background_color":"0a1735","default_profile_image":false,"default_profile":false,"notifications":false,"profile_background_tile":false,"utc_offset":-21600,"description":"The Official twitter account for Newt 2012 ","statuses_count":2201,"following":true,"verified":false,"profile_sidebar_fill_color":"ffffff","followers_count":8608,"profile_image_url":"http:\/\/a1.twimg.com\/profile_images\/1358814555\/FB_share_normal.jpg","follow_request_sent":false,"profile_sidebar_border_color":"eaeaea","location":"Atlanta, GA","is_translator":false,"contributors_enabled":false,"screen_name":"Newt2012HQ","profile_use_background_image":true,"url":"http:\/\/newt.org","id_str":"257193354","show_all_inline_media":false,"profile_background_image_url_https":"https:\/\/si0.twimg.com\/profile_background_images\/251658738\/NG_twit2.jpg","profile_text_color":"727272","id":257193354,"listed_count":352,"lang":"en","profile_background_image_url":"http:\/\/a1.twimg.com\/profile_background_images\/251658738\/NG_twit2.jpg","friends_count":1795},"contributors":null,"in_reply_to_status_id":null,"source":"<a href=\"http:\/\/www.tweetdeck.com\" rel=\"nofollow\">TweetDeck<\/a>","id_str":"131535750691962880","geo":null,"favorited":false,"id":131535750691962880,"coordinates":null,"in_reply_to_user_id":null,"truncated":false,"text":".@MonicaCrowley: Newt Would Make \"Mincemeat Out of President Obama\" http:\/\/t.co\/1uQoEHzh","name":"Newt2012HQ","boldText":".@MonicaCrowley: Newt Would Make \"Mincemeat Out of P<B>resident<\/B> Obama\" http:\/\/t.co\/1uQoEHzh"},{"place":null,"retweet_count":"100+","in_reply_to_screen_name":null,"created_at":"Sat Oct 15 01:50:52 +0000 2011","retweeted":false,"in_reply_to_status_id_str":null,"in_reply_to_user_id_str":null,"user":{"time_zone":"Eastern Time (US & Canada)","profile_link_color":"2d4a92","protected":false,"created_at":"Thu Feb 12 20:18:08 +0000 2009","profile_image_url_https":"https:\/\/si0.twimg.com\/profile_images\/1266146219\/Newt_Approved_Headshot_normal.jpeg","name":"Newt Gingrich","geo_enabled":false,"favourites_count":0,"profile_background_color":"0a1735","default_profile_image":false,"notifications":false,"profile_background_tile":false,"utc_offset":-18000,"description":"Husband, father, grandfather, citizen, small businessman, author, former Speaker. I'm running for president to offer leadership to solve America's challenges.","statuses_count":2978,"following":true,"verified":true,"profile_sidebar_fill_color":"ffffff","followers_count":1340729,"profile_image_url":"http:\/\/a1.twimg.com\/profile_images\/1266146219\/Newt_Approved_Headshot_normal.jpeg","follow_request_sent":false,"profile_sidebar_border_color":"eaeaea","location":"","is_translator":false,"contributors_enabled":false,"screen_name":"newtgingrich","profile_use_background_image":true,"url":"http:\/\/Newt.org","id_str":"20713061","show_all_inline_media":false,"profile_background_image_url_https":"https:\/\/si0.twimg.com\/profile_background_images\/251627781\/NG_twit2.jpg","profile_text_color":"727272","id":20713061,"default_profile":false,"listed_count":9993,"lang":"en","profile_background_image_url":"http:\/\/a1.twimg.com\/profile_background_images\/251627781\/NG_twit2.jpg","friends_count":466},"contributors":null,"in_reply_to_status_id":null,"source":"<a href=\"http:\/\/blackberry.com\/twitter\" rel=\"nofollow\">Twitter for BlackBerry\u00ae<\/a>","id_str":"125025816148054016","geo":null,"favorited":false,"id":125025816148054016,"coordinates":null,"in_reply_to_user_id":null,"truncated":false,"text":"Obama should have sent 100 troops to control our border not to uganda-wrong priorities","name":"NewtGingrich","boldText":"Obama should have sent 100 troops to control our <B>border<\/B> not to uganda-wrong priorities"},{"possibly_sensitive":false,"place":null,"retweet_count":4,"in_reply_to_screen_name":"williswj","created_at":"Wed Oct 12 13:47:17 +0000 2011","retweeted":false,"in_reply_to_status_id_str":null,"in_reply_to_user_id_str":"78332484","user":{"time_zone":"Eastern Time (US & Canada)","profile_link_color":"2d4a92","protected":false,"created_at":"Thu Feb 12 20:18:08 +0000 2009","profile_image_url_https":"https:\/\/si0.twimg.com\/profile_images\/1266146219\/Newt_Approved_Headshot_normal.jpeg","name":"Newt Gingrich","geo_enabled":false,"favourites_count":0,"profile_background_color":"0a1735","default_profile_image":false,"notifications":null,"profile_background_tile":false,"utc_offset":-18000,"description":"Husband, father, grandfather, citizen, small businessman, author, former Speaker. I'm running for president to offer leadership to solve America's challenges.","statuses_count":2978,"following":null,"verified":true,"profile_sidebar_fill_color":"ffffff","followers_count":1340778,"profile_image_url":"http:\/\/a1.twimg.com\/profile_images\/1266146219\/Newt_Approved_Headshot_normal.jpeg","default_profile":false,"follow_request_sent":null,"profile_sidebar_border_color":"eaeaea","location":"","is_translator":false,"contributors_enabled":false,"screen_name":"newtgingrich","profile_use_background_image":true,"url":"http:\/\/Newt.org","id_str":"20713061","show_all_inline_media":false,"profile_background_image_url_https":"https:\/\/si0.twimg.com\/profile_background_images\/251627781\/NG_twit2.jpg","profile_text_color":"727272","id":20713061,"listed_count":9994,"lang":"en","profile_background_image_url":"http:\/\/a1.twimg.com\/profile_background_images\/251627781\/NG_twit2.jpg","friends_count":466},"contributors":null,"in_reply_to_status_id":null,"source":"web","id_str":"124118946730348544","geo":null,"favorited":false,"id":124118946730348544,"coordinates":null,"in_reply_to_user_id":78332484,"truncated":false,"text":"@williswj #LeadNow Yes on 2001\/03 tax cuts, & social security will be strengthened by giving Americans more options: http:\/\/t.co\/HgW3fSaD","name":"NewtGingrich","boldText":"@williswj #LeadNow Yes on 2001\/03 tax cuts, & social <B>security<\/B> will be strengthened by giving Americans more options: http:\/\/t.co\/HgW3fSaD"},{"place":null,"retweet_count":0,"in_reply_to_screen_name":"grahamkp","created_at":"Tue Oct 11 18:49:08 +0000 2011","retweeted":false,"in_reply_to_status_id_str":null,"in_reply_to_user_id_str":"235793149","user":{"time_zone":"Eastern Time (US & Canada)","profile_link_color":"2d4a92","protected":false,"created_at":"Thu Feb 12 20:18:08 +0000 2009","profile_image_url_https":"https:\/\/si0.twimg.com\/profile_images\/1266146219\/Newt_Approved_Headshot_normal.jpeg","name":"Newt Gingrich","geo_enabled":false,"favourites_count":0,"profile_background_color":"0a1735","default_profile_image":false,"notifications":null,"profile_background_tile":false,"utc_offset":-18000,"description":"Husband, father, grandfather, citizen, small businessman, author, former Speaker. I'm running for president to offer leadership to solve America's challenges.","statuses_count":2978,"following":null,"verified":true,"profile_sidebar_fill_color":"ffffff","followers_count":1340778,"profile_image_url":"http:\/\/a1.twimg.com\/profile_images\/1266146219\/Newt_Approved_Headshot_normal.jpeg","default_profile":false,"follow_request_sent":null,"profile_sidebar_border_color":"eaeaea","location":"","is_translator":false,"contributors_enabled":false,"screen_name":"newtgingrich","profile_use_background_image":true,"url":"http:\/\/Newt.org","id_str":"20713061","show_all_inline_media":false,"profile_background_image_url_https":"https:\/\/si0.twimg.com\/profile_background_images\/251627781\/NG_twit2.jpg","profile_text_color":"727272","id":20713061,"listed_count":9994,"lang":"en","profile_background_image_url":"http:\/\/a1.twimg.com\/profile_background_images\/251627781\/NG_twit2.jpg","friends_count":466},"contributors":null,"in_reply_to_status_id":null,"source":"web","id_str":"123832523192143873","geo":null,"favorited":false,"id":123832523192143873,"coordinates":null,"in_reply_to_user_id":235793149,"truncated":false,"text":"@grahamkp #LeadNow Yes to a fence where it would be useful. No in state tuition.","name":"NewtGingrich","boldText":"@grahamkp #LeadNow Yes to a <B>fence<\/B> where it would be useful. No in state tuition."},{"place":null,"retweet_count":7,"in_reply_to_screen_name":"LockLoadLeslie","created_at":"Tue Oct 11 18:35:18 +0000 2011","retweeted":false,"in_reply_to_status_id_str":null,"in_reply_to_user_id_str":"57480204","user":{"time_zone":"Eastern Time (US & Canada)","profile_link_color":"2d4a92","protected":false,"created_at":"Thu Feb 12 20:18:08 +0000 2009","profile_image_url_https":"https:\/\/si0.twimg.com\/profile_images\/1266146219\/Newt_Approved_Headshot_normal.jpeg","name":"Newt Gingrich","geo_enabled":false,"favourites_count":0,"profile_background_color":"0a1735","default_profile_image":false,"notifications":null,"profile_background_tile":false,"utc_offset":-18000,"description":"Husband, father, grandfather, citizen, small businessman, author, former Speaker. I'm running for president to offer leadership to solve America's challenges.","statuses_count":2978,"following":null,"verified":true,"profile_sidebar_fill_color":"ffffff","followers_count":1340778,"profile_image_url":"http:\/\/a1.twimg.com\/profile_images\/1266146219\/Newt_Approved_Headshot_normal.jpeg","default_profile":false,"follow_request_sent":null,"profile_sidebar_border_color":"eaeaea","location":"","is_translator":false,"contributors_enabled":false,"screen_name":"newtgingrich","profile_use_background_image":true,"url":"http:\/\/Newt.org","id_str":"20713061","show_all_inline_media":false,"profile_background_image_url_https":"https:\/\/si0.twimg.com\/profile_background_images\/251627781\/NG_twit2.jpg","profile_text_color":"727272","id":20713061,"listed_count":9994,"lang":"en","profile_background_image_url":"http:\/\/a1.twimg.com\/profile_background_images\/251627781\/NG_twit2.jpg","friends_count":466},"contributors":null,"in_reply_to_status_id":null,"source":"web","id_str":"123829042033070081","geo":null,"favorited":false,"id":123829042033070081,"coordinates":null,"in_reply_to_user_id":57480204,"truncated":false,"text":"@LockLoadLeslie #LeadNow My first act as president will be signing an exec order that gets rid of all WH czars","name":"NewtGingrich","boldText":"@LockLoadLeslie #LeadNow My first act as p<B>resident<\/B> will be signing an exec order that gets rid of all WH czars"},{"possibly_sensitive":false,"place":null,"retweet_count":2,"in_reply_to_screen_name":"Rum_King","created_at":"Tue Oct 11 18:23:05 +0000 2011","retweeted":false,"in_reply_to_status_id_str":null,"in_reply_to_user_id_str":"292528004","user":{"time_zone":"Eastern Time (US & Canada)","profile_link_color":"2d4a92","protected":false,"created_at":"Thu Feb 12 20:18:08 +0000 2009","profile_image_url_https":"https:\/\/si0.twimg.com\/profile_images\/1266146219\/Newt_Approved_Headshot_normal.jpeg","name":"Newt Gingrich","geo_enabled":false,"favourites_count":0,"profile_background_color":"0a1735","default_profile_image":false,"notifications":null,"profile_background_tile":false,"utc_offset":-18000,"description":"Husband, father, grandfather, citizen, small businessman, author, former Speaker. I'm running for president to offer leadership to solve America's challenges.","statuses_count":2978,"following":null,"verified":true,"profile_sidebar_fill_color":"ffffff","followers_count":1340778,"profile_image_url":"http:\/\/a1.twimg.com\/profile_images\/1266146219\/Newt_Approved_Headshot_normal.jpeg","default_profile":false,"follow_request_sent":null,"profile_sidebar_border_color":"eaeaea","location":"","is_translator":false,"contributors_enabled":false,"screen_name":"newtgingrich","profile_use_background_image":true,"url":"http:\/\/Newt.org","id_str":"20713061","show_all_inline_media":false,"profile_background_image_url_https":"https:\/\/si0.twimg.com\/profile_background_images\/251627781\/NG_twit2.jpg","profile_text_color":"727272","id":20713061,"listed_count":9994,"lang":"en","profile_background_image_url":"http:\/\/a1.twimg.com\/profile_background_images\/251627781\/NG_twit2.jpg","friends_count":466},"contributors":null,"in_reply_to_status_id":null,"source":"web","id_str":"123825967536934912","geo":null,"favorited":false,"id":123825967536934912,"coordinates":null,"in_reply_to_user_id":292528004,"truncated":false,"text":"@Rum_King #LeadNow Securing our border is a nat\u2019l security imperative. We will do it by 1\/14 by any means nec. My plan: http:\/\/t.co\/G0Khff0Y","name":"NewtGingrich","boldText":"@Rum_King #LeadNow Securing our <B>border<\/B> is a nat\u2019l <B><B>security<\/B><\/B> imperative. We will do it by 1\/14 by any means nec. My plan: http:\/\/t.co\/G0Khff0Y"},{"place":null,"retweet_count":16,"in_reply_to_screen_name":"Gint2","created_at":"Sat Sep 24 04:17:52 +0000 2011","retweeted":false,"in_reply_to_status_id_str":"117426541813698560","in_reply_to_user_id_str":"236887915","user":{"time_zone":"Eastern Time (US & Canada)","profile_link_color":"2d4a92","protected":false,"created_at":"Thu Feb 12 20:18:08 +0000 2009","profile_image_url_https":"https:\/\/si0.twimg.com\/profile_images\/1266146219\/Newt_Approved_Headshot_normal.jpeg","name":"Newt Gingrich","geo_enabled":false,"favourites_count":0,"profile_background_color":"0a1735","default_profile_image":false,"notifications":null,"profile_background_tile":false,"utc_offset":-18000,"description":"Husband, father, grandfather, citizen, small businessman, author, former Speaker. I'm running for president to offer leadership to solve America's challenges.","statuses_count":2978,"following":null,"verified":true,"profile_sidebar_fill_color":"ffffff","followers_count":1340778,"profile_image_url":"http:\/\/a1.twimg.com\/profile_images\/1266146219\/Newt_Approved_Headshot_normal.jpeg","default_profile":false,"follow_request_sent":null,"profile_sidebar_border_color":"eaeaea","location":"","is_translator":false,"contributors_enabled":false,"screen_name":"newtgingrich","profile_use_background_image":true,"url":"http:\/\/Newt.org","id_str":"20713061","show_all_inline_media":false,"profile_background_image_url_https":"https:\/\/si0.twimg.com\/profile_background_images\/251627781\/NG_twit2.jpg","profile_text_color":"727272","id":20713061,"listed_count":9994,"lang":"en","profile_background_image_url":"http:\/\/a1.twimg.com\/profile_background_images\/251627781\/NG_twit2.jpg","friends_count":466},"contributors":null,"in_reply_to_status_id":117426541813698560,"source":"<a href=\"http:\/\/blackberry.com\/twitter\" rel=\"nofollow\">Twitter for BlackBerry\u00ae<\/a>","id_str":"117452667059576833","geo":null,"favorited":false,"id":117452667059576833,"coordinates":null,"in_reply_to_user_id":236887915,"truncated":false,"text":"@Gint2 when someone yelled to President Harry Truman\" give them hell\" he said I just tell the truth and it feels like hell","name":"NewtGingrich","boldText":"@Gint2 when someone yelled to P<B>resident<\/B> Harry Truman\" give them hell\" he said I just tell the truth and it feels like hell"},{"possibly_sensitive":false,"place":null,"retweet_count":0,"in_reply_to_screen_name":null,"created_at":"Fri Sep 23 03:59:08 +0000 2011","retweeted":false,"in_reply_to_status_id_str":null,"in_reply_to_user_id_str":null,"user":{"time_zone":null,"profile_link_color":"0084B4","protected":false,"created_at":"Fri Feb 18 14:00:10 +0000 2011","profile_image_url_https":"https:\/\/si0.twimg.com\/profile_images\/1341608289\/huffingtonpost_normal.png","name":"Newt Gingrich News","geo_enabled":false,"favourites_count":0,"profile_background_color":"C0DEED","default_profile_image":false,"notifications":null,"profile_background_tile":false,"utc_offset":null,"description":"Newt Gingrich: Breaking news and updates from HuffPost","statuses_count":327,"following":null,"verified":false,"profile_sidebar_fill_color":"DDEEF6","followers_count":56,"profile_image_url":"http:\/\/a1.twimg.com\/profile_images\/1341608289\/huffingtonpost_normal.png","follow_request_sent":null,"profile_sidebar_border_color":"C0DEED","location":null,"is_translator":false,"default_profile":true,"contributors_enabled":false,"screen_name":"NewtG_News","profile_use_background_image":true,"url":null,"id_str":"254049462","show_all_inline_media":false,"profile_background_image_url_https":"https:\/\/si0.twimg.com\/images\/themes\/theme1\/bg.png","profile_text_color":"333333","id":254049462,"listed_count":5,"lang":"en","profile_background_image_url":"http:\/\/a0.twimg.com\/images\/themes\/theme1\/bg.png","friends_count":0},"contributors":null,"in_reply_to_status_id":null,"source":"<a href=\"http:\/\/www.huffingtonpost.com\" rel=\"nofollow\">The Huffington Post<\/a>","id_str":"117085565555458048","geo":null,"favorited":false,"id":117085565555458048,"coordinates":null,"in_reply_to_user_id":null,"truncated":false,"text":"Rick Perry Blindsided Again In Debate On Immigration, Rick Santorum Has Big... http:\/\/t.co\/luOyXBKH","name":"NewtG_News","boldText":"Rick Perry Blindsided Again In Debate On <B>Immigration<\/B>, Rick Santorum Has Big... http:\/\/t.co\/luOyXBKH"},{"possibly_sensitive":false,"place":null,"retweet_count":0,"in_reply_to_screen_name":null,"created_at":"Thu Sep 22 15:47:59 +0000 2011","retweeted":false,"in_reply_to_status_id_str":null,"in_reply_to_user_id_str":null,"user":{"time_zone":null,"profile_link_color":"0084B4","protected":false,"created_at":"Fri Feb 18 14:00:10 +0000 2011","profile_image_url_https":"https:\/\/si0.twimg.com\/profile_images\/1341608289\/huffingtonpost_normal.png","name":"Newt Gingrich News","geo_enabled":false,"favourites_count":0,"profile_background_color":"C0DEED","default_profile_image":false,"notifications":null,"profile_background_tile":false,"utc_offset":null,"description":"Newt Gingrich: Breaking news and updates from HuffPost","statuses_count":327,"following":null,"verified":false,"profile_sidebar_fill_color":"DDEEF6","followers_count":56,"profile_image_url":"http:\/\/a1.twimg.com\/profile_images\/1341608289\/huffingtonpost_normal.png","follow_request_sent":null,"profile_sidebar_border_color":"C0DEED","location":null,"is_translator":false,"default_profile":true,"contributors_enabled":false,"screen_name":"NewtG_News","profile_use_background_image":true,"url":null,"id_str":"254049462","show_all_inline_media":false,"profile_background_image_url_https":"https:\/\/si0.twimg.com\/images\/themes\/theme1\/bg.png","profile_text_color":"333333","id":254049462,"listed_count":5,"lang":"en","profile_background_image_url":"http:\/\/a0.twimg.com\/images\/themes\/theme1\/bg.png","friends_count":0},"contributors":null,"in_reply_to_status_id":null,"source":"<a href=\"http:\/\/www.huffingtonpost.com\" rel=\"nofollow\">The Huffington Post<\/a>","id_str":"116901563850702848","geo":null,"favorited":false,"id":116901563850702848,"coordinates":null,"in_reply_to_user_id":null,"truncated":false,"text":"Poll Has Good News For One GOP Presidential Contender http:\/\/t.co\/ZDYsvWq1","name":"NewtG_News","boldText":"Poll Has Good News For One GOP P<B>resident<\/B>ial Contender http:\/\/t.co\/ZDYsvWq1"},{"possibly_sensitive":false,"place":null,"retweet_count":0,"in_reply_to_screen_name":null,"created_at":"Thu Sep 22 14:31:23 +0000 2011","retweeted":false,"in_reply_to_status_id_str":null,"in_reply_to_user_id_str":null,"user":{"time_zone":null,"profile_link_color":"0084B4","protected":false,"created_at":"Fri Feb 18 14:00:10 +0000 2011","profile_image_url_https":"https:\/\/si0.twimg.com\/profile_images\/1341608289\/huffingtonpost_normal.png","name":"Newt Gingrich News","geo_enabled":false,"favourites_count":0,"profile_background_color":"C0DEED","default_profile_image":false,"notifications":null,"profile_background_tile":false,"utc_offset":null,"description":"Newt Gingrich: Breaking news and updates from HuffPost","statuses_count":327,"following":null,"verified":false,"profile_sidebar_fill_color":"DDEEF6","followers_count":56,"profile_image_url":"http:\/\/a1.twimg.com\/profile_images\/1341608289\/huffingtonpost_normal.png","follow_request_sent":null,"profile_sidebar_border_color":"C0DEED","location":null,"is_translator":false,"default_profile":true,"contributors_enabled":false,"screen_name":"NewtG_News","profile_use_background_image":true,"url":null,"id_str":"254049462","show_all_inline_media":false,"profile_background_image_url_https":"https:\/\/si0.twimg.com\/images\/themes\/theme1\/bg.png","profile_text_color":"333333","id":254049462,"listed_count":5,"lang":"en","profile_background_image_url":"http:\/\/a0.twimg.com\/images\/themes\/theme1\/bg.png","friends_count":0},"contributors":null,"in_reply_to_status_id":null,"source":"<a href=\"http:\/\/www.huffingtonpost.com\" rel=\"nofollow\">The Huffington Post<\/a>","id_str":"116882289287380992","geo":null,"favorited":false,"id":116882289287380992,"coordinates":null,"in_reply_to_user_id":null,"truncated":false,"text":"Republican Presidential Candidates Step Up Criticism Ahead Of GOP Debate http:\/\/t.co\/3gI9Vvma","name":"NewtG_News","boldText":"Republican P<B>resident<\/B>ial Candidates Step Up Criticism Ahead Of GOP Debate http:\/\/t.co\/3gI9Vvma"},{"possibly_sensitive":false,"place":null,"retweet_count":47,"in_reply_to_screen_name":null,"created_at":"Tue Sep 20 15:45:33 +0000 2011","retweeted":false,"in_reply_to_status_id_str":null,"in_reply_to_user_id_str":null,"user":{"time_zone":"Eastern Time (US & Canada)","profile_link_color":"2d4a92","protected":false,"created_at":"Thu Feb 12 20:18:08 +0000 2009","profile_image_url_https":"https:\/\/si0.twimg.com\/profile_images\/1266146219\/Newt_Approved_Headshot_normal.jpeg","name":"Newt Gingrich","geo_enabled":false,"favourites_count":0,"profile_background_color":"0a1735","default_profile_image":false,"notifications":null,"profile_background_tile":false,"utc_offset":-18000,"description":"Husband, father, grandfather, citizen, small businessman, author, former Speaker. I'm running for president to offer leadership to solve America's challenges.","statuses_count":2978,"following":null,"verified":true,"profile_sidebar_fill_color":"ffffff","followers_count":1340778,"profile_image_url":"http:\/\/a1.twimg.com\/profile_images\/1266146219\/Newt_Approved_Headshot_normal.jpeg","default_profile":false,"follow_request_sent":null,"profile_sidebar_border_color":"eaeaea","location":"","is_translator":false,"contributors_enabled":false,"screen_name":"newtgingrich","profile_use_background_image":true,"url":"http:\/\/Newt.org","id_str":"20713061","show_all_inline_media":false,"profile_background_image_url_https":"https:\/\/si0.twimg.com\/profile_background_images\/251627781\/NG_twit2.jpg","profile_text_color":"727272","id":20713061,"listed_count":9994,"lang":"en","profile_background_image_url":"http:\/\/a1.twimg.com\/profile_background_images\/251627781\/NG_twit2.jpg","friends_count":466},"contributors":null,"in_reply_to_status_id":null,"source":"<a href=\"http:\/\/twitter.com\/tweetbutton\" rel=\"nofollow\">Tweet Button<\/a>","id_str":"116176174341828608","geo":null,"favorited":false,"id":116176174341828608,"coordinates":null,"in_reply_to_user_id":null,"truncated":false,"text":"My oped pointing out the president's faulty Lincoln comparisons during his jobs speech http:\/\/t.co\/MwaG6UZk","name":"NewtGingrich","boldText":"My oped pointing out the p<B>resident<\/B>'s faulty Lincoln comparisons during his jobs speech http:\/\/t.co\/MwaG6UZk"},{"possibly_sensitive":false,"place":null,"retweet_count":0,"in_reply_to_screen_name":null,"created_at":"Tue Sep 13 20:21:38 +0000 2011","retweeted":false,"in_reply_to_status_id_str":null,"in_reply_to_user_id_str":null,"user":{"time_zone":null,"profile_link_color":"0084B4","protected":false,"created_at":"Fri Feb 18 14:00:10 +0000 2011","profile_image_url_https":"https:\/\/si0.twimg.com\/profile_images\/1341608289\/huffingtonpost_normal.png","name":"Newt Gingrich News","geo_enabled":false,"favourites_count":0,"profile_background_color":"C0DEED","default_profile_image":false,"notifications":null,"profile_background_tile":false,"utc_offset":null,"description":"Newt Gingrich: Breaking news and updates from HuffPost","statuses_count":327,"following":null,"verified":false,"profile_sidebar_fill_color":"DDEEF6","followers_count":56,"profile_image_url":"http:\/\/a1.twimg.com\/profile_images\/1341608289\/huffingtonpost_normal.png","follow_request_sent":null,"profile_sidebar_border_color":"C0DEED","location":null,"is_translator":false,"default_profile":true,"contributors_enabled":false,"screen_name":"NewtG_News","profile_use_background_image":true,"url":null,"id_str":"254049462","show_all_inline_media":false,"profile_background_image_url_https":"https:\/\/si0.twimg.com\/images\/themes\/theme1\/bg.png","profile_text_color":"333333","id":254049462,"listed_count":5,"lang":"en","profile_background_image_url":"http:\/\/a0.twimg.com\/images\/themes\/theme1\/bg.png","friends_count":0},"contributors":null,"in_reply_to_status_id":null,"source":"<a href=\"http:\/\/www.huffingtonpost.com\" rel=\"nofollow\">The Huffington Post<\/a>","id_str":"113708941782958080","geo":null,"favorited":false,"id":113708941782958080,"coordinates":null,"in_reply_to_user_id":null,"truncated":false,"text":"Good News From the Republican Presidential Debate! http:\/\/t.co\/BS0e641","name":"NewtG_News","boldText":"Good News From the Republican P<B>resident<\/B>ial Debate! http:\/\/t.co\/BS0e641"},{"possibly_sensitive":false,"place":null,"retweet_count":0,"in_reply_to_screen_name":null,"created_at":"Fri Sep 09 03:17:56 +0000 2011","retweeted":false,"in_reply_to_status_id_str":null,"in_reply_to_user_id_str":null,"user":{"time_zone":null,"profile_link_color":"0084B4","protected":false,"created_at":"Fri Feb 18 14:00:10 +0000 2011","profile_image_url_https":"https:\/\/si0.twimg.com\/profile_images\/1341608289\/huffingtonpost_normal.png","name":"Newt Gingrich News","geo_enabled":false,"favourites_count":0,"profile_background_color":"C0DEED","default_profile_image":false,"notifications":null,"profile_background_tile":false,"utc_offset":null,"description":"Newt Gingrich: Breaking news and updates from HuffPost","statuses_count":327,"following":null,"verified":false,"profile_sidebar_fill_color":"DDEEF6","followers_count":56,"profile_image_url":"http:\/\/a1.twimg.com\/profile_images\/1341608289\/huffingtonpost_normal.png","follow_request_sent":null,"profile_sidebar_border_color":"C0DEED","location":null,"is_translator":false,"default_profile":true,"contributors_enabled":false,"screen_name":"NewtG_News","profile_use_background_image":true,"url":null,"id_str":"254049462","show_all_inline_media":false,"profile_background_image_url_https":"https:\/\/si0.twimg.com\/images\/themes\/theme1\/bg.png","profile_text_color":"333333","id":254049462,"listed_count":5,"lang":"en","profile_background_image_url":"http:\/\/a0.twimg.com\/images\/themes\/theme1\/bg.png","friends_count":0},"contributors":null,"in_reply_to_status_id":null,"source":"<a href=\"http:\/\/www.huffingtonpost.com\" rel=\"nofollow\">The Huffington Post<\/a>","id_str":"112001764642914304","geo":null,"favorited":false,"id":112001764642914304,"coordinates":null,"in_reply_to_user_id":null,"truncated":false,"text":"Republican Presidential Candidates React To Obama Job Speech http:\/\/t.co\/RPRGEDL","name":"NewtG_News","boldText":"Republican P<B>resident<\/B>ial Candidates React To Obama Job Speech http:\/\/t.co\/RPRGEDL"},{"possibly_sensitive":false,"place":null,"retweet_count":0,"in_reply_to_screen_name":null,"created_at":"Thu Sep 08 09:16:46 +0000 2011","retweeted":false,"in_reply_to_status_id_str":null,"in_reply_to_user_id_str":null,"user":{"time_zone":null,"profile_link_color":"0084B4","protected":false,"created_at":"Fri Feb 18 14:00:10 +0000 2011","profile_image_url_https":"https:\/\/si0.twimg.com\/profile_images\/1341608289\/huffingtonpost_normal.png","name":"Newt Gingrich News","geo_enabled":false,"favourites_count":0,"profile_background_color":"C0DEED","default_profile_image":false,"notifications":null,"profile_background_tile":false,"utc_offset":null,"description":"Newt Gingrich: Breaking news and updates from HuffPost","statuses_count":327,"following":null,"verified":false,"profile_sidebar_fill_color":"DDEEF6","followers_count":56,"profile_image_url":"http:\/\/a1.twimg.com\/profile_images\/1341608289\/huffingtonpost_normal.png","follow_request_sent":null,"profile_sidebar_border_color":"C0DEED","location":null,"is_translator":false,"default_profile":true,"contributors_enabled":false,"screen_name":"NewtG_News","profile_use_background_image":true,"url":null,"id_str":"254049462","show_all_inline_media":false,"profile_background_image_url_https":"https:\/\/si0.twimg.com\/images\/themes\/theme1\/bg.png","profile_text_color":"333333","id":254049462,"listed_count":5,"lang":"en","profile_background_image_url":"http:\/\/a0.twimg.com\/images\/themes\/theme1\/bg.png","friends_count":0},"contributors":null,"in_reply_to_status_id":null,"source":"<a href=\"http:\/\/www.huffingtonpost.com\" rel=\"nofollow\">The Huffington Post<\/a>","id_str":"111729683099422721","geo":null,"favorited":false,"id":111729683099422721,"coordinates":null,"in_reply_to_user_id":null,"truncated":false,"text":"LIVE UPDATES: Presidential Candidates Face Off In GOP Debate http:\/\/t.co\/rSUMMiK","name":"NewtG_News","boldText":"LIVE UPDATES: P<B>resident<\/B>ial Candidates Face Off In GOP Debate http:\/\/t.co\/rSUMMiK"},{"possibly_sensitive":false,"place":null,"retweet_count":0,"in_reply_to_screen_name":null,"created_at":"Thu Sep 08 08:11:02 +0000 2011","retweeted":false,"in_reply_to_status_id_str":null,"in_reply_to_user_id_str":null,"user":{"time_zone":null,"profile_link_color":"0084B4","protected":false,"created_at":"Fri Feb 18 14:00:10 +0000 2011","profile_image_url_https":"https:\/\/si0.twimg.com\/profile_images\/1341608289\/huffingtonpost_normal.png","name":"Newt Gingrich News","geo_enabled":false,"favourites_count":0,"profile_background_color":"C0DEED","default_profile_image":false,"notifications":null,"profile_background_tile":false,"utc_offset":null,"description":"Newt Gingrich: Breaking news and updates from HuffPost","statuses_count":327,"following":null,"verified":false,"profile_sidebar_fill_color":"DDEEF6","followers_count":56,"profile_image_url":"http:\/\/a1.twimg.com\/profile_images\/1341608289\/huffingtonpost_normal.png","follow_request_sent":null,"profile_sidebar_border_color":"C0DEED","location":null,"is_translator":false,"default_profile":true,"contributors_enabled":false,"screen_name":"NewtG_News","profile_use_background_image":true,"url":null,"id_str":"254049462","show_all_inline_media":false,"profile_background_image_url_https":"https:\/\/si0.twimg.com\/images\/themes\/theme1\/bg.png","profile_text_color":"333333","id":254049462,"listed_count":5,"lang":"en","profile_background_image_url":"http:\/\/a0.twimg.com\/images\/themes\/theme1\/bg.png","friends_count":0},"contributors":null,"in_reply_to_status_id":null,"source":"<a href=\"http:\/\/www.huffingtonpost.com\" rel=\"nofollow\">The Huffington Post<\/a>","id_str":"111713140391153664","geo":null,"favorited":false,"id":111713140391153664,"coordinates":null,"in_reply_to_user_id":null,"truncated":false,"text":"Republican Candidates Called On To Talk Tough On Immigration http:\/\/t.co\/CPI6hmX","name":"NewtG_News","boldText":"Republican Candidates Called On To Talk Tough On <B>Immigration<\/B> http:\/\/t.co\/CPI6hmX"},{"possibly_sensitive":false,"place":null,"retweet_count":0,"in_reply_to_screen_name":null,"created_at":"Tue Aug 23 16:39:19 +0000 2011","retweeted":false,"in_reply_to_status_id_str":null,"in_reply_to_user_id_str":null,"user":{"time_zone":null,"profile_link_color":"0084B4","protected":false,"created_at":"Fri Feb 18 14:00:10 +0000 2011","profile_image_url_https":"https:\/\/si0.twimg.com\/profile_images\/1341608289\/huffingtonpost_normal.png","name":"Newt Gingrich News","geo_enabled":false,"favourites_count":0,"profile_background_color":"C0DEED","default_profile_image":false,"notifications":null,"profile_background_tile":false,"utc_offset":null,"description":"Newt Gingrich: Breaking news and updates from HuffPost","statuses_count":327,"following":null,"verified":false,"profile_sidebar_fill_color":"DDEEF6","followers_count":56,"profile_image_url":"http:\/\/a1.twimg.com\/profile_images\/1341608289\/huffingtonpost_normal.png","follow_request_sent":null,"profile_sidebar_border_color":"C0DEED","location":null,"is_translator":false,"default_profile":true,"contributors_enabled":false,"screen_name":"NewtG_News","profile_use_background_image":true,"url":null,"id_str":"254049462","show_all_inline_media":false,"profile_background_image_url_https":"https:\/\/si0.twimg.com\/images\/themes\/theme1\/bg.png","profile_text_color":"333333","id":254049462,"listed_count":5,"lang":"en","profile_background_image_url":"http:\/\/a0.twimg.com\/images\/themes\/theme1\/bg.png","friends_count":0},"contributors":null,"in_reply_to_status_id":null,"source":"<a href=\"http:\/\/www.huffingtonpost.com\" rel=\"nofollow\">The Huffington Post<\/a>","id_str":"106042848704598016","geo":null,"favorited":false,"id":106042848704598016,"coordinates":null,"in_reply_to_user_id":null,"truncated":false,"text":"If a Candidate for President Doesn't Actually Want to Be President Should We... http:\/\/t.co\/AbLo7uR","name":"NewtG_News","boldText":"If a Candidate for P<B>resident<\/B> Doesn't Actually Want to Be P<B>resident<\/B> Should We... http:\/\/t.co\/AbLo7uR"},{"possibly_sensitive":false,"place":null,"retweet_count":0,"in_reply_to_screen_name":null,"created_at":"Sat Aug 20 14:17:32 +0000 2011","retweeted":false,"in_reply_to_status_id_str":null,"in_reply_to_user_id_str":null,"user":{"time_zone":null,"profile_link_color":"0084B4","protected":false,"created_at":"Fri Feb 18 14:00:10 +0000 2011","profile_image_url_https":"https:\/\/si0.twimg.com\/profile_images\/1341608289\/huffingtonpost_normal.png","name":"Newt Gingrich News","geo_enabled":false,"favourites_count":0,"profile_background_color":"C0DEED","default_profile_image":false,"notifications":null,"profile_background_tile":false,"utc_offset":null,"description":"Newt Gingrich: Breaking news and updates from HuffPost","statuses_count":327,"following":null,"verified":false,"profile_sidebar_fill_color":"DDEEF6","followers_count":56,"profile_image_url":"http:\/\/a1.twimg.com\/profile_images\/1341608289\/huffingtonpost_normal.png","follow_request_sent":null,"profile_sidebar_border_color":"C0DEED","location":null,"is_translator":false,"default_profile":true,"contributors_enabled":false,"screen_name":"NewtG_News","profile_use_background_image":true,"url":null,"id_str":"254049462","show_all_inline_media":false,"profile_background_image_url_https":"https:\/\/si0.twimg.com\/images\/themes\/theme1\/bg.png","profile_text_color":"333333","id":254049462,"listed_count":5,"lang":"en","profile_background_image_url":"http:\/\/a0.twimg.com\/images\/themes\/theme1\/bg.png","friends_count":0},"contributors":null,"in_reply_to_status_id":null,"source":"<a href=\"http:\/\/www.huffingtonpost.com\" rel=\"nofollow\">The Huffington Post<\/a>","id_str":"104920000116162560","geo":null,"favorited":false,"id":104920000116162560,"coordinates":null,"in_reply_to_user_id":null,"truncated":false,"text":"New Obama Immigration Policy is Neither New, Nor a Solution to America's... http:\/\/t.co\/n8ldsKy","name":"NewtG_News","boldText":"New Obama <B>Immigration<\/B> Policy is Neither New, Nor a Solution to America's... http:\/\/t.co\/n8ldsKy"},{"possibly_sensitive":false,"place":null,"retweet_count":0,"in_reply_to_screen_name":null,"created_at":"Fri Aug 19 17:03:17 +0000 2011","retweeted":false,"in_reply_to_status_id_str":null,"in_reply_to_user_id_str":null,"user":{"time_zone":null,"profile_link_color":"0084B4","protected":false,"created_at":"Fri Feb 18 14:00:10 +0000 2011","profile_image_url_https":"https:\/\/si0.twimg.com\/profile_images\/1341608289\/huffingtonpost_normal.png","name":"Newt Gingrich News","geo_enabled":false,"favourites_count":0,"profile_background_color":"C0DEED","default_profile_image":false,"notifications":null,"profile_background_tile":false,"utc_offset":null,"description":"Newt Gingrich: Breaking news and updates from HuffPost","statuses_count":327,"following":null,"verified":false,"profile_sidebar_fill_color":"DDEEF6","followers_count":56,"profile_image_url":"http:\/\/a1.twimg.com\/profile_images\/1341608289\/huffingtonpost_normal.png","follow_request_sent":null,"profile_sidebar_border_color":"C0DEED","location":null,"is_translator":false,"default_profile":true,"contributors_enabled":false,"screen_name":"NewtG_News","profile_use_background_image":true,"url":null,"id_str":"254049462","show_all_inline_media":false,"profile_background_image_url_https":"https:\/\/si0.twimg.com\/images\/themes\/theme1\/bg.png","profile_text_color":"333333","id":254049462,"listed_count":5,"lang":"en","profile_background_image_url":"http:\/\/a0.twimg.com\/images\/themes\/theme1\/bg.png","friends_count":0},"contributors":null,"in_reply_to_status_id":null,"source":"<a href=\"http:\/\/www.huffingtonpost.com\" rel=\"nofollow\">The Huffington Post<\/a>","id_str":"104599324788400129","geo":null,"favorited":false,"id":104599324788400129,"coordinates":null,"in_reply_to_user_id":null,"truncated":false,"text":"GOP Presidential Candidates At Odds Even With Tea Party On EPA Hatred http:\/\/t.co\/1ft3WSp","name":"NewtG_News","boldText":"GOP P<B>resident<\/B>ial Candidates At Odds Even With Tea Party On EPA Hatred http:\/\/t.co\/1ft3WSp"},{"possibly_sensitive":false,"place":null,"retweet_count":0,"in_reply_to_screen_name":null,"created_at":"Fri Aug 12 13:06:40 +0000 2011","retweeted":false,"in_reply_to_status_id_str":null,"in_reply_to_user_id_str":null,"user":{"time_zone":null,"profile_link_color":"0084B4","protected":false,"created_at":"Fri Feb 18 14:00:10 +0000 2011","profile_image_url_https":"https:\/\/si0.twimg.com\/profile_images\/1341608289\/huffingtonpost_normal.png","name":"Newt Gingrich News","geo_enabled":false,"favourites_count":0,"profile_background_color":"C0DEED","default_profile_image":false,"notifications":null,"profile_background_tile":false,"utc_offset":null,"description":"Newt Gingrich: Breaking news and updates from HuffPost","statuses_count":327,"following":null,"verified":false,"profile_sidebar_fill_color":"DDEEF6","followers_count":56,"profile_image_url":"http:\/\/a1.twimg.com\/profile_images\/1341608289\/huffingtonpost_normal.png","follow_request_sent":null,"profile_sidebar_border_color":"C0DEED","location":null,"is_translator":false,"default_profile":true,"contributors_enabled":false,"screen_name":"NewtG_News","profile_use_background_image":true,"url":null,"id_str":"254049462","show_all_inline_media":false,"profile_background_image_url_https":"https:\/\/si0.twimg.com\/images\/themes\/theme1\/bg.png","profile_text_color":"333333","id":254049462,"listed_count":5,"lang":"en","profile_background_image_url":"http:\/\/a0.twimg.com\/images\/themes\/theme1\/bg.png","friends_count":0},"contributors":null,"in_reply_to_status_id":null,"source":"<a href=\"http:\/\/www.huffingtonpost.com\" rel=\"nofollow\">The Huffington Post<\/a>","id_str":"102003066462666753","geo":null,"favorited":false,"id":102003066462666753,"coordinates":null,"in_reply_to_user_id":null,"truncated":false,"text":"Showdown in Ames: The Republican Presidential Debate http:\/\/huff.to\/rcbOyG","name":"NewtG_News","boldText":"Showdown in Ames: The Republican P<B>resident<\/B>ial Debate http:\/\/huff.to\/rcbOyG"},{"possibly_sensitive":false,"place":null,"retweet_count":0,"in_reply_to_screen_name":null,"created_at":"Fri Aug 12 03:57:31 +0000 2011","retweeted":false,"in_reply_to_status_id_str":null,"in_reply_to_user_id_str":null,"user":{"time_zone":null,"profile_link_color":"0084B4","protected":false,"created_at":"Fri Feb 18 14:00:10 +0000 2011","profile_image_url_https":"https:\/\/si0.twimg.com\/profile_images\/1341608289\/huffingtonpost_normal.png","name":"Newt Gingrich News","geo_enabled":false,"favourites_count":0,"profile_background_color":"C0DEED","default_profile_image":false,"notifications":null,"profile_background_tile":false,"utc_offset":null,"description":"Newt Gingrich: Breaking news and updates from HuffPost","statuses_count":327,"following":null,"verified":false,"profile_sidebar_fill_color":"DDEEF6","followers_count":56,"profile_image_url":"http:\/\/a1.twimg.com\/profile_images\/1341608289\/huffingtonpost_normal.png","follow_request_sent":null,"profile_sidebar_border_color":"C0DEED","location":null,"is_translator":false,"default_profile":true,"contributors_enabled":false,"screen_name":"NewtG_News","profile_use_background_image":true,"url":null,"id_str":"254049462","show_all_inline_media":false,"profile_background_image_url_https":"https:\/\/si0.twimg.com\/images\/themes\/theme1\/bg.png","profile_text_color":"333333","id":254049462,"listed_count":5,"lang":"en","profile_background_image_url":"http:\/\/a0.twimg.com\/images\/themes\/theme1\/bg.png","friends_count":0},"contributors":null,"in_reply_to_status_id":null,"source":"<a href=\"http:\/\/www.huffingtonpost.com\" rel=\"nofollow\">The Huffington Post<\/a>","id_str":"101864868155629568","geo":null,"favorited":false,"id":101864868155629568,"coordinates":null,"in_reply_to_user_id":null,"truncated":false,"text":"Iowa GOP Presidential Debate: Michele Bachmann And Tim Pawlenty Go Head-To-Head http:\/\/huff.to\/ptdeQd","name":"NewtG_News","boldText":"Iowa GOP P<B>resident<\/B>ial Debate: Michele Bachmann And Tim Pawlenty Go Head-To-Head http:\/\/huff.to\/ptdeQd"},{"possibly_sensitive":false,"place":null,"retweet_count":0,"in_reply_to_screen_name":null,"created_at":"Thu Aug 11 18:29:58 +0000 2011","retweeted":false,"in_reply_to_status_id_str":null,"in_reply_to_user_id_str":null,"user":{"time_zone":null,"profile_link_color":"0084B4","protected":false,"created_at":"Fri Feb 18 14:00:10 +0000 2011","profile_image_url_https":"https:\/\/si0.twimg.com\/profile_images\/1341608289\/huffingtonpost_normal.png","name":"Newt Gingrich News","geo_enabled":false,"favourites_count":0,"profile_background_color":"C0DEED","default_profile_image":false,"notifications":null,"profile_background_tile":false,"utc_offset":null,"description":"Newt Gingrich: Breaking news and updates from HuffPost","statuses_count":327,"following":null,"verified":false,"profile_sidebar_fill_color":"DDEEF6","followers_count":56,"profile_image_url":"http:\/\/a1.twimg.com\/profile_images\/1341608289\/huffingtonpost_normal.png","follow_request_sent":null,"profile_sidebar_border_color":"C0DEED","location":null,"is_translator":false,"default_profile":true,"contributors_enabled":false,"screen_name":"NewtG_News","profile_use_background_image":true,"url":null,"id_str":"254049462","show_all_inline_media":false,"profile_background_image_url_https":"https:\/\/si0.twimg.com\/images\/themes\/theme1\/bg.png","profile_text_color":"333333","id":254049462,"listed_count":5,"lang":"en","profile_background_image_url":"http:\/\/a0.twimg.com\/images\/themes\/theme1\/bg.png","friends_count":0},"contributors":null,"in_reply_to_status_id":null,"source":"<a href=\"http:\/\/www.huffingtonpost.com\" rel=\"nofollow\">The Huffington Post<\/a>","id_str":"101722038942695424","geo":null,"favorited":false,"id":101722038942695424,"coordinates":null,"in_reply_to_user_id":null,"truncated":false,"text":"A Climate of Confusion for 2012 Presidential Hopefuls http:\/\/huff.to\/oBuqr0","name":"NewtG_News","boldText":"A Climate of Confusion for 2012 P<B>resident<\/B>ial Hopefuls http:\/\/huff.to\/oBuqr0"},{"possibly_sensitive":false,"place":null,"retweet_count":0,"in_reply_to_screen_name":null,"created_at":"Mon Jul 25 22:23:13 +0000 2011","retweeted":false,"in_reply_to_status_id_str":null,"in_reply_to_user_id_str":null,"user":{"time_zone":null,"profile_link_color":"0084B4","protected":false,"created_at":"Fri Feb 18 14:00:10 +0000 2011","profile_image_url_https":"https:\/\/si0.twimg.com\/profile_images\/1341608289\/huffingtonpost_normal.png","name":"Newt Gingrich News","geo_enabled":false,"favourites_count":0,"profile_background_color":"C0DEED","default_profile_image":false,"notifications":null,"profile_background_tile":false,"utc_offset":null,"description":"Newt Gingrich: Breaking news and updates from HuffPost","statuses_count":327,"following":null,"verified":false,"profile_sidebar_fill_color":"DDEEF6","followers_count":56,"profile_image_url":"http:\/\/a1.twimg.com\/profile_images\/1341608289\/huffingtonpost_normal.png","follow_request_sent":null,"profile_sidebar_border_color":"C0DEED","location":null,"is_translator":false,"default_profile":true,"contributors_enabled":false,"screen_name":"NewtG_News","profile_use_background_image":true,"url":null,"id_str":"254049462","show_all_inline_media":false,"profile_background_image_url_https":"https:\/\/si0.twimg.com\/images\/themes\/theme1\/bg.png","profile_text_color":"333333","id":254049462,"listed_count":5,"lang":"en","profile_background_image_url":"http:\/\/a0.twimg.com\/images\/themes\/theme1\/bg.png","friends_count":0},"contributors":null,"in_reply_to_status_id":null,"source":"<a href=\"http:\/\/www.huffingtonpost.com\" rel=\"nofollow\">The Huffington Post<\/a>","id_str":"95620141827629056","geo":null,"favorited":false,"id":95620141827629056,"coordinates":null,"in_reply_to_user_id":null,"truncated":false,"text":"Republican Presidential Candidates Skip Latino Group Conference http:\/\/huff.to\/oULml4","name":"NewtG_News","boldText":"Republican P<B>resident<\/B>ial Candidates Skip Latino Group Conference http:\/\/huff.to\/oULml4"},{"possibly_sensitive":false,"place":null,"retweet_count":0,"in_reply_to_screen_name":null,"created_at":"Sat Jul 16 14:47:37 +0000 2011","retweeted":false,"in_reply_to_status_id_str":null,"in_reply_to_user_id_str":null,"user":{"time_zone":null,"profile_link_color":"0084B4","protected":false,"created_at":"Fri Feb 18 14:00:10 +0000 2011","profile_image_url_https":"https:\/\/si0.twimg.com\/profile_images\/1341608289\/huffingtonpost_normal.png","name":"Newt Gingrich News","geo_enabled":false,"favourites_count":0,"profile_background_color":"C0DEED","default_profile_image":false,"notifications":null,"profile_background_tile":false,"utc_offset":null,"description":"Newt Gingrich: Breaking news and updates from HuffPost","statuses_count":327,"following":null,"verified":false,"profile_sidebar_fill_color":"DDEEF6","followers_count":56,"profile_image_url":"http:\/\/a1.twimg.com\/profile_images\/1341608289\/huffingtonpost_normal.png","follow_request_sent":null,"profile_sidebar_border_color":"C0DEED","location":null,"is_translator":false,"default_profile":true,"contributors_enabled":false,"screen_name":"NewtG_News","profile_use_background_image":true,"url":null,"id_str":"254049462","show_all_inline_media":false,"profile_background_image_url_https":"https:\/\/si0.twimg.com\/images\/themes\/theme1\/bg.png","profile_text_color":"333333","id":254049462,"listed_count":5,"lang":"en","profile_background_image_url":"http:\/\/a0.twimg.com\/images\/themes\/theme1\/bg.png","friends_count":0},"contributors":null,"in_reply_to_status_id":null,"source":"<a href=\"http:\/\/www.huffingtonpost.com\" rel=\"nofollow\">The Huffington Post<\/a>","id_str":"92243995895414784","geo":null,"favorited":false,"id":92243995895414784,"coordinates":null,"in_reply_to_user_id":null,"truncated":false,"text":"GOP Presidential Contender's Campaign On Life Support http:\/\/huff.to\/pY3v5x","name":"NewtG_News","boldText":"GOP P<B>resident<\/B>ial Contender's Campaign On Life Support http:\/\/huff.to\/pY3v5x"},{"possibly_sensitive":false,"place":null,"retweet_count":0,"in_reply_to_screen_name":null,"created_at":"Thu Jul 14 12:57:34 +0000 2011","retweeted":false,"in_reply_to_status_id_str":null,"in_reply_to_user_id_str":null,"user":{"time_zone":null,"profile_link_color":"0084B4","protected":false,"created_at":"Fri Feb 18 14:00:10 +0000 2011","profile_image_url_https":"https:\/\/si0.twimg.com\/profile_images\/1341608289\/huffingtonpost_normal.png","name":"Newt Gingrich News","geo_enabled":false,"favourites_count":0,"profile_background_color":"C0DEED","default_profile_image":false,"notifications":null,"profile_background_tile":false,"utc_offset":null,"description":"Newt Gingrich: Breaking news and updates from HuffPost","statuses_count":327,"following":null,"verified":false,"profile_sidebar_fill_color":"DDEEF6","followers_count":56,"profile_image_url":"http:\/\/a1.twimg.com\/profile_images\/1341608289\/huffingtonpost_normal.png","follow_request_sent":null,"profile_sidebar_border_color":"C0DEED","location":null,"is_translator":false,"default_profile":true,"contributors_enabled":false,"screen_name":"NewtG_News","profile_use_background_image":true,"url":null,"id_str":"254049462","show_all_inline_media":false,"profile_background_image_url_https":"https:\/\/si0.twimg.com\/images\/themes\/theme1\/bg.png","profile_text_color":"333333","id":254049462,"listed_count":5,"lang":"en","profile_background_image_url":"http:\/\/a0.twimg.com\/images\/themes\/theme1\/bg.png","friends_count":0},"contributors":null,"in_reply_to_status_id":null,"source":"<a href=\"http:\/\/www.huffingtonpost.com\" rel=\"nofollow\">The Huffington Post<\/a>","id_str":"91491524868702208","geo":null,"favorited":false,"id":91491524868702208,"coordinates":null,"in_reply_to_user_id":null,"truncated":false,"text":"GOP Presidential Candidates Have No Love For GOP Leader's Plan http:\/\/huff.to\/oR3fBG","name":"NewtG_News","boldText":"GOP P<B>resident<\/B>ial Candidates Have No Love For GOP Leader's Plan http:\/\/huff.to\/oR3fBG"},{"possibly_sensitive":false,"place":null,"retweet_count":0,"in_reply_to_screen_name":null,"created_at":"Thu Jun 30 21:29:00 +0000 2011","retweeted":false,"in_reply_to_status_id_str":null,"in_reply_to_user_id_str":null,"user":{"time_zone":null,"profile_link_color":"0084B4","protected":false,"created_at":"Fri Feb 18 14:00:10 +0000 2011","profile_image_url_https":"https:\/\/si0.twimg.com\/profile_images\/1341608289\/huffingtonpost_normal.png","name":"Newt Gingrich News","geo_enabled":false,"favourites_count":0,"profile_background_color":"C0DEED","default_profile_image":false,"notifications":null,"profile_background_tile":false,"utc_offset":null,"description":"Newt Gingrich: Breaking news and updates from HuffPost","statuses_count":327,"following":null,"verified":false,"profile_sidebar_fill_color":"DDEEF6","followers_count":56,"profile_image_url":"http:\/\/a1.twimg.com\/profile_images\/1341608289\/huffingtonpost_normal.png","follow_request_sent":null,"profile_sidebar_border_color":"C0DEED","location":null,"is_translator":false,"default_profile":true,"contributors_enabled":false,"screen_name":"NewtG_News","profile_use_background_image":true,"url":null,"id_str":"254049462","show_all_inline_media":false,"profile_background_image_url_https":"https:\/\/si0.twimg.com\/images\/themes\/theme1\/bg.png","profile_text_color":"333333","id":254049462,"listed_count":5,"lang":"en","profile_background_image_url":"http:\/\/a0.twimg.com\/images\/themes\/theme1\/bg.png","friends_count":0},"contributors":null,"in_reply_to_status_id":null,"source":"<a href=\"http:\/\/www.huffingtonpost.com\" rel=\"nofollow\">The Huffington Post<\/a>","id_str":"86546802337255426","geo":null,"favorited":false,"id":86546802337255426,"coordinates":null,"in_reply_to_user_id":null,"truncated":false,"text":"GOP Presidential Candidates Are Inconsistent in Their Religious Values http:\/\/huff.to\/keMtkW","name":"NewtG_News","boldText":"GOP P<B>resident<\/B>ial Candidates Are Inconsistent in Their Religious Values http:\/\/huff.to\/keMtkW"},{"possibly_sensitive":false,"place":null,"retweet_count":0,"in_reply_to_screen_name":null,"created_at":"Thu Jun 30 19:35:02 +0000 2011","retweeted":false,"in_reply_to_status_id_str":null,"in_reply_to_user_id_str":null,"user":{"time_zone":null,"profile_link_color":"0084B4","protected":false,"created_at":"Fri Feb 18 14:00:10 +0000 2011","profile_image_url_https":"https:\/\/si0.twimg.com\/profile_images\/1341608289\/huffingtonpost_normal.png","name":"Newt Gingrich News","geo_enabled":false,"favourites_count":0,"profile_background_color":"C0DEED","default_profile_image":false,"notifications":null,"profile_background_tile":false,"utc_offset":null,"description":"Newt Gingrich: Breaking news and updates from HuffPost","statuses_count":327,"following":null,"verified":false,"profile_sidebar_fill_color":"DDEEF6","followers_count":56,"profile_image_url":"http:\/\/a1.twimg.com\/profile_images\/1341608289\/huffingtonpost_normal.png","follow_request_sent":null,"profile_sidebar_border_color":"C0DEED","location":null,"is_translator":false,"default_profile":true,"contributors_enabled":false,"screen_name":"NewtG_News","profile_use_background_image":true,"url":null,"id_str":"254049462","show_all_inline_media":false,"profile_background_image_url_https":"https:\/\/si0.twimg.com\/images\/themes\/theme1\/bg.png","profile_text_color":"333333","id":254049462,"listed_count":5,"lang":"en","profile_background_image_url":"http:\/\/a0.twimg.com\/images\/themes\/theme1\/bg.png","friends_count":0},"contributors":null,"in_reply_to_status_id":null,"source":"<a href=\"http:\/\/www.huffingtonpost.com\" rel=\"nofollow\">The Huffington Post<\/a>","id_str":"86518124521861120","geo":null,"favorited":false,"id":86518124521861120,"coordinates":null,"in_reply_to_user_id":null,"truncated":false,"text":"Presidential Candidates' Divorce Histories http:\/\/huff.to\/kDABiT","name":"NewtG_News","boldText":"P<B>resident<\/B>ial Candidates' Divorce Histories http:\/\/huff.to\/kDABiT"},{"possibly_sensitive":false,"place":null,"retweet_count":0,"in_reply_to_screen_name":null,"created_at":"Wed Jun 29 12:26:51 +0000 2011","retweeted":false,"in_reply_to_status_id_str":null,"in_reply_to_user_id_str":null,"user":{"time_zone":null,"profile_link_color":"0084B4","protected":false,"created_at":"Fri Feb 18 14:00:10 +0000 2011","profile_image_url_https":"https:\/\/si0.twimg.com\/profile_images\/1341608289\/huffingtonpost_normal.png","name":"Newt Gingrich News","geo_enabled":false,"favourites_count":0,"profile_background_color":"C0DEED","default_profile_image":false,"notifications":null,"profile_background_tile":false,"utc_offset":null,"description":"Newt Gingrich: Breaking news and updates from HuffPost","statuses_count":327,"following":null,"verified":false,"profile_sidebar_fill_color":"DDEEF6","followers_count":56,"profile_image_url":"http:\/\/a1.twimg.com\/profile_images\/1341608289\/huffingtonpost_normal.png","follow_request_sent":null,"profile_sidebar_border_color":"C0DEED","location":null,"is_translator":false,"default_profile":true,"contributors_enabled":false,"screen_name":"NewtG_News","profile_use_background_image":true,"url":null,"id_str":"254049462","show_all_inline_media":false,"profile_background_image_url_https":"https:\/\/si0.twimg.com\/images\/themes\/theme1\/bg.png","profile_text_color":"333333","id":254049462,"listed_count":5,"lang":"en","profile_background_image_url":"http:\/\/a0.twimg.com\/images\/themes\/theme1\/bg.png","friends_count":0},"contributors":null,"in_reply_to_status_id":null,"source":"<a href=\"http:\/\/www.huffingtonpost.com\" rel=\"nofollow\">The Huffington Post<\/a>","id_str":"86047979089297408","geo":null,"favorited":false,"id":86047979089297408,"coordinates":null,"in_reply_to_user_id":null,"truncated":false,"text":"Republican Presidential Contenders In College: The Way They Were http:\/\/huff.to\/mgGSiv","name":"NewtG_News","boldText":"Republican P<B>resident<\/B>ial Contenders In College: The Way They Were http:\/\/huff.to\/mgGSiv"},{"possibly_sensitive":false,"place":null,"retweet_count":0,"in_reply_to_screen_name":null,"created_at":"Tue Jun 28 18:22:40 +0000 2011","retweeted":false,"in_reply_to_status_id_str":null,"in_reply_to_user_id_str":null,"user":{"time_zone":null,"profile_link_color":"0084B4","protected":false,"created_at":"Fri Feb 18 14:00:10 +0000 2011","profile_image_url_https":"https:\/\/si0.twimg.com\/profile_images\/1341608289\/huffingtonpost_normal.png","name":"Newt Gingrich News","geo_enabled":false,"favourites_count":0,"profile_background_color":"C0DEED","default_profile_image":false,"notifications":null,"profile_background_tile":false,"utc_offset":null,"description":"Newt Gingrich: Breaking news and updates from HuffPost","statuses_count":327,"following":null,"verified":false,"profile_sidebar_fill_color":"DDEEF6","followers_count":56,"profile_image_url":"http:\/\/a1.twimg.com\/profile_images\/1341608289\/huffingtonpost_normal.png","follow_request_sent":null,"profile_sidebar_border_color":"C0DEED","location":null,"is_translator":false,"default_profile":true,"contributors_enabled":false,"screen_name":"NewtG_News","profile_use_background_image":true,"url":null,"id_str":"254049462","show_all_inline_media":false,"profile_background_image_url_https":"https:\/\/si0.twimg.com\/images\/themes\/theme1\/bg.png","profile_text_color":"333333","id":254049462,"listed_count":5,"lang":"en","profile_background_image_url":"http:\/\/a0.twimg.com\/images\/themes\/theme1\/bg.png","friends_count":0},"contributors":null,"in_reply_to_status_id":null,"source":"<a href=\"http:\/\/www.huffingtonpost.com\" rel=\"nofollow\">The Huffington Post<\/a>","id_str":"85775135142973440","geo":null,"favorited":false,"id":85775135142973440,"coordinates":null,"in_reply_to_user_id":null,"truncated":false,"text":"James \"Whitey\" Bulger to Enter Race for Republican Presidential Nomination http:\/\/huff.to\/kLcWpp","name":"NewtG_News","boldText":"James \"Whitey\" Bulger to Enter Race for Republican P<B>resident<\/B>ial Nomination http:\/\/huff.to\/kLcWpp"},{"possibly_sensitive":false,"place":null,"retweet_count":0,"in_reply_to_screen_name":null,"created_at":"Sun Jun 26 20:11:16 +0000 2011","retweeted":false,"in_reply_to_status_id_str":null,"in_reply_to_user_id_str":null,"user":{"time_zone":null,"profile_link_color":"0084B4","protected":false,"created_at":"Fri Feb 18 14:00:10 +0000 2011","profile_image_url_https":"https:\/\/si0.twimg.com\/profile_images\/1341608289\/huffingtonpost_normal.png","name":"Newt Gingrich News","geo_enabled":false,"favourites_count":0,"profile_background_color":"C0DEED","default_profile_image":false,"notifications":null,"profile_background_tile":false,"utc_offset":null,"description":"Newt Gingrich: Breaking news and updates from HuffPost","statuses_count":327,"following":null,"verified":false,"profile_sidebar_fill_color":"DDEEF6","followers_count":56,"profile_image_url":"http:\/\/a1.twimg.com\/profile_images\/1341608289\/huffingtonpost_normal.png","follow_request_sent":null,"profile_sidebar_border_color":"C0DEED","location":null,"is_translator":false,"default_profile":true,"contributors_enabled":false,"screen_name":"NewtG_News","profile_use_background_image":true,"url":null,"id_str":"254049462","show_all_inline_media":false,"profile_background_image_url_https":"https:\/\/si0.twimg.com\/images\/themes\/theme1\/bg.png","profile_text_color":"333333","id":254049462,"listed_count":5,"lang":"en","profile_background_image_url":"http:\/\/a0.twimg.com\/images\/themes\/theme1\/bg.png","friends_count":0},"contributors":null,"in_reply_to_status_id":null,"source":"<a href=\"http:\/\/www.huffingtonpost.com\" rel=\"nofollow\">The Huffington Post<\/a>","id_str":"85077687600824321","geo":null,"favorited":false,"id":85077687600824321,"coordinates":null,"in_reply_to_user_id":null,"truncated":false,"text":"Latest GOP Ploy Blame Black Joblessness on President Obama http:\/\/huff.to\/iXZxIM","name":"NewtG_News","boldText":"Latest GOP Ploy Blame Black Joblessness on P<B>resident<\/B> Obama http:\/\/huff.to\/iXZxIM"},{"possibly_sensitive":false,"place":null,"retweet_count":0,"in_reply_to_screen_name":null,"created_at":"Thu Jun 23 20:11:25 +0000 2011","retweeted":false,"in_reply_to_status_id_str":null,"in_reply_to_user_id_str":null,"user":{"time_zone":null,"profile_link_color":"0084B4","protected":false,"created_at":"Fri Feb 18 14:00:10 +0000 2011","profile_image_url_https":"https:\/\/si0.twimg.com\/profile_images\/1341608289\/huffingtonpost_normal.png","name":"Newt Gingrich News","geo_enabled":false,"favourites_count":0,"profile_background_color":"C0DEED","default_profile_image":false,"notifications":null,"profile_background_tile":false,"utc_offset":null,"description":"Newt Gingrich: Breaking news and updates from HuffPost","statuses_count":327,"following":null,"verified":false,"profile_sidebar_fill_color":"DDEEF6","followers_count":56,"profile_image_url":"http:\/\/a1.twimg.com\/profile_images\/1341608289\/huffingtonpost_normal.png","follow_request_sent":null,"profile_sidebar_border_color":"C0DEED","location":null,"is_translator":false,"default_profile":true,"contributors_enabled":false,"screen_name":"NewtG_News","profile_use_background_image":true,"url":null,"id_str":"254049462","show_all_inline_media":false,"profile_background_image_url_https":"https:\/\/si0.twimg.com\/images\/themes\/theme1\/bg.png","profile_text_color":"333333","id":254049462,"listed_count":5,"lang":"en","profile_background_image_url":"http:\/\/a0.twimg.com\/images\/themes\/theme1\/bg.png","friends_count":0},"contributors":null,"in_reply_to_status_id":null,"source":"<a href=\"http:\/\/www.huffingtonpost.com\" rel=\"nofollow\">The Huffington Post<\/a>","id_str":"83990562809708544","geo":null,"favorited":false,"id":83990562809708544,"coordinates":null,"in_reply_to_user_id":null,"truncated":false,"text":"Republican Presidential Candidates Not Courting The Green Vote http:\/\/huff.to\/lv89LU","name":"NewtG_News","boldText":"Republican P<B>resident<\/B>ial Candidates Not Courting The Green Vote http:\/\/huff.to\/lv89LU"},{"possibly_sensitive":false,"place":null,"retweet_count":0,"in_reply_to_screen_name":null,"created_at":"Tue Jun 14 14:42:38 +0000 2011","retweeted":false,"in_reply_to_status_id_str":null,"in_reply_to_user_id_str":null,"user":{"time_zone":null,"profile_link_color":"0084B4","protected":false,"created_at":"Fri Feb 18 14:00:10 +0000 2011","profile_image_url_https":"https:\/\/si0.twimg.com\/profile_images\/1341608289\/huffingtonpost_normal.png","name":"Newt Gingrich News","geo_enabled":false,"favourites_count":0,"profile_background_color":"C0DEED","default_profile_image":false,"notifications":null,"profile_background_tile":false,"utc_offset":null,"description":"Newt Gingrich: Breaking news and updates from HuffPost","statuses_count":327,"following":null,"verified":false,"profile_sidebar_fill_color":"DDEEF6","followers_count":56,"profile_image_url":"http:\/\/a1.twimg.com\/profile_images\/1341608289\/huffingtonpost_normal.png","follow_request_sent":null,"profile_sidebar_border_color":"C0DEED","location":null,"is_translator":false,"default_profile":true,"contributors_enabled":false,"screen_name":"NewtG_News","profile_use_background_image":true,"url":null,"id_str":"254049462","show_all_inline_media":false,"profile_background_image_url_https":"https:\/\/si0.twimg.com\/images\/themes\/theme1\/bg.png","profile_text_color":"333333","id":254049462,"listed_count":5,"lang":"en","profile_background_image_url":"http:\/\/a0.twimg.com\/images\/themes\/theme1\/bg.png","friends_count":0},"contributors":null,"in_reply_to_status_id":null,"source":"<a href=\"http:\/\/www.huffingtonpost.com\" rel=\"nofollow\">The Huffington Post<\/a>","id_str":"80646332938854401","geo":null,"favorited":false,"id":80646332938854401,"coordinates":null,"in_reply_to_user_id":null,"truncated":false,"text":"Michele Bachmann's Presidential Debate Debut http:\/\/huff.to\/mEt84H","name":"NewtG_News","boldText":"Michele Bachmann's P<B>resident<\/B>ial Debate Debut http:\/\/huff.to\/mEt84H"},{"possibly_sensitive":false,"place":null,"retweet_count":0,"in_reply_to_screen_name":null,"created_at":"Tue Jun 14 14:32:01 +0000 2011","retweeted":false,"in_reply_to_status_id_str":null,"in_reply_to_user_id_str":null,"user":{"time_zone":null,"profile_link_color":"0084B4","protected":false,"created_at":"Fri Feb 18 14:00:10 +0000 2011","profile_image_url_https":"https:\/\/si0.twimg.com\/profile_images\/1341608289\/huffingtonpost_normal.png","name":"Newt Gingrich News","geo_enabled":false,"favourites_count":0,"profile_background_color":"C0DEED","default_profile_image":false,"notifications":null,"profile_background_tile":false,"utc_offset":null,"description":"Newt Gingrich: Breaking news and updates from HuffPost","statuses_count":327,"following":null,"verified":false,"profile_sidebar_fill_color":"DDEEF6","followers_count":56,"profile_image_url":"http:\/\/a1.twimg.com\/profile_images\/1341608289\/huffingtonpost_normal.png","follow_request_sent":null,"profile_sidebar_border_color":"C0DEED","location":null,"is_translator":false,"default_profile":true,"contributors_enabled":false,"screen_name":"NewtG_News","profile_use_background_image":true,"url":null,"id_str":"254049462","show_all_inline_media":false,"profile_background_image_url_https":"https:\/\/si0.twimg.com\/images\/themes\/theme1\/bg.png","profile_text_color":"333333","id":254049462,"listed_count":5,"lang":"en","profile_background_image_url":"http:\/\/a0.twimg.com\/images\/themes\/theme1\/bg.png","friends_count":0},"contributors":null,"in_reply_to_status_id":null,"source":"<a href=\"http:\/\/www.huffingtonpost.com\" rel=\"nofollow\">The Huffington Post<\/a>","id_str":"80643658109550594","geo":null,"favorited":false,"id":80643658109550594,"coordinates":null,"in_reply_to_user_id":null,"truncated":false,"text":"Michele Bachmann's presidential debate debut http:\/\/huff.to\/mEt84H","name":"NewtG_News","boldText":"Michele Bachmann's p<B>resident<\/B>ial debate debut http:\/\/huff.to\/mEt84H"},{"possibly_sensitive":false,"place":null,"retweet_count":0,"in_reply_to_screen_name":null,"created_at":"Mon Jun 13 18:59:19 +0000 2011","retweeted":false,"in_reply_to_status_id_str":null,"in_reply_to_user_id_str":null,"user":{"time_zone":null,"profile_link_color":"0084B4","protected":false,"created_at":"Fri Feb 18 14:00:10 +0000 2011","profile_image_url_https":"https:\/\/si0.twimg.com\/profile_images\/1341608289\/huffingtonpost_normal.png","name":"Newt Gingrich News","geo_enabled":false,"favourites_count":0,"profile_background_color":"C0DEED","default_profile_image":false,"notifications":null,"profile_background_tile":false,"utc_offset":null,"description":"Newt Gingrich: Breaking news and updates from HuffPost","statuses_count":327,"following":null,"verified":false,"profile_sidebar_fill_color":"DDEEF6","followers_count":56,"profile_image_url":"http:\/\/a1.twimg.com\/profile_images\/1341608289\/huffingtonpost_normal.png","follow_request_sent":null,"profile_sidebar_border_color":"C0DEED","location":null,"is_translator":false,"default_profile":true,"contributors_enabled":false,"screen_name":"NewtG_News","profile_use_background_image":true,"url":null,"id_str":"254049462","show_all_inline_media":false,"profile_background_image_url_https":"https:\/\/si0.twimg.com\/images\/themes\/theme1\/bg.png","profile_text_color":"333333","id":254049462,"listed_count":5,"lang":"en","profile_background_image_url":"http:\/\/a0.twimg.com\/images\/themes\/theme1\/bg.png","friends_count":0},"contributors":null,"in_reply_to_status_id":null,"source":"<a href=\"http:\/\/www.huffingtonpost.com\" rel=\"nofollow\">The Huffington Post<\/a>","id_str":"80348542501261312","geo":null,"favorited":false,"id":80348542501261312,"coordinates":null,"in_reply_to_user_id":null,"truncated":false,"text":"Zen and the Art of Presidential Politics--Or Not http:\/\/huff.to\/k16Mq3","name":"NewtG_News","boldText":"Zen and the Art of P<B>resident<\/B>ial Politics--Or Not http:\/\/huff.to\/k16Mq3"},{"possibly_sensitive":false,"place":null,"retweet_count":0,"in_reply_to_screen_name":null,"created_at":"Mon Jun 13 13:14:40 +0000 2011","retweeted":false,"in_reply_to_status_id_str":null,"in_reply_to_user_id_str":null,"user":{"time_zone":null,"profile_link_color":"0084B4","protected":false,"created_at":"Fri Feb 18 14:00:10 +0000 2011","profile_image_url_https":"https:\/\/si0.twimg.com\/profile_images\/1341608289\/huffingtonpost_normal.png","name":"Newt Gingrich News","geo_enabled":false,"favourites_count":0,"profile_background_color":"C0DEED","default_profile_image":false,"notifications":null,"profile_background_tile":false,"utc_offset":null,"description":"Newt Gingrich: Breaking news and updates from HuffPost","statuses_count":327,"following":null,"verified":false,"profile_sidebar_fill_color":"DDEEF6","followers_count":56,"profile_image_url":"http:\/\/a1.twimg.com\/profile_images\/1341608289\/huffingtonpost_normal.png","follow_request_sent":null,"profile_sidebar_border_color":"C0DEED","location":null,"is_translator":false,"default_profile":true,"contributors_enabled":false,"screen_name":"NewtG_News","profile_use_background_image":true,"url":null,"id_str":"254049462","show_all_inline_media":false,"profile_background_image_url_https":"https:\/\/si0.twimg.com\/images\/themes\/theme1\/bg.png","profile_text_color":"333333","id":254049462,"listed_count":5,"lang":"en","profile_background_image_url":"http:\/\/a0.twimg.com\/images\/themes\/theme1\/bg.png","friends_count":0},"contributors":null,"in_reply_to_status_id":null,"source":"<a href=\"http:\/\/www.huffingtonpost.com\" rel=\"nofollow\">The Huffington Post<\/a>","id_str":"80261807209586688","geo":null,"favorited":false,"id":80261807209586688,"coordinates":null,"in_reply_to_user_id":null,"truncated":false,"text":"5 Things To Watch At The New Hampshire Republican Presidential Primary Debate http:\/\/huff.to\/mwhjXu","name":"NewtG_News","boldText":"5 Things To Watch At The New Hampshire Republican P<B>resident<\/B>ial Primary Debate http:\/\/huff.to\/mwhjXu"},{"possibly_sensitive":false,"place":null,"retweet_count":0,"in_reply_to_screen_name":null,"created_at":"Thu Jun 09 19:04:52 +0000 2011","retweeted":false,"in_reply_to_status_id_str":null,"in_reply_to_user_id_str":null,"user":{"time_zone":null,"profile_link_color":"0084B4","protected":false,"created_at":"Fri Feb 18 14:00:10 +0000 2011","profile_image_url_https":"https:\/\/si0.twimg.com\/profile_images\/1341608289\/huffingtonpost_normal.png","name":"Newt Gingrich News","geo_enabled":false,"favourites_count":0,"profile_background_color":"C0DEED","default_profile_image":false,"notifications":null,"profile_background_tile":false,"utc_offset":null,"description":"Newt Gingrich: Breaking news and updates from HuffPost","statuses_count":327,"following":null,"verified":false,"profile_sidebar_fill_color":"DDEEF6","followers_count":56,"profile_image_url":"http:\/\/a1.twimg.com\/profile_images\/1341608289\/huffingtonpost_normal.png","follow_request_sent":null,"profile_sidebar_border_color":"C0DEED","location":null,"is_translator":false,"default_profile":true,"contributors_enabled":false,"screen_name":"NewtG_News","profile_use_background_image":true,"url":null,"id_str":"254049462","show_all_inline_media":false,"profile_background_image_url_https":"https:\/\/si0.twimg.com\/images\/themes\/theme1\/bg.png","profile_text_color":"333333","id":254049462,"listed_count":5,"lang":"en","profile_background_image_url":"http:\/\/a0.twimg.com\/images\/themes\/theme1\/bg.png","friends_count":0},"contributors":null,"in_reply_to_status_id":null,"source":"<a href=\"http:\/\/www.huffingtonpost.com\" rel=\"nofollow\">The Huffington Post<\/a>","id_str":"78900385238102016","geo":null,"favorited":false,"id":78900385238102016,"coordinates":null,"in_reply_to_user_id":null,"truncated":false,"text":"Newt Gingrich Presidential Campaign Aides Resign En Masses http:\/\/huff.to\/kl9Ppp","name":"NewtG_News","boldText":"Newt Gingrich P<B>resident<\/B>ial Campaign Aides Resign En Masses http:\/\/huff.to\/kl9Ppp"},{"possibly_sensitive":false,"place":null,"retweet_count":0,"in_reply_to_screen_name":null,"created_at":"Sat Jun 04 04:15:13 +0000 2011","retweeted":false,"in_reply_to_status_id_str":null,"in_reply_to_user_id_str":null,"user":{"time_zone":null,"profile_link_color":"0084B4","protected":false,"created_at":"Fri Feb 18 14:00:10 +0000 2011","profile_image_url_https":"https:\/\/si0.twimg.com\/profile_images\/1341608289\/huffingtonpost_normal.png","name":"Newt Gingrich News","geo_enabled":false,"favourites_count":0,"profile_background_color":"C0DEED","default_profile_image":false,"notifications":null,"profile_background_tile":false,"utc_offset":null,"description":"Newt Gingrich: Breaking news and updates from HuffPost","statuses_count":327,"following":null,"verified":false,"profile_sidebar_fill_color":"DDEEF6","followers_count":56,"profile_image_url":"http:\/\/a1.twimg.com\/profile_images\/1341608289\/huffingtonpost_normal.png","follow_request_sent":null,"profile_sidebar_border_color":"C0DEED","location":null,"is_translator":false,"default_profile":true,"contributors_enabled":false,"screen_name":"NewtG_News","profile_use_background_image":true,"url":null,"id_str":"254049462","show_all_inline_media":false,"profile_background_image_url_https":"https:\/\/si0.twimg.com\/images\/themes\/theme1\/bg.png","profile_text_color":"333333","id":254049462,"listed_count":5,"lang":"en","profile_background_image_url":"http:\/\/a0.twimg.com\/images\/themes\/theme1\/bg.png","friends_count":0},"contributors":null,"in_reply_to_status_id":null,"source":"<a href=\"http:\/\/www.huffingtonpost.com\" rel=\"nofollow\">The Huffington Post<\/a>","id_str":"76864557687111680","geo":null,"favorited":false,"id":76864557687111680,"coordinates":null,"in_reply_to_user_id":null,"truncated":false,"text":"GOP presidential hopefuls try to court Christian conservatives  http:\/\/huff.to\/lOJNgA","name":"NewtG_News","boldText":"GOP p<B>resident<\/B>ial hopefuls try to court Christian conservatives  http:\/\/huff.to\/lOJNgA"},{"possibly_sensitive":false,"place":null,"retweet_count":0,"in_reply_to_screen_name":null,"created_at":"Fri May 27 12:54:18 +0000 2011","retweeted":false,"in_reply_to_status_id_str":null,"in_reply_to_user_id_str":null,"user":{"time_zone":null,"profile_link_color":"0084B4","protected":false,"created_at":"Fri Feb 18 14:00:10 +0000 2011","profile_image_url_https":"https:\/\/si0.twimg.com\/profile_images\/1341608289\/huffingtonpost_normal.png","name":"Newt Gingrich News","geo_enabled":false,"favourites_count":0,"profile_background_color":"C0DEED","default_profile_image":false,"notifications":null,"profile_background_tile":false,"utc_offset":null,"description":"Newt Gingrich: Breaking news and updates from HuffPost","statuses_count":327,"following":null,"verified":false,"profile_sidebar_fill_color":"DDEEF6","followers_count":56,"profile_image_url":"http:\/\/a1.twimg.com\/profile_images\/1341608289\/huffingtonpost_normal.png","follow_request_sent":null,"profile_sidebar_border_color":"C0DEED","location":null,"is_translator":false,"default_profile":true,"contributors_enabled":false,"screen_name":"NewtG_News","profile_use_background_image":true,"url":null,"id_str":"254049462","show_all_inline_media":false,"profile_background_image_url_https":"https:\/\/si0.twimg.com\/images\/themes\/theme1\/bg.png","profile_text_color":"333333","id":254049462,"listed_count":5,"lang":"en","profile_background_image_url":"http:\/\/a0.twimg.com\/images\/themes\/theme1\/bg.png","friends_count":0},"contributors":null,"in_reply_to_status_id":null,"source":"<a href=\"http:\/\/www.huffingtonpost.com\" rel=\"nofollow\">The Huffington Post<\/a>","id_str":"74096088168136704","geo":null,"favorited":false,"id":74096088168136704,"coordinates":null,"in_reply_to_user_id":null,"truncated":false,"text":"One Issue May Prove Problematic For GOP Presidential Hopefuls http:\/\/huff.to\/mLFRv3","name":"NewtG_News","boldText":"One Issue May Prove Problematic For GOP P<B>resident<\/B>ial Hopefuls http:\/\/huff.to\/mLFRv3"},{"possibly_sensitive":false,"place":null,"retweet_count":0,"in_reply_to_screen_name":null,"created_at":"Tue May 24 08:18:57 +0000 2011","retweeted":false,"in_reply_to_status_id_str":null,"in_reply_to_user_id_str":null,"user":{"time_zone":null,"profile_link_color":"0084B4","protected":false,"created_at":"Fri Feb 18 14:00:10 +0000 2011","profile_image_url_https":"https:\/\/si0.twimg.com\/profile_images\/1341608289\/huffingtonpost_normal.png","name":"Newt Gingrich News","geo_enabled":false,"favourites_count":0,"profile_background_color":"C0DEED","default_profile_image":false,"notifications":null,"profile_background_tile":false,"utc_offset":null,"description":"Newt Gingrich: Breaking news and updates from HuffPost","statuses_count":327,"following":null,"verified":false,"profile_sidebar_fill_color":"DDEEF6","followers_count":56,"profile_image_url":"http:\/\/a1.twimg.com\/profile_images\/1341608289\/huffingtonpost_normal.png","follow_request_sent":null,"profile_sidebar_border_color":"C0DEED","location":null,"is_translator":false,"default_profile":true,"contributors_enabled":false,"screen_name":"NewtG_News","profile_use_background_image":true,"url":null,"id_str":"254049462","show_all_inline_media":false,"profile_background_image_url_https":"https:\/\/si0.twimg.com\/images\/themes\/theme1\/bg.png","profile_text_color":"333333","id":254049462,"listed_count":5,"lang":"en","profile_background_image_url":"http:\/\/a0.twimg.com\/images\/themes\/theme1\/bg.png","friends_count":0},"contributors":null,"in_reply_to_status_id":null,"source":"<a href=\"http:\/\/www.huffingtonpost.com\" rel=\"nofollow\">The Huffington Post<\/a>","id_str":"72939629111803904","geo":null,"favorited":false,"id":72939629111803904,"coordinates":null,"in_reply_to_user_id":null,"truncated":false,"text":"Will Gingrich's Infidelities Affect His Presidential Campaign? http:\/\/huff.to\/jWfIJ2","name":"NewtG_News","boldText":"Will Gingrich's Infidelities Affect His P<B>resident<\/B>ial Campaign? http:\/\/huff.to\/jWfIJ2"},{"possibly_sensitive":false,"place":null,"retweet_count":0,"in_reply_to_screen_name":null,"created_at":"Fri May 20 23:14:58 +0000 2011","retweeted":false,"in_reply_to_status_id_str":null,"in_reply_to_user_id_str":null,"user":{"time_zone":null,"profile_link_color":"0084B4","protected":false,"created_at":"Fri Feb 18 14:00:10 +0000 2011","profile_image_url_https":"https:\/\/si0.twimg.com\/profile_images\/1341608289\/huffingtonpost_normal.png","name":"Newt Gingrich News","geo_enabled":false,"favourites_count":0,"profile_background_color":"C0DEED","default_profile_image":false,"notifications":null,"profile_background_tile":false,"utc_offset":null,"description":"Newt Gingrich: Breaking news and updates from HuffPost","default_profile":true,"statuses_count":327,"following":null,"verified":false,"profile_sidebar_fill_color":"DDEEF6","followers_count":56,"profile_image_url":"http:\/\/a1.twimg.com\/profile_images\/1341608289\/huffingtonpost_normal.png","follow_request_sent":null,"profile_sidebar_border_color":"C0DEED","location":null,"is_translator":false,"contributors_enabled":false,"screen_name":"NewtG_News","profile_use_background_image":true,"url":null,"id_str":"254049462","show_all_inline_media":false,"profile_background_image_url_https":"https:\/\/si0.twimg.com\/images\/themes\/theme1\/bg.png","profile_text_color":"333333","id":254049462,"listed_count":5,"lang":"en","profile_background_image_url":"http:\/\/a0.twimg.com\/images\/themes\/theme1\/bg.png","friends_count":0},"contributors":null,"in_reply_to_status_id":null,"source":"<a href=\"http:\/\/www.huffingtonpost.com\" rel=\"nofollow\">The Huffington Post<\/a>","id_str":"71715566070665217","geo":null,"favorited":false,"id":71715566070665217,"coordinates":null,"in_reply_to_user_id":null,"truncated":false,"text":"WATCH: HuffPost's Alex Wagner Discusses The GOP Presidential Field On 'Hardball' http:\/\/huff.to\/l7RzmA","name":"NewtG_News","boldText":"WATCH: HuffPost's Alex Wagner Discusses The GOP P<B>resident<\/B>ial Field On 'Hardball' http:\/\/huff.to\/l7RzmA"},{"possibly_sensitive":false,"place":null,"retweet_count":0,"in_reply_to_screen_name":null,"created_at":"Fri May 20 20:27:01 +0000 2011","retweeted":false,"in_reply_to_status_id_str":null,"in_reply_to_user_id_str":null,"user":{"time_zone":null,"profile_link_color":"0084B4","protected":false,"created_at":"Fri Feb 18 14:00:10 +0000 2011","profile_image_url_https":"https:\/\/si0.twimg.com\/profile_images\/1341608289\/huffingtonpost_normal.png","name":"Newt Gingrich News","geo_enabled":false,"favourites_count":0,"profile_background_color":"C0DEED","default_profile_image":false,"notifications":null,"profile_background_tile":false,"utc_offset":null,"description":"Newt Gingrich: Breaking news and updates from HuffPost","default_profile":true,"statuses_count":327,"following":null,"verified":false,"profile_sidebar_fill_color":"DDEEF6","followers_count":56,"profile_image_url":"http:\/\/a1.twimg.com\/profile_images\/1341608289\/huffingtonpost_normal.png","follow_request_sent":null,"profile_sidebar_border_color":"C0DEED","location":null,"is_translator":false,"contributors_enabled":false,"screen_name":"NewtG_News","profile_use_background_image":true,"url":null,"id_str":"254049462","show_all_inline_media":false,"profile_background_image_url_https":"https:\/\/si0.twimg.com\/images\/themes\/theme1\/bg.png","profile_text_color":"333333","id":254049462,"listed_count":5,"lang":"en","profile_background_image_url":"http:\/\/a0.twimg.com\/images\/themes\/theme1\/bg.png","friends_count":0},"contributors":null,"in_reply_to_status_id":null,"source":"<a href=\"http:\/\/www.huffingtonpost.com\" rel=\"nofollow\">The Huffington Post<\/a>","id_str":"71673300576768000","geo":null,"favorited":false,"id":71673300576768000,"coordinates":null,"in_reply_to_user_id":null,"truncated":false,"text":"Potential GOP Presidential Candidate Favored Healthcare Mandate As Governor http:\/\/huff.to\/l2MGZ2","name":"NewtG_News","boldText":"Potential GOP P<B>resident<\/B>ial Candidate Favored Healthcare Mandate As Governor http:\/\/huff.to\/l2MGZ2"},{"possibly_sensitive":false,"place":null,"retweet_count":0,"in_reply_to_screen_name":null,"created_at":"Fri May 20 02:52:59 +0000 2011","retweeted":false,"in_reply_to_status_id_str":null,"in_reply_to_user_id_str":null,"user":{"time_zone":null,"profile_link_color":"0084B4","protected":false,"created_at":"Fri Feb 18 14:00:10 +0000 2011","profile_image_url_https":"https:\/\/si0.twimg.com\/profile_images\/1341608289\/huffingtonpost_normal.png","name":"Newt Gingrich News","geo_enabled":false,"favourites_count":0,"profile_background_color":"C0DEED","default_profile_image":false,"notifications":null,"profile_background_tile":false,"utc_offset":null,"description":"Newt Gingrich: Breaking news and updates from HuffPost","statuses_count":327,"following":null,"verified":false,"profile_sidebar_fill_color":"DDEEF6","followers_count":56,"profile_image_url":"http:\/\/a1.twimg.com\/profile_images\/1341608289\/huffingtonpost_normal.png","follow_request_sent":null,"profile_sidebar_border_color":"C0DEED","location":null,"is_translator":false,"default_profile":true,"contributors_enabled":false,"screen_name":"NewtG_News","profile_use_background_image":true,"url":null,"id_str":"254049462","show_all_inline_media":false,"profile_background_image_url_https":"https:\/\/si0.twimg.com\/images\/themes\/theme1\/bg.png","profile_text_color":"333333","id":254049462,"listed_count":5,"lang":"en","profile_background_image_url":"http:\/\/a0.twimg.com\/images\/themes\/theme1\/bg.png","friends_count":0},"contributors":null,"in_reply_to_status_id":null,"source":"<a href=\"http:\/\/www.huffingtonpost.com\" rel=\"nofollow\">The Huffington Post<\/a>","id_str":"71408046701690880","geo":null,"favorited":false,"id":71408046701690880,"coordinates":null,"in_reply_to_user_id":null,"truncated":false,"text":"Gingrich Glitter Prank Raises Questions About Security On The Trail http:\/\/huff.to\/jpHPJV","name":"NewtG_News","boldText":"Gingrich Glitter Prank Raises Questions About <B>Security<\/B> On The Trail http:\/\/huff.to\/jpHPJV"},{"possibly_sensitive":false,"place":null,"retweet_count":0,"in_reply_to_screen_name":null,"created_at":"Thu May 19 23:42:25 +0000 2011","retweeted":false,"in_reply_to_status_id_str":null,"in_reply_to_user_id_str":null,"user":{"time_zone":null,"profile_link_color":"0084B4","protected":false,"created_at":"Fri Feb 18 14:00:10 +0000 2011","profile_image_url_https":"https:\/\/si0.twimg.com\/profile_images\/1341608289\/huffingtonpost_normal.png","name":"Newt Gingrich News","geo_enabled":false,"favourites_count":0,"profile_background_color":"C0DEED","default_profile_image":false,"notifications":null,"profile_background_tile":false,"utc_offset":null,"description":"Newt Gingrich: Breaking news and updates from HuffPost","statuses_count":327,"following":null,"verified":false,"profile_sidebar_fill_color":"DDEEF6","followers_count":56,"profile_image_url":"http:\/\/a1.twimg.com\/profile_images\/1341608289\/huffingtonpost_normal.png","follow_request_sent":null,"profile_sidebar_border_color":"C0DEED","location":null,"is_translator":false,"default_profile":true,"contributors_enabled":false,"screen_name":"NewtG_News","profile_use_background_image":true,"url":null,"id_str":"254049462","show_all_inline_media":false,"profile_background_image_url_https":"https:\/\/si0.twimg.com\/images\/themes\/theme1\/bg.png","profile_text_color":"333333","id":254049462,"listed_count":5,"lang":"en","profile_background_image_url":"http:\/\/a0.twimg.com\/images\/themes\/theme1\/bg.png","friends_count":0},"contributors":null,"in_reply_to_status_id":null,"source":"<a href=\"http:\/\/www.huffingtonpost.com\" rel=\"nofollow\">The Huffington Post<\/a>","id_str":"71360089268830208","geo":null,"favorited":false,"id":71360089268830208,"coordinates":null,"in_reply_to_user_id":null,"truncated":false,"text":"Tea Party Quicksand in the GOP Presidential Landscape http:\/\/huff.to\/laZ64w","name":"NewtG_News","boldText":"Tea Party Quicksand in the GOP P<B>resident<\/B>ial Landscape http:\/\/huff.to\/laZ64w"}]