[{"possibly_sensitive":false,"place":null,"retweet_count":21,"in_reply_to_screen_name":null,"created_at":"Fri Nov 04 14:10:07 +0000 2011","retweeted":false,"in_reply_to_status_id_str":null,"in_reply_to_user_id_str":null,"user":{"time_zone":"Central Time (US & Canada)","profile_link_color":"2d4a92","protected":false,"created_at":"Thu Feb 24 22:53:03 +0000 2011","profile_image_url_https":"https:\/\/si0.twimg.com\/profile_images\/1358814555\/FB_share_normal.jpg","name":"Newt 2012 Campaign","geo_enabled":false,"favourites_count":0,"profile_background_color":"0a1735","default_profile_image":false,"notifications":false,"profile_background_tile":false,"utc_offset":-21600,"description":"The Official twitter account for Newt 2012 ","statuses_count":2203,"following":true,"verified":false,"profile_sidebar_fill_color":"ffffff","followers_count":8611,"profile_image_url":"http:\/\/a1.twimg.com\/profile_images\/1358814555\/FB_share_normal.jpg","default_profile":false,"follow_request_sent":false,"profile_sidebar_border_color":"eaeaea","location":"Atlanta, GA","is_translator":false,"contributors_enabled":false,"screen_name":"Newt2012HQ","profile_use_background_image":true,"url":"http:\/\/newt.org","id_str":"257193354","show_all_inline_media":false,"profile_background_image_url_https":"https:\/\/si0.twimg.com\/profile_background_images\/251658738\/NG_twit2.jpg","profile_text_color":"727272","id":257193354,"listed_count":352,"lang":"en","profile_background_image_url":"http:\/\/a1.twimg.com\/profile_background_images\/251658738\/NG_twit2.jpg","friends_count":1797},"contributors":null,"in_reply_to_status_id":null,"source":"<a href=\"http:\/\/twitter.com\/tweetbutton\" rel=\"nofollow\">Tweet Button<\/a>","id_str":"132459615177814016","geo":null,"favorited":false,"id":132459615177814016,"coordinates":null,"in_reply_to_user_id":null,"truncated":false,"text":"Another bad jobs report. Let's compare the job record of Speaker Gingrich & President Obama http:\/\/t.co\/sCDKWGkM","name":"Newt2012HQ","boldText":"Another bad <B>jobs<\/B> report. Let's compare the job record of Speaker Gingrich & President Obama http:\/\/t.co\/sCDKWGkM"},{"possibly_sensitive":false,"place":null,"retweet_count":8,"in_reply_to_screen_name":null,"created_at":"Tue Nov 01 16:09:31 +0000 2011","retweeted":false,"in_reply_to_status_id_str":null,"in_reply_to_user_id_str":null,"user":{"time_zone":"Central Time (US & Canada)","profile_link_color":"2d4a92","protected":false,"created_at":"Thu Feb 24 22:53:03 +0000 2011","profile_image_url_https":"https:\/\/si0.twimg.com\/profile_images\/1358814555\/FB_share_normal.jpg","name":"Newt 2012 Campaign","geo_enabled":false,"favourites_count":0,"profile_background_color":"0a1735","default_profile_image":false,"notifications":false,"profile_background_tile":false,"utc_offset":-21600,"description":"The Official twitter account for Newt 2012 ","statuses_count":2203,"following":true,"verified":false,"profile_sidebar_fill_color":"ffffff","followers_count":8611,"profile_image_url":"http:\/\/a1.twimg.com\/profile_images\/1358814555\/FB_share_normal.jpg","follow_request_sent":false,"profile_sidebar_border_color":"eaeaea","location":"Atlanta, GA","is_translator":false,"default_profile":false,"contributors_enabled":false,"screen_name":"Newt2012HQ","profile_use_background_image":true,"url":"http:\/\/newt.org","id_str":"257193354","show_all_inline_media":false,"profile_background_image_url_https":"https:\/\/si0.twimg.com\/profile_background_images\/251658738\/NG_twit2.jpg","profile_text_color":"727272","id":257193354,"listed_count":352,"lang":"en","profile_background_image_url":"http:\/\/a1.twimg.com\/profile_background_images\/251658738\/NG_twit2.jpg","friends_count":1797},"contributors":null,"in_reply_to_status_id":null,"source":"web","id_str":"131402497444163584","geo":null,"favorited":false,"id":131402497444163584,"coordinates":null,"in_reply_to_user_id":null,"truncated":false,"text":"Watch Live: Newt talks about jobs and manufacturing in Iowa: http:\/\/t.co\/MYITnnT9 #mfgprezforum","name":"Newt2012HQ","boldText":"Watch Live: Newt talks about <B>jobs<\/B> and manufacturing in Iowa: http:\/\/t.co\/MYITnnT9 #mfgprezforum"},{"place":null,"retweet_count":0,"in_reply_to_screen_name":"brady_cremeens","created_at":"Sun Oct 30 01:37:57 +0000 2011","retweeted":false,"in_reply_to_status_id_str":"130449904639291394","in_reply_to_user_id_str":"240501439","user":{"time_zone":"Central Time (US & Canada)","profile_link_color":"2d4a92","protected":false,"created_at":"Thu Feb 24 22:53:03 +0000 2011","profile_image_url_https":"https:\/\/si0.twimg.com\/profile_images\/1358814555\/FB_share_normal.jpg","name":"Newt 2012 Campaign","geo_enabled":false,"favourites_count":0,"profile_background_color":"0a1735","default_profile_image":false,"notifications":null,"profile_background_tile":false,"utc_offset":-21600,"description":"The Official twitter account for Newt 2012 ","statuses_count":2203,"following":null,"verified":false,"profile_sidebar_fill_color":"ffffff","followers_count":8611,"profile_image_url":"http:\/\/a1.twimg.com\/profile_images\/1358814555\/FB_share_normal.jpg","default_profile":false,"follow_request_sent":null,"profile_sidebar_border_color":"eaeaea","location":"Atlanta, GA","is_translator":false,"contributors_enabled":false,"screen_name":"Newt2012HQ","profile_use_background_image":true,"url":"http:\/\/newt.org","id_str":"257193354","show_all_inline_media":false,"profile_background_image_url_https":"https:\/\/si0.twimg.com\/profile_background_images\/251658738\/NG_twit2.jpg","profile_text_color":"727272","id":257193354,"listed_count":352,"lang":"en","profile_background_image_url":"http:\/\/a1.twimg.com\/profile_background_images\/251658738\/NG_twit2.jpg","friends_count":1795},"contributors":null,"in_reply_to_status_id":130449904639291394,"source":"<a href=\"http:\/\/www.tweetdeck.com\" rel=\"nofollow\">TweetDeck<\/a>","id_str":"130458386704760832","geo":null,"favorited":false,"id":130458386704760832,"coordinates":null,"in_reply_to_user_id":240501439,"truncated":false,"text":"@brady_cremeens Given our last month of fundraising and building organizations in Iowa, New Hampshire, and South Carolina, we think we do.","name":"Newt2012HQ","boldText":"@brady_cremeens Given our last month of fundraising and building organizations in Iowa, New Hamps<B>hire<\/B>, and South Carolina, we think we do."},{"place":null,"retweet_count":0,"in_reply_to_screen_name":"_starstar","created_at":"Sat Oct 29 21:31:37 +0000 2011","retweeted":false,"in_reply_to_status_id_str":"130385553723101184","in_reply_to_user_id_str":"23149913","user":{"time_zone":"Central Time (US & Canada)","profile_link_color":"2d4a92","protected":false,"created_at":"Thu Feb 24 22:53:03 +0000 2011","profile_image_url_https":"https:\/\/si0.twimg.com\/profile_images\/1358814555\/FB_share_normal.jpg","name":"Newt 2012 Campaign","geo_enabled":false,"favourites_count":0,"profile_background_color":"0a1735","default_profile_image":false,"notifications":null,"profile_background_tile":false,"utc_offset":-21600,"description":"The Official twitter account for Newt 2012 ","statuses_count":2203,"following":null,"verified":false,"profile_sidebar_fill_color":"ffffff","followers_count":8611,"profile_image_url":"http:\/\/a1.twimg.com\/profile_images\/1358814555\/FB_share_normal.jpg","default_profile":false,"follow_request_sent":null,"profile_sidebar_border_color":"eaeaea","location":"Atlanta, GA","is_translator":false,"contributors_enabled":false,"screen_name":"Newt2012HQ","profile_use_background_image":true,"url":"http:\/\/newt.org","id_str":"257193354","show_all_inline_media":false,"profile_background_image_url_https":"https:\/\/si0.twimg.com\/profile_background_images\/251658738\/NG_twit2.jpg","profile_text_color":"727272","id":257193354,"listed_count":352,"lang":"en","profile_background_image_url":"http:\/\/a1.twimg.com\/profile_background_images\/251658738\/NG_twit2.jpg","friends_count":1795},"contributors":null,"in_reply_to_status_id":130385553723101184,"source":"<a href=\"http:\/\/www.tweetdeck.com\" rel=\"nofollow\">TweetDeck<\/a>","id_str":"130396392760942592","geo":null,"favorited":false,"id":130396392760942592,"coordinates":null,"in_reply_to_user_id":23149913,"truncated":false,"text":"@_starstar We will work hard for your support and everyone's.","name":"Newt2012HQ","boldText":"@_starstar We will <B>work<\/B> hard for your support and everyone's."},{"possibly_sensitive":false,"place":null,"retweet_count":"100+","in_reply_to_screen_name":null,"created_at":"Tue Oct 25 16:39:10 +0000 2011","retweeted":false,"in_reply_to_status_id_str":null,"in_reply_to_user_id_str":null,"user":{"time_zone":"Eastern Time (US & Canada)","profile_link_color":"2d4a92","protected":false,"created_at":"Thu Feb 12 20:18:08 +0000 2009","profile_image_url_https":"https:\/\/si0.twimg.com\/profile_images\/1266146219\/Newt_Approved_Headshot_normal.jpeg","name":"Newt Gingrich","geo_enabled":false,"favourites_count":0,"profile_background_color":"0a1735","default_profile_image":false,"notifications":false,"profile_background_tile":false,"utc_offset":-18000,"description":"Husband, father, grandfather, citizen, small businessman, author, former Speaker. I'm running for president to offer leadership to solve America's challenges.","statuses_count":2978,"following":true,"verified":true,"profile_sidebar_fill_color":"ffffff","followers_count":1340778,"profile_image_url":"http:\/\/a1.twimg.com\/profile_images\/1266146219\/Newt_Approved_Headshot_normal.jpeg","follow_request_sent":false,"profile_sidebar_border_color":"eaeaea","location":"","is_translator":false,"contributors_enabled":false,"screen_name":"newtgingrich","profile_use_background_image":true,"url":"http:\/\/Newt.org","id_str":"20713061","default_profile":false,"show_all_inline_media":false,"profile_background_image_url_https":"https:\/\/si0.twimg.com\/profile_background_images\/251627781\/NG_twit2.jpg","profile_text_color":"727272","id":20713061,"listed_count":9994,"lang":"en","profile_background_image_url":"http:\/\/a1.twimg.com\/profile_background_images\/251627781\/NG_twit2.jpg","friends_count":466},"contributors":null,"in_reply_to_status_id":null,"source":"web","id_str":"128873246018895872","geo":null,"favorited":false,"id":128873246018895872,"coordinates":null,"in_reply_to_user_id":null,"truncated":false,"text":".@GovernorPerry If u r going to bump plans w\/ my friend Herman, then you can bump plans w\/ me. Let's compare flat taxes http:\/\/t.co\/8ijgUfyB","name":"NewtGingrich","boldText":".@GovernorPerry If u r going to bump plans w\/ my friend Herman, then you can bump plans w\/ me. Let's compare flat <B>taxes<\/B> http:\/\/t.co\/8ijgUfyB"},{"place":null,"retweet_count":9,"in_reply_to_screen_name":"AMHateRadio","created_at":"Sat Oct 22 15:53:51 +0000 2011","retweeted":false,"in_reply_to_status_id_str":"127758061258547200","in_reply_to_user_id_str":"196442985","user":{"time_zone":"Eastern Time (US & Canada)","profile_link_color":"2d4a92","protected":false,"default_profile":false,"created_at":"Thu Feb 12 20:18:08 +0000 2009","profile_image_url_https":"https:\/\/si0.twimg.com\/profile_images\/1266146219\/Newt_Approved_Headshot_normal.jpeg","name":"Newt Gingrich","geo_enabled":false,"favourites_count":0,"profile_background_color":"0a1735","default_profile_image":false,"notifications":false,"profile_background_tile":false,"utc_offset":-18000,"description":"Husband, father, grandfather, citizen, small businessman, author, former Speaker. I'm running for president to offer leadership to solve America's challenges.","statuses_count":2978,"following":true,"verified":true,"profile_sidebar_fill_color":"ffffff","followers_count":1340769,"profile_image_url":"http:\/\/a1.twimg.com\/profile_images\/1266146219\/Newt_Approved_Headshot_normal.jpeg","follow_request_sent":false,"profile_sidebar_border_color":"eaeaea","location":"","is_translator":false,"contributors_enabled":false,"screen_name":"newtgingrich","profile_use_background_image":true,"url":"http:\/\/Newt.org","id_str":"20713061","show_all_inline_media":false,"profile_background_image_url_https":"https:\/\/si0.twimg.com\/profile_background_images\/251627781\/NG_twit2.jpg","profile_text_color":"727272","id":20713061,"listed_count":9994,"lang":"en","profile_background_image_url":"http:\/\/a1.twimg.com\/profile_background_images\/251627781\/NG_twit2.jpg","friends_count":466},"contributors":null,"in_reply_to_status_id":127758061258547200,"source":"<a href=\"http:\/\/blackberry.com\/twitter\" rel=\"nofollow\">Twitter for BlackBerry\u00ae<\/a>","id_str":"127774676402438145","geo":null,"favorited":false,"id":127774676402438145,"coordinates":null,"in_reply_to_user_id":196442985,"truncated":false,"text":"@AMHateRadio four balanced budgets in a row; deficit projection dropped $4.7 TRILLION for ten years during 4 years I was Speaker-facts","name":"NewtGingrich","boldText":"@AMHateRadio four balanced budgets in a row; <B>deficit<\/B> projection dropped $4.7 TRILLION for ten years during 4 years I was Speaker-facts"},{"possibly_sensitive":false,"place":null,"retweet_count":25,"in_reply_to_screen_name":"fredhensley","created_at":"Wed Oct 12 14:31:13 +0000 2011","retweeted":false,"in_reply_to_status_id_str":null,"in_reply_to_user_id_str":"15454339","user":{"time_zone":"Eastern Time (US & Canada)","profile_link_color":"2d4a92","protected":false,"created_at":"Thu Feb 12 20:18:08 +0000 2009","profile_image_url_https":"https:\/\/si0.twimg.com\/profile_images\/1266146219\/Newt_Approved_Headshot_normal.jpeg","name":"Newt Gingrich","geo_enabled":false,"favourites_count":0,"profile_background_color":"0a1735","default_profile_image":false,"notifications":null,"profile_background_tile":false,"utc_offset":-18000,"description":"Husband, father, grandfather, citizen, small businessman, author, former Speaker. I'm running for president to offer leadership to solve America's challenges.","statuses_count":2978,"following":null,"verified":true,"profile_sidebar_fill_color":"ffffff","followers_count":1340778,"profile_image_url":"http:\/\/a1.twimg.com\/profile_images\/1266146219\/Newt_Approved_Headshot_normal.jpeg","default_profile":false,"follow_request_sent":null,"profile_sidebar_border_color":"eaeaea","location":"","is_translator":false,"contributors_enabled":false,"screen_name":"newtgingrich","profile_use_background_image":true,"url":"http:\/\/Newt.org","id_str":"20713061","show_all_inline_media":false,"profile_background_image_url_https":"https:\/\/si0.twimg.com\/profile_background_images\/251627781\/NG_twit2.jpg","profile_text_color":"727272","id":20713061,"listed_count":9994,"lang":"en","profile_background_image_url":"http:\/\/a1.twimg.com\/profile_background_images\/251627781\/NG_twit2.jpg","friends_count":466},"contributors":null,"in_reply_to_status_id":null,"source":"web","id_str":"124130001774850048","geo":null,"favorited":false,"id":124130001774850048,"coordinates":null,"in_reply_to_user_id":15454339,"truncated":false,"text":"@fredhensley #LeadNow Deficit is $1.3 tril. I\u2019m the only candidate who has balanced fed budget, and will do it again: http:\/\/t.co\/xWBtuqrs","name":"NewtGingrich","boldText":"@fredhensley #LeadNow <B>Deficit<\/B> is $1.3 tril. I\u2019m the only candidate who has balanced fed budget, and will do it again: http:\/\/t.co\/xWBtuqrs"},{"possibly_sensitive":false,"place":null,"retweet_count":30,"in_reply_to_screen_name":"WSchrammel","created_at":"Wed Oct 12 13:54:32 +0000 2011","retweeted":false,"in_reply_to_status_id_str":null,"in_reply_to_user_id_str":"196066514","user":{"time_zone":"Eastern Time (US & Canada)","profile_link_color":"2d4a92","protected":false,"created_at":"Thu Feb 12 20:18:08 +0000 2009","profile_image_url_https":"https:\/\/si0.twimg.com\/profile_images\/1266146219\/Newt_Approved_Headshot_normal.jpeg","name":"Newt Gingrich","geo_enabled":false,"favourites_count":0,"profile_background_color":"0a1735","default_profile_image":false,"notifications":null,"profile_background_tile":false,"utc_offset":-18000,"description":"Husband, father, grandfather, citizen, small businessman, author, former Speaker. I'm running for president to offer leadership to solve America's challenges.","statuses_count":2978,"following":null,"verified":true,"profile_sidebar_fill_color":"ffffff","followers_count":1340778,"profile_image_url":"http:\/\/a1.twimg.com\/profile_images\/1266146219\/Newt_Approved_Headshot_normal.jpeg","default_profile":false,"follow_request_sent":null,"profile_sidebar_border_color":"eaeaea","location":"","is_translator":false,"contributors_enabled":false,"screen_name":"newtgingrich","profile_use_background_image":true,"url":"http:\/\/Newt.org","id_str":"20713061","show_all_inline_media":false,"profile_background_image_url_https":"https:\/\/si0.twimg.com\/profile_background_images\/251627781\/NG_twit2.jpg","profile_text_color":"727272","id":20713061,"listed_count":9994,"lang":"en","profile_background_image_url":"http:\/\/a1.twimg.com\/profile_background_images\/251627781\/NG_twit2.jpg","friends_count":466},"contributors":null,"in_reply_to_status_id":null,"source":"web","id_str":"124120769302237184","geo":null,"favorited":false,"id":124120769302237184,"coordinates":null,"in_reply_to_user_id":196066514,"truncated":false,"text":"@wschrammel #LeadNow Dodd-Frank is a 2300-pg bill that will freeze lending, hurt small banks, and kill jobs. My plan: http:\/\/t.co\/etH6rhzQ","name":"NewtGingrich","boldText":"@wschrammel #LeadNow Dodd-Frank is a 2300-pg bill that will freeze lending, hurt small banks, and kill <B>jobs<\/B>. My plan: http:\/\/t.co\/etH6rhzQ"},{"place":null,"retweet_count":4,"in_reply_to_screen_name":"Rain_78","created_at":"Wed Oct 12 13:17:22 +0000 2011","retweeted":false,"in_reply_to_status_id_str":null,"in_reply_to_user_id_str":"76698051","user":{"time_zone":"Eastern Time (US & Canada)","profile_link_color":"2d4a92","protected":false,"created_at":"Thu Feb 12 20:18:08 +0000 2009","profile_image_url_https":"https:\/\/si0.twimg.com\/profile_images\/1266146219\/Newt_Approved_Headshot_normal.jpeg","name":"Newt Gingrich","geo_enabled":false,"favourites_count":0,"profile_background_color":"0a1735","default_profile_image":false,"notifications":null,"profile_background_tile":false,"utc_offset":-18000,"description":"Husband, father, grandfather, citizen, small businessman, author, former Speaker. I'm running for president to offer leadership to solve America's challenges.","statuses_count":2978,"following":null,"verified":true,"profile_sidebar_fill_color":"ffffff","followers_count":1340778,"profile_image_url":"http:\/\/a1.twimg.com\/profile_images\/1266146219\/Newt_Approved_Headshot_normal.jpeg","default_profile":false,"follow_request_sent":null,"profile_sidebar_border_color":"eaeaea","location":"","is_translator":false,"contributors_enabled":false,"screen_name":"newtgingrich","profile_use_background_image":true,"url":"http:\/\/Newt.org","id_str":"20713061","show_all_inline_media":false,"profile_background_image_url_https":"https:\/\/si0.twimg.com\/profile_background_images\/251627781\/NG_twit2.jpg","profile_text_color":"727272","id":20713061,"listed_count":9994,"lang":"en","profile_background_image_url":"http:\/\/a1.twimg.com\/profile_background_images\/251627781\/NG_twit2.jpg","friends_count":466},"contributors":null,"in_reply_to_status_id":null,"source":"web","id_str":"124111417665257472","geo":null,"favorited":false,"id":124111417665257472,"coordinates":null,"in_reply_to_user_id":76698051,"truncated":false,"text":"@Rain_78 #LeadNow Yes \u2013 I will work with the House & Sen GOP majorities to repeal Dodd-Frank and Obamacare in the first 100 days of my admin","name":"NewtGingrich","boldText":"@Rain_78 #LeadNow Yes \u2013 I will <B>work<\/B> with the House & Sen GOP majorities to repeal Dodd-Frank and Obamacare in the first 100 days of my admin"},{"id_str":"124110871415898112","place":null,"favorited":false,"in_reply_to_user_id":null,"truncated":false,"created_at":"Wed Oct 12 13:15:12 +0000 2011","retweet_count":17,"in_reply_to_screen_name":null,"retweeted":false,"in_reply_to_status_id_str":null,"user":{"id_str":"20713061","show_all_inline_media":false,"profile_background_image_url_https":"https:\/\/si0.twimg.com\/profile_background_images\/251627781\/NG_twit2.jpg","profile_text_color":"727272","protected":false,"listed_count":9993,"profile_background_image_url":"http:\/\/a1.twimg.com\/profile_background_images\/251627781\/NG_twit2.jpg","created_at":"Thu Feb 12 20:18:08 +0000 2009","friends_count":466,"name":"Newt Gingrich","time_zone":"Eastern Time (US & Canada)","profile_link_color":"2d4a92","notifications":null,"utc_offset":-18000,"profile_image_url_https":"https:\/\/si0.twimg.com\/profile_images\/1266146219\/Newt_Approved_Headshot_normal.jpeg","description":"Husband, father, grandfather, citizen, small businessman, author, former Speaker. I'm running for president to offer leadership to solve America's challenges.","default_profile":false,"following":null,"geo_enabled":false,"favourites_count":0,"profile_background_color":"0a1735","default_profile_image":false,"profile_background_tile":false,"statuses_count":2978,"verified":true,"profile_sidebar_fill_color":"ffffff","followers_count":1340752,"profile_image_url":"http:\/\/a1.twimg.com\/profile_images\/1266146219\/Newt_Approved_Headshot_normal.jpeg","location":"","screen_name":"newtgingrich","follow_request_sent":null,"profile_sidebar_border_color":"eaeaea","url":"http:\/\/Newt.org","is_translator":false,"contributors_enabled":false,"id":20713061,"lang":"en","profile_use_background_image":true},"in_reply_to_user_id_str":null,"contributors":null,"source":"<a href=\"http:\/\/blackberry.com\/twitter\" rel=\"nofollow\">Twitter for BlackBerry\u00ae<\/a>","geo":null,"id":124110871415898112,"coordinates":null,"in_reply_to_status_id":null,"text":"On the way to concord to speak to the new hampshire legislature about enforcing the tenth amendment in the 21st century contract","name":"NewtGingrich","boldText":"On the way to concord to speak to the new hamps<B>hire<\/B> legislature about enforcing the tenth amendment in the 21st century contract"},{"place":null,"retweet_count":1,"in_reply_to_screen_name":"Englishmanrocks","created_at":"Wed Oct 12 13:09:21 +0000 2011","retweeted":false,"in_reply_to_status_id_str":null,"in_reply_to_user_id_str":"28329797","user":{"time_zone":"Eastern Time (US & Canada)","profile_link_color":"2d4a92","protected":false,"created_at":"Thu Feb 12 20:18:08 +0000 2009","profile_image_url_https":"https:\/\/si0.twimg.com\/profile_images\/1266146219\/Newt_Approved_Headshot_normal.jpeg","name":"Newt Gingrich","geo_enabled":false,"favourites_count":0,"profile_background_color":"0a1735","default_profile_image":false,"notifications":null,"profile_background_tile":false,"utc_offset":-18000,"description":"Husband, father, grandfather, citizen, small businessman, author, former Speaker. I'm running for president to offer leadership to solve America's challenges.","default_profile":false,"statuses_count":2978,"following":null,"verified":true,"profile_sidebar_fill_color":"ffffff","followers_count":1340681,"profile_image_url":"http:\/\/a1.twimg.com\/profile_images\/1266146219\/Newt_Approved_Headshot_normal.jpeg","follow_request_sent":null,"profile_sidebar_border_color":"eaeaea","location":"","is_translator":false,"contributors_enabled":false,"screen_name":"newtgingrich","profile_use_background_image":true,"url":"http:\/\/Newt.org","id_str":"20713061","show_all_inline_media":false,"profile_background_image_url_https":"https:\/\/si0.twimg.com\/profile_background_images\/251627781\/NG_twit2.jpg","profile_text_color":"727272","id":20713061,"listed_count":9992,"lang":"en","profile_background_image_url":"http:\/\/a1.twimg.com\/profile_background_images\/251627781\/NG_twit2.jpg","friends_count":466},"contributors":null,"in_reply_to_status_id":null,"source":"web","id_str":"124109399840129024","geo":null,"favorited":false,"id":124109399840129024,"coordinates":null,"in_reply_to_user_id":28329797,"truncated":false,"text":"@Englishmanrocks #LeadNow We cut taxes and revenues rose dramatically. CBO needs to end its Keynesian modeling and use dynamic scoring now","name":"NewtGingrich","boldText":"@Englishmanrocks #LeadNow We cut <B>taxes<\/B> and revenues rose dramatically. CBO needs to end its Keynesian modeling and use dynamic scoring now"},{"possibly_sensitive":false,"place":null,"retweet_count":5,"in_reply_to_screen_name":"CEPWM","created_at":"Tue Oct 11 20:59:30 +0000 2011","retweeted":false,"in_reply_to_status_id_str":null,"in_reply_to_user_id_str":"260819880","user":{"time_zone":"Eastern Time (US & Canada)","profile_link_color":"2d4a92","protected":false,"created_at":"Thu Feb 12 20:18:08 +0000 2009","profile_image_url_https":"https:\/\/si0.twimg.com\/profile_images\/1266146219\/Newt_Approved_Headshot_normal.jpeg","name":"Newt Gingrich","geo_enabled":false,"favourites_count":0,"profile_background_color":"0a1735","default_profile_image":false,"notifications":null,"profile_background_tile":false,"utc_offset":-18000,"description":"Husband, father, grandfather, citizen, small businessman, author, former Speaker. I'm running for president to offer leadership to solve America's challenges.","statuses_count":2978,"following":null,"verified":true,"profile_sidebar_fill_color":"ffffff","followers_count":1340778,"profile_image_url":"http:\/\/a1.twimg.com\/profile_images\/1266146219\/Newt_Approved_Headshot_normal.jpeg","default_profile":false,"follow_request_sent":null,"profile_sidebar_border_color":"eaeaea","location":"","is_translator":false,"contributors_enabled":false,"screen_name":"newtgingrich","profile_use_background_image":true,"url":"http:\/\/Newt.org","id_str":"20713061","show_all_inline_media":false,"profile_background_image_url_https":"https:\/\/si0.twimg.com\/profile_background_images\/251627781\/NG_twit2.jpg","profile_text_color":"727272","id":20713061,"listed_count":9994,"lang":"en","profile_background_image_url":"http:\/\/a1.twimg.com\/profile_background_images\/251627781\/NG_twit2.jpg","friends_count":466},"contributors":null,"in_reply_to_status_id":null,"source":"web","id_str":"123865328869584896","geo":null,"favorited":false,"id":123865328869584896,"coordinates":null,"in_reply_to_user_id":260819880,"truncated":false,"text":"@CEWASP #LeadNow Capital gains tax should be abolished now; my administration will have no new taxes. My plan: http:\/\/t.co\/ZjjGjjlO","name":"NewtGingrich","boldText":"@CEWASP #LeadNow Capital gains tax should be abolished now; my administration will have no new <B>taxes<\/B>. My plan: http:\/\/t.co\/ZjjGjjlO"},{"possibly_sensitive":false,"place":null,"retweet_count":1,"in_reply_to_screen_name":"jberrymd","created_at":"Tue Oct 11 20:56:29 +0000 2011","retweeted":false,"in_reply_to_status_id_str":null,"in_reply_to_user_id_str":"22861352","user":{"time_zone":"Eastern Time (US & Canada)","profile_link_color":"2d4a92","protected":false,"created_at":"Thu Feb 12 20:18:08 +0000 2009","profile_image_url_https":"https:\/\/si0.twimg.com\/profile_images\/1266146219\/Newt_Approved_Headshot_normal.jpeg","name":"Newt Gingrich","geo_enabled":false,"favourites_count":0,"profile_background_color":"0a1735","default_profile_image":false,"notifications":null,"profile_background_tile":false,"utc_offset":-18000,"description":"Husband, father, grandfather, citizen, small businessman, author, former Speaker. I'm running for president to offer leadership to solve America's challenges.","default_profile":false,"statuses_count":2978,"following":null,"verified":true,"profile_sidebar_fill_color":"ffffff","followers_count":1340681,"profile_image_url":"http:\/\/a1.twimg.com\/profile_images\/1266146219\/Newt_Approved_Headshot_normal.jpeg","follow_request_sent":null,"profile_sidebar_border_color":"eaeaea","location":"","is_translator":false,"contributors_enabled":false,"screen_name":"newtgingrich","profile_use_background_image":true,"url":"http:\/\/Newt.org","id_str":"20713061","show_all_inline_media":false,"profile_background_image_url_https":"https:\/\/si0.twimg.com\/profile_background_images\/251627781\/NG_twit2.jpg","profile_text_color":"727272","id":20713061,"listed_count":9992,"lang":"en","profile_background_image_url":"http:\/\/a1.twimg.com\/profile_background_images\/251627781\/NG_twit2.jpg","friends_count":466},"contributors":null,"in_reply_to_status_id":null,"source":"web","id_str":"123864568513560576","geo":null,"favorited":false,"id":123864568513560576,"coordinates":null,"in_reply_to_user_id":22861352,"truncated":false,"text":"@jberrymd #LeadNow In my Jobs and Prosperity plan, Americans will be able to opt-in to a flat-tax system. My plan: http:\/\/t.co\/ZjjGjjlO","name":"NewtGingrich","boldText":"@jberrymd #LeadNow In my <B>Jobs<\/B> and Prosperity plan, Americans will be able to opt-in to a flat-tax system. My plan: http:\/\/t.co\/ZjjGjjlO"},{"possibly_sensitive":false,"place":null,"retweet_count":3,"in_reply_to_screen_name":"Anfoooey","created_at":"Tue Oct 11 18:32:24 +0000 2011","retweeted":false,"in_reply_to_status_id_str":null,"in_reply_to_user_id_str":"372596280","user":{"time_zone":"Eastern Time (US & Canada)","profile_link_color":"2d4a92","protected":false,"created_at":"Thu Feb 12 20:18:08 +0000 2009","profile_image_url_https":"https:\/\/si0.twimg.com\/profile_images\/1266146219\/Newt_Approved_Headshot_normal.jpeg","name":"Newt Gingrich","geo_enabled":false,"favourites_count":0,"profile_background_color":"0a1735","default_profile_image":false,"notifications":null,"profile_background_tile":false,"utc_offset":-18000,"description":"Husband, father, grandfather, citizen, small businessman, author, former Speaker. I'm running for president to offer leadership to solve America's challenges.","statuses_count":2978,"following":null,"verified":true,"profile_sidebar_fill_color":"ffffff","followers_count":1340778,"profile_image_url":"http:\/\/a1.twimg.com\/profile_images\/1266146219\/Newt_Approved_Headshot_normal.jpeg","default_profile":false,"follow_request_sent":null,"profile_sidebar_border_color":"eaeaea","location":"","is_translator":false,"contributors_enabled":false,"screen_name":"newtgingrich","profile_use_background_image":true,"url":"http:\/\/Newt.org","id_str":"20713061","show_all_inline_media":false,"profile_background_image_url_https":"https:\/\/si0.twimg.com\/profile_background_images\/251627781\/NG_twit2.jpg","profile_text_color":"727272","id":20713061,"listed_count":9994,"lang":"en","profile_background_image_url":"http:\/\/a1.twimg.com\/profile_background_images\/251627781\/NG_twit2.jpg","friends_count":466},"contributors":null,"in_reply_to_status_id":null,"source":"web","id_str":"123828308495437825","geo":null,"favorited":false,"id":123828308495437825,"coordinates":null,"in_reply_to_user_id":372596280,"truncated":false,"text":"@Anfoooey #LeadNow Agree \u2013 Obamacare & Dodd-Frank are killing US jobs & we will repeal immediately. My plan to reverse: http:\/\/t.co\/XHsfZASF","name":"NewtGingrich","boldText":"@Anfoooey #LeadNow Agree \u2013 Obamacare & Dodd-Frank are killing US <B>jobs<\/B> & we will repeal immediately. My plan to reverse: http:\/\/t.co\/XHsfZASF"},{"possibly_sensitive":false,"place":null,"retweet_count":2,"in_reply_to_screen_name":"BVWilliams","created_at":"Tue Oct 11 18:04:33 +0000 2011","retweeted":false,"in_reply_to_status_id_str":null,"in_reply_to_user_id_str":"248674378","user":{"time_zone":"Eastern Time (US & Canada)","profile_link_color":"2d4a92","protected":false,"created_at":"Thu Feb 12 20:18:08 +0000 2009","profile_image_url_https":"https:\/\/si0.twimg.com\/profile_images\/1266146219\/Newt_Approved_Headshot_normal.jpeg","name":"Newt Gingrich","geo_enabled":false,"favourites_count":0,"profile_background_color":"0a1735","default_profile_image":false,"notifications":null,"profile_background_tile":false,"utc_offset":-18000,"description":"Husband, father, grandfather, citizen, small businessman, author, former Speaker. I'm running for president to offer leadership to solve America's challenges.","statuses_count":2978,"following":null,"verified":true,"profile_sidebar_fill_color":"ffffff","followers_count":1340778,"profile_image_url":"http:\/\/a1.twimg.com\/profile_images\/1266146219\/Newt_Approved_Headshot_normal.jpeg","default_profile":false,"follow_request_sent":null,"profile_sidebar_border_color":"eaeaea","location":"","is_translator":false,"contributors_enabled":false,"screen_name":"newtgingrich","profile_use_background_image":true,"url":"http:\/\/Newt.org","id_str":"20713061","show_all_inline_media":false,"profile_background_image_url_https":"https:\/\/si0.twimg.com\/profile_background_images\/251627781\/NG_twit2.jpg","profile_text_color":"727272","id":20713061,"listed_count":9994,"lang":"en","profile_background_image_url":"http:\/\/a1.twimg.com\/profile_background_images\/251627781\/NG_twit2.jpg","friends_count":466},"contributors":null,"in_reply_to_status_id":null,"source":"web","id_str":"123821299930894336","geo":null,"favorited":false,"id":123821299930894336,"coordinates":null,"in_reply_to_user_id":248674378,"truncated":false,"text":"@BVWilliams #LeadNow Repeal Obamacare, reform taxes and regs, American Energy, balanced budgets now. My full plan: http:\/\/t.co\/XHsfZASF","name":"NewtGingrich","boldText":"@BVWilliams #LeadNow Repeal Obamacare, reform <B>taxes<\/B> and regs, American Energy, balanced budgets now. My full plan: http:\/\/t.co\/XHsfZASF"},{"possibly_sensitive":false,"place":null,"retweet_count":93,"in_reply_to_screen_name":null,"created_at":"Fri Oct 07 13:13:05 +0000 2011","retweeted":false,"in_reply_to_status_id_str":null,"in_reply_to_user_id_str":null,"user":{"time_zone":"Eastern Time (US & Canada)","profile_link_color":"2d4a92","protected":false,"created_at":"Thu Feb 12 20:18:08 +0000 2009","profile_image_url_https":"https:\/\/si0.twimg.com\/profile_images\/1266146219\/Newt_Approved_Headshot_normal.jpeg","name":"Newt Gingrich","geo_enabled":false,"favourites_count":0,"profile_background_color":"0a1735","default_profile_image":false,"notifications":false,"profile_background_tile":false,"utc_offset":-18000,"description":"Husband, father, grandfather, citizen, small businessman, author, former Speaker. I'm running for president to offer leadership to solve America's challenges.","statuses_count":2978,"following":true,"verified":true,"profile_sidebar_fill_color":"ffffff","followers_count":1340759,"profile_image_url":"http:\/\/a1.twimg.com\/profile_images\/1266146219\/Newt_Approved_Headshot_normal.jpeg","follow_request_sent":false,"profile_sidebar_border_color":"eaeaea","location":"","is_translator":false,"contributors_enabled":false,"screen_name":"newtgingrich","profile_use_background_image":true,"url":"http:\/\/Newt.org","id_str":"20713061","default_profile":false,"show_all_inline_media":false,"profile_background_image_url_https":"https:\/\/si0.twimg.com\/profile_background_images\/251627781\/NG_twit2.jpg","profile_text_color":"727272","id":20713061,"listed_count":9994,"lang":"en","profile_background_image_url":"http:\/\/a1.twimg.com\/profile_background_images\/251627781\/NG_twit2.jpg","friends_count":466},"contributors":null,"in_reply_to_status_id":null,"source":"web","id_str":"122298399168012289","geo":null,"favorited":false,"id":122298399168012289,"coordinates":null,"in_reply_to_user_id":null,"truncated":false,"text":"Sept. jobs report is more proof bureaucratic socialism and class warfare don't create jobs. A historical comparison http:\/\/t.co\/hJbEbvpE","name":"NewtGingrich","boldText":"Sept. <B>jobs<\/B> report is more proof bureaucratic socialism and class warfare don't create <B>jobs<\/B>. A historical comparison http:\/\/t.co\/hJbEbvpE"},{"place":null,"retweet_count":"100+","in_reply_to_screen_name":null,"created_at":"Thu Oct 06 01:49:54 +0000 2011","retweeted":false,"in_reply_to_status_id_str":null,"in_reply_to_user_id_str":null,"user":{"time_zone":"Eastern Time (US & Canada)","profile_link_color":"2d4a92","protected":false,"created_at":"Thu Feb 12 20:18:08 +0000 2009","profile_image_url_https":"https:\/\/si0.twimg.com\/profile_images\/1266146219\/Newt_Approved_Headshot_normal.jpeg","name":"Newt Gingrich","geo_enabled":false,"favourites_count":0,"profile_background_color":"0a1735","default_profile_image":false,"notifications":null,"profile_background_tile":false,"utc_offset":-18000,"description":"Husband, father, grandfather, citizen, small businessman, author, former Speaker. I'm running for president to offer leadership to solve America's challenges.","statuses_count":2978,"following":null,"verified":true,"profile_sidebar_fill_color":"ffffff","followers_count":1340778,"profile_image_url":"http:\/\/a1.twimg.com\/profile_images\/1266146219\/Newt_Approved_Headshot_normal.jpeg","default_profile":false,"follow_request_sent":null,"profile_sidebar_border_color":"eaeaea","location":"","is_translator":false,"contributors_enabled":false,"screen_name":"newtgingrich","profile_use_background_image":true,"url":"http:\/\/Newt.org","id_str":"20713061","show_all_inline_media":false,"profile_background_image_url_https":"https:\/\/si0.twimg.com\/profile_background_images\/251627781\/NG_twit2.jpg","profile_text_color":"727272","id":20713061,"listed_count":9994,"lang":"en","profile_background_image_url":"http:\/\/a1.twimg.com\/profile_background_images\/251627781\/NG_twit2.jpg","friends_count":466},"contributors":null,"in_reply_to_status_id":null,"source":"<a href=\"http:\/\/blackberry.com\/twitter\" rel=\"nofollow\">Twitter for BlackBerry\u00ae<\/a>","id_str":"121764084923383809","geo":null,"favorited":false,"id":121764084923383809,"coordinates":null,"in_reply_to_user_id":null,"truncated":false,"text":"Steve jobs was an American original-courageous, determined, creative, willing to take on the establishment-he will be missed","name":"NewtGingrich","boldText":"Steve <B>jobs<\/B> was an American original-courageous, determined, creative, willing to take on the establishment-he will be missed"},{"possibly_sensitive":false,"place":null,"retweet_count":38,"in_reply_to_screen_name":null,"created_at":"Wed Oct 05 23:15:46 +0000 2011","retweeted":false,"in_reply_to_status_id_str":null,"in_reply_to_user_id_str":null,"user":{"time_zone":"Eastern Time (US & Canada)","profile_link_color":"2d4a92","protected":false,"created_at":"Thu Feb 12 20:18:08 +0000 2009","profile_image_url_https":"https:\/\/si0.twimg.com\/profile_images\/1266146219\/Newt_Approved_Headshot_normal.jpeg","name":"Newt Gingrich","geo_enabled":false,"favourites_count":0,"profile_background_color":"0a1735","default_profile_image":false,"notifications":null,"profile_background_tile":false,"utc_offset":-18000,"description":"Husband, father, grandfather, citizen, small businessman, author, former Speaker. I'm running for president to offer leadership to solve America's challenges.","statuses_count":2978,"following":null,"verified":true,"profile_sidebar_fill_color":"ffffff","followers_count":1340778,"profile_image_url":"http:\/\/a1.twimg.com\/profile_images\/1266146219\/Newt_Approved_Headshot_normal.jpeg","default_profile":false,"follow_request_sent":null,"profile_sidebar_border_color":"eaeaea","location":"","is_translator":false,"contributors_enabled":false,"screen_name":"newtgingrich","profile_use_background_image":true,"url":"http:\/\/Newt.org","id_str":"20713061","show_all_inline_media":false,"profile_background_image_url_https":"https:\/\/si0.twimg.com\/profile_background_images\/251627781\/NG_twit2.jpg","profile_text_color":"727272","id":20713061,"listed_count":9994,"lang":"en","profile_background_image_url":"http:\/\/a1.twimg.com\/profile_background_images\/251627781\/NG_twit2.jpg","friends_count":466},"contributors":null,"in_reply_to_status_id":null,"source":"web","id_str":"121725293340794880","geo":null,"favorited":false,"id":121725293340794880,"coordinates":null,"in_reply_to_user_id":null,"truncated":false,"text":"Fed regs cost business $1.75 tril, up 59% since '05: http:\/\/t.co\/vOhEZmbQ My New Contract features deregulation so that $ goes to new jobs","name":"NewtGingrich","boldText":"Fed regs cost business $1.75 tril, up 59% since '05: http:\/\/t.co\/vOhEZmbQ My New Contract features deregulation so that $ goes to new <B>jobs<\/B>"},{"place":null,"retweet_count":1,"in_reply_to_screen_name":"WmSWade","created_at":"Mon Oct 03 19:50:23 +0000 2011","retweeted":false,"in_reply_to_status_id_str":"120933823453204480","in_reply_to_user_id_str":"353741893","user":{"time_zone":"Eastern Time (US & Canada)","profile_link_color":"2d4a92","protected":false,"created_at":"Thu Feb 12 20:18:08 +0000 2009","profile_image_url_https":"https:\/\/si0.twimg.com\/profile_images\/1266146219\/Newt_Approved_Headshot_normal.jpeg","name":"Newt Gingrich","geo_enabled":false,"favourites_count":0,"profile_background_color":"0a1735","default_profile_image":false,"notifications":null,"profile_background_tile":false,"utc_offset":-18000,"description":"Husband, father, grandfather, citizen, small businessman, author, former Speaker. I'm running for president to offer leadership to solve America's challenges.","statuses_count":2978,"following":null,"verified":true,"profile_sidebar_fill_color":"ffffff","followers_count":1340778,"profile_image_url":"http:\/\/a1.twimg.com\/profile_images\/1266146219\/Newt_Approved_Headshot_normal.jpeg","default_profile":false,"follow_request_sent":null,"profile_sidebar_border_color":"eaeaea","location":"","is_translator":false,"contributors_enabled":false,"screen_name":"newtgingrich","profile_use_background_image":true,"url":"http:\/\/Newt.org","id_str":"20713061","show_all_inline_media":false,"profile_background_image_url_https":"https:\/\/si0.twimg.com\/profile_background_images\/251627781\/NG_twit2.jpg","profile_text_color":"727272","id":20713061,"listed_count":9994,"lang":"en","profile_background_image_url":"http:\/\/a1.twimg.com\/profile_background_images\/251627781\/NG_twit2.jpg","friends_count":466},"contributors":null,"in_reply_to_status_id":120933823453204480,"source":"<a href=\"http:\/\/blackberry.com\/twitter\" rel=\"nofollow\">Twitter for BlackBerry\u00ae<\/a>","id_str":"120948834523283456","geo":null,"favorited":false,"id":120948834523283456,"coordinates":null,"in_reply_to_user_id":353741893,"truncated":false,"text":"@WmSWade thanks it was a great meeting focused on jobs, housing and economic growth","name":"NewtGingrich","boldText":"@WmSWade thanks it was a great meeting focused on <B>jobs<\/B>, housing and economic growth"},{"place":null,"retweet_count":3,"in_reply_to_screen_name":"HisWayMedia","created_at":"Mon Oct 03 19:49:19 +0000 2011","retweeted":false,"in_reply_to_status_id_str":"120943436231741440","in_reply_to_user_id_str":"246514807","user":{"time_zone":"Eastern Time (US & Canada)","profile_link_color":"2d4a92","protected":false,"created_at":"Thu Feb 12 20:18:08 +0000 2009","profile_image_url_https":"https:\/\/si0.twimg.com\/profile_images\/1266146219\/Newt_Approved_Headshot_normal.jpeg","name":"Newt Gingrich","geo_enabled":false,"favourites_count":0,"profile_background_color":"0a1735","default_profile_image":false,"notifications":null,"profile_background_tile":false,"utc_offset":-18000,"description":"Husband, father, grandfather, citizen, small businessman, author, former Speaker. I'm running for president to offer leadership to solve America's challenges.","statuses_count":2978,"following":null,"verified":true,"profile_sidebar_fill_color":"ffffff","followers_count":1340778,"profile_image_url":"http:\/\/a1.twimg.com\/profile_images\/1266146219\/Newt_Approved_Headshot_normal.jpeg","default_profile":false,"follow_request_sent":null,"profile_sidebar_border_color":"eaeaea","location":"","is_translator":false,"contributors_enabled":false,"screen_name":"newtgingrich","profile_use_background_image":true,"url":"http:\/\/Newt.org","id_str":"20713061","show_all_inline_media":false,"profile_background_image_url_https":"https:\/\/si0.twimg.com\/profile_background_images\/251627781\/NG_twit2.jpg","profile_text_color":"727272","id":20713061,"listed_count":9994,"lang":"en","profile_background_image_url":"http:\/\/a1.twimg.com\/profile_background_images\/251627781\/NG_twit2.jpg","friends_count":466},"contributors":null,"in_reply_to_status_id":120943436231741440,"source":"<a href=\"http:\/\/blackberry.com\/twitter\" rel=\"nofollow\">Twitter for BlackBerry\u00ae<\/a>","id_str":"120948564301066240","geo":null,"favorited":false,"id":120948564301066240,"coordinates":null,"in_reply_to_user_id":246514807,"truncated":false,"text":"@HisWayMedia would replace the EPA with an environmental solutions agency based on common sense and collaboration","name":"NewtGingrich","boldText":"@HisWayMedia would replace the EPA with an environmental solutions agency based on common sense and col<B>labor<\/B>ation"},{"place":null,"retweet_count":8,"in_reply_to_screen_name":null,"created_at":"Fri Sep 30 14:47:06 +0000 2011","retweeted":false,"in_reply_to_status_id_str":null,"in_reply_to_user_id_str":null,"user":{"time_zone":"Eastern Time (US & Canada)","profile_link_color":"2d4a92","protected":false,"created_at":"Thu Feb 12 20:18:08 +0000 2009","profile_image_url_https":"https:\/\/si0.twimg.com\/profile_images\/1266146219\/Newt_Approved_Headshot_normal.jpeg","name":"Newt Gingrich","geo_enabled":false,"favourites_count":0,"profile_background_color":"0a1735","default_profile_image":false,"notifications":null,"profile_background_tile":false,"utc_offset":-18000,"description":"Husband, father, grandfather, citizen, small businessman, author, former Speaker. I'm running for president to offer leadership to solve America's challenges.","statuses_count":2978,"following":null,"verified":true,"profile_sidebar_fill_color":"ffffff","followers_count":1340778,"profile_image_url":"http:\/\/a1.twimg.com\/profile_images\/1266146219\/Newt_Approved_Headshot_normal.jpeg","default_profile":false,"follow_request_sent":null,"profile_sidebar_border_color":"eaeaea","location":"","is_translator":false,"contributors_enabled":false,"screen_name":"newtgingrich","profile_use_background_image":true,"url":"http:\/\/Newt.org","id_str":"20713061","show_all_inline_media":false,"profile_background_image_url_https":"https:\/\/si0.twimg.com\/profile_background_images\/251627781\/NG_twit2.jpg","profile_text_color":"727272","id":20713061,"listed_count":9994,"lang":"en","profile_background_image_url":"http:\/\/a1.twimg.com\/profile_background_images\/251627781\/NG_twit2.jpg","friends_count":466},"contributors":null,"in_reply_to_status_id":null,"source":"<a href=\"http:\/\/blackberry.com\/twitter\" rel=\"nofollow\">Twitter for BlackBerry\u00ae<\/a>","id_str":"119785346056732673","geo":null,"favorited":false,"id":119785346056732673,"coordinates":null,"in_reply_to_user_id":null,"truncated":false,"text":"Looking forward to being on the radio w @Talkmaster at 10am CT then off to Ames and Iowa State University to talk science, technology & jobs","name":"NewtGingrich","boldText":"Looking forward to being on the radio w @Talkmaster at 10am CT then off to Ames and Iowa State University to talk science, technology & <B>jobs<\/B>"},{"place":null,"retweet_count":11,"in_reply_to_screen_name":null,"created_at":"Fri Sep 30 12:38:42 +0000 2011","retweeted":false,"in_reply_to_status_id_str":null,"in_reply_to_user_id_str":null,"user":{"time_zone":"Eastern Time (US & Canada)","profile_link_color":"2d4a92","protected":false,"created_at":"Thu Feb 12 20:18:08 +0000 2009","profile_image_url_https":"https:\/\/si0.twimg.com\/profile_images\/1266146219\/Newt_Approved_Headshot_normal.jpeg","name":"Newt Gingrich","geo_enabled":false,"favourites_count":0,"profile_background_color":"0a1735","default_profile_image":false,"notifications":null,"profile_background_tile":false,"utc_offset":-18000,"description":"Husband, father, grandfather, citizen, small businessman, author, former Speaker. I'm running for president to offer leadership to solve America's challenges.","statuses_count":2978,"following":null,"verified":true,"profile_sidebar_fill_color":"ffffff","followers_count":1340778,"profile_image_url":"http:\/\/a1.twimg.com\/profile_images\/1266146219\/Newt_Approved_Headshot_normal.jpeg","default_profile":false,"follow_request_sent":null,"profile_sidebar_border_color":"eaeaea","location":"","is_translator":false,"contributors_enabled":false,"screen_name":"newtgingrich","profile_use_background_image":true,"url":"http:\/\/Newt.org","id_str":"20713061","show_all_inline_media":false,"profile_background_image_url_https":"https:\/\/si0.twimg.com\/profile_background_images\/251627781\/NG_twit2.jpg","profile_text_color":"727272","id":20713061,"listed_count":9994,"lang":"en","profile_background_image_url":"http:\/\/a1.twimg.com\/profile_background_images\/251627781\/NG_twit2.jpg","friends_count":466},"contributors":null,"in_reply_to_status_id":null,"source":"web","id_str":"119753033079992321","geo":null,"favorited":false,"id":119753033079992321,"coordinates":null,"in_reply_to_user_id":null,"truncated":false,"text":"Joining @PaulTalk on WGIR radio in New Hampshire in just a moment to talk about my new 21st century contract with America","name":"NewtGingrich","boldText":"Joining @PaulTalk on WGIR radio in New Hamps<B>hire<\/B> in just a moment to talk about my new 21st century contract with America"},{"place":null,"retweet_count":2,"in_reply_to_screen_name":"CrewHotSpot","created_at":"Sun Sep 25 22:36:07 +0000 2011","retweeted":false,"in_reply_to_status_id_str":"118076280729108480","in_reply_to_user_id_str":"327133963","user":{"time_zone":"Eastern Time (US & Canada)","profile_link_color":"2d4a92","protected":false,"created_at":"Thu Feb 12 20:18:08 +0000 2009","profile_image_url_https":"https:\/\/si0.twimg.com\/profile_images\/1266146219\/Newt_Approved_Headshot_normal.jpeg","name":"Newt Gingrich","geo_enabled":false,"favourites_count":0,"profile_background_color":"0a1735","default_profile_image":false,"notifications":null,"profile_background_tile":false,"utc_offset":-18000,"description":"Husband, father, grandfather, citizen, small businessman, author, former Speaker. I'm running for president to offer leadership to solve America's challenges.","statuses_count":2978,"following":null,"verified":true,"profile_sidebar_fill_color":"ffffff","followers_count":1340778,"profile_image_url":"http:\/\/a1.twimg.com\/profile_images\/1266146219\/Newt_Approved_Headshot_normal.jpeg","default_profile":false,"follow_request_sent":null,"profile_sidebar_border_color":"eaeaea","location":"","is_translator":false,"contributors_enabled":false,"screen_name":"newtgingrich","profile_use_background_image":true,"url":"http:\/\/Newt.org","id_str":"20713061","show_all_inline_media":false,"profile_background_image_url_https":"https:\/\/si0.twimg.com\/profile_background_images\/251627781\/NG_twit2.jpg","profile_text_color":"727272","id":20713061,"listed_count":9994,"lang":"en","profile_background_image_url":"http:\/\/a1.twimg.com\/profile_background_images\/251627781\/NG_twit2.jpg","friends_count":466},"contributors":null,"in_reply_to_status_id":118076280729108480,"source":"<a href=\"http:\/\/blackberry.com\/twitter\" rel=\"nofollow\">Twitter for BlackBerry\u00ae<\/a>","id_str":"118091439224799232","geo":null,"favorited":false,"id":118091439224799232,"coordinates":null,"in_reply_to_user_id":327133963,"truncated":false,"text":"@CrewHotSpot reagan policies this month in 1983 created 1,100,000 new jobs-a lot inconstruction-that is what I am for","name":"NewtGingrich","boldText":"@CrewHotSpot reagan policies this month in 1983 created 1,100,000 new <B>jobs<\/B>-a lot inconstruction-that is what I am for"},{"place":null,"retweet_count":71,"in_reply_to_screen_name":null,"created_at":"Wed Sep 21 19:01:55 +0000 2011","retweeted":false,"in_reply_to_status_id_str":null,"in_reply_to_user_id_str":null,"user":{"time_zone":"Eastern Time (US & Canada)","profile_link_color":"2d4a92","protected":false,"created_at":"Thu Feb 12 20:18:08 +0000 2009","profile_image_url_https":"https:\/\/si0.twimg.com\/profile_images\/1266146219\/Newt_Approved_Headshot_normal.jpeg","name":"Newt Gingrich","geo_enabled":false,"favourites_count":0,"profile_background_color":"0a1735","default_profile_image":false,"notifications":null,"profile_background_tile":false,"utc_offset":-18000,"description":"Husband, father, grandfather, citizen, small businessman, author, former Speaker. I'm running for president to offer leadership to solve America's challenges.","statuses_count":2978,"following":null,"verified":true,"profile_sidebar_fill_color":"ffffff","followers_count":1340778,"profile_image_url":"http:\/\/a1.twimg.com\/profile_images\/1266146219\/Newt_Approved_Headshot_normal.jpeg","default_profile":false,"follow_request_sent":null,"profile_sidebar_border_color":"eaeaea","location":"","is_translator":false,"contributors_enabled":false,"screen_name":"newtgingrich","profile_use_background_image":true,"url":"http:\/\/Newt.org","id_str":"20713061","show_all_inline_media":false,"profile_background_image_url_https":"https:\/\/si0.twimg.com\/profile_background_images\/251627781\/NG_twit2.jpg","profile_text_color":"727272","id":20713061,"listed_count":9994,"lang":"en","profile_background_image_url":"http:\/\/a1.twimg.com\/profile_background_images\/251627781\/NG_twit2.jpg","friends_count":466},"contributors":null,"in_reply_to_status_id":null,"source":"web","id_str":"116587980059197441","geo":null,"favorited":false,"id":116587980059197441,"coordinates":null,"in_reply_to_user_id":null,"truncated":false,"text":"Fed Reserve should not be making economic policy. As Pres., I'll work to return Fed to focusing solely on stable prices and low inflation.","name":"NewtGingrich","boldText":"Fed Reserve should not be making economic policy. As Pres., I'll <B>work<\/B> to return Fed to focusing solely on stable prices and low inflation."},{"possibly_sensitive":false,"place":null,"retweet_count":47,"in_reply_to_screen_name":null,"created_at":"Tue Sep 20 15:45:33 +0000 2011","retweeted":false,"in_reply_to_status_id_str":null,"in_reply_to_user_id_str":null,"user":{"time_zone":"Eastern Time (US & Canada)","profile_link_color":"2d4a92","protected":false,"created_at":"Thu Feb 12 20:18:08 +0000 2009","profile_image_url_https":"https:\/\/si0.twimg.com\/profile_images\/1266146219\/Newt_Approved_Headshot_normal.jpeg","name":"Newt Gingrich","geo_enabled":false,"favourites_count":0,"profile_background_color":"0a1735","default_profile_image":false,"notifications":null,"profile_background_tile":false,"utc_offset":-18000,"description":"Husband, father, grandfather, citizen, small businessman, author, former Speaker. I'm running for president to offer leadership to solve America's challenges.","statuses_count":2978,"following":null,"verified":true,"profile_sidebar_fill_color":"ffffff","followers_count":1340778,"profile_image_url":"http:\/\/a1.twimg.com\/profile_images\/1266146219\/Newt_Approved_Headshot_normal.jpeg","default_profile":false,"follow_request_sent":null,"profile_sidebar_border_color":"eaeaea","location":"","is_translator":false,"contributors_enabled":false,"screen_name":"newtgingrich","profile_use_background_image":true,"url":"http:\/\/Newt.org","id_str":"20713061","show_all_inline_media":false,"profile_background_image_url_https":"https:\/\/si0.twimg.com\/profile_background_images\/251627781\/NG_twit2.jpg","profile_text_color":"727272","id":20713061,"listed_count":9994,"lang":"en","profile_background_image_url":"http:\/\/a1.twimg.com\/profile_background_images\/251627781\/NG_twit2.jpg","friends_count":466},"contributors":null,"in_reply_to_status_id":null,"source":"<a href=\"http:\/\/twitter.com\/tweetbutton\" rel=\"nofollow\">Tweet Button<\/a>","id_str":"116176174341828608","geo":null,"favorited":false,"id":116176174341828608,"coordinates":null,"in_reply_to_user_id":null,"truncated":false,"text":"My oped pointing out the president's faulty Lincoln comparisons during his jobs speech http:\/\/t.co\/MwaG6UZk","name":"NewtGingrich","boldText":"My oped pointing out the president's faulty Lincoln comparisons during his <B>jobs<\/B> speech http:\/\/t.co\/MwaG6UZk"},{"possibly_sensitive":false,"place":null,"retweet_count":0,"in_reply_to_screen_name":null,"created_at":"Tue Jun 14 12:18:51 +0000 2011","retweeted":false,"in_reply_to_status_id_str":null,"in_reply_to_user_id_str":null,"user":{"time_zone":null,"profile_link_color":"0084B4","protected":false,"created_at":"Fri Feb 18 14:00:10 +0000 2011","profile_image_url_https":"https:\/\/si0.twimg.com\/profile_images\/1341608289\/huffingtonpost_normal.png","name":"Newt Gingrich News","geo_enabled":false,"favourites_count":0,"profile_background_color":"C0DEED","default_profile_image":false,"notifications":null,"profile_background_tile":false,"utc_offset":null,"description":"Newt Gingrich: Breaking news and updates from HuffPost","statuses_count":327,"following":null,"verified":false,"profile_sidebar_fill_color":"DDEEF6","followers_count":56,"profile_image_url":"http:\/\/a1.twimg.com\/profile_images\/1341608289\/huffingtonpost_normal.png","follow_request_sent":null,"profile_sidebar_border_color":"C0DEED","location":null,"is_translator":false,"default_profile":true,"contributors_enabled":false,"screen_name":"NewtG_News","profile_use_background_image":true,"url":null,"id_str":"254049462","show_all_inline_media":false,"profile_background_image_url_https":"https:\/\/si0.twimg.com\/images\/themes\/theme1\/bg.png","profile_text_color":"333333","id":254049462,"listed_count":5,"lang":"en","profile_background_image_url":"http:\/\/a0.twimg.com\/images\/themes\/theme1\/bg.png","friends_count":0},"contributors":null,"in_reply_to_status_id":null,"source":"<a href=\"http:\/\/www.huffingtonpost.com\" rel=\"nofollow\">The Huffington Post<\/a>","id_str":"80610147352846336","geo":null,"favorited":false,"id":80610147352846336,"coordinates":null,"in_reply_to_user_id":null,"truncated":false,"text":"The New Hampshire Debate In Four Minutes http:\/\/huff.to\/j6yfQl","name":"NewtG_News","boldText":"The New Hamps<B>hire<\/B> Debate In Four Minutes http:\/\/huff.to\/j6yfQl"},{"possibly_sensitive":false,"place":null,"retweet_count":0,"in_reply_to_screen_name":null,"created_at":"Mon Jun 13 13:14:40 +0000 2011","retweeted":false,"in_reply_to_status_id_str":null,"in_reply_to_user_id_str":null,"user":{"time_zone":null,"profile_link_color":"0084B4","protected":false,"created_at":"Fri Feb 18 14:00:10 +0000 2011","profile_image_url_https":"https:\/\/si0.twimg.com\/profile_images\/1341608289\/huffingtonpost_normal.png","name":"Newt Gingrich News","geo_enabled":false,"favourites_count":0,"profile_background_color":"C0DEED","default_profile_image":false,"notifications":null,"profile_background_tile":false,"utc_offset":null,"description":"Newt Gingrich: Breaking news and updates from HuffPost","statuses_count":327,"following":null,"verified":false,"profile_sidebar_fill_color":"DDEEF6","followers_count":56,"profile_image_url":"http:\/\/a1.twimg.com\/profile_images\/1341608289\/huffingtonpost_normal.png","follow_request_sent":null,"profile_sidebar_border_color":"C0DEED","location":null,"is_translator":false,"default_profile":true,"contributors_enabled":false,"screen_name":"NewtG_News","profile_use_background_image":true,"url":null,"id_str":"254049462","show_all_inline_media":false,"profile_background_image_url_https":"https:\/\/si0.twimg.com\/images\/themes\/theme1\/bg.png","profile_text_color":"333333","id":254049462,"listed_count":5,"lang":"en","profile_background_image_url":"http:\/\/a0.twimg.com\/images\/themes\/theme1\/bg.png","friends_count":0},"contributors":null,"in_reply_to_status_id":null,"source":"<a href=\"http:\/\/www.huffingtonpost.com\" rel=\"nofollow\">The Huffington Post<\/a>","id_str":"80261807209586688","geo":null,"favorited":false,"id":80261807209586688,"coordinates":null,"in_reply_to_user_id":null,"truncated":false,"text":"5 Things To Watch At The New Hampshire Republican Presidential Primary Debate http:\/\/huff.to\/mwhjXu","name":"NewtG_News","boldText":"5 Things To Watch At The New Hamps<B>hire<\/B> Republican Presidential Primary Debate http:\/\/huff.to\/mwhjXu"},{"possibly_sensitive":false,"place":null,"retweet_count":0,"in_reply_to_screen_name":null,"created_at":"Fri Jun 10 21:31:28 +0000 2011","retweeted":false,"in_reply_to_status_id_str":null,"in_reply_to_user_id_str":null,"user":{"time_zone":null,"profile_link_color":"0084B4","protected":false,"created_at":"Fri Feb 18 14:00:10 +0000 2011","profile_image_url_https":"https:\/\/si0.twimg.com\/profile_images\/1341608289\/huffingtonpost_normal.png","name":"Newt Gingrich News","geo_enabled":false,"favourites_count":0,"profile_background_color":"C0DEED","default_profile_image":false,"notifications":null,"profile_background_tile":false,"utc_offset":null,"description":"Newt Gingrich: Breaking news and updates from HuffPost","statuses_count":327,"following":null,"verified":false,"profile_sidebar_fill_color":"DDEEF6","followers_count":56,"profile_image_url":"http:\/\/a1.twimg.com\/profile_images\/1341608289\/huffingtonpost_normal.png","follow_request_sent":null,"profile_sidebar_border_color":"C0DEED","location":null,"is_translator":false,"default_profile":true,"contributors_enabled":false,"screen_name":"NewtG_News","profile_use_background_image":true,"url":null,"id_str":"254049462","show_all_inline_media":false,"profile_background_image_url_https":"https:\/\/si0.twimg.com\/images\/themes\/theme1\/bg.png","profile_text_color":"333333","id":254049462,"listed_count":5,"lang":"en","profile_background_image_url":"http:\/\/a0.twimg.com\/images\/themes\/theme1\/bg.png","friends_count":0},"contributors":null,"in_reply_to_status_id":null,"source":"<a href=\"http:\/\/www.huffingtonpost.com\" rel=\"nofollow\">The Huffington Post<\/a>","id_str":"79299664708501504","geo":null,"favorited":false,"id":79299664708501504,"coordinates":null,"in_reply_to_user_id":null,"truncated":false,"text":"Big Twists In GOP Primary Race Ahead Of New Hampshire Debate http:\/\/huff.to\/ingyCL","name":"NewtG_News","boldText":"Big Twists In GOP Primary Race Ahead Of New Hamps<B>hire<\/B> Debate http:\/\/huff.to\/ingyCL"},{"possibly_sensitive":false,"place":null,"retweet_count":0,"in_reply_to_screen_name":null,"created_at":"Fri Jun 03 19:41:05 +0000 2011","retweeted":false,"in_reply_to_status_id_str":null,"in_reply_to_user_id_str":null,"user":{"time_zone":null,"profile_link_color":"0084B4","protected":false,"created_at":"Fri Feb 18 14:00:10 +0000 2011","profile_image_url_https":"https:\/\/si0.twimg.com\/profile_images\/1341608289\/huffingtonpost_normal.png","name":"Newt Gingrich News","geo_enabled":false,"favourites_count":0,"profile_background_color":"C0DEED","default_profile_image":false,"notifications":null,"profile_background_tile":false,"utc_offset":null,"description":"Newt Gingrich: Breaking news and updates from HuffPost","statuses_count":327,"following":null,"verified":false,"profile_sidebar_fill_color":"DDEEF6","followers_count":56,"profile_image_url":"http:\/\/a1.twimg.com\/profile_images\/1341608289\/huffingtonpost_normal.png","follow_request_sent":null,"profile_sidebar_border_color":"C0DEED","location":null,"is_translator":false,"default_profile":true,"contributors_enabled":false,"screen_name":"NewtG_News","profile_use_background_image":true,"url":null,"id_str":"254049462","show_all_inline_media":false,"profile_background_image_url_https":"https:\/\/si0.twimg.com\/images\/themes\/theme1\/bg.png","profile_text_color":"333333","id":254049462,"listed_count":5,"lang":"en","profile_background_image_url":"http:\/\/a0.twimg.com\/images\/themes\/theme1\/bg.png","friends_count":0},"contributors":null,"in_reply_to_status_id":null,"source":"<a href=\"http:\/\/www.huffingtonpost.com\" rel=\"nofollow\">The Huffington Post<\/a>","id_str":"76735171877019648","geo":null,"favorited":false,"id":76735171877019648,"coordinates":null,"in_reply_to_user_id":null,"truncated":false,"text":"Corroded Clockwork http:\/\/huff.to\/l3atON","name":"NewtG_News","boldText":"Corroded Clock<B>work<\/B> http:\/\/huff.to\/l3atON"},{"possibly_sensitive":false,"place":null,"retweet_count":0,"in_reply_to_screen_name":null,"created_at":"Fri May 20 03:35:35 +0000 2011","retweeted":false,"in_reply_to_status_id_str":null,"in_reply_to_user_id_str":null,"user":{"time_zone":null,"profile_link_color":"0084B4","protected":false,"created_at":"Fri Feb 18 14:00:10 +0000 2011","profile_image_url_https":"https:\/\/si0.twimg.com\/profile_images\/1341608289\/huffingtonpost_normal.png","name":"Newt Gingrich News","geo_enabled":false,"favourites_count":0,"profile_background_color":"C0DEED","default_profile_image":false,"notifications":null,"profile_background_tile":false,"utc_offset":null,"description":"Newt Gingrich: Breaking news and updates from HuffPost","default_profile":true,"statuses_count":327,"following":null,"verified":false,"profile_sidebar_fill_color":"DDEEF6","followers_count":56,"profile_image_url":"http:\/\/a1.twimg.com\/profile_images\/1341608289\/huffingtonpost_normal.png","follow_request_sent":null,"profile_sidebar_border_color":"C0DEED","location":null,"is_translator":false,"contributors_enabled":false,"screen_name":"NewtG_News","profile_use_background_image":true,"url":null,"id_str":"254049462","show_all_inline_media":false,"profile_background_image_url_https":"https:\/\/si0.twimg.com\/images\/themes\/theme1\/bg.png","profile_text_color":"333333","id":254049462,"listed_count":5,"lang":"en","profile_background_image_url":"http:\/\/a0.twimg.com\/images\/themes\/theme1\/bg.png","friends_count":0},"contributors":null,"in_reply_to_status_id":null,"source":"<a href=\"http:\/\/www.huffingtonpost.com\" rel=\"nofollow\">The Huffington Post<\/a>","id_str":"71418765186826241","geo":null,"favorited":false,"id":71418765186826241,"coordinates":null,"in_reply_to_user_id":null,"truncated":false,"text":"Romney's Work Beginning to Pay Off http:\/\/huff.to\/keLXHb","name":"NewtG_News","boldText":"Romney's <B>Work<\/B> Beginning to Pay Off http:\/\/huff.to\/keLXHb"}]