[{"possibly_sensitive":false,"place":null,"retweet_count":4,"in_reply_to_screen_name":"SSReaney","created_at":"Tue Oct 11 18:01:10 +0000 2011","retweeted":false,"in_reply_to_status_id_str":null,"in_reply_to_user_id_str":"82901787","user":{"time_zone":"Eastern Time (US & Canada)","profile_link_color":"2d4a92","protected":false,"created_at":"Thu Feb 12 20:18:08 +0000 2009","profile_image_url_https":"https:\/\/si0.twimg.com\/profile_images\/1266146219\/Newt_Approved_Headshot_normal.jpeg","name":"Newt Gingrich","geo_enabled":false,"favourites_count":0,"profile_background_color":"0a1735","default_profile_image":false,"notifications":null,"profile_background_tile":false,"utc_offset":-18000,"description":"Husband, father, grandfather, citizen, small businessman, author, former Speaker. I'm running for president to offer leadership to solve America's challenges.","statuses_count":2978,"following":null,"verified":true,"profile_sidebar_fill_color":"ffffff","followers_count":1340778,"profile_image_url":"http:\/\/a1.twimg.com\/profile_images\/1266146219\/Newt_Approved_Headshot_normal.jpeg","default_profile":false,"follow_request_sent":null,"profile_sidebar_border_color":"eaeaea","location":"","is_translator":false,"contributors_enabled":false,"screen_name":"newtgingrich","profile_use_background_image":true,"url":"http:\/\/Newt.org","id_str":"20713061","show_all_inline_media":false,"profile_background_image_url_https":"https:\/\/si0.twimg.com\/profile_background_images\/251627781\/NG_twit2.jpg","profile_text_color":"727272","id":20713061,"listed_count":9994,"lang":"en","profile_background_image_url":"http:\/\/a1.twimg.com\/profile_background_images\/251627781\/NG_twit2.jpg","friends_count":466},"contributors":null,"in_reply_to_status_id":null,"source":"web","id_str":"123820450257178624","geo":null,"favorited":false,"id":123820450257178624,"coordinates":null,"in_reply_to_user_id":82901787,"truncated":false,"text":"@SSReaney #LeadNow Under my plan, nobody will lose their SS\/Medicare benefits, the programs will be strengthened: http:\/\/t.co\/HgW3fSaD","name":"NewtGingrich","boldText":"@SSReaney #LeadNow Under my plan, nobody will lose their SS\/Medicare <B>benefits<\/B>, the programs will be strengthened: http:\/\/t.co\/HgW3fSaD"}]