[{"possibly_sensitive":false,"place":null,"retweet_count":21,"in_reply_to_screen_name":null,"created_at":"Wed Nov 02 17:29:27 +0000 2011","retweeted":false,"in_reply_to_status_id_str":null,"in_reply_to_user_id_str":null,"user":{"time_zone":"Central Time (US & Canada)","profile_link_color":"2d4a92","protected":false,"created_at":"Thu Feb 24 22:53:03 +0000 2011","profile_image_url_https":"https:\/\/si0.twimg.com\/profile_images\/1358814555\/FB_share_normal.jpg","name":"Newt 2012 Campaign","geo_enabled":false,"favourites_count":0,"profile_background_color":"0a1735","default_profile_image":false,"notifications":false,"profile_background_tile":false,"utc_offset":-21600,"description":"The Official twitter account for Newt 2012 ","statuses_count":2203,"following":true,"verified":false,"profile_sidebar_fill_color":"ffffff","followers_count":8610,"profile_image_url":"http:\/\/a1.twimg.com\/profile_images\/1358814555\/FB_share_normal.jpg","follow_request_sent":false,"profile_sidebar_border_color":"eaeaea","location":"Atlanta, GA","is_translator":false,"contributors_enabled":false,"screen_name":"Newt2012HQ","profile_use_background_image":true,"url":"http:\/\/newt.org","id_str":"257193354","default_profile":false,"show_all_inline_media":false,"profile_background_image_url_https":"https:\/\/si0.twimg.com\/profile_background_images\/251658738\/NG_twit2.jpg","profile_text_color":"727272","id":257193354,"listed_count":352,"lang":"en","profile_background_image_url":"http:\/\/a1.twimg.com\/profile_background_images\/251658738\/NG_twit2.jpg","friends_count":1797},"contributors":null,"in_reply_to_status_id":null,"source":"<a href=\"http:\/\/twitter.com\/tweetbutton\" rel=\"nofollow\">Tweet Button<\/a>","id_str":"131785002055778304","geo":null,"favorited":false,"id":131785002055778304,"coordinates":null,"in_reply_to_user_id":null,"truncated":false,"text":"While Romney Ignores the Fed, Gingrich Offers Bold Reforms http:\/\/t.co\/WSCFQfiE","name":"Newt2012HQ","boldText":"While Romney Ignores the <B>Fed<\/B>, Gingrich Offers Bold Reforms http:\/\/t.co\/WSCFQfiE"},{"possibly_sensitive":false,"place":null,"retweet_count":0,"in_reply_to_screen_name":"TrzCon38","created_at":"Sun Oct 30 01:31:55 +0000 2011","retweeted":false,"in_reply_to_status_id_str":"130396318811168768","in_reply_to_user_id_str":"319420349","user":{"time_zone":"Central Time (US & Canada)","profile_link_color":"2d4a92","protected":false,"created_at":"Thu Feb 24 22:53:03 +0000 2011","profile_image_url_https":"https:\/\/si0.twimg.com\/profile_images\/1358814555\/FB_share_normal.jpg","name":"Newt 2012 Campaign","geo_enabled":false,"favourites_count":0,"profile_background_color":"0a1735","default_profile_image":false,"notifications":null,"profile_background_tile":false,"utc_offset":-21600,"description":"The Official twitter account for Newt 2012 ","statuses_count":2203,"following":null,"verified":false,"profile_sidebar_fill_color":"ffffff","followers_count":8611,"profile_image_url":"http:\/\/a1.twimg.com\/profile_images\/1358814555\/FB_share_normal.jpg","default_profile":false,"follow_request_sent":null,"profile_sidebar_border_color":"eaeaea","location":"Atlanta, GA","is_translator":false,"contributors_enabled":false,"screen_name":"Newt2012HQ","profile_use_background_image":true,"url":"http:\/\/newt.org","id_str":"257193354","show_all_inline_media":false,"profile_background_image_url_https":"https:\/\/si0.twimg.com\/profile_background_images\/251658738\/NG_twit2.jpg","profile_text_color":"727272","id":257193354,"listed_count":352,"lang":"en","profile_background_image_url":"http:\/\/a1.twimg.com\/profile_background_images\/251658738\/NG_twit2.jpg","friends_count":1795},"contributors":null,"in_reply_to_status_id":130396318811168768,"source":"<a href=\"http:\/\/www.tweetdeck.com\" rel=\"nofollow\">TweetDeck<\/a>","id_str":"130456866760298497","geo":null,"favorited":false,"id":130456866760298497,"coordinates":null,"in_reply_to_user_id":319420349,"truncated":false,"text":"@TrzCon38 Newt's plan starts to phase out the payroll tax. http:\/\/t.co\/2jbhMfzO","name":"Newt2012HQ","boldText":"@TrzCon38 Newt's plan starts to phase out the <B>payroll tax<\/B>. http:\/\/t.co\/2jbhMfzO"},{"possibly_sensitive":false,"place":null,"retweet_count":"100+","in_reply_to_screen_name":null,"created_at":"Tue Oct 25 16:39:10 +0000 2011","retweeted":false,"in_reply_to_status_id_str":null,"in_reply_to_user_id_str":null,"user":{"time_zone":"Eastern Time (US & Canada)","profile_link_color":"2d4a92","protected":false,"created_at":"Thu Feb 12 20:18:08 +0000 2009","profile_image_url_https":"https:\/\/si0.twimg.com\/profile_images\/1266146219\/Newt_Approved_Headshot_normal.jpeg","name":"Newt Gingrich","geo_enabled":false,"favourites_count":0,"profile_background_color":"0a1735","default_profile_image":false,"notifications":false,"profile_background_tile":false,"utc_offset":-18000,"description":"Husband, father, grandfather, citizen, small businessman, author, former Speaker. I'm running for president to offer leadership to solve America's challenges.","statuses_count":2978,"following":true,"verified":true,"profile_sidebar_fill_color":"ffffff","followers_count":1340778,"profile_image_url":"http:\/\/a1.twimg.com\/profile_images\/1266146219\/Newt_Approved_Headshot_normal.jpeg","follow_request_sent":false,"profile_sidebar_border_color":"eaeaea","location":"","is_translator":false,"contributors_enabled":false,"screen_name":"newtgingrich","profile_use_background_image":true,"url":"http:\/\/Newt.org","id_str":"20713061","default_profile":false,"show_all_inline_media":false,"profile_background_image_url_https":"https:\/\/si0.twimg.com\/profile_background_images\/251627781\/NG_twit2.jpg","profile_text_color":"727272","id":20713061,"listed_count":9994,"lang":"en","profile_background_image_url":"http:\/\/a1.twimg.com\/profile_background_images\/251627781\/NG_twit2.jpg","friends_count":466},"contributors":null,"in_reply_to_status_id":null,"source":"web","id_str":"128873246018895872","geo":null,"favorited":false,"id":128873246018895872,"coordinates":null,"in_reply_to_user_id":null,"truncated":false,"text":".@GovernorPerry If u r going to bump plans w\/ my friend Herman, then you can bump plans w\/ me. Let's compare flat taxes http:\/\/t.co\/8ijgUfyB","name":"NewtGingrich","boldText":".@GovernorPerry If u r going to bump plans w\/ my friend Herman, then you can bump plans w\/ me. Let's compare flat <B>taxes<\/B> http:\/\/t.co\/8ijgUfyB"},{"possibly_sensitive":false,"place":null,"retweet_count":40,"in_reply_to_screen_name":null,"created_at":"Mon Oct 24 14:05:52 +0000 2011","retweeted":false,"in_reply_to_status_id_str":null,"in_reply_to_user_id_str":null,"user":{"time_zone":"Eastern Time (US & Canada)","profile_link_color":"2d4a92","protected":false,"created_at":"Thu Feb 12 20:18:08 +0000 2009","profile_image_url_https":"https:\/\/si0.twimg.com\/profile_images\/1266146219\/Newt_Approved_Headshot_normal.jpeg","name":"Newt Gingrich","geo_enabled":false,"favourites_count":0,"profile_background_color":"0a1735","default_profile_image":false,"notifications":null,"profile_background_tile":false,"utc_offset":-18000,"description":"Husband, father, grandfather, citizen, small businessman, author, former Speaker. I'm running for president to offer leadership to solve America's challenges.","statuses_count":2978,"following":null,"verified":true,"profile_sidebar_fill_color":"ffffff","followers_count":1340778,"profile_image_url":"http:\/\/a1.twimg.com\/profile_images\/1266146219\/Newt_Approved_Headshot_normal.jpeg","default_profile":false,"follow_request_sent":null,"profile_sidebar_border_color":"eaeaea","location":"","is_translator":false,"contributors_enabled":false,"screen_name":"newtgingrich","profile_use_background_image":true,"url":"http:\/\/Newt.org","id_str":"20713061","show_all_inline_media":false,"profile_background_image_url_https":"https:\/\/si0.twimg.com\/profile_background_images\/251627781\/NG_twit2.jpg","profile_text_color":"727272","id":20713061,"listed_count":9994,"lang":"en","profile_background_image_url":"http:\/\/a1.twimg.com\/profile_background_images\/251627781\/NG_twit2.jpg","friends_count":466},"contributors":null,"in_reply_to_status_id":null,"source":"<a href=\"http:\/\/twitter.com\/tweetbutton\" rel=\"nofollow\">Tweet Button<\/a>","id_str":"128472278206906369","geo":null,"favorited":false,"id":128472278206906369,"coordinates":null,"in_reply_to_user_id":null,"truncated":false,"text":"My oped in Quad City Times: Optional flat tax will launch recovery http:\/\/t.co\/GPKXfzbf Look forward to discussing today in Davenport","name":"NewtGingrich","boldText":"My oped in Quad City Times: Optional <B>flat tax<\/B> will launch recovery http:\/\/t.co\/GPKXfzbf Look forward to discussing today in Davenport"},{"possibly_sensitive":false,"place":null,"retweet_count":25,"in_reply_to_screen_name":"fredhensley","created_at":"Wed Oct 12 14:31:13 +0000 2011","retweeted":false,"in_reply_to_status_id_str":null,"in_reply_to_user_id_str":"15454339","user":{"time_zone":"Eastern Time (US & Canada)","profile_link_color":"2d4a92","protected":false,"created_at":"Thu Feb 12 20:18:08 +0000 2009","profile_image_url_https":"https:\/\/si0.twimg.com\/profile_images\/1266146219\/Newt_Approved_Headshot_normal.jpeg","name":"Newt Gingrich","geo_enabled":false,"favourites_count":0,"profile_background_color":"0a1735","default_profile_image":false,"notifications":null,"profile_background_tile":false,"utc_offset":-18000,"description":"Husband, father, grandfather, citizen, small businessman, author, former Speaker. I'm running for president to offer leadership to solve America's challenges.","statuses_count":2978,"following":null,"verified":true,"profile_sidebar_fill_color":"ffffff","followers_count":1340778,"profile_image_url":"http:\/\/a1.twimg.com\/profile_images\/1266146219\/Newt_Approved_Headshot_normal.jpeg","default_profile":false,"follow_request_sent":null,"profile_sidebar_border_color":"eaeaea","location":"","is_translator":false,"contributors_enabled":false,"screen_name":"newtgingrich","profile_use_background_image":true,"url":"http:\/\/Newt.org","id_str":"20713061","show_all_inline_media":false,"profile_background_image_url_https":"https:\/\/si0.twimg.com\/profile_background_images\/251627781\/NG_twit2.jpg","profile_text_color":"727272","id":20713061,"listed_count":9994,"lang":"en","profile_background_image_url":"http:\/\/a1.twimg.com\/profile_background_images\/251627781\/NG_twit2.jpg","friends_count":466},"contributors":null,"in_reply_to_status_id":null,"source":"web","id_str":"124130001774850048","geo":null,"favorited":false,"id":124130001774850048,"coordinates":null,"in_reply_to_user_id":15454339,"truncated":false,"text":"@fredhensley #LeadNow Deficit is $1.3 tril. I\u2019m the only candidate who has balanced fed budget, and will do it again: http:\/\/t.co\/xWBtuqrs","name":"NewtGingrich","boldText":"@fredhensley #LeadNow Deficit is $1.3 tril. I\u2019m the only candidate who has balanced <B>fed<\/B> budget, and will do it again: http:\/\/t.co\/xWBtuqrs"},{"possibly_sensitive":false,"place":null,"retweet_count":15,"in_reply_to_screen_name":"SuePalmers","created_at":"Wed Oct 12 14:01:01 +0000 2011","retweeted":false,"in_reply_to_status_id_str":null,"in_reply_to_user_id_str":"303328398","user":{"time_zone":"Eastern Time (US & Canada)","profile_link_color":"2d4a92","protected":false,"created_at":"Thu Feb 12 20:18:08 +0000 2009","profile_image_url_https":"https:\/\/si0.twimg.com\/profile_images\/1266146219\/Newt_Approved_Headshot_normal.jpeg","name":"Newt Gingrich","geo_enabled":false,"favourites_count":0,"profile_background_color":"0a1735","default_profile_image":false,"notifications":null,"profile_background_tile":false,"utc_offset":-18000,"description":"Husband, father, grandfather, citizen, small businessman, author, former Speaker. I'm running for president to offer leadership to solve America's challenges.","statuses_count":2978,"following":null,"verified":true,"profile_sidebar_fill_color":"ffffff","followers_count":1340778,"profile_image_url":"http:\/\/a1.twimg.com\/profile_images\/1266146219\/Newt_Approved_Headshot_normal.jpeg","default_profile":false,"follow_request_sent":null,"profile_sidebar_border_color":"eaeaea","location":"","is_translator":false,"contributors_enabled":false,"screen_name":"newtgingrich","profile_use_background_image":true,"url":"http:\/\/Newt.org","id_str":"20713061","show_all_inline_media":false,"profile_background_image_url_https":"https:\/\/si0.twimg.com\/profile_background_images\/251627781\/NG_twit2.jpg","profile_text_color":"727272","id":20713061,"listed_count":9994,"lang":"en","profile_background_image_url":"http:\/\/a1.twimg.com\/profile_background_images\/251627781\/NG_twit2.jpg","friends_count":466},"contributors":null,"in_reply_to_status_id":null,"source":"web","id_str":"124122403499544577","geo":null,"favorited":false,"id":124122403499544577,"coordinates":null,"in_reply_to_user_id":303328398,"truncated":false,"text":"@SuePalmers Fed has only had dual mandate since 70s; we can repeal Humphrey-Hawkins Act & return proper role. My plan: http:\/\/t.co\/etH6rhzQ","name":"NewtGingrich","boldText":"@SuePalmers <B>Fed<\/B> has only had dual mandate since 70s; we can repeal Humphrey-Hawkins Act & return proper role. My plan: http:\/\/t.co\/etH6rhzQ"},{"possibly_sensitive":false,"place":null,"retweet_count":9,"in_reply_to_screen_name":"fredhensley","created_at":"Wed Oct 12 13:50:51 +0000 2011","retweeted":false,"in_reply_to_status_id_str":null,"in_reply_to_user_id_str":"15454339","user":{"time_zone":"Eastern Time (US & Canada)","profile_link_color":"2d4a92","protected":false,"created_at":"Thu Feb 12 20:18:08 +0000 2009","profile_image_url_https":"https:\/\/si0.twimg.com\/profile_images\/1266146219\/Newt_Approved_Headshot_normal.jpeg","name":"Newt Gingrich","geo_enabled":false,"favourites_count":0,"profile_background_color":"0a1735","default_profile_image":false,"notifications":null,"profile_background_tile":false,"utc_offset":-18000,"description":"Husband, father, grandfather, citizen, small businessman, author, former Speaker. I'm running for president to offer leadership to solve America's challenges.","statuses_count":2978,"following":null,"verified":true,"profile_sidebar_fill_color":"ffffff","followers_count":1340778,"profile_image_url":"http:\/\/a1.twimg.com\/profile_images\/1266146219\/Newt_Approved_Headshot_normal.jpeg","default_profile":false,"follow_request_sent":null,"profile_sidebar_border_color":"eaeaea","location":"","is_translator":false,"contributors_enabled":false,"screen_name":"newtgingrich","profile_use_background_image":true,"url":"http:\/\/Newt.org","id_str":"20713061","show_all_inline_media":false,"profile_background_image_url_https":"https:\/\/si0.twimg.com\/profile_background_images\/251627781\/NG_twit2.jpg","profile_text_color":"727272","id":20713061,"listed_count":9994,"lang":"en","profile_background_image_url":"http:\/\/a1.twimg.com\/profile_background_images\/251627781\/NG_twit2.jpg","friends_count":466},"contributors":null,"in_reply_to_status_id":null,"source":"web","id_str":"124119842231029762","geo":null,"favorited":false,"id":124119842231029762,"coordinates":null,"in_reply_to_user_id":15454339,"truncated":false,"text":"@fredhensley #LeadNow Fed was orig only supposed to stabilize prices, not set economic policy. My speech on Fed reform: http:\/\/t.co\/etH6rhzQ","name":"NewtGingrich","boldText":"@fredhensley #LeadNow <B>Fed<\/B> was orig only supposed to stabilize prices, not set economic policy. My speech on <B>Fed<\/B> reform: http:\/\/t.co\/etH6rhzQ"},{"place":null,"retweet_count":1,"in_reply_to_screen_name":"Englishmanrocks","created_at":"Wed Oct 12 13:09:21 +0000 2011","retweeted":false,"in_reply_to_status_id_str":null,"in_reply_to_user_id_str":"28329797","user":{"time_zone":"Eastern Time (US & Canada)","profile_link_color":"2d4a92","protected":false,"created_at":"Thu Feb 12 20:18:08 +0000 2009","profile_image_url_https":"https:\/\/si0.twimg.com\/profile_images\/1266146219\/Newt_Approved_Headshot_normal.jpeg","name":"Newt Gingrich","geo_enabled":false,"favourites_count":0,"profile_background_color":"0a1735","default_profile_image":false,"notifications":null,"profile_background_tile":false,"utc_offset":-18000,"description":"Husband, father, grandfather, citizen, small businessman, author, former Speaker. I'm running for president to offer leadership to solve America's challenges.","default_profile":false,"statuses_count":2978,"following":null,"verified":true,"profile_sidebar_fill_color":"ffffff","followers_count":1340681,"profile_image_url":"http:\/\/a1.twimg.com\/profile_images\/1266146219\/Newt_Approved_Headshot_normal.jpeg","follow_request_sent":null,"profile_sidebar_border_color":"eaeaea","location":"","is_translator":false,"contributors_enabled":false,"screen_name":"newtgingrich","profile_use_background_image":true,"url":"http:\/\/Newt.org","id_str":"20713061","show_all_inline_media":false,"profile_background_image_url_https":"https:\/\/si0.twimg.com\/profile_background_images\/251627781\/NG_twit2.jpg","profile_text_color":"727272","id":20713061,"listed_count":9992,"lang":"en","profile_background_image_url":"http:\/\/a1.twimg.com\/profile_background_images\/251627781\/NG_twit2.jpg","friends_count":466},"contributors":null,"in_reply_to_status_id":null,"source":"web","id_str":"124109399840129024","geo":null,"favorited":false,"id":124109399840129024,"coordinates":null,"in_reply_to_user_id":28329797,"truncated":false,"text":"@Englishmanrocks #LeadNow We cut taxes and revenues rose dramatically. CBO needs to end its Keynesian modeling and use dynamic scoring now","name":"NewtGingrich","boldText":"@Englishmanrocks #LeadNow We cut <B>taxes<\/B> and revenues rose dramatically. CBO needs to end its Keynesian modeling and use dynamic scoring now"},{"id_str":"123867824207831040","place":null,"favorited":false,"in_reply_to_user_id":168682174,"truncated":false,"created_at":"Tue Oct 11 21:09:25 +0000 2011","possibly_sensitive":false,"retweet_count":1,"in_reply_to_screen_name":"Daibh_Mac","retweeted":false,"in_reply_to_status_id_str":null,"user":{"id_str":"20713061","show_all_inline_media":false,"profile_background_image_url_https":"https:\/\/si0.twimg.com\/profile_background_images\/251627781\/NG_twit2.jpg","profile_text_color":"727272","protected":false,"listed_count":9993,"profile_background_image_url":"http:\/\/a1.twimg.com\/profile_background_images\/251627781\/NG_twit2.jpg","created_at":"Thu Feb 12 20:18:08 +0000 2009","friends_count":466,"name":"Newt Gingrich","time_zone":"Eastern Time (US & Canada)","profile_link_color":"2d4a92","notifications":null,"utc_offset":-18000,"profile_image_url_https":"https:\/\/si0.twimg.com\/profile_images\/1266146219\/Newt_Approved_Headshot_normal.jpeg","description":"Husband, father, grandfather, citizen, small businessman, author, former Speaker. I'm running for president to offer leadership to solve America's challenges.","default_profile":false,"following":null,"geo_enabled":false,"favourites_count":0,"profile_background_color":"0a1735","default_profile_image":false,"profile_background_tile":false,"statuses_count":2978,"verified":true,"profile_sidebar_fill_color":"ffffff","followers_count":1340752,"profile_image_url":"http:\/\/a1.twimg.com\/profile_images\/1266146219\/Newt_Approved_Headshot_normal.jpeg","location":"","screen_name":"newtgingrich","follow_request_sent":null,"profile_sidebar_border_color":"eaeaea","url":"http:\/\/Newt.org","is_translator":false,"contributors_enabled":false,"id":20713061,"lang":"en","profile_use_background_image":true},"in_reply_to_user_id_str":"168682174","contributors":null,"source":"web","geo":null,"id":123867824207831040,"coordinates":null,"in_reply_to_status_id":null,"text":"@Daibh_Mac #LeadNow Stronger US economy, more US energy, and end Fed\u2019s \u201cdual mandate.\u201d My thoughts on the Fed: http:\/\/t.co\/etH6rhzQ","name":"NewtGingrich","boldText":"@Daibh_Mac #LeadNow Stronger US economy, more US energy, and end <B>Fed<\/B>\u2019s \u201cdual mandate.\u201d My thoughts on the <B>Fed<\/B>: http:\/\/t.co\/etH6rhzQ"},{"possibly_sensitive":false,"place":null,"retweet_count":5,"in_reply_to_screen_name":"CEPWM","created_at":"Tue Oct 11 20:59:30 +0000 2011","retweeted":false,"in_reply_to_status_id_str":null,"in_reply_to_user_id_str":"260819880","user":{"time_zone":"Eastern Time (US & Canada)","profile_link_color":"2d4a92","protected":false,"created_at":"Thu Feb 12 20:18:08 +0000 2009","profile_image_url_https":"https:\/\/si0.twimg.com\/profile_images\/1266146219\/Newt_Approved_Headshot_normal.jpeg","name":"Newt Gingrich","geo_enabled":false,"favourites_count":0,"profile_background_color":"0a1735","default_profile_image":false,"notifications":null,"profile_background_tile":false,"utc_offset":-18000,"description":"Husband, father, grandfather, citizen, small businessman, author, former Speaker. I'm running for president to offer leadership to solve America's challenges.","statuses_count":2978,"following":null,"verified":true,"profile_sidebar_fill_color":"ffffff","followers_count":1340778,"profile_image_url":"http:\/\/a1.twimg.com\/profile_images\/1266146219\/Newt_Approved_Headshot_normal.jpeg","default_profile":false,"follow_request_sent":null,"profile_sidebar_border_color":"eaeaea","location":"","is_translator":false,"contributors_enabled":false,"screen_name":"newtgingrich","profile_use_background_image":true,"url":"http:\/\/Newt.org","id_str":"20713061","show_all_inline_media":false,"profile_background_image_url_https":"https:\/\/si0.twimg.com\/profile_background_images\/251627781\/NG_twit2.jpg","profile_text_color":"727272","id":20713061,"listed_count":9994,"lang":"en","profile_background_image_url":"http:\/\/a1.twimg.com\/profile_background_images\/251627781\/NG_twit2.jpg","friends_count":466},"contributors":null,"in_reply_to_status_id":null,"source":"web","id_str":"123865328869584896","geo":null,"favorited":false,"id":123865328869584896,"coordinates":null,"in_reply_to_user_id":260819880,"truncated":false,"text":"@CEWASP #LeadNow Capital gains tax should be abolished now; my administration will have no new taxes. My plan: http:\/\/t.co\/ZjjGjjlO","name":"NewtGingrich","boldText":"@CEWASP #LeadNow <B>Capital gains tax<\/B> should be abolished now; my administration will have no new <B>taxes<\/B>. My plan: http:\/\/t.co\/ZjjGjjlO"},{"id_str":"123833550540779520","place":null,"favorited":false,"in_reply_to_user_id":292528004,"truncated":false,"created_at":"Tue Oct 11 18:53:13 +0000 2011","possibly_sensitive":false,"retweet_count":0,"in_reply_to_screen_name":"Rum_King","retweeted":false,"in_reply_to_status_id_str":null,"user":{"id_str":"20713061","show_all_inline_media":false,"profile_background_image_url_https":"https:\/\/si0.twimg.com\/profile_background_images\/251627781\/NG_twit2.jpg","profile_text_color":"727272","protected":false,"listed_count":9993,"profile_background_image_url":"http:\/\/a1.twimg.com\/profile_background_images\/251627781\/NG_twit2.jpg","created_at":"Thu Feb 12 20:18:08 +0000 2009","friends_count":466,"name":"Newt Gingrich","time_zone":"Eastern Time (US & Canada)","profile_link_color":"2d4a92","notifications":null,"utc_offset":-18000,"profile_image_url_https":"https:\/\/si0.twimg.com\/profile_images\/1266146219\/Newt_Approved_Headshot_normal.jpeg","description":"Husband, father, grandfather, citizen, small businessman, author, former Speaker. I'm running for president to offer leadership to solve America's challenges.","default_profile":false,"following":null,"geo_enabled":false,"favourites_count":0,"profile_background_color":"0a1735","default_profile_image":false,"profile_background_tile":false,"statuses_count":2978,"verified":true,"profile_sidebar_fill_color":"ffffff","followers_count":1340752,"profile_image_url":"http:\/\/a1.twimg.com\/profile_images\/1266146219\/Newt_Approved_Headshot_normal.jpeg","location":"","screen_name":"newtgingrich","follow_request_sent":null,"profile_sidebar_border_color":"eaeaea","url":"http:\/\/Newt.org","is_translator":false,"contributors_enabled":false,"id":20713061,"lang":"en","profile_use_background_image":true},"in_reply_to_user_id_str":"292528004","contributors":null,"source":"web","geo":null,"id":123833550540779520,"coordinates":null,"in_reply_to_status_id":null,"text":"@Rum_King #LeadNow We must strip Fed \u201cdual mandate\u201d to make econ policy; has hurt value of $$. My plan for Fed reform: http:\/\/t.co\/etH6rhzQ","name":"NewtGingrich","boldText":"@Rum_King #LeadNow We must strip <B>Fed<\/B> \u201cdual mandate\u201d to make econ policy; has hurt value of $$. My plan for <B>Fed<\/B> reform: http:\/\/t.co\/etH6rhzQ"},{"possibly_sensitive":false,"place":null,"retweet_count":2,"in_reply_to_screen_name":"BVWilliams","created_at":"Tue Oct 11 18:04:33 +0000 2011","retweeted":false,"in_reply_to_status_id_str":null,"in_reply_to_user_id_str":"248674378","user":{"time_zone":"Eastern Time (US & Canada)","profile_link_color":"2d4a92","protected":false,"created_at":"Thu Feb 12 20:18:08 +0000 2009","profile_image_url_https":"https:\/\/si0.twimg.com\/profile_images\/1266146219\/Newt_Approved_Headshot_normal.jpeg","name":"Newt Gingrich","geo_enabled":false,"favourites_count":0,"profile_background_color":"0a1735","default_profile_image":false,"notifications":null,"profile_background_tile":false,"utc_offset":-18000,"description":"Husband, father, grandfather, citizen, small businessman, author, former Speaker. I'm running for president to offer leadership to solve America's challenges.","statuses_count":2978,"following":null,"verified":true,"profile_sidebar_fill_color":"ffffff","followers_count":1340778,"profile_image_url":"http:\/\/a1.twimg.com\/profile_images\/1266146219\/Newt_Approved_Headshot_normal.jpeg","default_profile":false,"follow_request_sent":null,"profile_sidebar_border_color":"eaeaea","location":"","is_translator":false,"contributors_enabled":false,"screen_name":"newtgingrich","profile_use_background_image":true,"url":"http:\/\/Newt.org","id_str":"20713061","show_all_inline_media":false,"profile_background_image_url_https":"https:\/\/si0.twimg.com\/profile_background_images\/251627781\/NG_twit2.jpg","profile_text_color":"727272","id":20713061,"listed_count":9994,"lang":"en","profile_background_image_url":"http:\/\/a1.twimg.com\/profile_background_images\/251627781\/NG_twit2.jpg","friends_count":466},"contributors":null,"in_reply_to_status_id":null,"source":"web","id_str":"123821299930894336","geo":null,"favorited":false,"id":123821299930894336,"coordinates":null,"in_reply_to_user_id":248674378,"truncated":false,"text":"@BVWilliams #LeadNow Repeal Obamacare, reform taxes and regs, American Energy, balanced budgets now. My full plan: http:\/\/t.co\/XHsfZASF","name":"NewtGingrich","boldText":"@BVWilliams #LeadNow Repeal Obamacare, reform <B>taxes<\/B> and regs, American Energy, balanced budgets now. My full plan: http:\/\/t.co\/XHsfZASF"},{"possibly_sensitive":false,"place":null,"retweet_count":3,"in_reply_to_screen_name":"RhondaParsons","created_at":"Tue Oct 11 17:54:03 +0000 2011","retweeted":false,"in_reply_to_status_id_str":null,"in_reply_to_user_id_str":"17960220","user":{"time_zone":"Eastern Time (US & Canada)","profile_link_color":"2d4a92","protected":false,"created_at":"Thu Feb 12 20:18:08 +0000 2009","profile_image_url_https":"https:\/\/si0.twimg.com\/profile_images\/1266146219\/Newt_Approved_Headshot_normal.jpeg","name":"Newt Gingrich","geo_enabled":false,"favourites_count":0,"profile_background_color":"0a1735","default_profile_image":false,"notifications":null,"profile_background_tile":false,"utc_offset":-18000,"description":"Husband, father, grandfather, citizen, small businessman, author, former Speaker. I'm running for president to offer leadership to solve America's challenges.","statuses_count":2978,"following":null,"verified":true,"profile_sidebar_fill_color":"ffffff","followers_count":1340778,"profile_image_url":"http:\/\/a1.twimg.com\/profile_images\/1266146219\/Newt_Approved_Headshot_normal.jpeg","default_profile":false,"follow_request_sent":null,"profile_sidebar_border_color":"eaeaea","location":"","is_translator":false,"contributors_enabled":false,"screen_name":"newtgingrich","profile_use_background_image":true,"url":"http:\/\/Newt.org","id_str":"20713061","show_all_inline_media":false,"profile_background_image_url_https":"https:\/\/si0.twimg.com\/profile_background_images\/251627781\/NG_twit2.jpg","profile_text_color":"727272","id":20713061,"listed_count":9994,"lang":"en","profile_background_image_url":"http:\/\/a1.twimg.com\/profile_background_images\/251627781\/NG_twit2.jpg","friends_count":466},"contributors":null,"in_reply_to_status_id":null,"source":"web","id_str":"123818659654283264","geo":null,"favorited":false,"id":123818659654283264,"coordinates":null,"in_reply_to_user_id":17960220,"truncated":false,"text":"@RhondaParsons #LeadNow A full audit of the Fed\u2019s decisions betw \u201808-\u201810 to figure out who got our $$. My plan: http:\/\/t.co\/etH6rhzQ","name":"NewtGingrich","boldText":"@RhondaParsons #LeadNow A full <B>audit<\/B> of the <B>Fed<\/B>\u2019s decisions betw \u201808-\u201810 to figure out who got our $$. My plan: http:\/\/t.co\/etH6rhzQ"},{"possibly_sensitive":false,"place":null,"retweet_count":38,"in_reply_to_screen_name":null,"created_at":"Wed Oct 05 23:15:46 +0000 2011","retweeted":false,"in_reply_to_status_id_str":null,"in_reply_to_user_id_str":null,"user":{"time_zone":"Eastern Time (US & Canada)","profile_link_color":"2d4a92","protected":false,"created_at":"Thu Feb 12 20:18:08 +0000 2009","profile_image_url_https":"https:\/\/si0.twimg.com\/profile_images\/1266146219\/Newt_Approved_Headshot_normal.jpeg","name":"Newt Gingrich","geo_enabled":false,"favourites_count":0,"profile_background_color":"0a1735","default_profile_image":false,"notifications":null,"profile_background_tile":false,"utc_offset":-18000,"description":"Husband, father, grandfather, citizen, small businessman, author, former Speaker. I'm running for president to offer leadership to solve America's challenges.","statuses_count":2978,"following":null,"verified":true,"profile_sidebar_fill_color":"ffffff","followers_count":1340778,"profile_image_url":"http:\/\/a1.twimg.com\/profile_images\/1266146219\/Newt_Approved_Headshot_normal.jpeg","default_profile":false,"follow_request_sent":null,"profile_sidebar_border_color":"eaeaea","location":"","is_translator":false,"contributors_enabled":false,"screen_name":"newtgingrich","profile_use_background_image":true,"url":"http:\/\/Newt.org","id_str":"20713061","show_all_inline_media":false,"profile_background_image_url_https":"https:\/\/si0.twimg.com\/profile_background_images\/251627781\/NG_twit2.jpg","profile_text_color":"727272","id":20713061,"listed_count":9994,"lang":"en","profile_background_image_url":"http:\/\/a1.twimg.com\/profile_background_images\/251627781\/NG_twit2.jpg","friends_count":466},"contributors":null,"in_reply_to_status_id":null,"source":"web","id_str":"121725293340794880","geo":null,"favorited":false,"id":121725293340794880,"coordinates":null,"in_reply_to_user_id":null,"truncated":false,"text":"Fed regs cost business $1.75 tril, up 59% since '05: http:\/\/t.co\/vOhEZmbQ My New Contract features deregulation so that $ goes to new jobs","name":"NewtGingrich","boldText":"Fed regs cost business $1.75 tril, up 59% since '05: http:\/\/t.co\/vOhEZmbQ My New Contract features deregulation so that $ goes to new jobs"},{"place":null,"retweet_count":18,"in_reply_to_screen_name":"gatorDennis","created_at":"Sun Oct 02 22:39:40 +0000 2011","retweeted":false,"in_reply_to_status_id_str":"120610081879498752","in_reply_to_user_id_str":"267322485","user":{"time_zone":"Eastern Time (US & Canada)","profile_link_color":"2d4a92","protected":false,"created_at":"Thu Feb 12 20:18:08 +0000 2009","profile_image_url_https":"https:\/\/si0.twimg.com\/profile_images\/1266146219\/Newt_Approved_Headshot_normal.jpeg","name":"Newt Gingrich","geo_enabled":false,"favourites_count":0,"profile_background_color":"0a1735","default_profile_image":false,"notifications":null,"profile_background_tile":false,"utc_offset":-18000,"description":"Husband, father, grandfather, citizen, small businessman, author, former Speaker. I'm running for president to offer leadership to solve America's challenges.","statuses_count":2978,"following":null,"verified":true,"profile_sidebar_fill_color":"ffffff","followers_count":1340778,"profile_image_url":"http:\/\/a1.twimg.com\/profile_images\/1266146219\/Newt_Approved_Headshot_normal.jpeg","default_profile":false,"follow_request_sent":null,"profile_sidebar_border_color":"eaeaea","location":"","is_translator":false,"contributors_enabled":false,"screen_name":"newtgingrich","profile_use_background_image":true,"url":"http:\/\/Newt.org","id_str":"20713061","show_all_inline_media":false,"profile_background_image_url_https":"https:\/\/si0.twimg.com\/profile_background_images\/251627781\/NG_twit2.jpg","profile_text_color":"727272","id":20713061,"listed_count":9994,"lang":"en","profile_background_image_url":"http:\/\/a1.twimg.com\/profile_background_images\/251627781\/NG_twit2.jpg","friends_count":466},"contributors":null,"in_reply_to_status_id":120610081879498752,"source":"<a href=\"http:\/\/blackberry.com\/twitter\" rel=\"nofollow\">Twitter for BlackBerry\u00ae<\/a>","id_str":"120629046588612608","geo":null,"favorited":false,"id":120629046588612608,"coordinates":null,"in_reply_to_user_id":267322485,"truncated":false,"text":"@gatorDennis I have already committed to a first day executive order stopping all federal support for agenda 21","name":"NewtGingrich","boldText":"@gatorDennis I have already committed to a first day executive order stopping all <B>fed<\/B>eral support for agenda 21"},{"place":null,"retweet_count":12,"in_reply_to_screen_name":"Jackson117","created_at":"Tue Sep 27 23:56:46 +0000 2011","retweeted":false,"in_reply_to_status_id_str":"118820474636603392","in_reply_to_user_id_str":"37290695","user":{"time_zone":"Eastern Time (US & Canada)","profile_link_color":"2d4a92","protected":false,"created_at":"Thu Feb 12 20:18:08 +0000 2009","profile_image_url_https":"https:\/\/si0.twimg.com\/profile_images\/1266146219\/Newt_Approved_Headshot_normal.jpeg","name":"Newt Gingrich","geo_enabled":false,"favourites_count":0,"profile_background_color":"0a1735","default_profile_image":false,"notifications":null,"profile_background_tile":false,"utc_offset":-18000,"description":"Husband, father, grandfather, citizen, small businessman, author, former Speaker. I'm running for president to offer leadership to solve America's challenges.","statuses_count":2978,"following":null,"verified":true,"profile_sidebar_fill_color":"ffffff","followers_count":1340778,"profile_image_url":"http:\/\/a1.twimg.com\/profile_images\/1266146219\/Newt_Approved_Headshot_normal.jpeg","default_profile":false,"follow_request_sent":null,"profile_sidebar_border_color":"eaeaea","location":"","is_translator":false,"contributors_enabled":false,"screen_name":"newtgingrich","profile_use_background_image":true,"url":"http:\/\/Newt.org","id_str":"20713061","show_all_inline_media":false,"profile_background_image_url_https":"https:\/\/si0.twimg.com\/profile_background_images\/251627781\/NG_twit2.jpg","profile_text_color":"727272","id":20713061,"listed_count":9994,"lang":"en","profile_background_image_url":"http:\/\/a1.twimg.com\/profile_background_images\/251627781\/NG_twit2.jpg","friends_count":466},"contributors":null,"in_reply_to_status_id":118820474636603392,"source":"<a href=\"http:\/\/blackberry.com\/twitter\" rel=\"nofollow\">Twitter for BlackBerry\u00ae<\/a>","id_str":"118836510270296064","geo":null,"favorited":false,"id":118836510270296064,"coordinates":null,"in_reply_to_user_id":37290695,"truncated":false,"text":"@Jackson117 I am opposed to UN agenda 21 and will issue an executive order stopping federal agencies from promoting it on the first day","name":"NewtGingrich","boldText":"@Jackson117 I am opposed to UN agenda 21 and will issue an executive order stopping <B>fed<\/B>eral agencies from promoting it on the first day"},{"place":null,"retweet_count":33,"in_reply_to_screen_name":"cjwadolowski","created_at":"Wed Sep 21 23:39:34 +0000 2011","retweeted":false,"in_reply_to_status_id_str":"116634885971652608","in_reply_to_user_id_str":"54106266","user":{"time_zone":"Eastern Time (US & Canada)","profile_link_color":"2d4a92","protected":false,"created_at":"Thu Feb 12 20:18:08 +0000 2009","profile_image_url_https":"https:\/\/si0.twimg.com\/profile_images\/1266146219\/Newt_Approved_Headshot_normal.jpeg","name":"Newt Gingrich","geo_enabled":false,"favourites_count":0,"profile_background_color":"0a1735","default_profile_image":false,"notifications":null,"profile_background_tile":false,"utc_offset":-18000,"description":"Husband, father, grandfather, citizen, small businessman, author, former Speaker. I'm running for president to offer leadership to solve America's challenges.","default_profile":false,"statuses_count":2978,"following":null,"verified":true,"profile_sidebar_fill_color":"ffffff","followers_count":1340728,"profile_image_url":"http:\/\/a1.twimg.com\/profile_images\/1266146219\/Newt_Approved_Headshot_normal.jpeg","follow_request_sent":null,"profile_sidebar_border_color":"eaeaea","location":"","is_translator":false,"contributors_enabled":false,"screen_name":"newtgingrich","profile_use_background_image":true,"url":"http:\/\/Newt.org","id_str":"20713061","show_all_inline_media":false,"profile_background_image_url_https":"https:\/\/si0.twimg.com\/profile_background_images\/251627781\/NG_twit2.jpg","profile_text_color":"727272","id":20713061,"listed_count":9993,"lang":"en","profile_background_image_url":"http:\/\/a1.twimg.com\/profile_background_images\/251627781\/NG_twit2.jpg","friends_count":466},"contributors":null,"in_reply_to_status_id":116634885971652608,"source":"<a href=\"http:\/\/blackberry.com\/twitter\" rel=\"nofollow\">Twitter for BlackBerry\u00ae<\/a>","id_str":"116657853917442049","geo":null,"favorited":false,"id":116657853917442049,"coordinates":null,"in_reply_to_user_id":54106266,"truncated":false,"text":"@cjwadolowski Bernanke has spent more money in secret than anyone in Americam history- he must be audited to preserve a free country","name":"NewtGingrich","boldText":"@cjwadolowski Bernanke has spent more money in secret than anyone in Americam history- he must be <B>audit<\/B>ed to preserve a free country"},{"place":null,"retweet_count":"100+","in_reply_to_screen_name":"David_Kretzmann","created_at":"Wed Sep 21 23:38:30 +0000 2011","retweeted":false,"in_reply_to_status_id_str":"116637498574245888","in_reply_to_user_id_str":"323638636","user":{"time_zone":"Eastern Time (US & Canada)","profile_link_color":"2d4a92","protected":false,"created_at":"Thu Feb 12 20:18:08 +0000 2009","profile_image_url_https":"https:\/\/si0.twimg.com\/profile_images\/1266146219\/Newt_Approved_Headshot_normal.jpeg","name":"Newt Gingrich","geo_enabled":false,"favourites_count":0,"profile_background_color":"0a1735","default_profile_image":false,"notifications":false,"profile_background_tile":false,"utc_offset":-18000,"description":"Husband, father, grandfather, citizen, small businessman, author, former Speaker. I'm running for president to offer leadership to solve America's challenges.","statuses_count":2978,"following":false,"verified":true,"profile_sidebar_fill_color":"ffffff","followers_count":1340764,"profile_image_url":"http:\/\/a1.twimg.com\/profile_images\/1266146219\/Newt_Approved_Headshot_normal.jpeg","default_profile":false,"follow_request_sent":false,"profile_sidebar_border_color":"eaeaea","location":"","is_translator":false,"contributors_enabled":false,"screen_name":"newtgingrich","profile_use_background_image":true,"url":"http:\/\/Newt.org","id_str":"20713061","show_all_inline_media":false,"profile_background_image_url_https":"https:\/\/si0.twimg.com\/profile_background_images\/251627781\/NG_twit2.jpg","profile_text_color":"727272","id":20713061,"listed_count":9994,"lang":"en","profile_background_image_url":"http:\/\/a1.twimg.com\/profile_background_images\/251627781\/NG_twit2.jpg","friends_count":466},"contributors":null,"in_reply_to_status_id":116637498574245888,"source":"<a href=\"http:\/\/blackberry.com\/twitter\" rel=\"nofollow\">Twitter for BlackBerry\u00ae<\/a>","id_str":"116657584219504642","geo":null,"favorited":false,"id":116657584219504642,"coordinates":null,"in_reply_to_user_id":323638636,"truncated":false,"text":"@David_Kretzmann there is no question ron paul was the first serious national leader to take on federal reserve   history will recognize him","name":"NewtGingrich","boldText":"@David_Kretzmann there is no question ron paul was the first serious national leader to take on <B>fed<\/B>eral reserve   history will recognize him"},{"place":null,"retweet_count":71,"in_reply_to_screen_name":null,"created_at":"Wed Sep 21 19:01:55 +0000 2011","retweeted":false,"in_reply_to_status_id_str":null,"in_reply_to_user_id_str":null,"user":{"time_zone":"Eastern Time (US & Canada)","profile_link_color":"2d4a92","protected":false,"created_at":"Thu Feb 12 20:18:08 +0000 2009","profile_image_url_https":"https:\/\/si0.twimg.com\/profile_images\/1266146219\/Newt_Approved_Headshot_normal.jpeg","name":"Newt Gingrich","geo_enabled":false,"favourites_count":0,"profile_background_color":"0a1735","default_profile_image":false,"notifications":null,"profile_background_tile":false,"utc_offset":-18000,"description":"Husband, father, grandfather, citizen, small businessman, author, former Speaker. I'm running for president to offer leadership to solve America's challenges.","statuses_count":2978,"following":null,"verified":true,"profile_sidebar_fill_color":"ffffff","followers_count":1340778,"profile_image_url":"http:\/\/a1.twimg.com\/profile_images\/1266146219\/Newt_Approved_Headshot_normal.jpeg","default_profile":false,"follow_request_sent":null,"profile_sidebar_border_color":"eaeaea","location":"","is_translator":false,"contributors_enabled":false,"screen_name":"newtgingrich","profile_use_background_image":true,"url":"http:\/\/Newt.org","id_str":"20713061","show_all_inline_media":false,"profile_background_image_url_https":"https:\/\/si0.twimg.com\/profile_background_images\/251627781\/NG_twit2.jpg","profile_text_color":"727272","id":20713061,"listed_count":9994,"lang":"en","profile_background_image_url":"http:\/\/a1.twimg.com\/profile_background_images\/251627781\/NG_twit2.jpg","friends_count":466},"contributors":null,"in_reply_to_status_id":null,"source":"web","id_str":"116587980059197441","geo":null,"favorited":false,"id":116587980059197441,"coordinates":null,"in_reply_to_user_id":null,"truncated":false,"text":"Fed Reserve should not be making economic policy. As Pres., I'll work to return Fed to focusing solely on stable prices and low inflation.","name":"NewtGingrich","boldText":"Fed Reserve should not be making economic policy. As Pres., I'll work to return Fed to focusing solely on stable prices and low inflation."}]