[{"possibly_sensitive":false,"place":null,"retweet_count":2,"in_reply_to_screen_name":null,"created_at":"Thu Nov 03 19:13:50 +0000 2011","retweeted":false,"in_reply_to_status_id_str":null,"in_reply_to_user_id_str":null,"user":{"time_zone":"Eastern Time (US & Canada)","profile_link_color":"0084B4","protected":false,"created_at":"Mon Mar 16 18:03:08 +0000 2009","profile_image_url_https":"https:\/\/si0.twimg.com\/profile_images\/1600896700\/paul_peace_normal.jpg","name":"Ron Paul News","default_profile":false,"geo_enabled":false,"favourites_count":0,"profile_background_color":"ffffff","default_profile_image":false,"notifications":null,"profile_background_tile":false,"utc_offset":-18000,"description":"Revolution, Liberty, Peace, Freedom, Politics, Tea Party, Conservative, Libertarian, Classical Liberal, Austrian Economics, Free Market, Anarcho-Capitalism   ","statuses_count":35015,"following":null,"verified":false,"profile_sidebar_fill_color":"DDEEF6","followers_count":6739,"profile_image_url":"http:\/\/a2.twimg.com\/profile_images\/1600896700\/paul_peace_normal.jpg","follow_request_sent":null,"profile_sidebar_border_color":"C0DEED","location":"","is_translator":false,"contributors_enabled":false,"screen_name":"RonPaulNews","profile_use_background_image":true,"url":"http:\/\/ronpaulnews.net\/","id_str":"24736981","show_all_inline_media":false,"profile_background_image_url_https":"https:\/\/si0.twimg.com\/profile_background_images\/86522558\/torch9.jpg","profile_text_color":"333333","id":24736981,"listed_count":418,"lang":"en","profile_background_image_url":"http:\/\/a0.twimg.com\/profile_background_images\/86522558\/torch9.jpg","friends_count":9},"contributors":null,"in_reply_to_status_id":null,"source":"<a href=\"http:\/\/twitterfeed.com\" rel=\"nofollow\">twitterfeed<\/a>","id_str":"132173659409354752","geo":null,"favorited":false,"id":132173659409354752,"coordinates":null,"in_reply_to_user_id":null,"truncated":false,"text":"Environmentalists Going after Rand Paul in TV Spot http:\/\/t.co\/juR8dthd #ronpaul | EPJ","name":"RonPaulNews","boldText":"Environmentalists Going after Rand Paul in TV Spot http:\/\/t.co\/juR8dthd #ronpaul | EPJ"},{"possibly_sensitive":false,"place":null,"retweet_count":2,"in_reply_to_screen_name":null,"created_at":"Mon Oct 31 04:05:25 +0000 2011","retweeted":false,"in_reply_to_status_id_str":null,"in_reply_to_user_id_str":null,"user":{"time_zone":"Eastern Time (US & Canada)","profile_link_color":"0084B4","protected":false,"created_at":"Mon Mar 16 18:03:08 +0000 2009","profile_image_url_https":"https:\/\/si0.twimg.com\/profile_images\/1600896700\/paul_peace_normal.jpg","name":"Ron Paul News","default_profile":false,"geo_enabled":false,"favourites_count":0,"profile_background_color":"ffffff","default_profile_image":false,"notifications":null,"profile_background_tile":false,"utc_offset":-18000,"description":"Revolution, Liberty, Peace, Freedom, Politics, Tea Party, Conservative, Libertarian, Classical Liberal, Austrian Economics, Free Market, Anarcho-Capitalism   ","statuses_count":35015,"following":null,"verified":false,"profile_sidebar_fill_color":"DDEEF6","followers_count":6739,"profile_image_url":"http:\/\/a2.twimg.com\/profile_images\/1600896700\/paul_peace_normal.jpg","follow_request_sent":null,"profile_sidebar_border_color":"C0DEED","location":"","is_translator":false,"contributors_enabled":false,"screen_name":"RonPaulNews","profile_use_background_image":true,"url":"http:\/\/ronpaulnews.net\/","id_str":"24736981","show_all_inline_media":false,"profile_background_image_url_https":"https:\/\/si0.twimg.com\/profile_background_images\/86522558\/torch9.jpg","profile_text_color":"333333","id":24736981,"listed_count":418,"lang":"en","profile_background_image_url":"http:\/\/a0.twimg.com\/profile_background_images\/86522558\/torch9.jpg","friends_count":9},"contributors":null,"in_reply_to_status_id":null,"source":"<a href=\"http:\/\/twitterfeed.com\" rel=\"nofollow\">twitterfeed<\/a>","id_str":"130857883213631488","geo":null,"favorited":false,"id":130857883213631488,"coordinates":null,"in_reply_to_user_id":null,"truncated":false,"text":"To Protect Your Assets: You need real internet privacy, says Paul Green. http:\/\/t.co\/ATbCOBpN | LRC Daily","name":"RonPaulNews","boldText":"To Protect Your Assets: You need real internet privacy, says Paul <B>Green<\/B>. http:\/\/t.co\/ATbCOBpN | LRC Daily"},{"possibly_sensitive":false,"place":null,"retweet_count":4,"in_reply_to_screen_name":null,"created_at":"Sun Oct 30 23:06:41 +0000 2011","retweeted":false,"in_reply_to_status_id_str":null,"in_reply_to_user_id_str":null,"user":{"time_zone":"Eastern Time (US & Canada)","profile_link_color":"0084B4","protected":false,"created_at":"Mon Mar 16 18:03:08 +0000 2009","profile_image_url_https":"https:\/\/si0.twimg.com\/profile_images\/1600896700\/paul_peace_normal.jpg","name":"Ron Paul News","default_profile":false,"geo_enabled":false,"favourites_count":0,"profile_background_color":"ffffff","default_profile_image":false,"notifications":null,"profile_background_tile":false,"utc_offset":-18000,"description":"Revolution, Liberty, Peace, Freedom, Politics, Tea Party, Conservative, Libertarian, Classical Liberal, Austrian Economics, Free Market, Anarcho-Capitalism   ","statuses_count":35015,"following":null,"verified":false,"profile_sidebar_fill_color":"DDEEF6","followers_count":6739,"profile_image_url":"http:\/\/a2.twimg.com\/profile_images\/1600896700\/paul_peace_normal.jpg","follow_request_sent":null,"profile_sidebar_border_color":"C0DEED","location":"","is_translator":false,"contributors_enabled":false,"screen_name":"RonPaulNews","profile_use_background_image":true,"url":"http:\/\/ronpaulnews.net\/","id_str":"24736981","show_all_inline_media":false,"profile_background_image_url_https":"https:\/\/si0.twimg.com\/profile_background_images\/86522558\/torch9.jpg","profile_text_color":"333333","id":24736981,"listed_count":418,"lang":"en","profile_background_image_url":"http:\/\/a0.twimg.com\/profile_background_images\/86522558\/torch9.jpg","friends_count":9},"contributors":null,"in_reply_to_status_id":null,"source":"<a href=\"http:\/\/twitterfeed.com\" rel=\"nofollow\">twitterfeed<\/a>","id_str":"130782704902995969","geo":null,"favorited":false,"id":130782704902995969,"coordinates":null,"in_reply_to_user_id":null,"truncated":false,"text":"NY Times Exposes Obama's Troop Withdrawal Myth - U.S. Planning Troop Buildup in Gulf After ... http:\/\/t.co\/dAOouQBv #ronpaul| Daily Paul","name":"RonPaulNews","boldText":"NY Times Exposes Obama's Troop Withdrawal Myth - U.S. Planning Troop Buildup in <B>Gulf<\/B> After ... http:\/\/t.co\/dAOouQBv #ronpaul| Daily Paul"},{"possibly_sensitive":false,"place":null,"retweet_count":0,"in_reply_to_screen_name":null,"created_at":"Tue Oct 25 14:35:05 +0000 2011","retweeted":false,"in_reply_to_status_id_str":null,"in_reply_to_user_id_str":null,"user":{"time_zone":"Eastern Time (US & Canada)","profile_link_color":"b3001b","protected":false,"created_at":"Wed Apr 01 23:29:16 +0000 2009","profile_image_url_https":"https:\/\/si0.twimg.com\/profile_images\/226864434\/ron-paul_normal.jpg","name":"Ron Paul","geo_enabled":false,"favourites_count":0,"profile_background_color":"9AE4E8","default_profile_image":false,"notifications":null,"profile_background_tile":false,"utc_offset":-18000,"description":"News feed about GOP candidate Ron Paul & the Tea Party. Ron supports the Constitution, free markets, & sound money. Not authorized by Ron Paul or any committee.","default_profile":false,"statuses_count":11304,"following":null,"verified":false,"profile_sidebar_fill_color":"b9b9de","followers_count":16799,"profile_image_url":"http:\/\/a1.twimg.com\/profile_images\/226864434\/ron-paul_normal.jpg","follow_request_sent":null,"profile_sidebar_border_color":"6d85bf","location":"Washington, DC","is_translator":false,"contributors_enabled":false,"screen_name":"RonPaul_2012","profile_use_background_image":true,"url":"http:\/\/www.ronpaul2012.com","id_str":"28226033","show_all_inline_media":false,"profile_background_image_url_https":"https:\/\/si0.twimg.com\/profile_background_images\/20516134\/rp-twitter-back.jpg","profile_text_color":"1b222b","id":28226033,"listed_count":600,"lang":"en","profile_background_image_url":"http:\/\/a3.twimg.com\/profile_background_images\/20516134\/rp-twitter-back.jpg","friends_count":20},"contributors":null,"in_reply_to_status_id":null,"source":"<a href=\"http:\/\/twitterfeed.com\" rel=\"nofollow\">twitterfeed<\/a>","id_str":"128842016091144192","geo":null,"favorited":false,"id":128842016091144192,"coordinates":null,"in_reply_to_user_id":null,"truncated":false,"text":"Let's Prize Climate Skepticism by Swaminathan S. Anklesaria Aiyar http:\/\/t.co\/2nrplIHk #tlot #tcot #RonPaul","name":"RonPaul_2012","boldText":"Let's Prize <B>Climate<\/B> Skepticism by Swaminathan S. Anklesaria Aiyar http:\/\/t.co\/2nrplIHk #tlot #tcot #RonPaul"},{"possibly_sensitive":false,"place":null,"retweet_count":1,"in_reply_to_screen_name":null,"created_at":"Wed Oct 19 07:50:42 +0000 2011","retweeted":false,"in_reply_to_status_id_str":null,"in_reply_to_user_id_str":null,"user":{"time_zone":"Eastern Time (US & Canada)","profile_link_color":"b3001b","protected":false,"created_at":"Wed Apr 01 23:29:16 +0000 2009","profile_image_url_https":"https:\/\/si0.twimg.com\/profile_images\/226864434\/ron-paul_normal.jpg","name":"Ron Paul","geo_enabled":false,"favourites_count":0,"profile_background_color":"9AE4E8","default_profile_image":false,"notifications":null,"profile_background_tile":false,"utc_offset":-18000,"description":"News feed about GOP candidate Ron Paul & the Tea Party. Ron supports the Constitution, free markets, & sound money. Not authorized by Ron Paul or any committee.","default_profile":false,"statuses_count":11304,"following":null,"verified":false,"profile_sidebar_fill_color":"b9b9de","followers_count":16799,"profile_image_url":"http:\/\/a1.twimg.com\/profile_images\/226864434\/ron-paul_normal.jpg","follow_request_sent":null,"profile_sidebar_border_color":"6d85bf","location":"Washington, DC","is_translator":false,"contributors_enabled":false,"screen_name":"RonPaul_2012","profile_use_background_image":true,"url":"http:\/\/www.ronpaul2012.com","id_str":"28226033","show_all_inline_media":false,"profile_background_image_url_https":"https:\/\/si0.twimg.com\/profile_background_images\/20516134\/rp-twitter-back.jpg","profile_text_color":"1b222b","id":28226033,"listed_count":600,"lang":"en","profile_background_image_url":"http:\/\/a3.twimg.com\/profile_background_images\/20516134\/rp-twitter-back.jpg","friends_count":20},"contributors":null,"in_reply_to_status_id":null,"source":"<a href=\"http:\/\/twitterfeed.com\" rel=\"nofollow\">twitterfeed<\/a>","id_str":"126565922373779456","geo":null,"favorited":false,"id":126565922373779456,"coordinates":null,"in_reply_to_user_id":null,"truncated":false,"text":"The Tea Party and climate change (7) - Record-Searchlight (blog) http:\/\/t.co\/SUeO1PUO #TeaParty #tlot","name":"RonPaul_2012","boldText":"The Tea Party and <B>climate<\/B> change (7) - Record-Searchlight (blog) http:\/\/t.co\/SUeO1PUO #TeaParty #tlot"},{"possibly_sensitive":false,"place":null,"retweet_count":18,"in_reply_to_screen_name":null,"created_at":"Tue Oct 18 23:57:04 +0000 2011","retweeted":false,"in_reply_to_status_id_str":null,"in_reply_to_user_id_str":null,"user":{"time_zone":"Eastern Time (US & Canada)","profile_link_color":"de0a22","protected":false,"default_profile":false,"created_at":"Sun Apr 24 23:20:55 +0000 2011","profile_image_url_https":"https:\/\/si0.twimg.com\/profile_images\/1536214068\/Avatar4_normal.jpg","name":"Ron Paul","geo_enabled":false,"favourites_count":0,"profile_background_color":"ed1d24","default_profile_image":false,"notifications":null,"profile_background_tile":false,"utc_offset":-18000,"description":"Congressman from Texas and champion of the Constitution. ","statuses_count":482,"following":null,"verified":true,"profile_sidebar_fill_color":"ffffff","followers_count":95805,"profile_image_url":"http:\/\/a2.twimg.com\/profile_images\/1536214068\/Avatar4_normal.jpg","follow_request_sent":null,"profile_sidebar_border_color":"C0DEED","location":"Clute, TX \/ Washington D.C.","is_translator":false,"contributors_enabled":false,"screen_name":"RonPaul","profile_use_background_image":true,"url":"http:\/\/www.ronpaul2012.com","id_str":"287413569","show_all_inline_media":false,"profile_background_image_url_https":"https:\/\/si0.twimg.com\/profile_background_images\/284623100\/BG.png","profile_text_color":"333333","id":287413569,"listed_count":1718,"lang":"en","profile_background_image_url":"http:\/\/a0.twimg.com\/profile_background_images\/284623100\/BG.png","friends_count":140},"contributors":null,"in_reply_to_status_id":null,"source":"<a href=\"http:\/\/www.hootsuite.com\" rel=\"nofollow\">HootSuite<\/a>","id_str":"126446728525262849","geo":null,"favorited":false,"id":126446728525262849,"coordinates":null,"in_reply_to_user_id":null,"truncated":false,"text":"[PICTURE] In the greenroom before the #CNNDebate: http:\/\/t.co\/fPDDxgoy  #RonPaul #GOP2012 #tcot #tlot #teaparty","name":"RonPaul","boldText":"[PICTURE] In the <B>green<\/B>room before the #CNNDebate: http:\/\/t.co\/fPDDxgoy  #RonPaul #GOP2012 #tcot #tlot #teaparty"},{"place":null,"retweet_count":75,"in_reply_to_screen_name":null,"created_at":"Wed Oct 12 16:12:03 +0000 2011","retweeted":false,"in_reply_to_status_id_str":null,"in_reply_to_user_id_str":null,"user":{"time_zone":"Eastern Time (US & Canada)","profile_link_color":"de0a22","protected":false,"default_profile":false,"created_at":"Sun Apr 24 23:20:55 +0000 2011","profile_image_url_https":"https:\/\/si0.twimg.com\/profile_images\/1536214068\/Avatar4_normal.jpg","name":"Ron Paul","geo_enabled":false,"favourites_count":0,"profile_background_color":"ed1d24","default_profile_image":false,"notifications":null,"profile_background_tile":false,"utc_offset":-18000,"description":"Congressman from Texas and champion of the Constitution. ","statuses_count":482,"following":null,"verified":true,"profile_sidebar_fill_color":"ffffff","followers_count":95805,"profile_image_url":"http:\/\/a2.twimg.com\/profile_images\/1536214068\/Avatar4_normal.jpg","follow_request_sent":null,"profile_sidebar_border_color":"C0DEED","location":"Clute, TX \/ Washington D.C.","is_translator":false,"contributors_enabled":false,"screen_name":"RonPaul","profile_use_background_image":true,"url":"http:\/\/www.ronpaul2012.com","id_str":"287413569","show_all_inline_media":false,"profile_background_image_url_https":"https:\/\/si0.twimg.com\/profile_background_images\/284623100\/BG.png","profile_text_color":"333333","id":287413569,"listed_count":1718,"lang":"en","profile_background_image_url":"http:\/\/a0.twimg.com\/profile_background_images\/284623100\/BG.png","friends_count":140},"contributors":null,"in_reply_to_status_id":null,"source":"<a href=\"http:\/\/www.hootsuite.com\" rel=\"nofollow\">HootSuite<\/a>","id_str":"124155376844288000","geo":null,"favorited":false,"id":124155376844288000,"coordinates":null,"in_reply_to_user_id":null,"truncated":false,"text":"RT @michellemalkin: @THEHermanCain endorses Alan Greenspan for Fed. I agree w\/ @RonPaul, who retorts: Greenspan was a DISASTER #tcot #tlot","name":"RonPaul","boldText":"RT @michellemalkin: @THEHermanCain endorses Alan <B>Green<\/B>span for Fed. I agree w\/ @RonPaul, who retorts: <B>Green<\/B>span was a DISASTER #tcot #tlot"},{"possibly_sensitive":false,"place":null,"retweet_count":4,"in_reply_to_screen_name":null,"created_at":"Wed Oct 12 01:52:21 +0000 2011","retweeted":false,"in_reply_to_status_id_str":null,"in_reply_to_user_id_str":null,"user":{"time_zone":null,"profile_link_color":"0084B4","protected":false,"created_at":"Thu Jun 23 17:55:18 +0000 2011","profile_image_url_https":"https:\/\/si0.twimg.com\/profile_images\/1409810248\/rp_normal.png","name":"Ron Paul Supporter","default_profile":false,"geo_enabled":false,"favourites_count":0,"profile_background_color":"1c2f38","default_profile_image":false,"notifications":null,"profile_background_tile":false,"utc_offset":null,"description":"Ron Paul is a champion of the constitution and the most honest politician this world will see. Join me and support Dr.Ron Paul.  ","statuses_count":580,"following":null,"verified":false,"profile_sidebar_fill_color":"354147","followers_count":1219,"profile_image_url":"http:\/\/a1.twimg.com\/profile_images\/1409810248\/rp_normal.png","follow_request_sent":null,"profile_sidebar_border_color":"333333","location":"","is_translator":false,"contributors_enabled":false,"screen_name":"RonPaul4Liberty","profile_use_background_image":true,"url":"http:\/\/political-ticker.blogspot.com","id_str":"322754614","show_all_inline_media":false,"profile_background_image_url_https":"https:\/\/si0.twimg.com\/profile_background_images\/276471123\/twit2.jpg","profile_text_color":"ebddeb","id":322754614,"listed_count":48,"lang":"en","profile_background_image_url":"http:\/\/a1.twimg.com\/profile_background_images\/276471123\/twit2.jpg","friends_count":1472},"contributors":null,"in_reply_to_status_id":null,"source":"<a href=\"http:\/\/twitterfeed.com\" rel=\"nofollow\">twitterfeed<\/a>","id_str":"123939029099089921","geo":null,"favorited":false,"id":123939029099089921,"coordinates":null,"in_reply_to_user_id":null,"truncated":false,"text":"Cain\u2019s Favorite Fed Chairman: \u201cPrint More Money\u201d: Tonight, Herman Cain said that Alan Greenspan was his favorite... http:\/\/t.co\/eF5FxpmW","name":"RonPaul4Liberty","boldText":"Cain\u2019s Favorite Fed Chairman: \u201cPrint More Money\u201d: Tonight, Herman Cain said that Alan <B>Green<\/B>span was his favorite... http:\/\/t.co\/eF5FxpmW"},{"possibly_sensitive":false,"place":null,"retweet_count":1,"in_reply_to_screen_name":null,"created_at":"Tue Oct 04 01:11:59 +0000 2011","retweeted":false,"in_reply_to_status_id_str":null,"in_reply_to_user_id_str":null,"user":{"time_zone":null,"profile_link_color":"0084B4","protected":false,"default_profile":false,"created_at":"Thu Jun 23 17:55:18 +0000 2011","profile_image_url_https":"https:\/\/si0.twimg.com\/profile_images\/1409810248\/rp_normal.png","name":"Ron Paul Supporter","geo_enabled":false,"favourites_count":0,"profile_background_color":"1c2f38","default_profile_image":false,"notifications":null,"profile_background_tile":false,"utc_offset":null,"description":"Ron Paul is a champion of the constitution and the most honest politician this world will see. Join me and support Dr.Ron Paul.  ","statuses_count":580,"following":null,"verified":false,"profile_sidebar_fill_color":"354147","followers_count":1219,"profile_image_url":"http:\/\/a1.twimg.com\/profile_images\/1409810248\/rp_normal.png","follow_request_sent":null,"profile_sidebar_border_color":"333333","location":"","is_translator":false,"contributors_enabled":false,"screen_name":"RonPaul4Liberty","profile_use_background_image":true,"url":"http:\/\/political-ticker.blogspot.com","id_str":"322754614","show_all_inline_media":false,"profile_background_image_url_https":"https:\/\/si0.twimg.com\/profile_background_images\/276471123\/twit2.jpg","profile_text_color":"ebddeb","id":322754614,"listed_count":48,"lang":"en","profile_background_image_url":"http:\/\/a1.twimg.com\/profile_background_images\/276471123\/twit2.jpg","friends_count":1472},"contributors":null,"in_reply_to_status_id":null,"source":"<a href=\"http:\/\/twitterfeed.com\" rel=\"nofollow\">twitterfeed<\/a>","id_str":"121029767771336704","geo":null,"favorited":false,"id":121029767771336704,"coordinates":null,"in_reply_to_user_id":null,"truncated":false,"text":"Press Conference with Rep. Walter Jones \u2013 Greenville, NC: Congressman Ron Paul will attend a press conference wi... http:\/\/t.co\/dd0U0FuQ","name":"RonPaul4Liberty","boldText":"Press Conference with Rep. Walter Jones \u2013 <B>Green<\/B>ville, NC: Congressman Ron Paul will attend a press conference wi... http:\/\/t.co\/dd0U0FuQ"}]