[{"possibly_sensitive":false,"place":null,"retweet_count":4,"in_reply_to_screen_name":null,"created_at":"Fri Oct 28 04:10:10 +0000 2011","retweeted":false,"in_reply_to_status_id_str":null,"in_reply_to_user_id_str":null,"user":{"time_zone":"Eastern Time (US & Canada)","profile_link_color":"0084B4","protected":false,"created_at":"Mon Mar 16 18:03:08 +0000 2009","profile_image_url_https":"https:\/\/si0.twimg.com\/profile_images\/1600896700\/paul_peace_normal.jpg","name":"Ron Paul News","default_profile":false,"geo_enabled":false,"favourites_count":0,"profile_background_color":"ffffff","default_profile_image":false,"notifications":null,"profile_background_tile":false,"utc_offset":-18000,"description":"Revolution, Liberty, Peace, Freedom, Politics, Tea Party, Conservative, Libertarian, Classical Liberal, Austrian Economics, Free Market, Anarcho-Capitalism   ","statuses_count":35015,"following":null,"verified":false,"profile_sidebar_fill_color":"DDEEF6","followers_count":6739,"profile_image_url":"http:\/\/a2.twimg.com\/profile_images\/1600896700\/paul_peace_normal.jpg","follow_request_sent":null,"profile_sidebar_border_color":"C0DEED","location":"","is_translator":false,"contributors_enabled":false,"screen_name":"RonPaulNews","profile_use_background_image":true,"url":"http:\/\/ronpaulnews.net\/","id_str":"24736981","show_all_inline_media":false,"profile_background_image_url_https":"https:\/\/si0.twimg.com\/profile_background_images\/86522558\/torch9.jpg","profile_text_color":"333333","id":24736981,"listed_count":418,"lang":"en","profile_background_image_url":"http:\/\/a0.twimg.com\/profile_background_images\/86522558\/torch9.jpg","friends_count":9},"contributors":null,"in_reply_to_status_id":null,"source":"<a href=\"http:\/\/twitterfeed.com\" rel=\"nofollow\">twitterfeed<\/a>","id_str":"129771915521961984","geo":null,"favorited":false,"id":129771915521961984,"coordinates":null,"in_reply_to_user_id":null,"truncated":false,"text":"Ron Paul Supports Medical Marijuana (video) http:\/\/t.co\/6Zqi60Uu #ronpaul| Daily Paul","name":"RonPaulNews","boldText":"Ron Paul Supports <B>Medical<\/B> Marijuana (video) http:\/\/t.co\/6Zqi60Uu #ronpaul| Daily Paul"},{"possibly_sensitive":false,"place":null,"retweet_count":54,"in_reply_to_screen_name":null,"created_at":"Tue Oct 25 20:47:14 +0000 2011","retweeted":false,"in_reply_to_status_id_str":null,"in_reply_to_user_id_str":null,"user":{"time_zone":"Eastern Time (US & Canada)","profile_link_color":"de0a22","protected":false,"created_at":"Sun Apr 24 23:20:55 +0000 2011","profile_image_url_https":"https:\/\/si0.twimg.com\/profile_images\/1536214068\/Avatar4_normal.jpg","name":"Ron Paul","geo_enabled":false,"favourites_count":0,"profile_background_color":"ed1d24","default_profile_image":false,"notifications":false,"profile_background_tile":false,"utc_offset":-18000,"description":"Congressman from Texas and champion of the Constitution. ","statuses_count":480,"following":true,"verified":true,"profile_sidebar_fill_color":"ffffff","followers_count":95793,"profile_image_url":"http:\/\/a2.twimg.com\/profile_images\/1536214068\/Avatar4_normal.jpg","follow_request_sent":false,"profile_sidebar_border_color":"C0DEED","location":"Clute, TX \/ Washington D.C.","is_translator":false,"contributors_enabled":false,"screen_name":"RonPaul","profile_use_background_image":true,"url":"http:\/\/www.ronpaul2012.com","id_str":"287413569","default_profile":false,"show_all_inline_media":false,"profile_background_image_url_https":"https:\/\/si0.twimg.com\/profile_background_images\/284623100\/BG.png","profile_text_color":"333333","id":287413569,"listed_count":1718,"lang":"en","profile_background_image_url":"http:\/\/a0.twimg.com\/profile_background_images\/284623100\/BG.png","friends_count":130},"contributors":null,"in_reply_to_status_id":null,"source":"<a href=\"http:\/\/www.hootsuite.com\" rel=\"nofollow\">HootSuite<\/a>","id_str":"128935670629675008","geo":null,"favorited":false,"id":128935670629675008,"coordinates":null,"in_reply_to_user_id":null,"truncated":false,"text":"#RonPaul \u2019s Pro-Life, Anti-Big Government Medical Practice - by Jack Hunter: http:\/\/t.co\/w2gqDSGG #GOP2012 #tcot #tlot #teaparty","name":"RonPaul","boldText":"#RonPaul \u2019s Pro-Life, Anti-Big Government <B>Medical<\/B> Practice - by Jack Hunter: http:\/\/t.co\/w2gqDSGG #GOP2012 #tcot #tlot #teaparty"},{"possibly_sensitive":false,"place":null,"retweet_count":0,"in_reply_to_screen_name":null,"created_at":"Tue Oct 25 20:27:36 +0000 2011","retweeted":false,"in_reply_to_status_id_str":null,"in_reply_to_user_id_str":null,"user":{"time_zone":null,"profile_link_color":"0084B4","protected":false,"created_at":"Thu Jun 23 17:55:18 +0000 2011","profile_image_url_https":"https:\/\/si0.twimg.com\/profile_images\/1409810248\/rp_normal.png","name":"Ron Paul Supporter","default_profile":false,"geo_enabled":false,"favourites_count":0,"profile_background_color":"1c2f38","default_profile_image":false,"notifications":null,"profile_background_tile":false,"utc_offset":null,"description":"Ron Paul is a champion of the constitution and the most honest politician this world will see. Join me and support Dr.Ron Paul.  ","statuses_count":580,"following":null,"verified":false,"profile_sidebar_fill_color":"354147","followers_count":1219,"profile_image_url":"http:\/\/a1.twimg.com\/profile_images\/1409810248\/rp_normal.png","follow_request_sent":null,"profile_sidebar_border_color":"333333","location":"","is_translator":false,"contributors_enabled":false,"screen_name":"RonPaul4Liberty","profile_use_background_image":true,"url":"http:\/\/political-ticker.blogspot.com","id_str":"322754614","show_all_inline_media":false,"profile_background_image_url_https":"https:\/\/si0.twimg.com\/profile_background_images\/276471123\/twit2.jpg","profile_text_color":"ebddeb","id":322754614,"listed_count":48,"lang":"en","profile_background_image_url":"http:\/\/a1.twimg.com\/profile_background_images\/276471123\/twit2.jpg","friends_count":1472},"contributors":null,"in_reply_to_status_id":null,"source":"<a href=\"http:\/\/twitterfeed.com\" rel=\"nofollow\">twitterfeed<\/a>","id_str":"128930730435817472","geo":null,"favorited":false,"id":128930730435817472,"coordinates":null,"in_reply_to_user_id":null,"truncated":false,"text":"Ron Paul\u2019s Pro-Life, Anti-Big Government Medical Practice: \u00a0 NPR has in interesting profile piece today on how R... http:\/\/t.co\/0UyHYS9Z","name":"RonPaul4Liberty","boldText":"Ron Paul\u2019s Pro-Life, Anti-Big Government <B>Medical<\/B> Practice: \u00a0 NPR has in interesting profile piece today on how R... http:\/\/t.co\/0UyHYS9Z"},{"possibly_sensitive":false,"place":null,"retweet_count":2,"in_reply_to_screen_name":null,"created_at":"Wed Oct 19 21:34:32 +0000 2011","retweeted":false,"in_reply_to_status_id_str":null,"in_reply_to_user_id_str":null,"user":{"time_zone":null,"profile_link_color":"0084B4","protected":false,"created_at":"Thu Jun 23 17:55:18 +0000 2011","profile_image_url_https":"https:\/\/si0.twimg.com\/profile_images\/1409810248\/rp_normal.png","name":"Ron Paul Supporter","default_profile":false,"geo_enabled":false,"favourites_count":0,"profile_background_color":"1c2f38","default_profile_image":false,"notifications":null,"profile_background_tile":false,"utc_offset":null,"description":"Ron Paul is a champion of the constitution and the most honest politician this world will see. Join me and support Dr.Ron Paul.  ","statuses_count":580,"following":null,"verified":false,"profile_sidebar_fill_color":"354147","followers_count":1219,"profile_image_url":"http:\/\/a1.twimg.com\/profile_images\/1409810248\/rp_normal.png","follow_request_sent":null,"profile_sidebar_border_color":"333333","location":"","is_translator":false,"contributors_enabled":false,"screen_name":"RonPaul4Liberty","profile_use_background_image":true,"url":"http:\/\/political-ticker.blogspot.com","id_str":"322754614","show_all_inline_media":false,"profile_background_image_url_https":"https:\/\/si0.twimg.com\/profile_background_images\/276471123\/twit2.jpg","profile_text_color":"ebddeb","id":322754614,"listed_count":48,"lang":"en","profile_background_image_url":"http:\/\/a1.twimg.com\/profile_background_images\/276471123\/twit2.jpg","friends_count":1472},"contributors":null,"in_reply_to_status_id":null,"source":"<a href=\"http:\/\/twitterfeed.com\" rel=\"nofollow\">twitterfeed<\/a>","id_str":"126773247135059969","geo":null,"favorited":false,"id":126773247135059969,"coordinates":null,"in_reply_to_user_id":null,"truncated":false,"text":"Ron Paul: Preserve Social Security Benefits, Cut Foreign Spending, End Wasteful Agencies http:\/\/t.co\/ywv2d83e","name":"RonPaul4Liberty","boldText":"Ron Paul: Preserve Social Security <B>Benefits<\/B>, Cut Foreign Spending, End Wasteful Agencies http:\/\/t.co\/ywv2d83e"},{"possibly_sensitive":false,"place":null,"retweet_count":1,"in_reply_to_screen_name":null,"created_at":"Wed Oct 19 01:51:18 +0000 2011","retweeted":false,"in_reply_to_status_id_str":null,"in_reply_to_user_id_str":null,"user":{"time_zone":"Eastern Time (US & Canada)","profile_link_color":"b3001b","protected":false,"created_at":"Wed Apr 01 23:29:16 +0000 2009","profile_image_url_https":"https:\/\/si0.twimg.com\/profile_images\/226864434\/ron-paul_normal.jpg","name":"Ron Paul","geo_enabled":false,"favourites_count":0,"profile_background_color":"9AE4E8","default_profile_image":false,"notifications":null,"profile_background_tile":false,"utc_offset":-18000,"description":"News feed about GOP candidate Ron Paul & the Tea Party. Ron supports the Constitution, free markets, & sound money. Not authorized by Ron Paul or any committee.","default_profile":false,"statuses_count":11304,"following":null,"verified":false,"profile_sidebar_fill_color":"b9b9de","followers_count":16799,"profile_image_url":"http:\/\/a1.twimg.com\/profile_images\/226864434\/ron-paul_normal.jpg","follow_request_sent":null,"profile_sidebar_border_color":"6d85bf","location":"Washington, DC","is_translator":false,"contributors_enabled":false,"screen_name":"RonPaul_2012","profile_use_background_image":true,"url":"http:\/\/www.ronpaul2012.com","id_str":"28226033","show_all_inline_media":false,"profile_background_image_url_https":"https:\/\/si0.twimg.com\/profile_background_images\/20516134\/rp-twitter-back.jpg","profile_text_color":"1b222b","id":28226033,"listed_count":600,"lang":"en","profile_background_image_url":"http:\/\/a3.twimg.com\/profile_background_images\/20516134\/rp-twitter-back.jpg","friends_count":20},"contributors":null,"in_reply_to_status_id":null,"source":"<a href=\"http:\/\/twitterfeed.com\" rel=\"nofollow\">twitterfeed<\/a>","id_str":"126475477731917825","geo":null,"favorited":false,"id":126475477731917825,"coordinates":null,"in_reply_to_user_id":null,"truncated":false,"text":"Healthcare tops Tea Party debt cut list - http:\/\/t.co\/QRLYbtJ4 http:\/\/t.co\/H45dhyRK #TeaParty #tlot","name":"RonPaul_2012","boldText":"Healthcare tops Tea Party debt cut list - http:\/\/t.co\/QRLYbtJ4 http:\/\/t.co\/H45dhyRK #TeaParty #tlot"},{"possibly_sensitive":false,"place":null,"retweet_count":1,"in_reply_to_screen_name":null,"created_at":"Wed Oct 19 01:02:57 +0000 2011","retweeted":false,"in_reply_to_status_id_str":null,"in_reply_to_user_id_str":null,"user":{"time_zone":null,"profile_link_color":"0084B4","protected":false,"created_at":"Thu Jun 23 17:55:18 +0000 2011","profile_image_url_https":"https:\/\/si0.twimg.com\/profile_images\/1409810248\/rp_normal.png","name":"Ron Paul Supporter","default_profile":false,"geo_enabled":false,"favourites_count":0,"profile_background_color":"1c2f38","default_profile_image":false,"notifications":null,"profile_background_tile":false,"utc_offset":null,"description":"Ron Paul is a champion of the constitution and the most honest politician this world will see. Join me and support Dr.Ron Paul.  ","statuses_count":580,"following":null,"verified":false,"profile_sidebar_fill_color":"354147","followers_count":1219,"profile_image_url":"http:\/\/a1.twimg.com\/profile_images\/1409810248\/rp_normal.png","follow_request_sent":null,"profile_sidebar_border_color":"333333","location":"","is_translator":false,"contributors_enabled":false,"screen_name":"RonPaul4Liberty","profile_use_background_image":true,"url":"http:\/\/political-ticker.blogspot.com","id_str":"322754614","show_all_inline_media":false,"profile_background_image_url_https":"https:\/\/si0.twimg.com\/profile_background_images\/276471123\/twit2.jpg","profile_text_color":"ebddeb","id":322754614,"listed_count":48,"lang":"en","profile_background_image_url":"http:\/\/a1.twimg.com\/profile_background_images\/276471123\/twit2.jpg","friends_count":1472},"contributors":null,"in_reply_to_status_id":null,"source":"<a href=\"http:\/\/twitterfeed.com\" rel=\"nofollow\">twitterfeed<\/a>","id_str":"126463308692848641","geo":null,"favorited":false,"id":126463308692848641,"coordinates":null,"in_reply_to_user_id":null,"truncated":false,"text":"Ron Paul\u2019s Free Market Fix for Healthcare: Ron Paul on how we can substantively fix our healthcare problems: Oba... http:\/\/t.co\/qZHcgoCO","name":"RonPaul4Liberty","boldText":"Ron Paul\u2019s Free Market Fix for <B>Healthcare<\/B>: Ron Paul on how we can substantively fix our <B>healthcare<\/B> problems: Oba... http:\/\/t.co\/qZHcgoCO"},{"possibly_sensitive":false,"place":null,"retweet_count":37,"in_reply_to_screen_name":null,"created_at":"Wed Oct 19 00:52:22 +0000 2011","retweeted":false,"in_reply_to_status_id_str":null,"in_reply_to_user_id_str":null,"user":{"time_zone":"Eastern Time (US & Canada)","profile_link_color":"de0a22","protected":false,"default_profile":false,"created_at":"Sun Apr 24 23:20:55 +0000 2011","profile_image_url_https":"https:\/\/si0.twimg.com\/profile_images\/1536214068\/Avatar4_normal.jpg","name":"Ron Paul","geo_enabled":false,"favourites_count":0,"profile_background_color":"ed1d24","default_profile_image":false,"notifications":null,"profile_background_tile":false,"utc_offset":-18000,"description":"Congressman from Texas and champion of the Constitution. ","statuses_count":482,"following":null,"verified":true,"profile_sidebar_fill_color":"ffffff","followers_count":95805,"profile_image_url":"http:\/\/a2.twimg.com\/profile_images\/1536214068\/Avatar4_normal.jpg","follow_request_sent":null,"profile_sidebar_border_color":"C0DEED","location":"Clute, TX \/ Washington D.C.","is_translator":false,"contributors_enabled":false,"screen_name":"RonPaul","profile_use_background_image":true,"url":"http:\/\/www.ronpaul2012.com","id_str":"287413569","show_all_inline_media":false,"profile_background_image_url_https":"https:\/\/si0.twimg.com\/profile_background_images\/284623100\/BG.png","profile_text_color":"333333","id":287413569,"listed_count":1718,"lang":"en","profile_background_image_url":"http:\/\/a0.twimg.com\/profile_background_images\/284623100\/BG.png","friends_count":140},"contributors":null,"in_reply_to_status_id":null,"source":"<a href=\"http:\/\/www.hootsuite.com\" rel=\"nofollow\">HootSuite<\/a>","id_str":"126460647654436864","geo":null,"favorited":false,"id":126460647654436864,"coordinates":null,"in_reply_to_user_id":null,"truncated":false,"text":"The #RonPaul Free Market Fix for Healthcare - a blog by Jack Hunter: http:\/\/t.co\/NtteMp1S #CNNDebate #GOP2012 #tcot #tlot #teaparty","name":"RonPaul","boldText":"The #RonPaul Free Market Fix for <B>Healthcare<\/B> - a blog by Jack Hunter: http:\/\/t.co\/NtteMp1S #CNNDebate #GOP2012 #tcot #tlot #teaparty"},{"possibly_sensitive":false,"place":null,"retweet_count":73,"in_reply_to_screen_name":null,"created_at":"Wed Oct 12 20:11:04 +0000 2011","retweeted":false,"in_reply_to_status_id_str":null,"in_reply_to_user_id_str":null,"user":{"time_zone":"Eastern Time (US & Canada)","profile_link_color":"de0a22","protected":false,"default_profile":false,"created_at":"Sun Apr 24 23:20:55 +0000 2011","profile_image_url_https":"https:\/\/si0.twimg.com\/profile_images\/1536214068\/Avatar4_normal.jpg","name":"Ron Paul","geo_enabled":false,"favourites_count":0,"profile_background_color":"ed1d24","default_profile_image":false,"notifications":null,"profile_background_tile":false,"utc_offset":-18000,"description":"Congressman from Texas and champion of the Constitution. ","statuses_count":482,"following":null,"verified":true,"profile_sidebar_fill_color":"ffffff","followers_count":95805,"profile_image_url":"http:\/\/a2.twimg.com\/profile_images\/1536214068\/Avatar4_normal.jpg","follow_request_sent":null,"profile_sidebar_border_color":"C0DEED","location":"Clute, TX \/ Washington D.C.","is_translator":false,"contributors_enabled":false,"screen_name":"RonPaul","profile_use_background_image":true,"url":"http:\/\/www.ronpaul2012.com","id_str":"287413569","show_all_inline_media":false,"profile_background_image_url_https":"https:\/\/si0.twimg.com\/profile_background_images\/284623100\/BG.png","profile_text_color":"333333","id":287413569,"listed_count":1718,"lang":"en","profile_background_image_url":"http:\/\/a0.twimg.com\/profile_background_images\/284623100\/BG.png","friends_count":140},"contributors":null,"in_reply_to_status_id":null,"source":"<a href=\"http:\/\/www.hootsuite.com\" rel=\"nofollow\">HootSuite<\/a>","id_str":"124215529585131520","geo":null,"favorited":false,"id":124215529585131520,"coordinates":null,"in_reply_to_user_id":null,"truncated":false,"text":"\"ObamaCare Advisers Were Also @MittRomneyCare Advisers\" -a blog by Jack Hunter: http:\/\/t.co\/1pHDjaeD #GOP2012 #RonPaul #tcot #tlot #teaparty","name":"RonPaul","boldText":"\"<B>ObamaCare<\/B> Advisers Were Also @MittRomneyCare Advisers\" -a blog by Jack Hunter: http:\/\/t.co\/1pHDjaeD #GOP2012 #RonPaul #tcot #tlot #teaparty"},{"possibly_sensitive":false,"place":null,"retweet_count":0,"in_reply_to_screen_name":null,"created_at":"Wed Oct 12 16:05:03 +0000 2011","retweeted":false,"in_reply_to_status_id_str":null,"in_reply_to_user_id_str":null,"user":{"time_zone":null,"profile_link_color":"0084B4","protected":false,"created_at":"Thu Jun 23 17:55:18 +0000 2011","profile_image_url_https":"https:\/\/si0.twimg.com\/profile_images\/1409810248\/rp_normal.png","name":"Ron Paul Supporter","default_profile":false,"geo_enabled":false,"favourites_count":0,"profile_background_color":"1c2f38","default_profile_image":false,"notifications":null,"profile_background_tile":false,"utc_offset":null,"description":"Ron Paul is a champion of the constitution and the most honest politician this world will see. Join me and support Dr.Ron Paul.  ","statuses_count":580,"following":null,"verified":false,"profile_sidebar_fill_color":"354147","followers_count":1219,"profile_image_url":"http:\/\/a1.twimg.com\/profile_images\/1409810248\/rp_normal.png","follow_request_sent":null,"profile_sidebar_border_color":"333333","location":"","is_translator":false,"contributors_enabled":false,"screen_name":"RonPaul4Liberty","profile_use_background_image":true,"url":"http:\/\/political-ticker.blogspot.com","id_str":"322754614","show_all_inline_media":false,"profile_background_image_url_https":"https:\/\/si0.twimg.com\/profile_background_images\/276471123\/twit2.jpg","profile_text_color":"ebddeb","id":322754614,"listed_count":48,"lang":"en","profile_background_image_url":"http:\/\/a1.twimg.com\/profile_background_images\/276471123\/twit2.jpg","friends_count":1472},"contributors":null,"in_reply_to_status_id":null,"source":"<a href=\"http:\/\/twitterfeed.com\" rel=\"nofollow\">twitterfeed<\/a>","id_str":"124153618512355328","geo":null,"favorited":false,"id":124153618512355328,"coordinates":null,"in_reply_to_user_id":null,"truncated":false,"text":"ObamaCare Advisers Were Also RomneyCare Advisers: Writes James Antle at The American Spectator: \u201cRecords show th... http:\/\/t.co\/OnNSbt0e","name":"RonPaul4Liberty","boldText":"ObamaCare Advisers Were Also RomneyCare Advisers: Writes James Antle at The American Spectator: \u201cRecords show th... http:\/\/t.co\/OnNSbt0e"},{"possibly_sensitive":false,"place":null,"retweet_count":51,"in_reply_to_screen_name":null,"created_at":"Thu Oct 06 21:38:03 +0000 2011","retweeted":false,"in_reply_to_status_id_str":null,"in_reply_to_user_id_str":null,"user":{"time_zone":"Eastern Time (US & Canada)","profile_link_color":"de0a22","protected":false,"default_profile":false,"created_at":"Sun Apr 24 23:20:55 +0000 2011","profile_image_url_https":"https:\/\/si0.twimg.com\/profile_images\/1536214068\/Avatar4_normal.jpg","name":"Ron Paul","geo_enabled":false,"favourites_count":0,"profile_background_color":"ed1d24","default_profile_image":false,"notifications":null,"profile_background_tile":false,"utc_offset":-18000,"description":"Congressman from Texas and champion of the Constitution. ","statuses_count":482,"following":null,"verified":true,"profile_sidebar_fill_color":"ffffff","followers_count":95805,"profile_image_url":"http:\/\/a2.twimg.com\/profile_images\/1536214068\/Avatar4_normal.jpg","follow_request_sent":null,"profile_sidebar_border_color":"C0DEED","location":"Clute, TX \/ Washington D.C.","is_translator":false,"contributors_enabled":false,"screen_name":"RonPaul","profile_use_background_image":true,"url":"http:\/\/www.ronpaul2012.com","id_str":"287413569","show_all_inline_media":false,"profile_background_image_url_https":"https:\/\/si0.twimg.com\/profile_background_images\/284623100\/BG.png","profile_text_color":"333333","id":287413569,"listed_count":1718,"lang":"en","profile_background_image_url":"http:\/\/a0.twimg.com\/profile_background_images\/284623100\/BG.png","friends_count":140},"contributors":null,"in_reply_to_status_id":null,"source":"<a href=\"http:\/\/www.hootsuite.com\" rel=\"nofollow\">HootSuite<\/a>","id_str":"122063093059698689","geo":null,"favorited":false,"id":122063093059698689,"coordinates":null,"in_reply_to_user_id":null,"truncated":false,"text":"Statement by #RonPaul on New Obamacare\/HHS Regulation: http:\/\/ht.ly\/6PRSs #GOP2012 #tcot #tlot #teaparty","name":"RonPaul","boldText":"Statement by #RonPaul on New <B>Obamacare<\/B>\/HHS Regulation: http:\/\/ht.ly\/6PRSs #GOP2012 #tcot #tlot #teaparty"},{"possibly_sensitive":false,"place":null,"retweet_count":68,"in_reply_to_screen_name":null,"created_at":"Wed Sep 21 14:51:56 +0000 2011","retweeted":false,"in_reply_to_status_id_str":null,"in_reply_to_user_id_str":null,"user":{"time_zone":"Eastern Time (US & Canada)","profile_link_color":"de0a22","protected":false,"created_at":"Sun Apr 24 23:20:55 +0000 2011","profile_image_url_https":"https:\/\/si0.twimg.com\/profile_images\/1536214068\/Avatar4_normal.jpg","name":"Ron Paul","geo_enabled":false,"favourites_count":0,"profile_background_color":"ed1d24","default_profile_image":false,"notifications":false,"profile_background_tile":false,"utc_offset":-18000,"description":"Congressman from Texas and champion of the Constitution. ","statuses_count":480,"following":false,"verified":true,"profile_sidebar_fill_color":"ffffff","followers_count":95786,"profile_image_url":"http:\/\/a2.twimg.com\/profile_images\/1536214068\/Avatar4_normal.jpg","follow_request_sent":false,"profile_sidebar_border_color":"C0DEED","location":"Clute, TX \/ Washington D.C.","is_translator":false,"default_profile":false,"contributors_enabled":false,"screen_name":"RonPaul","profile_use_background_image":true,"url":"http:\/\/www.ronpaul2012.com","id_str":"287413569","show_all_inline_media":false,"profile_background_image_url_https":"https:\/\/si0.twimg.com\/profile_background_images\/284623100\/BG.png","profile_text_color":"333333","id":287413569,"listed_count":1718,"lang":"en","profile_background_image_url":"http:\/\/a0.twimg.com\/profile_background_images\/284623100\/BG.png","friends_count":130},"contributors":null,"in_reply_to_status_id":null,"source":"<a href=\"http:\/\/www.hootsuite.com\" rel=\"nofollow\">HootSuite<\/a>","id_str":"116525072356872192","geo":null,"favorited":false,"id":116525072356872192,"coordinates":null,"in_reply_to_user_id":null,"truncated":false,"text":"\"Cutting Veterans\u2019 Healthcare \u2018Unjust and Immoral\u2019\" -a blog by Jack Hunter: http:\/\/ht.ly\/6AGHM #RonPaul #tcot #teaparty #military #GOP2012","name":"RonPaul","boldText":"\"Cutting Veterans\u2019 <B>Healthcare<\/B> \u2018Unjust and Immoral\u2019\" -a blog by Jack Hunter: http:\/\/ht.ly\/6AGHM #RonPaul #tcot #teaparty #military #GOP2012"},{"possibly_sensitive":false,"place":null,"retweet_count":"100+","in_reply_to_screen_name":null,"created_at":"Tue Sep 20 17:37:07 +0000 2011","retweeted":false,"in_reply_to_status_id_str":null,"in_reply_to_user_id_str":null,"user":{"time_zone":"Eastern Time (US & Canada)","profile_link_color":"de0a22","protected":false,"created_at":"Sun Apr 24 23:20:55 +0000 2011","profile_image_url_https":"https:\/\/si0.twimg.com\/profile_images\/1536214068\/Avatar4_normal.jpg","name":"Ron Paul","geo_enabled":false,"favourites_count":0,"profile_background_color":"ed1d24","default_profile_image":false,"notifications":false,"profile_background_tile":false,"utc_offset":-18000,"description":"Congressman from Texas and champion of the Constitution. ","statuses_count":480,"following":false,"verified":true,"profile_sidebar_fill_color":"ffffff","followers_count":95786,"profile_image_url":"http:\/\/a2.twimg.com\/profile_images\/1536214068\/Avatar4_normal.jpg","follow_request_sent":false,"profile_sidebar_border_color":"C0DEED","location":"Clute, TX \/ Washington D.C.","is_translator":false,"default_profile":false,"contributors_enabled":false,"screen_name":"RonPaul","profile_use_background_image":true,"url":"http:\/\/www.ronpaul2012.com","id_str":"287413569","show_all_inline_media":false,"profile_background_image_url_https":"https:\/\/si0.twimg.com\/profile_background_images\/284623100\/BG.png","profile_text_color":"333333","id":287413569,"listed_count":1718,"lang":"en","profile_background_image_url":"http:\/\/a0.twimg.com\/profile_background_images\/284623100\/BG.png","friends_count":130},"contributors":null,"in_reply_to_status_id":null,"source":"<a href=\"http:\/\/www.hootsuite.com\" rel=\"nofollow\">HootSuite<\/a>","id_str":"116204250975055872","geo":null,"favorited":false,"id":116204250975055872,"coordinates":null,"in_reply_to_user_id":null,"truncated":false,"text":"OPEN LETTER To President @BarackObama Re Cuts To Veterans' Benefits: http:\/\/ht.ly\/6zJFt - #RonPaul #military #GOP2012 #tcot #teaparty","name":"RonPaul","boldText":"OPEN LETTER To President @BarackObama Re Cuts To Veterans' <B>Benefits<\/B>: http:\/\/ht.ly\/6zJFt - #RonPaul #military #GOP2012 #tcot #teaparty"},{"place":null,"retweet_count":75,"in_reply_to_screen_name":null,"created_at":"Thu Jun 02 20:33:54 +0000 2011","retweeted":false,"in_reply_to_status_id_str":null,"in_reply_to_user_id_str":null,"user":{"time_zone":"Quito","profile_link_color":"0084B4","protected":false,"created_at":"Thu Sep 24 15:31:34 +0000 2009","profile_image_url_https":"https:\/\/si0.twimg.com\/profile_images\/433694808\/Dr_Paul_small_normal.jpg","name":"Ron Paul","geo_enabled":false,"favourites_count":5,"profile_background_color":"022330","default_profile_image":false,"notifications":null,"profile_background_tile":false,"utc_offset":-18000,"description":"Congressman Ron Paul","statuses_count":379,"following":null,"verified":true,"profile_sidebar_fill_color":"C0DFEC","followers_count":75028,"profile_image_url":"http:\/\/a2.twimg.com\/profile_images\/433694808\/Dr_Paul_small_normal.jpg","follow_request_sent":null,"profile_sidebar_border_color":"a8c7f7","location":"Lake Jackson, TX","is_translator":false,"default_profile":false,"contributors_enabled":false,"screen_name":"RepRonPaul","profile_use_background_image":true,"url":"http:\/\/www.house.gov\/paul","id_str":"76966145","show_all_inline_media":false,"profile_background_image_url_https":"https:\/\/si0.twimg.com\/images\/themes\/theme15\/bg.png","profile_text_color":"333333","id":76966145,"listed_count":3295,"lang":"en","profile_background_image_url":"http:\/\/a0.twimg.com\/images\/themes\/theme15\/bg.png","friends_count":166},"contributors":null,"in_reply_to_status_id":null,"source":"web","id_str":"76386075349762048","geo":null,"favorited":false,"id":76386075349762048,"coordinates":null,"in_reply_to_user_id":null,"truncated":false,"text":"Introduced two health freedom bills - HR 2044 the Health Freedom Restoration Act prevents FDA censorship of truthful healthcare claims","name":"RepRonPaul","boldText":"Introduced two health freedom bills - HR 2044 the Health Freedom Restoration Act prevents FDA censorship of truthful <B>healthcare<\/B> claims"},{"place":null,"retweet_count":"100+","in_reply_to_screen_name":null,"created_at":"Mon Dec 13 22:05:09 +0000 2010","retweeted":false,"in_reply_to_status_id_str":null,"in_reply_to_user_id_str":null,"user":{"time_zone":"Quito","profile_link_color":"0084B4","protected":false,"created_at":"Thu Sep 24 15:31:34 +0000 2009","profile_image_url_https":"https:\/\/si0.twimg.com\/profile_images\/433694808\/Dr_Paul_small_normal.jpg","name":"Ron Paul","geo_enabled":false,"favourites_count":5,"profile_background_color":"022330","default_profile_image":false,"notifications":false,"profile_background_tile":false,"utc_offset":-18000,"description":"Congressman Ron Paul","statuses_count":379,"following":false,"verified":true,"profile_sidebar_fill_color":"C0DFEC","followers_count":75006,"profile_image_url":"http:\/\/a2.twimg.com\/profile_images\/433694808\/Dr_Paul_small_normal.jpg","default_profile":false,"follow_request_sent":false,"profile_sidebar_border_color":"a8c7f7","location":"Lake Jackson, TX","is_translator":false,"contributors_enabled":false,"screen_name":"RepRonPaul","profile_use_background_image":true,"url":"http:\/\/www.house.gov\/paul","id_str":"76966145","show_all_inline_media":false,"profile_background_image_url_https":"https:\/\/si0.twimg.com\/images\/themes\/theme15\/bg.png","profile_text_color":"333333","id":76966145,"listed_count":3293,"lang":"en","profile_background_image_url":"http:\/\/a0.twimg.com\/images\/themes\/theme15\/bg.png","friends_count":166},"contributors":null,"in_reply_to_status_id":null,"source":"web","id_str":"14440713827651584","geo":null,"favorited":false,"id":14440713827651584,"coordinates":null,"in_reply_to_user_id":null,"truncated":false,"text":"Re Obamacare, today's federal court decision was correct: Congress can regulate interstate commerce, not force individuals to engage in it.","name":"RepRonPaul","boldText":"Re <B>Obamacare<\/B>, today's federal court decision was correct: Congress can regulate interstate commerce, not force individuals to engage in it."},{"possibly_sensitive":false,"place":null,"retweet_count":22,"in_reply_to_screen_name":null,"created_at":"Mon Sep 27 15:56:51 +0000 2010","retweeted":false,"in_reply_to_status_id_str":null,"in_reply_to_user_id_str":null,"user":{"time_zone":"Quito","profile_link_color":"0084B4","protected":false,"created_at":"Thu Sep 24 15:31:34 +0000 2009","profile_image_url_https":"https:\/\/si0.twimg.com\/profile_images\/433694808\/Dr_Paul_small_normal.jpg","name":"Ron Paul","geo_enabled":false,"favourites_count":5,"profile_background_color":"022330","default_profile_image":false,"notifications":null,"profile_background_tile":false,"utc_offset":-18000,"description":"Congressman Ron Paul","statuses_count":379,"following":null,"verified":true,"profile_sidebar_fill_color":"C0DFEC","followers_count":75028,"profile_image_url":"http:\/\/a2.twimg.com\/profile_images\/433694808\/Dr_Paul_small_normal.jpg","follow_request_sent":null,"profile_sidebar_border_color":"a8c7f7","location":"Lake Jackson, TX","is_translator":false,"default_profile":false,"contributors_enabled":false,"screen_name":"RepRonPaul","profile_use_background_image":true,"url":"http:\/\/www.house.gov\/paul","id_str":"76966145","show_all_inline_media":false,"profile_background_image_url_https":"https:\/\/si0.twimg.com\/images\/themes\/theme15\/bg.png","profile_text_color":"333333","id":76966145,"listed_count":3295,"lang":"en","profile_background_image_url":"http:\/\/a0.twimg.com\/images\/themes\/theme15\/bg.png","friends_count":166},"contributors":null,"in_reply_to_status_id":null,"source":"web","id_str":"25699008004","geo":null,"favorited":false,"id":25699008004,"coordinates":null,"in_reply_to_user_id":null,"truncated":false,"text":"New column posted on healthcare reform http:\/\/bit.ly\/aoc0pC","name":"RepRonPaul","boldText":"New column posted on <B>healthcare<\/B> reform http:\/\/bit.ly\/aoc0pC"},{"possibly_sensitive":false,"place":null,"retweet_count":9,"in_reply_to_screen_name":null,"created_at":"Tue Jun 01 18:47:50 +0000 2010","retweeted":false,"in_reply_to_status_id_str":null,"in_reply_to_user_id_str":null,"user":{"time_zone":"Quito","profile_link_color":"0084B4","protected":false,"created_at":"Thu Sep 24 15:31:34 +0000 2009","profile_image_url_https":"https:\/\/si0.twimg.com\/profile_images\/433694808\/Dr_Paul_small_normal.jpg","name":"Ron Paul","geo_enabled":false,"favourites_count":5,"profile_background_color":"022330","default_profile_image":false,"notifications":null,"profile_background_tile":false,"utc_offset":-18000,"description":"Congressman Ron Paul","default_profile":false,"statuses_count":379,"following":null,"verified":true,"profile_sidebar_fill_color":"C0DFEC","followers_count":75028,"profile_image_url":"http:\/\/a2.twimg.com\/profile_images\/433694808\/Dr_Paul_small_normal.jpg","follow_request_sent":null,"profile_sidebar_border_color":"a8c7f7","location":"Lake Jackson, TX","is_translator":false,"contributors_enabled":false,"screen_name":"RepRonPaul","profile_use_background_image":true,"url":"http:\/\/www.house.gov\/paul","id_str":"76966145","show_all_inline_media":false,"profile_background_image_url_https":"https:\/\/si0.twimg.com\/images\/themes\/theme15\/bg.png","profile_text_color":"333333","id":76966145,"listed_count":3295,"lang":"en","profile_background_image_url":"http:\/\/a0.twimg.com\/images\/themes\/theme15\/bg.png","friends_count":166},"contributors":null,"in_reply_to_status_id":null,"source":"web","id_str":"15196444633","geo":null,"favorited":false,"id":15196444633,"coordinates":null,"in_reply_to_user_id":null,"truncated":false,"text":"New column posted on healthcare http:\/\/www.house.gov\/paul\/index.shtml","name":"RepRonPaul","boldText":"New column posted on <B>healthcare<\/B> http:\/\/www.house.gov\/paul\/index.shtml"}]