[{"possibly_sensitive":false,"place":null,"retweet_count":6,"in_reply_to_screen_name":null,"created_at":"Fri Nov 04 03:32:01 +0000 2011","retweeted":false,"in_reply_to_status_id_str":null,"in_reply_to_user_id_str":null,"user":{"time_zone":"Eastern Time (US & Canada)","profile_link_color":"0084B4","protected":false,"created_at":"Mon Mar 16 18:03:08 +0000 2009","profile_image_url_https":"https:\/\/si0.twimg.com\/profile_images\/1600896700\/paul_peace_normal.jpg","name":"Ron Paul News","geo_enabled":false,"favourites_count":0,"profile_background_color":"ffffff","default_profile_image":false,"notifications":false,"profile_background_tile":false,"utc_offset":-18000,"description":"Revolution, Liberty, Peace, Freedom, Politics, Tea Party, Conservative, Libertarian, Classical Liberal, Austrian Economics, Free Market, Anarcho-Capitalism   ","statuses_count":35015,"following":true,"verified":false,"profile_sidebar_fill_color":"DDEEF6","followers_count":6738,"profile_image_url":"http:\/\/a2.twimg.com\/profile_images\/1600896700\/paul_peace_normal.jpg","follow_request_sent":false,"profile_sidebar_border_color":"C0DEED","location":"","is_translator":false,"default_profile":false,"contributors_enabled":false,"screen_name":"RonPaulNews","profile_use_background_image":true,"url":"http:\/\/ronpaulnews.net\/","id_str":"24736981","show_all_inline_media":false,"profile_background_image_url_https":"https:\/\/si0.twimg.com\/profile_background_images\/86522558\/torch9.jpg","profile_text_color":"333333","id":24736981,"listed_count":418,"lang":"en","profile_background_image_url":"http:\/\/a0.twimg.com\/profile_background_images\/86522558\/torch9.jpg","friends_count":9},"contributors":null,"in_reply_to_status_id":null,"source":"<a href=\"http:\/\/twitterfeed.com\" rel=\"nofollow\">twitterfeed<\/a>","id_str":"132299030297460736","geo":null,"favorited":false,"id":132299030297460736,"coordinates":null,"in_reply_to_user_id":null,"truncated":false,"text":"Ron Paul: When I Am President http:\/\/t.co\/NqfXX8cG #ronpaul| Daily Paul","name":"RonPaulNews","boldText":"Ron Paul: When I Am P<B>resident<\/B> http:\/\/t.co\/NqfXX8cG #ronpaul| Daily Paul"},{"possibly_sensitive":false,"place":null,"retweet_count":5,"in_reply_to_screen_name":null,"created_at":"Wed Nov 02 02:26:57 +0000 2011","retweeted":false,"in_reply_to_status_id_str":null,"in_reply_to_user_id_str":null,"user":{"time_zone":"Eastern Time (US & Canada)","profile_link_color":"0084B4","protected":false,"created_at":"Mon Mar 16 18:03:08 +0000 2009","profile_image_url_https":"https:\/\/si0.twimg.com\/profile_images\/1600896700\/paul_peace_normal.jpg","name":"Ron Paul News","default_profile":false,"geo_enabled":false,"favourites_count":0,"profile_background_color":"ffffff","default_profile_image":false,"notifications":null,"profile_background_tile":false,"utc_offset":-18000,"description":"Revolution, Liberty, Peace, Freedom, Politics, Tea Party, Conservative, Libertarian, Classical Liberal, Austrian Economics, Free Market, Anarcho-Capitalism   ","statuses_count":35015,"following":null,"verified":false,"profile_sidebar_fill_color":"DDEEF6","followers_count":6739,"profile_image_url":"http:\/\/a2.twimg.com\/profile_images\/1600896700\/paul_peace_normal.jpg","follow_request_sent":null,"profile_sidebar_border_color":"C0DEED","location":"","is_translator":false,"contributors_enabled":false,"screen_name":"RonPaulNews","profile_use_background_image":true,"url":"http:\/\/ronpaulnews.net\/","id_str":"24736981","show_all_inline_media":false,"profile_background_image_url_https":"https:\/\/si0.twimg.com\/profile_background_images\/86522558\/torch9.jpg","profile_text_color":"333333","id":24736981,"listed_count":418,"lang":"en","profile_background_image_url":"http:\/\/a0.twimg.com\/profile_background_images\/86522558\/torch9.jpg","friends_count":9},"contributors":null,"in_reply_to_status_id":null,"source":"<a href=\"http:\/\/twitterfeed.com\" rel=\"nofollow\">twitterfeed<\/a>","id_str":"131557879625945088","geo":null,"favorited":false,"id":131557879625945088,"coordinates":null,"in_reply_to_user_id":null,"truncated":false,"text":"Panel Sets Three 2012 Presidential Debates http:\/\/t.co\/0ZGKhvRq #ronpaul| Daily Paul","name":"RonPaulNews","boldText":"Panel Sets Three 2012 P<B>resident<\/B>ial Debates http:\/\/t.co\/0ZGKhvRq #ronpaul| Daily Paul"},{"possibly_sensitive":false,"place":null,"retweet_count":5,"in_reply_to_screen_name":null,"created_at":"Wed Nov 02 02:01:00 +0000 2011","retweeted":false,"in_reply_to_status_id_str":null,"in_reply_to_user_id_str":null,"user":{"time_zone":"Eastern Time (US & Canada)","profile_link_color":"0084B4","protected":false,"created_at":"Mon Mar 16 18:03:08 +0000 2009","profile_image_url_https":"https:\/\/si0.twimg.com\/profile_images\/1600896700\/paul_peace_normal.jpg","name":"Ron Paul News","default_profile":false,"geo_enabled":false,"favourites_count":0,"profile_background_color":"ffffff","default_profile_image":false,"notifications":null,"profile_background_tile":false,"utc_offset":-18000,"description":"Revolution, Liberty, Peace, Freedom, Politics, Tea Party, Conservative, Libertarian, Classical Liberal, Austrian Economics, Free Market, Anarcho-Capitalism   ","statuses_count":35015,"following":null,"verified":false,"profile_sidebar_fill_color":"DDEEF6","followers_count":6739,"profile_image_url":"http:\/\/a2.twimg.com\/profile_images\/1600896700\/paul_peace_normal.jpg","follow_request_sent":null,"profile_sidebar_border_color":"C0DEED","location":"","is_translator":false,"contributors_enabled":false,"screen_name":"RonPaulNews","profile_use_background_image":true,"url":"http:\/\/ronpaulnews.net\/","id_str":"24736981","show_all_inline_media":false,"profile_background_image_url_https":"https:\/\/si0.twimg.com\/profile_background_images\/86522558\/torch9.jpg","profile_text_color":"333333","id":24736981,"listed_count":418,"lang":"en","profile_background_image_url":"http:\/\/a0.twimg.com\/profile_background_images\/86522558\/torch9.jpg","friends_count":9},"contributors":null,"in_reply_to_status_id":null,"source":"<a href=\"http:\/\/twitterfeed.com\" rel=\"nofollow\">twitterfeed<\/a>","id_str":"131551351019802624","geo":null,"favorited":false,"id":131551351019802624,"coordinates":null,"in_reply_to_user_id":null,"truncated":false,"text":"Ron Paul at Republican Presidential Forum On Manufacturing http:\/\/t.co\/ZgveIGp2 #ronpaul| Daily Paul","name":"RonPaulNews","boldText":"Ron Paul at Republican P<B>resident<\/B>ial Forum On Manufacturing http:\/\/t.co\/ZgveIGp2 #ronpaul| Daily Paul"},{"possibly_sensitive":false,"place":null,"retweet_count":2,"in_reply_to_screen_name":null,"created_at":"Tue Nov 01 16:21:26 +0000 2011","retweeted":false,"in_reply_to_status_id_str":null,"in_reply_to_user_id_str":null,"user":{"time_zone":"Eastern Time (US & Canada)","profile_link_color":"0084B4","protected":false,"created_at":"Mon Mar 16 18:03:08 +0000 2009","profile_image_url_https":"https:\/\/si0.twimg.com\/profile_images\/1600896700\/paul_peace_normal.jpg","name":"Ron Paul News","default_profile":false,"geo_enabled":false,"favourites_count":0,"profile_background_color":"ffffff","default_profile_image":false,"notifications":null,"profile_background_tile":false,"utc_offset":-18000,"description":"Revolution, Liberty, Peace, Freedom, Politics, Tea Party, Conservative, Libertarian, Classical Liberal, Austrian Economics, Free Market, Anarcho-Capitalism   ","statuses_count":35015,"following":null,"verified":false,"profile_sidebar_fill_color":"DDEEF6","followers_count":6739,"profile_image_url":"http:\/\/a2.twimg.com\/profile_images\/1600896700\/paul_peace_normal.jpg","follow_request_sent":null,"profile_sidebar_border_color":"C0DEED","location":"","is_translator":false,"contributors_enabled":false,"screen_name":"RonPaulNews","profile_use_background_image":true,"url":"http:\/\/ronpaulnews.net\/","id_str":"24736981","show_all_inline_media":false,"profile_background_image_url_https":"https:\/\/si0.twimg.com\/profile_background_images\/86522558\/torch9.jpg","profile_text_color":"333333","id":24736981,"listed_count":418,"lang":"en","profile_background_image_url":"http:\/\/a0.twimg.com\/profile_background_images\/86522558\/torch9.jpg","friends_count":9},"contributors":null,"in_reply_to_status_id":null,"source":"<a href=\"http:\/\/twitterfeed.com\" rel=\"nofollow\">twitterfeed<\/a>","id_str":"131405496375713793","geo":null,"favorited":false,"id":131405496375713793,"coordinates":null,"in_reply_to_user_id":null,"truncated":false,"text":"National Association of Manufacturers Presidential Forum - live stream NOW! http:\/\/t.co\/PZwmqUMe #ronpaul| Daily Paul","name":"RonPaulNews","boldText":"National Association of Manufacturers P<B>resident<\/B>ial Forum - live stream NOW! http:\/\/t.co\/PZwmqUMe #ronpaul| Daily Paul"},{"possibly_sensitive":false,"place":null,"retweet_count":10,"in_reply_to_screen_name":null,"created_at":"Tue Nov 01 12:38:36 +0000 2011","retweeted":false,"in_reply_to_status_id_str":null,"in_reply_to_user_id_str":null,"user":{"time_zone":"Eastern Time (US & Canada)","profile_link_color":"0084B4","protected":false,"created_at":"Mon Mar 16 18:03:08 +0000 2009","profile_image_url_https":"https:\/\/si0.twimg.com\/profile_images\/1600896700\/paul_peace_normal.jpg","name":"Ron Paul News","default_profile":false,"geo_enabled":false,"favourites_count":0,"profile_background_color":"ffffff","default_profile_image":false,"notifications":null,"profile_background_tile":false,"utc_offset":-18000,"description":"Revolution, Liberty, Peace, Freedom, Politics, Tea Party, Conservative, Libertarian, Classical Liberal, Austrian Economics, Free Market, Anarcho-Capitalism   ","statuses_count":35015,"following":null,"verified":false,"profile_sidebar_fill_color":"DDEEF6","followers_count":6739,"profile_image_url":"http:\/\/a2.twimg.com\/profile_images\/1600896700\/paul_peace_normal.jpg","follow_request_sent":null,"profile_sidebar_border_color":"C0DEED","location":"","is_translator":false,"contributors_enabled":false,"screen_name":"RonPaulNews","profile_use_background_image":true,"url":"http:\/\/ronpaulnews.net\/","id_str":"24736981","show_all_inline_media":false,"profile_background_image_url_https":"https:\/\/si0.twimg.com\/profile_background_images\/86522558\/torch9.jpg","profile_text_color":"333333","id":24736981,"listed_count":418,"lang":"en","profile_background_image_url":"http:\/\/a0.twimg.com\/profile_background_images\/86522558\/torch9.jpg","friends_count":9},"contributors":null,"in_reply_to_status_id":null,"source":"<a href=\"http:\/\/twitterfeed.com\" rel=\"nofollow\">twitterfeed<\/a>","id_str":"131349418103410689","geo":null,"favorited":false,"id":131349418103410689,"coordinates":null,"in_reply_to_user_id":null,"truncated":false,"text":"Ron Paul Open Letter to President Obama http:\/\/t.co\/KblTkV3B #ronpaul| Daily Paul","name":"RonPaulNews","boldText":"Ron Paul Open Letter to P<B>resident<\/B> Obama http:\/\/t.co\/KblTkV3B #ronpaul| Daily Paul"},{"possibly_sensitive":false,"place":null,"retweet_count":14,"in_reply_to_screen_name":null,"created_at":"Tue Nov 01 02:21:45 +0000 2011","retweeted":false,"in_reply_to_status_id_str":null,"in_reply_to_user_id_str":null,"user":{"time_zone":"Eastern Time (US & Canada)","profile_link_color":"b3001b","protected":false,"created_at":"Wed Apr 01 23:29:16 +0000 2009","profile_image_url_https":"https:\/\/si0.twimg.com\/profile_images\/226864434\/ron-paul_normal.jpg","name":"Ron Paul","geo_enabled":false,"favourites_count":0,"profile_background_color":"9AE4E8","default_profile_image":false,"notifications":false,"profile_background_tile":false,"utc_offset":-18000,"description":"News feed about GOP candidate Ron Paul & the Tea Party. Ron supports the Constitution, free markets, & sound money. Not authorized by Ron Paul or any committee.","statuses_count":11304,"following":true,"verified":false,"profile_sidebar_fill_color":"b9b9de","followers_count":16799,"profile_image_url":"http:\/\/a1.twimg.com\/profile_images\/226864434\/ron-paul_normal.jpg","follow_request_sent":false,"profile_sidebar_border_color":"6d85bf","location":"Washington, DC","is_translator":false,"default_profile":false,"contributors_enabled":false,"screen_name":"RonPaul_2012","profile_use_background_image":true,"url":"http:\/\/www.ronpaul2012.com","id_str":"28226033","show_all_inline_media":false,"profile_background_image_url_https":"https:\/\/si0.twimg.com\/profile_background_images\/20516134\/rp-twitter-back.jpg","profile_text_color":"1b222b","id":28226033,"listed_count":600,"lang":"en","profile_background_image_url":"http:\/\/a3.twimg.com\/profile_background_images\/20516134\/rp-twitter-back.jpg","friends_count":20},"contributors":null,"in_reply_to_status_id":null,"source":"<a href=\"http:\/\/twitterfeed.com\" rel=\"nofollow\">twitterfeed<\/a>","id_str":"131194184601313281","geo":null,"favorited":false,"id":131194184601313281,"coordinates":null,"in_reply_to_user_id":null,"truncated":false,"text":"What Would Really Happen If Ron Paul Were To Be Elected President? - Auburn Journal http:\/\/t.co\/4wAx5o9A #RonPaul #tlot #tcot","name":"RonPaul_2012","boldText":"What Would Really Happen If Ron Paul Were To Be Elected P<B>resident<\/B>? - Auburn Journal http:\/\/t.co\/4wAx5o9A #RonPaul #tlot #tcot"},{"possibly_sensitive":false,"place":null,"retweet_count":0,"in_reply_to_screen_name":null,"created_at":"Mon Oct 31 21:52:12 +0000 2011","retweeted":false,"in_reply_to_status_id_str":null,"in_reply_to_user_id_str":null,"user":{"time_zone":null,"profile_link_color":"0084B4","protected":false,"created_at":"Thu Jun 23 17:55:18 +0000 2011","profile_image_url_https":"https:\/\/si0.twimg.com\/profile_images\/1409810248\/rp_normal.png","name":"Ron Paul Supporter","default_profile":false,"geo_enabled":false,"favourites_count":0,"profile_background_color":"1c2f38","default_profile_image":false,"notifications":null,"profile_background_tile":false,"utc_offset":null,"description":"Ron Paul is a champion of the constitution and the most honest politician this world will see. Join me and support Dr.Ron Paul.  ","statuses_count":580,"following":null,"verified":false,"profile_sidebar_fill_color":"354147","followers_count":1219,"profile_image_url":"http:\/\/a1.twimg.com\/profile_images\/1409810248\/rp_normal.png","follow_request_sent":null,"profile_sidebar_border_color":"333333","location":"","is_translator":false,"contributors_enabled":false,"screen_name":"RonPaul4Liberty","profile_use_background_image":true,"url":"http:\/\/political-ticker.blogspot.com","id_str":"322754614","show_all_inline_media":false,"profile_background_image_url_https":"https:\/\/si0.twimg.com\/profile_background_images\/276471123\/twit2.jpg","profile_text_color":"ebddeb","id":322754614,"listed_count":48,"lang":"en","profile_background_image_url":"http:\/\/a1.twimg.com\/profile_background_images\/276471123\/twit2.jpg","friends_count":1472},"contributors":null,"in_reply_to_status_id":null,"source":"<a href=\"http:\/\/twitterfeed.com\" rel=\"nofollow\">twitterfeed<\/a>","id_str":"131126347258007553","geo":null,"favorited":false,"id":131126347258007553,"coordinates":null,"in_reply_to_user_id":null,"truncated":false,"text":"NOVEMBER 16TH FUNDRAISER IN VIENNA, VA: Congressman and Presidential Candidate Ron Paul will be attending a fund... http:\/\/t.co\/2G0LMBWP","name":"RonPaul4Liberty","boldText":"NOVEMBER 16TH FUNDRAISER IN VIENNA, VA: Congressman and P<B>resident<\/B>ial Candidate Ron Paul will be attending a fund... http:\/\/t.co\/2G0LMBWP"},{"possibly_sensitive":false,"place":null,"retweet_count":3,"in_reply_to_screen_name":null,"created_at":"Mon Oct 31 11:23:11 +0000 2011","retweeted":false,"in_reply_to_status_id_str":null,"in_reply_to_user_id_str":null,"user":{"time_zone":"Eastern Time (US & Canada)","profile_link_color":"0084B4","protected":false,"created_at":"Mon Mar 16 18:03:08 +0000 2009","profile_image_url_https":"https:\/\/si0.twimg.com\/profile_images\/1600896700\/paul_peace_normal.jpg","name":"Ron Paul News","default_profile":false,"geo_enabled":false,"favourites_count":0,"profile_background_color":"ffffff","default_profile_image":false,"notifications":null,"profile_background_tile":false,"utc_offset":-18000,"description":"Revolution, Liberty, Peace, Freedom, Politics, Tea Party, Conservative, Libertarian, Classical Liberal, Austrian Economics, Free Market, Anarcho-Capitalism   ","statuses_count":35015,"following":null,"verified":false,"profile_sidebar_fill_color":"DDEEF6","followers_count":6739,"profile_image_url":"http:\/\/a2.twimg.com\/profile_images\/1600896700\/paul_peace_normal.jpg","follow_request_sent":null,"profile_sidebar_border_color":"C0DEED","location":"","is_translator":false,"contributors_enabled":false,"screen_name":"RonPaulNews","profile_use_background_image":true,"url":"http:\/\/ronpaulnews.net\/","id_str":"24736981","show_all_inline_media":false,"profile_background_image_url_https":"https:\/\/si0.twimg.com\/profile_background_images\/86522558\/torch9.jpg","profile_text_color":"333333","id":24736981,"listed_count":418,"lang":"en","profile_background_image_url":"http:\/\/a0.twimg.com\/profile_background_images\/86522558\/torch9.jpg","friends_count":9},"contributors":null,"in_reply_to_status_id":null,"source":"<a href=\"http:\/\/twitterfeed.com\" rel=\"nofollow\">twitterfeed<\/a>","id_str":"130968051565871104","geo":null,"favorited":false,"id":130968051565871104,"coordinates":null,"in_reply_to_user_id":null,"truncated":false,"text":"What Would Really Happen If Ron Paul Were To Be Elected President? http:\/\/t.co\/beNHZIE1 #ronpaul| Daily Paul","name":"RonPaulNews","boldText":"What Would Really Happen If Ron Paul Were To Be Elected P<B>resident<\/B>? http:\/\/t.co\/beNHZIE1 #ronpaul| Daily Paul"},{"possibly_sensitive":false,"place":null,"retweet_count":7,"in_reply_to_screen_name":null,"created_at":"Mon Oct 31 04:05:01 +0000 2011","retweeted":false,"in_reply_to_status_id_str":null,"in_reply_to_user_id_str":null,"user":{"time_zone":"Eastern Time (US & Canada)","profile_link_color":"0084B4","protected":false,"created_at":"Mon Mar 16 18:03:08 +0000 2009","profile_image_url_https":"https:\/\/si0.twimg.com\/profile_images\/1600896700\/paul_peace_normal.jpg","name":"Ron Paul News","default_profile":false,"geo_enabled":false,"favourites_count":0,"profile_background_color":"ffffff","default_profile_image":false,"notifications":null,"profile_background_tile":false,"utc_offset":-18000,"description":"Revolution, Liberty, Peace, Freedom, Politics, Tea Party, Conservative, Libertarian, Classical Liberal, Austrian Economics, Free Market, Anarcho-Capitalism   ","statuses_count":35015,"following":null,"verified":false,"profile_sidebar_fill_color":"DDEEF6","followers_count":6739,"profile_image_url":"http:\/\/a2.twimg.com\/profile_images\/1600896700\/paul_peace_normal.jpg","follow_request_sent":null,"profile_sidebar_border_color":"C0DEED","location":"","is_translator":false,"contributors_enabled":false,"screen_name":"RonPaulNews","profile_use_background_image":true,"url":"http:\/\/ronpaulnews.net\/","id_str":"24736981","show_all_inline_media":false,"profile_background_image_url_https":"https:\/\/si0.twimg.com\/profile_background_images\/86522558\/torch9.jpg","profile_text_color":"333333","id":24736981,"listed_count":418,"lang":"en","profile_background_image_url":"http:\/\/a0.twimg.com\/profile_background_images\/86522558\/torch9.jpg","friends_count":9},"contributors":null,"in_reply_to_status_id":null,"source":"<a href=\"http:\/\/twitterfeed.com\" rel=\"nofollow\">twitterfeed<\/a>","id_str":"130857784567795712","geo":null,"favorited":false,"id":130857784567795712,"coordinates":null,"in_reply_to_user_id":null,"truncated":false,"text":"If Ron Paul Were Elected President: What would really happen? Article by Bill Sardi. http:\/\/t.co\/fV6lw0vg | LRC Daily","name":"RonPaulNews","boldText":"If Ron Paul Were Elected P<B>resident<\/B>: What would really happen? Article by Bill Sardi. http:\/\/t.co\/fV6lw0vg | LRC Daily"},{"possibly_sensitive":false,"place":null,"retweet_count":1,"in_reply_to_screen_name":null,"created_at":"Sun Oct 30 19:41:08 +0000 2011","retweeted":false,"in_reply_to_status_id_str":null,"in_reply_to_user_id_str":null,"user":{"time_zone":"Central Time (US & Canada)","profile_link_color":"0084B4","protected":false,"created_at":"Wed Sep 23 00:30:48 +0000 2009","profile_image_url_https":"https:\/\/si0.twimg.com\/profile_images\/1218516374\/rpftwitter_normal.png","name":"Ron Paul Forums","geo_enabled":false,"favourites_count":0,"profile_background_color":"C0DEED","default_profile_image":false,"notifications":null,"profile_background_tile":false,"utc_offset":-21600,"description":"To Promote the Message of Liberty, Prosperity, and Peace.","statuses_count":10739,"following":null,"verified":false,"profile_sidebar_fill_color":"DDEEF6","followers_count":3543,"profile_image_url":"http:\/\/a2.twimg.com\/profile_images\/1218516374\/rpftwitter_normal.png","follow_request_sent":null,"profile_sidebar_border_color":"C0DEED","location":"Liberty Forest","is_translator":false,"contributors_enabled":false,"screen_name":"RonPaulForums","profile_use_background_image":true,"url":"http:\/\/www.ronpaulforums.com\/index.php","id_str":"76504111","default_profile":true,"show_all_inline_media":false,"profile_background_image_url_https":"https:\/\/si0.twimg.com\/images\/themes\/theme1\/bg.png","profile_text_color":"333333","id":76504111,"listed_count":134,"lang":"en","profile_background_image_url":"http:\/\/a0.twimg.com\/images\/themes\/theme1\/bg.png","friends_count":97},"contributors":null,"in_reply_to_status_id":null,"source":"<a href=\"http:\/\/twitterfeed.com\" rel=\"nofollow\">twitterfeed<\/a>","id_str":"130730977478709248","geo":null,"favorited":false,"id":130730977478709248,"coordinates":null,"in_reply_to_user_id":null,"truncated":false,"text":"RPF: Ron Paul speaks at the NFRA Presidential Preference Convention 10\/29 http:\/\/t.co\/wYfv3Vjz","name":"RonPaulForums","boldText":"RPF: Ron Paul speaks at the NFRA P<B>resident<\/B>ial Preference Convention 10\/29 http:\/\/t.co\/wYfv3Vjz"},{"possibly_sensitive":false,"place":null,"retweet_count":5,"in_reply_to_screen_name":null,"created_at":"Sun Oct 30 16:17:51 +0000 2011","retweeted":false,"in_reply_to_status_id_str":null,"in_reply_to_user_id_str":null,"user":{"time_zone":"Eastern Time (US & Canada)","profile_link_color":"b3001b","protected":false,"created_at":"Wed Apr 01 23:29:16 +0000 2009","profile_image_url_https":"https:\/\/si0.twimg.com\/profile_images\/226864434\/ron-paul_normal.jpg","name":"Ron Paul","geo_enabled":false,"favourites_count":0,"profile_background_color":"9AE4E8","default_profile_image":false,"notifications":false,"profile_background_tile":false,"utc_offset":-18000,"description":"News feed about GOP candidate Ron Paul & the Tea Party. Ron supports the Constitution, free markets, & sound money. Not authorized by Ron Paul or any committee.","statuses_count":11304,"following":true,"verified":false,"profile_sidebar_fill_color":"b9b9de","followers_count":16801,"profile_image_url":"http:\/\/a1.twimg.com\/profile_images\/226864434\/ron-paul_normal.jpg","follow_request_sent":false,"profile_sidebar_border_color":"6d85bf","location":"Washington, DC","is_translator":false,"default_profile":false,"contributors_enabled":false,"screen_name":"RonPaul_2012","profile_use_background_image":true,"url":"http:\/\/www.ronpaul2012.com","id_str":"28226033","show_all_inline_media":false,"profile_background_image_url_https":"https:\/\/si0.twimg.com\/profile_background_images\/20516134\/rp-twitter-back.jpg","profile_text_color":"1b222b","id":28226033,"listed_count":600,"lang":"en","profile_background_image_url":"http:\/\/a3.twimg.com\/profile_background_images\/20516134\/rp-twitter-back.jpg","friends_count":20},"contributors":null,"in_reply_to_status_id":null,"source":"<a href=\"http:\/\/twitterfeed.com\" rel=\"nofollow\">twitterfeed<\/a>","id_str":"130679819867406337","geo":null,"favorited":false,"id":130679819867406337,"coordinates":null,"in_reply_to_user_id":null,"truncated":false,"text":"Tea Party group tells Bachmann to quit the presidential race - http:\/\/t.co\/jV4TYF1o http:\/\/t.co\/pXr0dez0 #TeaParty #tlot","name":"RonPaul_2012","boldText":"Tea Party group tells Bachmann to quit the p<B>resident<\/B>ial race - http:\/\/t.co\/jV4TYF1o http:\/\/t.co\/pXr0dez0 #TeaParty #tlot"},{"possibly_sensitive":false,"place":null,"retweet_count":9,"in_reply_to_screen_name":null,"created_at":"Sat Oct 29 23:12:21 +0000 2011","retweeted":false,"in_reply_to_status_id_str":null,"in_reply_to_user_id_str":null,"user":{"time_zone":"Eastern Time (US & Canada)","profile_link_color":"0084B4","protected":false,"created_at":"Mon Mar 16 18:03:08 +0000 2009","profile_image_url_https":"https:\/\/si0.twimg.com\/profile_images\/1600896700\/paul_peace_normal.jpg","name":"Ron Paul News","default_profile":false,"geo_enabled":false,"favourites_count":0,"profile_background_color":"ffffff","default_profile_image":false,"notifications":null,"profile_background_tile":false,"utc_offset":-18000,"description":"Revolution, Liberty, Peace, Freedom, Politics, Tea Party, Conservative, Libertarian, Classical Liberal, Austrian Economics, Free Market, Anarcho-Capitalism   ","statuses_count":35015,"following":null,"verified":false,"profile_sidebar_fill_color":"DDEEF6","followers_count":6739,"profile_image_url":"http:\/\/a2.twimg.com\/profile_images\/1600896700\/paul_peace_normal.jpg","follow_request_sent":null,"profile_sidebar_border_color":"C0DEED","location":"","is_translator":false,"contributors_enabled":false,"screen_name":"RonPaulNews","profile_use_background_image":true,"url":"http:\/\/ronpaulnews.net\/","id_str":"24736981","show_all_inline_media":false,"profile_background_image_url_https":"https:\/\/si0.twimg.com\/profile_background_images\/86522558\/torch9.jpg","profile_text_color":"333333","id":24736981,"listed_count":418,"lang":"en","profile_background_image_url":"http:\/\/a0.twimg.com\/profile_background_images\/86522558\/torch9.jpg","friends_count":9},"contributors":null,"in_reply_to_status_id":null,"source":"<a href=\"http:\/\/twitterfeed.com\" rel=\"nofollow\">twitterfeed<\/a>","id_str":"130421743901880320","geo":null,"favorited":false,"id":130421743901880320,"coordinates":null,"in_reply_to_user_id":null,"truncated":false,"text":"President Paul Dominates http:\/\/t.co\/18XkG0ld #ronpaul | LRPT","name":"RonPaulNews","boldText":"P<B>resident<\/B> Paul Dominates http:\/\/t.co\/18XkG0ld #ronpaul | LRPT"},{"possibly_sensitive":false,"place":null,"retweet_count":3,"in_reply_to_screen_name":null,"created_at":"Fri Oct 28 23:59:36 +0000 2011","retweeted":false,"in_reply_to_status_id_str":null,"in_reply_to_user_id_str":null,"user":{"time_zone":"Eastern Time (US & Canada)","profile_link_color":"b3001b","protected":false,"created_at":"Wed Apr 01 23:29:16 +0000 2009","profile_image_url_https":"https:\/\/si0.twimg.com\/profile_images\/226864434\/ron-paul_normal.jpg","name":"Ron Paul","geo_enabled":false,"favourites_count":0,"profile_background_color":"9AE4E8","default_profile_image":false,"notifications":false,"profile_background_tile":false,"utc_offset":-18000,"description":"News feed about GOP candidate Ron Paul & the Tea Party. Ron supports the Constitution, free markets, & sound money. Not authorized by Ron Paul or any committee.","statuses_count":11304,"following":true,"verified":false,"profile_sidebar_fill_color":"b9b9de","followers_count":16799,"profile_image_url":"http:\/\/a1.twimg.com\/profile_images\/226864434\/ron-paul_normal.jpg","follow_request_sent":false,"profile_sidebar_border_color":"6d85bf","location":"Washington, DC","is_translator":false,"default_profile":false,"contributors_enabled":false,"screen_name":"RonPaul_2012","profile_use_background_image":true,"url":"http:\/\/www.ronpaul2012.com","id_str":"28226033","show_all_inline_media":false,"profile_background_image_url_https":"https:\/\/si0.twimg.com\/profile_background_images\/20516134\/rp-twitter-back.jpg","profile_text_color":"1b222b","id":28226033,"listed_count":600,"lang":"en","profile_background_image_url":"http:\/\/a3.twimg.com\/profile_background_images\/20516134\/rp-twitter-back.jpg","friends_count":20},"contributors":null,"in_reply_to_status_id":null,"source":"<a href=\"http:\/\/twitterfeed.com\" rel=\"nofollow\">twitterfeed<\/a>","id_str":"130071246154121216","geo":null,"favorited":false,"id":130071246154121216,"coordinates":null,"in_reply_to_user_id":null,"truncated":false,"text":"Tea party group to Bachmann: Quit the presidential race - CNN (blog) http:\/\/t.co\/KyTbL2o7 #TeaParty #tlot","name":"RonPaul_2012","boldText":"Tea party group to Bachmann: Quit the p<B>resident<\/B>ial race - CNN (blog) http:\/\/t.co\/KyTbL2o7 #TeaParty #tlot"},{"possibly_sensitive":false,"place":null,"retweet_count":9,"in_reply_to_screen_name":null,"created_at":"Fri Oct 28 21:29:45 +0000 2011","retweeted":false,"in_reply_to_status_id_str":null,"in_reply_to_user_id_str":null,"user":{"time_zone":"Eastern Time (US & Canada)","profile_link_color":"b3001b","protected":false,"created_at":"Wed Apr 01 23:29:16 +0000 2009","profile_image_url_https":"https:\/\/si0.twimg.com\/profile_images\/226864434\/ron-paul_normal.jpg","name":"Ron Paul","geo_enabled":false,"favourites_count":0,"profile_background_color":"9AE4E8","default_profile_image":false,"notifications":false,"profile_background_tile":false,"utc_offset":-18000,"description":"News feed about GOP candidate Ron Paul & the Tea Party. Ron supports the Constitution, free markets, & sound money. Not authorized by Ron Paul or any committee.","statuses_count":11304,"following":true,"verified":false,"profile_sidebar_fill_color":"b9b9de","followers_count":16797,"profile_image_url":"http:\/\/a1.twimg.com\/profile_images\/226864434\/ron-paul_normal.jpg","follow_request_sent":false,"profile_sidebar_border_color":"6d85bf","location":"Washington, DC","is_translator":false,"contributors_enabled":false,"screen_name":"RonPaul_2012","profile_use_background_image":true,"url":"http:\/\/www.ronpaul2012.com","id_str":"28226033","default_profile":false,"show_all_inline_media":false,"profile_background_image_url_https":"https:\/\/si0.twimg.com\/profile_background_images\/20516134\/rp-twitter-back.jpg","profile_text_color":"1b222b","id":28226033,"listed_count":600,"lang":"en","profile_background_image_url":"http:\/\/a3.twimg.com\/profile_background_images\/20516134\/rp-twitter-back.jpg","friends_count":20},"contributors":null,"in_reply_to_status_id":null,"source":"<a href=\"http:\/\/twitterfeed.com\" rel=\"nofollow\">twitterfeed<\/a>","id_str":"130033534273466369","geo":null,"favorited":false,"id":130033534273466369,"coordinates":null,"in_reply_to_user_id":null,"truncated":false,"text":"Ron Paul should run for president as a third-party candidate - The Hill (blog) http:\/\/t.co\/V5IB28fJ #RonPaul #tlot #tcot","name":"RonPaul_2012","boldText":"Ron Paul should run for p<B>resident<\/B> as a third-party candidate - The Hill (blog) http:\/\/t.co\/V5IB28fJ #RonPaul #tlot #tcot"},{"possibly_sensitive":false,"place":null,"retweet_count":2,"in_reply_to_screen_name":null,"created_at":"Thu Oct 27 14:44:43 +0000 2011","retweeted":false,"in_reply_to_status_id_str":null,"in_reply_to_user_id_str":null,"user":{"time_zone":"Eastern Time (US & Canada)","profile_link_color":"0084B4","protected":false,"created_at":"Mon Mar 16 18:03:08 +0000 2009","profile_image_url_https":"https:\/\/si0.twimg.com\/profile_images\/1600896700\/paul_peace_normal.jpg","name":"Ron Paul News","default_profile":false,"geo_enabled":false,"favourites_count":0,"profile_background_color":"ffffff","default_profile_image":false,"notifications":null,"profile_background_tile":false,"utc_offset":-18000,"description":"Revolution, Liberty, Peace, Freedom, Politics, Tea Party, Conservative, Libertarian, Classical Liberal, Austrian Economics, Free Market, Anarcho-Capitalism   ","statuses_count":35015,"following":null,"verified":false,"profile_sidebar_fill_color":"DDEEF6","followers_count":6739,"profile_image_url":"http:\/\/a2.twimg.com\/profile_images\/1600896700\/paul_peace_normal.jpg","follow_request_sent":null,"profile_sidebar_border_color":"C0DEED","location":"","is_translator":false,"contributors_enabled":false,"screen_name":"RonPaulNews","profile_use_background_image":true,"url":"http:\/\/ronpaulnews.net\/","id_str":"24736981","show_all_inline_media":false,"profile_background_image_url_https":"https:\/\/si0.twimg.com\/profile_background_images\/86522558\/torch9.jpg","profile_text_color":"333333","id":24736981,"listed_count":418,"lang":"en","profile_background_image_url":"http:\/\/a0.twimg.com\/profile_background_images\/86522558\/torch9.jpg","friends_count":9},"contributors":null,"in_reply_to_status_id":null,"source":"<a href=\"http:\/\/twitterfeed.com\" rel=\"nofollow\">twitterfeed<\/a>","id_str":"129569217933615104","geo":null,"favorited":false,"id":129569217933615104,"coordinates":null,"in_reply_to_user_id":null,"truncated":false,"text":"Get FREE Tickets to the Republican Presidential Debate at Wofford College, SC http:\/\/t.co\/EbLxBeOJ #ronpaul| Daily Paul","name":"RonPaulNews","boldText":"Get FREE Tickets to the Republican P<B>resident<\/B>ial Debate at Wofford College, SC http:\/\/t.co\/EbLxBeOJ #ronpaul| Daily Paul"},{"possibly_sensitive":false,"place":null,"retweet_count":7,"in_reply_to_screen_name":null,"created_at":"Tue Oct 25 20:23:37 +0000 2011","retweeted":false,"in_reply_to_status_id_str":null,"in_reply_to_user_id_str":null,"user":{"time_zone":"Eastern Time (US & Canada)","profile_link_color":"0084B4","protected":false,"created_at":"Mon Mar 16 18:03:08 +0000 2009","profile_image_url_https":"https:\/\/si0.twimg.com\/profile_images\/1600896700\/paul_peace_normal.jpg","name":"Ron Paul News","default_profile":false,"geo_enabled":false,"favourites_count":0,"profile_background_color":"ffffff","default_profile_image":false,"notifications":null,"profile_background_tile":false,"utc_offset":-18000,"description":"Revolution, Liberty, Peace, Freedom, Politics, Tea Party, Conservative, Libertarian, Classical Liberal, Austrian Economics, Free Market, Anarcho-Capitalism   ","statuses_count":35015,"following":null,"verified":false,"profile_sidebar_fill_color":"DDEEF6","followers_count":6739,"profile_image_url":"http:\/\/a2.twimg.com\/profile_images\/1600896700\/paul_peace_normal.jpg","follow_request_sent":null,"profile_sidebar_border_color":"C0DEED","location":"","is_translator":false,"contributors_enabled":false,"screen_name":"RonPaulNews","profile_use_background_image":true,"url":"http:\/\/ronpaulnews.net\/","id_str":"24736981","show_all_inline_media":false,"profile_background_image_url_https":"https:\/\/si0.twimg.com\/profile_background_images\/86522558\/torch9.jpg","profile_text_color":"333333","id":24736981,"listed_count":418,"lang":"en","profile_background_image_url":"http:\/\/a0.twimg.com\/profile_background_images\/86522558\/torch9.jpg","friends_count":9},"contributors":null,"in_reply_to_status_id":null,"source":"<a href=\"http:\/\/twitterfeed.com\" rel=\"nofollow\">twitterfeed<\/a>","id_str":"128929731189026816","geo":null,"favorited":false,"id":128929731189026816,"coordinates":null,"in_reply_to_user_id":null,"truncated":false,"text":"Presidential Candidate Says Electoral Process Hijacked http:\/\/t.co\/YhJhOZ1D #ronpaul| Daily Paul","name":"RonPaulNews","boldText":"P<B>resident<\/B>ial Candidate Says Electoral Process Hijacked http:\/\/t.co\/YhJhOZ1D #ronpaul| Daily Paul"},{"possibly_sensitive":false,"place":null,"retweet_count":2,"in_reply_to_screen_name":null,"created_at":"Mon Oct 24 23:34:27 +0000 2011","retweeted":false,"in_reply_to_status_id_str":null,"in_reply_to_user_id_str":null,"user":{"time_zone":null,"profile_link_color":"0084B4","protected":false,"created_at":"Thu Jun 23 17:55:18 +0000 2011","profile_image_url_https":"https:\/\/si0.twimg.com\/profile_images\/1409810248\/rp_normal.png","name":"Ron Paul Supporter","default_profile":false,"geo_enabled":false,"favourites_count":0,"profile_background_color":"1c2f38","default_profile_image":false,"notifications":null,"profile_background_tile":false,"utc_offset":null,"description":"Ron Paul is a champion of the constitution and the most honest politician this world will see. Join me and support Dr.Ron Paul.  ","statuses_count":580,"following":null,"verified":false,"profile_sidebar_fill_color":"354147","followers_count":1219,"profile_image_url":"http:\/\/a1.twimg.com\/profile_images\/1409810248\/rp_normal.png","follow_request_sent":null,"profile_sidebar_border_color":"333333","location":"","is_translator":false,"contributors_enabled":false,"screen_name":"RonPaul4Liberty","profile_use_background_image":true,"url":"http:\/\/political-ticker.blogspot.com","id_str":"322754614","show_all_inline_media":false,"profile_background_image_url_https":"https:\/\/si0.twimg.com\/profile_background_images\/276471123\/twit2.jpg","profile_text_color":"ebddeb","id":322754614,"listed_count":48,"lang":"en","profile_background_image_url":"http:\/\/a1.twimg.com\/profile_background_images\/276471123\/twit2.jpg","friends_count":1472},"contributors":null,"in_reply_to_status_id":null,"source":"<a href=\"http:\/\/twitterfeed.com\" rel=\"nofollow\">twitterfeed<\/a>","id_str":"128615367936454656","geo":null,"favorited":false,"id":128615367936454656,"coordinates":null,"in_reply_to_user_id":null,"truncated":false,"text":"Ron Paul: As President I\u2019ll Bring the Troops Home Immediately! http:\/\/t.co\/uZf4rsG3","name":"RonPaul4Liberty","boldText":"Ron Paul: As P<B>resident<\/B> I\u2019ll Bring the Troops Home Immediately! http:\/\/t.co\/uZf4rsG3"},{"possibly_sensitive":false,"place":null,"retweet_count":3,"in_reply_to_screen_name":null,"created_at":"Fri Oct 21 03:38:31 +0000 2011","retweeted":false,"in_reply_to_status_id_str":null,"in_reply_to_user_id_str":null,"user":{"time_zone":"Central Time (US & Canada)","profile_link_color":"0084B4","protected":false,"created_at":"Wed Sep 23 00:30:48 +0000 2009","profile_image_url_https":"https:\/\/si0.twimg.com\/profile_images\/1218516374\/rpftwitter_normal.png","name":"Ron Paul Forums","geo_enabled":false,"favourites_count":0,"profile_background_color":"C0DEED","default_profile_image":false,"notifications":null,"profile_background_tile":false,"utc_offset":-21600,"description":"To Promote the Message of Liberty, Prosperity, and Peace.","statuses_count":10739,"following":null,"verified":false,"profile_sidebar_fill_color":"DDEEF6","followers_count":3543,"profile_image_url":"http:\/\/a2.twimg.com\/profile_images\/1218516374\/rpftwitter_normal.png","follow_request_sent":null,"profile_sidebar_border_color":"C0DEED","location":"Liberty Forest","is_translator":false,"contributors_enabled":false,"screen_name":"RonPaulForums","profile_use_background_image":true,"url":"http:\/\/www.ronpaulforums.com\/index.php","id_str":"76504111","default_profile":true,"show_all_inline_media":false,"profile_background_image_url_https":"https:\/\/si0.twimg.com\/images\/themes\/theme1\/bg.png","profile_text_color":"333333","id":76504111,"listed_count":134,"lang":"en","profile_background_image_url":"http:\/\/a0.twimg.com\/images\/themes\/theme1\/bg.png","friends_count":97},"contributors":null,"in_reply_to_status_id":null,"source":"<a href=\"http:\/\/twitterfeed.com\" rel=\"nofollow\">twitterfeed<\/a>","id_str":"127227237383680000","geo":null,"favorited":false,"id":127227237383680000,"coordinates":null,"in_reply_to_user_id":null,"truncated":false,"text":"RPF: This is hilarious!  GOP Presidential Debate (different ending) http:\/\/t.co\/r3ZHQJcy","name":"RonPaulForums","boldText":"RPF: This is hilarious!  GOP P<B>resident<\/B>ial Debate (different ending) http:\/\/t.co\/r3ZHQJcy"},{"possibly_sensitive":false,"place":null,"retweet_count":0,"in_reply_to_screen_name":null,"created_at":"Thu Oct 20 16:13:11 +0000 2011","retweeted":false,"in_reply_to_status_id_str":null,"in_reply_to_user_id_str":null,"user":{"time_zone":null,"profile_link_color":"0084B4","protected":false,"created_at":"Thu Jun 23 17:55:18 +0000 2011","profile_image_url_https":"https:\/\/si0.twimg.com\/profile_images\/1409810248\/rp_normal.png","name":"Ron Paul Supporter","default_profile":false,"geo_enabled":false,"favourites_count":0,"profile_background_color":"1c2f38","default_profile_image":false,"notifications":null,"profile_background_tile":false,"utc_offset":null,"description":"Ron Paul is a champion of the constitution and the most honest politician this world will see. Join me and support Dr.Ron Paul.  ","statuses_count":580,"following":null,"verified":false,"profile_sidebar_fill_color":"354147","followers_count":1219,"profile_image_url":"http:\/\/a1.twimg.com\/profile_images\/1409810248\/rp_normal.png","follow_request_sent":null,"profile_sidebar_border_color":"333333","location":"","is_translator":false,"contributors_enabled":false,"screen_name":"RonPaul4Liberty","profile_use_background_image":true,"url":"http:\/\/political-ticker.blogspot.com","id_str":"322754614","show_all_inline_media":false,"profile_background_image_url_https":"https:\/\/si0.twimg.com\/profile_background_images\/276471123\/twit2.jpg","profile_text_color":"ebddeb","id":322754614,"listed_count":48,"lang":"en","profile_background_image_url":"http:\/\/a1.twimg.com\/profile_background_images\/276471123\/twit2.jpg","friends_count":1472},"contributors":null,"in_reply_to_status_id":null,"source":"<a href=\"http:\/\/twitterfeed.com\" rel=\"nofollow\">twitterfeed<\/a>","id_str":"127054766365880321","geo":null,"favorited":false,"id":127054766365880321,"coordinates":null,"in_reply_to_user_id":null,"truncated":false,"text":"Ron Paul is Pure American Conservatism: The Los Angeles Times contrasts Ron Paul with the other presidential can... http:\/\/t.co\/73G7jcUg","name":"RonPaul4Liberty","boldText":"Ron Paul is Pure American Conservatism: The Los Angeles Times contrasts Ron Paul with the other p<B>resident<\/B>ial can... http:\/\/t.co\/73G7jcUg"},{"possibly_sensitive":false,"place":null,"retweet_count":0,"in_reply_to_screen_name":null,"created_at":"Thu Oct 20 15:32:15 +0000 2011","retweeted":false,"in_reply_to_status_id_str":null,"in_reply_to_user_id_str":null,"user":{"time_zone":null,"profile_link_color":"0084B4","protected":false,"created_at":"Thu Jun 23 17:55:18 +0000 2011","profile_image_url_https":"https:\/\/si0.twimg.com\/profile_images\/1409810248\/rp_normal.png","name":"Ron Paul Supporter","default_profile":false,"geo_enabled":false,"favourites_count":0,"profile_background_color":"1c2f38","default_profile_image":false,"notifications":null,"profile_background_tile":false,"utc_offset":null,"description":"Ron Paul is a champion of the constitution and the most honest politician this world will see. Join me and support Dr.Ron Paul.  ","statuses_count":580,"following":null,"verified":false,"profile_sidebar_fill_color":"354147","followers_count":1219,"profile_image_url":"http:\/\/a1.twimg.com\/profile_images\/1409810248\/rp_normal.png","follow_request_sent":null,"profile_sidebar_border_color":"333333","location":"","is_translator":false,"contributors_enabled":false,"screen_name":"RonPaul4Liberty","profile_use_background_image":true,"url":"http:\/\/political-ticker.blogspot.com","id_str":"322754614","show_all_inline_media":false,"profile_background_image_url_https":"https:\/\/si0.twimg.com\/profile_background_images\/276471123\/twit2.jpg","profile_text_color":"ebddeb","id":322754614,"listed_count":48,"lang":"en","profile_background_image_url":"http:\/\/a1.twimg.com\/profile_background_images\/276471123\/twit2.jpg","friends_count":1472},"contributors":null,"in_reply_to_status_id":null,"source":"<a href=\"http:\/\/twitterfeed.com\" rel=\"nofollow\">twitterfeed<\/a>","id_str":"127044466430316544","geo":null,"favorited":false,"id":127044466430316544,"coordinates":null,"in_reply_to_user_id":null,"truncated":false,"text":"Ron Paul Presidential Campaign Announces Major New Ad Buy: Two new ads capture momentum following\u00a0\u2018Plan to Resto... http:\/\/t.co\/KMlHi8aC","name":"RonPaul4Liberty","boldText":"Ron Paul P<B>resident<\/B>ial Campaign Announces Major New Ad Buy: Two new ads capture momentum following\u00a0\u2018Plan to Resto... http:\/\/t.co\/KMlHi8aC"},{"possibly_sensitive":false,"place":null,"retweet_count":2,"in_reply_to_screen_name":null,"created_at":"Wed Oct 19 21:34:32 +0000 2011","retweeted":false,"in_reply_to_status_id_str":null,"in_reply_to_user_id_str":null,"user":{"time_zone":null,"profile_link_color":"0084B4","protected":false,"created_at":"Thu Jun 23 17:55:18 +0000 2011","profile_image_url_https":"https:\/\/si0.twimg.com\/profile_images\/1409810248\/rp_normal.png","name":"Ron Paul Supporter","default_profile":false,"geo_enabled":false,"favourites_count":0,"profile_background_color":"1c2f38","default_profile_image":false,"notifications":null,"profile_background_tile":false,"utc_offset":null,"description":"Ron Paul is a champion of the constitution and the most honest politician this world will see. Join me and support Dr.Ron Paul.  ","statuses_count":580,"following":null,"verified":false,"profile_sidebar_fill_color":"354147","followers_count":1219,"profile_image_url":"http:\/\/a1.twimg.com\/profile_images\/1409810248\/rp_normal.png","follow_request_sent":null,"profile_sidebar_border_color":"333333","location":"","is_translator":false,"contributors_enabled":false,"screen_name":"RonPaul4Liberty","profile_use_background_image":true,"url":"http:\/\/political-ticker.blogspot.com","id_str":"322754614","show_all_inline_media":false,"profile_background_image_url_https":"https:\/\/si0.twimg.com\/profile_background_images\/276471123\/twit2.jpg","profile_text_color":"ebddeb","id":322754614,"listed_count":48,"lang":"en","profile_background_image_url":"http:\/\/a1.twimg.com\/profile_background_images\/276471123\/twit2.jpg","friends_count":1472},"contributors":null,"in_reply_to_status_id":null,"source":"<a href=\"http:\/\/twitterfeed.com\" rel=\"nofollow\">twitterfeed<\/a>","id_str":"126773247135059969","geo":null,"favorited":false,"id":126773247135059969,"coordinates":null,"in_reply_to_user_id":null,"truncated":false,"text":"Ron Paul: Preserve Social Security Benefits, Cut Foreign Spending, End Wasteful Agencies http:\/\/t.co\/ywv2d83e","name":"RonPaul4Liberty","boldText":"Ron Paul: Preserve Social <B>Security<\/B> Benefits, Cut Foreign Spending, End Wasteful Agencies http:\/\/t.co\/ywv2d83e"},{"possibly_sensitive":false,"place":null,"retweet_count":2,"in_reply_to_screen_name":null,"created_at":"Wed Oct 19 02:31:31 +0000 2011","retweeted":false,"in_reply_to_status_id_str":null,"in_reply_to_user_id_str":null,"user":{"time_zone":"Eastern Time (US & Canada)","profile_link_color":"b3001b","protected":false,"created_at":"Wed Apr 01 23:29:16 +0000 2009","profile_image_url_https":"https:\/\/si0.twimg.com\/profile_images\/226864434\/ron-paul_normal.jpg","name":"Ron Paul","geo_enabled":false,"favourites_count":0,"profile_background_color":"9AE4E8","default_profile_image":false,"notifications":null,"profile_background_tile":false,"utc_offset":-18000,"description":"News feed about GOP candidate Ron Paul & the Tea Party. Ron supports the Constitution, free markets, & sound money. Not authorized by Ron Paul or any committee.","default_profile":false,"statuses_count":11304,"following":null,"verified":false,"profile_sidebar_fill_color":"b9b9de","followers_count":16799,"profile_image_url":"http:\/\/a1.twimg.com\/profile_images\/226864434\/ron-paul_normal.jpg","follow_request_sent":null,"profile_sidebar_border_color":"6d85bf","location":"Washington, DC","is_translator":false,"contributors_enabled":false,"screen_name":"RonPaul_2012","profile_use_background_image":true,"url":"http:\/\/www.ronpaul2012.com","id_str":"28226033","show_all_inline_media":false,"profile_background_image_url_https":"https:\/\/si0.twimg.com\/profile_background_images\/20516134\/rp-twitter-back.jpg","profile_text_color":"1b222b","id":28226033,"listed_count":600,"lang":"en","profile_background_image_url":"http:\/\/a3.twimg.com\/profile_background_images\/20516134\/rp-twitter-back.jpg","friends_count":20},"contributors":null,"in_reply_to_status_id":null,"source":"<a href=\"http:\/\/twitterfeed.com\" rel=\"nofollow\">twitterfeed<\/a>","id_str":"126485601015967746","geo":null,"favorited":false,"id":126485601015967746,"coordinates":null,"in_reply_to_user_id":null,"truncated":false,"text":"GOP Presidential Debate: What Hollywood Is Saying - Hollywood Reporter http:\/\/t.co\/e5ZkwkBN #RonPaul #tlot #tcot","name":"RonPaul_2012","boldText":"GOP P<B>resident<\/B>ial Debate: What Hollywood Is Saying - Hollywood Reporter http:\/\/t.co\/e5ZkwkBN #RonPaul #tlot #tcot"},{"possibly_sensitive":false,"place":null,"retweet_count":1,"in_reply_to_screen_name":null,"created_at":"Sun Oct 16 05:04:25 +0000 2011","retweeted":false,"in_reply_to_status_id_str":null,"in_reply_to_user_id_str":null,"user":{"time_zone":null,"profile_link_color":"0084B4","protected":false,"created_at":"Thu Jun 23 17:55:18 +0000 2011","profile_image_url_https":"https:\/\/si0.twimg.com\/profile_images\/1409810248\/rp_normal.png","name":"Ron Paul Supporter","default_profile":false,"geo_enabled":false,"favourites_count":0,"profile_background_color":"1c2f38","default_profile_image":false,"notifications":null,"profile_background_tile":false,"utc_offset":null,"description":"Ron Paul is a champion of the constitution and the most honest politician this world will see. Join me and support Dr.Ron Paul.  ","statuses_count":580,"following":null,"verified":false,"profile_sidebar_fill_color":"354147","followers_count":1219,"profile_image_url":"http:\/\/a1.twimg.com\/profile_images\/1409810248\/rp_normal.png","follow_request_sent":null,"profile_sidebar_border_color":"333333","location":"","is_translator":false,"contributors_enabled":false,"screen_name":"RonPaul4Liberty","profile_use_background_image":true,"url":"http:\/\/political-ticker.blogspot.com","id_str":"322754614","show_all_inline_media":false,"profile_background_image_url_https":"https:\/\/si0.twimg.com\/profile_background_images\/276471123\/twit2.jpg","profile_text_color":"ebddeb","id":322754614,"listed_count":48,"lang":"en","profile_background_image_url":"http:\/\/a1.twimg.com\/profile_background_images\/276471123\/twit2.jpg","friends_count":1472},"contributors":null,"in_reply_to_status_id":null,"source":"<a href=\"http:\/\/twitterfeed.com\" rel=\"nofollow\">twitterfeed<\/a>","id_str":"125436913040625665","geo":null,"favorited":false,"id":125436913040625665,"coordinates":null,"in_reply_to_user_id":null,"truncated":false,"text":"\u2018Youth for Ron Paul\u2019 Nevada Kickoff Rally: Presidential candidate Ron Paul will speak at UNLV at the Thomas & Ma... http:\/\/t.co\/leg1msUy","name":"RonPaul4Liberty","boldText":"\u2018Youth for Ron Paul\u2019 Nevada Kickoff Rally: P<B>resident<\/B>ial candidate Ron Paul will speak at UNLV at the Thomas & Ma... http:\/\/t.co\/leg1msUy"},{"possibly_sensitive":false,"place":null,"retweet_count":0,"in_reply_to_screen_name":null,"created_at":"Thu Oct 13 16:44:47 +0000 2011","retweeted":false,"in_reply_to_status_id_str":null,"in_reply_to_user_id_str":null,"user":{"time_zone":null,"profile_link_color":"0084B4","protected":false,"created_at":"Thu Jun 23 17:55:18 +0000 2011","profile_image_url_https":"https:\/\/si0.twimg.com\/profile_images\/1409810248\/rp_normal.png","name":"Ron Paul Supporter","default_profile":false,"geo_enabled":false,"favourites_count":0,"profile_background_color":"1c2f38","default_profile_image":false,"notifications":null,"profile_background_tile":false,"utc_offset":null,"description":"Ron Paul is a champion of the constitution and the most honest politician this world will see. Join me and support Dr.Ron Paul.  ","statuses_count":580,"following":null,"verified":false,"profile_sidebar_fill_color":"354147","followers_count":1219,"profile_image_url":"http:\/\/a1.twimg.com\/profile_images\/1409810248\/rp_normal.png","follow_request_sent":null,"profile_sidebar_border_color":"333333","location":"","is_translator":false,"contributors_enabled":false,"screen_name":"RonPaul4Liberty","profile_use_background_image":true,"url":"http:\/\/political-ticker.blogspot.com","id_str":"322754614","show_all_inline_media":false,"profile_background_image_url_https":"https:\/\/si0.twimg.com\/profile_background_images\/276471123\/twit2.jpg","profile_text_color":"ebddeb","id":322754614,"listed_count":48,"lang":"en","profile_background_image_url":"http:\/\/a1.twimg.com\/profile_background_images\/276471123\/twit2.jpg","friends_count":1472},"contributors":null,"in_reply_to_status_id":null,"source":"<a href=\"http:\/\/twitterfeed.com\" rel=\"nofollow\">twitterfeed<\/a>","id_str":"124526001580548096","geo":null,"favorited":false,"id":124526001580548096,"coordinates":null,"in_reply_to_user_id":null,"truncated":false,"text":"Iowa Faith and Freedom Coalition Presidential Candidate Forum: Congressman Ron Paul will attend the Iowa Faith a... http:\/\/t.co\/CRawt08y","name":"RonPaul4Liberty","boldText":"Iowa Faith and Freedom Coalition P<B>resident<\/B>ial Candidate Forum: Congressman Ron Paul will attend the Iowa Faith a... http:\/\/t.co\/CRawt08y"},{"possibly_sensitive":false,"place":null,"retweet_count":4,"in_reply_to_screen_name":null,"created_at":"Sat Oct 08 23:04:56 +0000 2011","retweeted":false,"in_reply_to_status_id_str":null,"in_reply_to_user_id_str":null,"user":{"time_zone":null,"profile_link_color":"0084B4","protected":false,"created_at":"Thu Jun 23 17:55:18 +0000 2011","profile_image_url_https":"https:\/\/si0.twimg.com\/profile_images\/1409810248\/rp_normal.png","name":"Ron Paul Supporter","default_profile":false,"geo_enabled":false,"favourites_count":0,"profile_background_color":"1c2f38","default_profile_image":false,"notifications":null,"profile_background_tile":false,"utc_offset":null,"description":"Ron Paul is a champion of the constitution and the most honest politician this world will see. Join me and support Dr.Ron Paul.  ","statuses_count":580,"following":null,"verified":false,"profile_sidebar_fill_color":"354147","followers_count":1219,"profile_image_url":"http:\/\/a1.twimg.com\/profile_images\/1409810248\/rp_normal.png","follow_request_sent":null,"profile_sidebar_border_color":"333333","location":"","is_translator":false,"contributors_enabled":false,"screen_name":"RonPaul4Liberty","profile_use_background_image":true,"url":"http:\/\/political-ticker.blogspot.com","id_str":"322754614","show_all_inline_media":false,"profile_background_image_url_https":"https:\/\/si0.twimg.com\/profile_background_images\/276471123\/twit2.jpg","profile_text_color":"ebddeb","id":322754614,"listed_count":48,"lang":"en","profile_background_image_url":"http:\/\/a1.twimg.com\/profile_background_images\/276471123\/twit2.jpg","friends_count":1472},"contributors":null,"in_reply_to_status_id":null,"source":"<a href=\"http:\/\/twitterfeed.com\" rel=\"nofollow\">twitterfeed<\/a>","id_str":"122809732649066496","geo":null,"favorited":false,"id":122809732649066496,"coordinates":null,"in_reply_to_user_id":null,"truncated":false,"text":"Ron Paul Wins Value Voters Summit Presidential Straw Poll with 36.9% of the Vote http:\/\/t.co\/OUwpyax3","name":"RonPaul4Liberty","boldText":"Ron Paul Wins Value Voters Summit P<B>resident<\/B>ial Straw Poll with 36.9% of the Vote http:\/\/t.co\/OUwpyax3"},{"possibly_sensitive":false,"place":null,"retweet_count":0,"in_reply_to_screen_name":null,"created_at":"Fri Oct 07 22:05:49 +0000 2011","retweeted":false,"in_reply_to_status_id_str":null,"in_reply_to_user_id_str":null,"user":{"time_zone":null,"profile_link_color":"0084B4","protected":false,"created_at":"Thu Jun 23 17:55:18 +0000 2011","profile_image_url_https":"https:\/\/si0.twimg.com\/profile_images\/1409810248\/rp_normal.png","name":"Ron Paul Supporter","default_profile":false,"geo_enabled":false,"favourites_count":0,"profile_background_color":"1c2f38","default_profile_image":false,"notifications":null,"profile_background_tile":false,"utc_offset":null,"description":"Ron Paul is a champion of the constitution and the most honest politician this world will see. Join me and support Dr.Ron Paul.  ","statuses_count":580,"following":null,"verified":false,"profile_sidebar_fill_color":"354147","followers_count":1219,"profile_image_url":"http:\/\/a1.twimg.com\/profile_images\/1409810248\/rp_normal.png","follow_request_sent":null,"profile_sidebar_border_color":"333333","location":"","is_translator":false,"contributors_enabled":false,"screen_name":"RonPaul4Liberty","profile_use_background_image":true,"url":"http:\/\/political-ticker.blogspot.com","id_str":"322754614","show_all_inline_media":false,"profile_background_image_url_https":"https:\/\/si0.twimg.com\/profile_background_images\/276471123\/twit2.jpg","profile_text_color":"ebddeb","id":322754614,"listed_count":48,"lang":"en","profile_background_image_url":"http:\/\/a1.twimg.com\/profile_background_images\/276471123\/twit2.jpg","friends_count":1472},"contributors":null,"in_reply_to_status_id":null,"source":"<a href=\"http:\/\/twitterfeed.com\" rel=\"nofollow\">twitterfeed<\/a>","id_str":"122432466135945216","geo":null,"favorited":false,"id":122432466135945216,"coordinates":null,"in_reply_to_user_id":null,"truncated":false,"text":"Secure America\u2019s Borders Now!  (New Ron Paul Ad) http:\/\/t.co\/pyE9rVRc","name":"RonPaul4Liberty","boldText":"Secure America\u2019s <B>Border<\/B>s Now!  (New Ron Paul Ad) http:\/\/t.co\/pyE9rVRc"},{"possibly_sensitive":false,"place":null,"retweet_count":1,"in_reply_to_screen_name":null,"created_at":"Fri Oct 07 15:31:50 +0000 2011","retweeted":false,"in_reply_to_status_id_str":null,"in_reply_to_user_id_str":null,"user":{"time_zone":"Central Time (US & Canada)","profile_link_color":"0084B4","protected":false,"created_at":"Wed Sep 23 00:30:48 +0000 2009","profile_image_url_https":"https:\/\/si0.twimg.com\/profile_images\/1218516374\/rpftwitter_normal.png","name":"Ron Paul Forums","geo_enabled":false,"favourites_count":0,"profile_background_color":"C0DEED","default_profile_image":false,"notifications":null,"profile_background_tile":false,"utc_offset":-21600,"description":"To Promote the Message of Liberty, Prosperity, and Peace.","statuses_count":10739,"following":null,"verified":false,"profile_sidebar_fill_color":"DDEEF6","followers_count":3543,"profile_image_url":"http:\/\/a2.twimg.com\/profile_images\/1218516374\/rpftwitter_normal.png","follow_request_sent":null,"profile_sidebar_border_color":"C0DEED","location":"Liberty Forest","is_translator":false,"contributors_enabled":false,"screen_name":"RonPaulForums","profile_use_background_image":true,"url":"http:\/\/www.ronpaulforums.com\/index.php","id_str":"76504111","default_profile":true,"show_all_inline_media":false,"profile_background_image_url_https":"https:\/\/si0.twimg.com\/images\/themes\/theme1\/bg.png","profile_text_color":"333333","id":76504111,"listed_count":134,"lang":"en","profile_background_image_url":"http:\/\/a0.twimg.com\/images\/themes\/theme1\/bg.png","friends_count":97},"contributors":null,"in_reply_to_status_id":null,"source":"<a href=\"http:\/\/twitterfeed.com\" rel=\"nofollow\">twitterfeed<\/a>","id_str":"122333319286366208","geo":null,"favorited":false,"id":122333319286366208,"coordinates":null,"in_reply_to_user_id":null,"truncated":false,"text":"RPF: NEW AD - Ron Paul 2012 TV ad: 'Start protecting America's borders' http:\/\/t.co\/qhR6YqzB","name":"RonPaulForums","boldText":"RPF: NEW AD - Ron Paul 2012 TV ad: 'Start protecting America's <B>border<\/B>s' http:\/\/t.co\/qhR6YqzB"},{"possibly_sensitive":false,"place":null,"retweet_count":1,"in_reply_to_screen_name":null,"created_at":"Tue Oct 04 13:48:20 +0000 2011","retweeted":false,"in_reply_to_status_id_str":null,"in_reply_to_user_id_str":null,"user":{"time_zone":null,"profile_link_color":"0084B4","protected":false,"default_profile":false,"created_at":"Thu Jun 23 17:55:18 +0000 2011","profile_image_url_https":"https:\/\/si0.twimg.com\/profile_images\/1409810248\/rp_normal.png","name":"Ron Paul Supporter","geo_enabled":false,"favourites_count":0,"profile_background_color":"1c2f38","default_profile_image":false,"notifications":null,"profile_background_tile":false,"utc_offset":null,"description":"Ron Paul is a champion of the constitution and the most honest politician this world will see. Join me and support Dr.Ron Paul.  ","statuses_count":580,"following":null,"verified":false,"profile_sidebar_fill_color":"354147","followers_count":1219,"profile_image_url":"http:\/\/a1.twimg.com\/profile_images\/1409810248\/rp_normal.png","follow_request_sent":null,"profile_sidebar_border_color":"333333","location":"","is_translator":false,"contributors_enabled":false,"screen_name":"RonPaul4Liberty","profile_use_background_image":true,"url":"http:\/\/political-ticker.blogspot.com","id_str":"322754614","show_all_inline_media":false,"profile_background_image_url_https":"https:\/\/si0.twimg.com\/profile_background_images\/276471123\/twit2.jpg","profile_text_color":"ebddeb","id":322754614,"listed_count":48,"lang":"en","profile_background_image_url":"http:\/\/a1.twimg.com\/profile_background_images\/276471123\/twit2.jpg","friends_count":1472},"contributors":null,"in_reply_to_status_id":null,"source":"<a href=\"http:\/\/twitterfeed.com\" rel=\"nofollow\">twitterfeed<\/a>","id_str":"121220109015592960","geo":null,"favorited":false,"id":121220109015592960,"coordinates":null,"in_reply_to_user_id":null,"truncated":false,"text":"Dartmouth College Presidential Debate: Dartmouth College Presidential Debate, sponsored by Bloomberg, The Washin... http:\/\/t.co\/AnsO7LAh","name":"RonPaul4Liberty","boldText":"Dartmouth College P<B>resident<\/B>ial Debate: Dartmouth College P<B>resident<\/B>ial Debate, sponsored by Bloomberg, The Washin... http:\/\/t.co\/AnsO7LAh"},{"possibly_sensitive":false,"place":null,"retweet_count":1,"in_reply_to_screen_name":null,"created_at":"Sun Oct 02 23:35:04 +0000 2011","retweeted":false,"in_reply_to_status_id_str":null,"in_reply_to_user_id_str":null,"user":{"time_zone":null,"profile_link_color":"0084B4","protected":false,"default_profile":false,"created_at":"Thu Jun 23 17:55:18 +0000 2011","profile_image_url_https":"https:\/\/si0.twimg.com\/profile_images\/1409810248\/rp_normal.png","name":"Ron Paul Supporter","geo_enabled":false,"favourites_count":0,"profile_background_color":"1c2f38","default_profile_image":false,"notifications":null,"profile_background_tile":false,"utc_offset":null,"description":"Ron Paul is a champion of the constitution and the most honest politician this world will see. Join me and support Dr.Ron Paul.  ","statuses_count":580,"following":null,"verified":false,"profile_sidebar_fill_color":"354147","followers_count":1219,"profile_image_url":"http:\/\/a1.twimg.com\/profile_images\/1409810248\/rp_normal.png","follow_request_sent":null,"profile_sidebar_border_color":"333333","location":"","is_translator":false,"contributors_enabled":false,"screen_name":"RonPaul4Liberty","profile_use_background_image":true,"url":"http:\/\/political-ticker.blogspot.com","id_str":"322754614","show_all_inline_media":false,"profile_background_image_url_https":"https:\/\/si0.twimg.com\/profile_background_images\/276471123\/twit2.jpg","profile_text_color":"ebddeb","id":322754614,"listed_count":48,"lang":"en","profile_background_image_url":"http:\/\/a1.twimg.com\/profile_background_images\/276471123\/twit2.jpg","friends_count":1472},"contributors":null,"in_reply_to_status_id":null,"source":"<a href=\"http:\/\/twitterfeed.com\" rel=\"nofollow\">twitterfeed<\/a>","id_str":"120642989403017216","geo":null,"favorited":false,"id":120642989403017216,"coordinates":null,"in_reply_to_user_id":null,"truncated":false,"text":"al-Awlaki and Richard Jewell: In an op-ed for today\u2019s New York Daily News, Ron Paul writes: \u201cAs President, I wou... http:\/\/t.co\/pq56dRkh","name":"RonPaul4Liberty","boldText":"al-Awlaki and Richard Jewell: In an op-ed for today\u2019s New York Daily News, Ron Paul writes: \u201cAs P<B>resident<\/B>, I wou... http:\/\/t.co\/pq56dRkh"},{"possibly_sensitive":false,"place":null,"retweet_count":1,"in_reply_to_screen_name":null,"created_at":"Fri Sep 30 15:23:34 +0000 2011","retweeted":false,"in_reply_to_status_id_str":null,"in_reply_to_user_id_str":null,"user":{"time_zone":null,"profile_link_color":"0084B4","protected":false,"default_profile":false,"created_at":"Thu Jun 23 17:55:18 +0000 2011","profile_image_url_https":"https:\/\/si0.twimg.com\/profile_images\/1409810248\/rp_normal.png","name":"Ron Paul Supporter","geo_enabled":false,"favourites_count":0,"profile_background_color":"1c2f38","default_profile_image":false,"notifications":null,"profile_background_tile":false,"utc_offset":null,"description":"Ron Paul is a champion of the constitution and the most honest politician this world will see. Join me and support Dr.Ron Paul.  ","statuses_count":580,"following":null,"verified":false,"profile_sidebar_fill_color":"354147","followers_count":1219,"profile_image_url":"http:\/\/a1.twimg.com\/profile_images\/1409810248\/rp_normal.png","follow_request_sent":null,"profile_sidebar_border_color":"333333","location":"","is_translator":false,"contributors_enabled":false,"screen_name":"RonPaul4Liberty","profile_use_background_image":true,"url":"http:\/\/political-ticker.blogspot.com","id_str":"322754614","show_all_inline_media":false,"profile_background_image_url_https":"https:\/\/si0.twimg.com\/profile_background_images\/276471123\/twit2.jpg","profile_text_color":"ebddeb","id":322754614,"listed_count":48,"lang":"en","profile_background_image_url":"http:\/\/a1.twimg.com\/profile_background_images\/276471123\/twit2.jpg","friends_count":1472},"contributors":null,"in_reply_to_status_id":null,"source":"<a href=\"http:\/\/twitterfeed.com\" rel=\"nofollow\">twitterfeed<\/a>","id_str":"119794522178859008","geo":null,"favorited":false,"id":119794522178859008,"coordinates":null,"in_reply_to_user_id":null,"truncated":false,"text":"Final Push: Many of the top headlines beginning next week will be about how much money the various presidential ... http:\/\/t.co\/cmrLBEKM","name":"RonPaul4Liberty","boldText":"Final Push: Many of the top headlines beginning next week will be about how much money the various p<B>resident<\/B>ial ... http:\/\/t.co\/cmrLBEKM"},{"possibly_sensitive":false,"place":null,"retweet_count":1,"in_reply_to_screen_name":null,"created_at":"Tue Sep 27 20:20:20 +0000 2011","retweeted":false,"in_reply_to_status_id_str":null,"in_reply_to_user_id_str":null,"user":{"time_zone":null,"profile_link_color":"0084B4","protected":false,"default_profile":false,"created_at":"Thu Jun 23 17:55:18 +0000 2011","profile_image_url_https":"https:\/\/si0.twimg.com\/profile_images\/1409810248\/rp_normal.png","name":"Ron Paul Supporter","geo_enabled":false,"favourites_count":0,"profile_background_color":"1c2f38","default_profile_image":false,"notifications":null,"profile_background_tile":false,"utc_offset":null,"description":"Ron Paul is a champion of the constitution and the most honest politician this world will see. Join me and support Dr.Ron Paul.  ","statuses_count":580,"following":null,"verified":false,"profile_sidebar_fill_color":"354147","followers_count":1219,"profile_image_url":"http:\/\/a1.twimg.com\/profile_images\/1409810248\/rp_normal.png","follow_request_sent":null,"profile_sidebar_border_color":"333333","location":"","is_translator":false,"contributors_enabled":false,"screen_name":"RonPaul4Liberty","profile_use_background_image":true,"url":"http:\/\/political-ticker.blogspot.com","id_str":"322754614","show_all_inline_media":false,"profile_background_image_url_https":"https:\/\/si0.twimg.com\/profile_background_images\/276471123\/twit2.jpg","profile_text_color":"ebddeb","id":322754614,"listed_count":48,"lang":"en","profile_background_image_url":"http:\/\/a1.twimg.com\/profile_background_images\/276471123\/twit2.jpg","friends_count":1472},"contributors":null,"in_reply_to_status_id":null,"source":"<a href=\"http:\/\/twitterfeed.com\" rel=\"nofollow\">twitterfeed<\/a>","id_str":"118782042526855168","geo":null,"favorited":false,"id":118782042526855168,"coordinates":null,"in_reply_to_user_id":null,"truncated":false,"text":"Ron Paul Bests Obama in Latest Poll: Shows Paul beating President in head-to-head matchup LAKE JACKSON, Texas \u2013 ... http:\/\/t.co\/KFL79rGa","name":"RonPaul4Liberty","boldText":"Ron Paul Bests Obama in Latest Poll: Shows Paul beating P<B>resident<\/B> in head-to-head matchup LAKE JACKSON, Texas \u2013 ... http:\/\/t.co\/KFL79rGa"},{"possibly_sensitive":false,"place":null,"retweet_count":3,"in_reply_to_screen_name":null,"created_at":"Tue Sep 27 18:11:33 +0000 2011","retweeted":false,"in_reply_to_status_id_str":null,"in_reply_to_user_id_str":null,"user":{"time_zone":null,"profile_link_color":"0084B4","protected":false,"default_profile":false,"created_at":"Thu Jun 23 17:55:18 +0000 2011","profile_image_url_https":"https:\/\/si0.twimg.com\/profile_images\/1409810248\/rp_normal.png","name":"Ron Paul Supporter","geo_enabled":false,"favourites_count":0,"profile_background_color":"1c2f38","default_profile_image":false,"notifications":null,"profile_background_tile":false,"utc_offset":null,"description":"Ron Paul is a champion of the constitution and the most honest politician this world will see. Join me and support Dr.Ron Paul.  ","statuses_count":580,"following":null,"verified":false,"profile_sidebar_fill_color":"354147","followers_count":1219,"profile_image_url":"http:\/\/a1.twimg.com\/profile_images\/1409810248\/rp_normal.png","follow_request_sent":null,"profile_sidebar_border_color":"333333","location":"","is_translator":false,"contributors_enabled":false,"screen_name":"RonPaul4Liberty","profile_use_background_image":true,"url":"http:\/\/political-ticker.blogspot.com","id_str":"322754614","show_all_inline_media":false,"profile_background_image_url_https":"https:\/\/si0.twimg.com\/profile_background_images\/276471123\/twit2.jpg","profile_text_color":"ebddeb","id":322754614,"listed_count":48,"lang":"en","profile_background_image_url":"http:\/\/a1.twimg.com\/profile_background_images\/276471123\/twit2.jpg","friends_count":1472},"contributors":null,"in_reply_to_status_id":null,"source":"<a href=\"http:\/\/twitterfeed.com\" rel=\"nofollow\">twitterfeed<\/a>","id_str":"118749634364575745","geo":null,"favorited":false,"id":118749634364575745,"coordinates":null,"in_reply_to_user_id":null,"truncated":false,"text":"Ron Paul at CNN\/Western Republican Presidential Debate: Congressman Ron Paul will attend the CNN\/Western Republi... http:\/\/t.co\/lukIF1Fi","name":"RonPaul4Liberty","boldText":"Ron Paul at CNN\/Western Republican P<B>resident<\/B>ial Debate: Congressman Ron Paul will attend the CNN\/Western Republi... http:\/\/t.co\/lukIF1Fi"},{"possibly_sensitive":false,"place":null,"retweet_count":0,"in_reply_to_screen_name":null,"created_at":"Fri Sep 23 17:30:00 +0000 2011","retweeted":false,"in_reply_to_status_id_str":null,"in_reply_to_user_id_str":null,"user":{"time_zone":null,"profile_link_color":"0084B4","protected":false,"default_profile":false,"created_at":"Thu Jun 23 17:55:18 +0000 2011","profile_image_url_https":"https:\/\/si0.twimg.com\/profile_images\/1409810248\/rp_normal.png","name":"Ron Paul Supporter","geo_enabled":false,"favourites_count":0,"profile_background_color":"1c2f38","default_profile_image":false,"notifications":null,"profile_background_tile":false,"utc_offset":null,"description":"Ron Paul is a champion of the constitution and the most honest politician this world will see. Join me and support Dr.Ron Paul.  ","statuses_count":580,"following":null,"verified":false,"profile_sidebar_fill_color":"354147","followers_count":1219,"profile_image_url":"http:\/\/a1.twimg.com\/profile_images\/1409810248\/rp_normal.png","follow_request_sent":null,"profile_sidebar_border_color":"333333","location":"","is_translator":false,"contributors_enabled":false,"screen_name":"RonPaul4Liberty","profile_use_background_image":true,"url":"http:\/\/political-ticker.blogspot.com","id_str":"322754614","show_all_inline_media":false,"profile_background_image_url_https":"https:\/\/si0.twimg.com\/profile_background_images\/276471123\/twit2.jpg","profile_text_color":"ebddeb","id":322754614,"listed_count":48,"lang":"en","profile_background_image_url":"http:\/\/a1.twimg.com\/profile_background_images\/276471123\/twit2.jpg","friends_count":1472},"contributors":null,"in_reply_to_status_id":null,"source":"<a href=\"http:\/\/twitterfeed.com\" rel=\"nofollow\">twitterfeed<\/a>","id_str":"117289627492167681","geo":null,"favorited":false,"id":117289627492167681,"coordinates":null,"in_reply_to_user_id":null,"truncated":false,"text":"Flavors of the Moment: When Republican voters became excited upon Rick Perry\u2019s entrance into the presidential el... http:\/\/t.co\/0WviEBVk","name":"RonPaul4Liberty","boldText":"Flavors of the Moment: When Republican voters became excited upon Rick Perry\u2019s entrance into the p<B>resident<\/B>ial el... http:\/\/t.co\/0WviEBVk"},{"possibly_sensitive":false,"place":null,"retweet_count":31,"in_reply_to_screen_name":null,"created_at":"Fri Sep 23 02:04:50 +0000 2011","retweeted":false,"in_reply_to_status_id_str":null,"in_reply_to_user_id_str":null,"user":{"time_zone":"Eastern Time (US & Canada)","profile_link_color":"de0a22","protected":false,"created_at":"Sun Apr 24 23:20:55 +0000 2011","profile_image_url_https":"https:\/\/si0.twimg.com\/profile_images\/1536214068\/Avatar4_normal.jpg","name":"Ron Paul","geo_enabled":false,"favourites_count":0,"profile_background_color":"ed1d24","default_profile_image":false,"notifications":false,"profile_background_tile":false,"utc_offset":-18000,"description":"Congressman from Texas and champion of the Constitution. ","statuses_count":480,"following":false,"verified":true,"profile_sidebar_fill_color":"ffffff","followers_count":95786,"profile_image_url":"http:\/\/a2.twimg.com\/profile_images\/1536214068\/Avatar4_normal.jpg","follow_request_sent":false,"profile_sidebar_border_color":"C0DEED","location":"Clute, TX \/ Washington D.C.","is_translator":false,"default_profile":false,"contributors_enabled":false,"screen_name":"RonPaul","profile_use_background_image":true,"url":"http:\/\/www.ronpaul2012.com","id_str":"287413569","show_all_inline_media":false,"profile_background_image_url_https":"https:\/\/si0.twimg.com\/profile_background_images\/284623100\/BG.png","profile_text_color":"333333","id":287413569,"listed_count":1718,"lang":"en","profile_background_image_url":"http:\/\/a0.twimg.com\/profile_background_images\/284623100\/BG.png","friends_count":130},"contributors":null,"in_reply_to_status_id":null,"source":"<a href=\"http:\/\/www.hootsuite.com\" rel=\"nofollow\">HootSuite<\/a>","id_str":"117056797973553152","geo":null,"favorited":false,"id":117056797973553152,"coordinates":null,"in_reply_to_user_id":null,"truncated":false,"text":"\"Two Texans on Illegal Immigration\" a blog by Jack Hunter: http:\/\/ht.ly\/6Cs9L -- #GOPdebate #foxdebate #tcot #RonPaul #GOP2012","name":"RonPaul","boldText":"\"Two Texans on Illegal <B>Immigration<\/B>\" a blog by Jack Hunter: http:\/\/ht.ly\/6Cs9L -- #GOPdebate #foxdebate #tcot #RonPaul #GOP2012"},{"place":null,"retweet_count":"100+","in_reply_to_screen_name":null,"created_at":"Fri Sep 23 02:02:11 +0000 2011","retweeted":false,"in_reply_to_status_id_str":null,"in_reply_to_user_id_str":null,"user":{"time_zone":"Eastern Time (US & Canada)","profile_link_color":"de0a22","protected":false,"default_profile":false,"created_at":"Sun Apr 24 23:20:55 +0000 2011","profile_image_url_https":"https:\/\/si0.twimg.com\/profile_images\/1536214068\/Avatar4_normal.jpg","name":"Ron Paul","geo_enabled":false,"favourites_count":0,"profile_background_color":"ed1d24","default_profile_image":false,"notifications":null,"profile_background_tile":false,"utc_offset":-18000,"description":"Congressman from Texas and champion of the Constitution. ","statuses_count":482,"following":null,"verified":true,"profile_sidebar_fill_color":"ffffff","followers_count":95805,"profile_image_url":"http:\/\/a2.twimg.com\/profile_images\/1536214068\/Avatar4_normal.jpg","follow_request_sent":null,"profile_sidebar_border_color":"C0DEED","location":"Clute, TX \/ Washington D.C.","is_translator":false,"contributors_enabled":false,"screen_name":"RonPaul","profile_use_background_image":true,"url":"http:\/\/www.ronpaul2012.com","id_str":"287413569","show_all_inline_media":false,"profile_background_image_url_https":"https:\/\/si0.twimg.com\/profile_background_images\/284623100\/BG.png","profile_text_color":"333333","id":287413569,"listed_count":1718,"lang":"en","profile_background_image_url":"http:\/\/a0.twimg.com\/profile_background_images\/284623100\/BG.png","friends_count":140},"contributors":null,"in_reply_to_status_id":null,"source":"<a href=\"http:\/\/www.hootsuite.com\" rel=\"nofollow\">HootSuite<\/a>","id_str":"117056132387848193","geo":null,"favorited":false,"id":117056132387848193,"coordinates":null,"in_reply_to_user_id":null,"truncated":false,"text":"There should be no free education, subsides, or birthright citizenship for illegal immigrants. #GOPdebate #foxdebate #tcot #tlot #RonPaul","name":"RonPaul","boldText":"There should be no free education, subsides, or birthright <B>citizenship<\/B> for illegal immigrants. #GOPdebate #foxdebate #tcot #tlot #RonPaul"},{"place":null,"retweet_count":"100+","in_reply_to_screen_name":null,"created_at":"Fri Sep 23 01:22:57 +0000 2011","retweeted":false,"in_reply_to_status_id_str":null,"in_reply_to_user_id_str":null,"user":{"time_zone":"Eastern Time (US & Canada)","profile_link_color":"de0a22","protected":false,"created_at":"Sun Apr 24 23:20:55 +0000 2011","profile_image_url_https":"https:\/\/si0.twimg.com\/profile_images\/1536214068\/Avatar4_normal.jpg","name":"Ron Paul","geo_enabled":false,"favourites_count":0,"profile_background_color":"ed1d24","default_profile_image":false,"notifications":false,"profile_background_tile":false,"utc_offset":-18000,"description":"Congressman from Texas and champion of the Constitution. ","statuses_count":480,"following":false,"verified":true,"profile_sidebar_fill_color":"ffffff","followers_count":95786,"profile_image_url":"http:\/\/a2.twimg.com\/profile_images\/1536214068\/Avatar4_normal.jpg","follow_request_sent":false,"profile_sidebar_border_color":"C0DEED","location":"Clute, TX \/ Washington D.C.","is_translator":false,"default_profile":false,"contributors_enabled":false,"screen_name":"RonPaul","profile_use_background_image":true,"url":"http:\/\/www.ronpaul2012.com","id_str":"287413569","show_all_inline_media":false,"profile_background_image_url_https":"https:\/\/si0.twimg.com\/profile_background_images\/284623100\/BG.png","profile_text_color":"333333","id":287413569,"listed_count":1718,"lang":"en","profile_background_image_url":"http:\/\/a0.twimg.com\/profile_background_images\/284623100\/BG.png","friends_count":130},"contributors":null,"in_reply_to_status_id":null,"source":"<a href=\"http:\/\/www.hootsuite.com\" rel=\"nofollow\">HootSuite<\/a>","id_str":"117046261412151296","geo":null,"favorited":false,"id":117046261412151296,"coordinates":null,"in_reply_to_user_id":null,"truncated":false,"text":"It's the responsibility of the President to veto every bill that violates the 10th Amendment #RonPaul #GOP2012 #tcot #GOPDebate #foxdebate","name":"RonPaul","boldText":"It's the responsibility of the P<B>resident<\/B> to veto every bill that violates the 10th Amendment #RonPaul #GOP2012 #tcot #GOPDebate #foxdebate"},{"possibly_sensitive":false,"place":null,"retweet_count":55,"in_reply_to_screen_name":null,"created_at":"Tue Sep 20 19:03:07 +0000 2011","retweeted":false,"in_reply_to_status_id_str":null,"in_reply_to_user_id_str":null,"user":{"time_zone":"Eastern Time (US & Canada)","profile_link_color":"de0a22","protected":false,"created_at":"Sun Apr 24 23:20:55 +0000 2011","profile_image_url_https":"https:\/\/si0.twimg.com\/profile_images\/1536214068\/Avatar4_normal.jpg","name":"Ron Paul","geo_enabled":false,"favourites_count":0,"profile_background_color":"ed1d24","default_profile_image":false,"notifications":false,"profile_background_tile":false,"utc_offset":-18000,"description":"Congressman from Texas and champion of the Constitution. ","statuses_count":480,"following":false,"verified":true,"profile_sidebar_fill_color":"ffffff","followers_count":95786,"profile_image_url":"http:\/\/a2.twimg.com\/profile_images\/1536214068\/Avatar4_normal.jpg","follow_request_sent":false,"profile_sidebar_border_color":"C0DEED","location":"Clute, TX \/ Washington D.C.","is_translator":false,"default_profile":false,"contributors_enabled":false,"screen_name":"RonPaul","profile_use_background_image":true,"url":"http:\/\/www.ronpaul2012.com","id_str":"287413569","show_all_inline_media":false,"profile_background_image_url_https":"https:\/\/si0.twimg.com\/profile_background_images\/284623100\/BG.png","profile_text_color":"333333","id":287413569,"listed_count":1718,"lang":"en","profile_background_image_url":"http:\/\/a0.twimg.com\/profile_background_images\/284623100\/BG.png","friends_count":130},"contributors":null,"in_reply_to_status_id":null,"source":"<a href=\"http:\/\/www.hootsuite.com\" rel=\"nofollow\">HootSuite<\/a>","id_str":"116225893885681664","geo":null,"favorited":false,"id":116225893885681664,"coordinates":null,"in_reply_to_user_id":null,"truncated":false,"text":"\u201cNational Security\u201d One-Third of Budget - a blog by Jack Hunter: http:\/\/ht.ly\/6zR36 ..... #RonPaul #GOP2012 #tcot #tlot #teaparty","name":"RonPaul","boldText":"\u201cNational <B>Security<\/B>\u201d One-Third of Budget - a blog by Jack Hunter: http:\/\/ht.ly\/6zR36 ..... #RonPaul #GOP2012 #tcot #tlot #teaparty"},{"possibly_sensitive":false,"place":null,"retweet_count":"100+","in_reply_to_screen_name":null,"created_at":"Tue Sep 20 17:37:07 +0000 2011","retweeted":false,"in_reply_to_status_id_str":null,"in_reply_to_user_id_str":null,"user":{"time_zone":"Eastern Time (US & Canada)","profile_link_color":"de0a22","protected":false,"created_at":"Sun Apr 24 23:20:55 +0000 2011","profile_image_url_https":"https:\/\/si0.twimg.com\/profile_images\/1536214068\/Avatar4_normal.jpg","name":"Ron Paul","geo_enabled":false,"favourites_count":0,"profile_background_color":"ed1d24","default_profile_image":false,"notifications":false,"profile_background_tile":false,"utc_offset":-18000,"description":"Congressman from Texas and champion of the Constitution. ","statuses_count":480,"following":false,"verified":true,"profile_sidebar_fill_color":"ffffff","followers_count":95786,"profile_image_url":"http:\/\/a2.twimg.com\/profile_images\/1536214068\/Avatar4_normal.jpg","follow_request_sent":false,"profile_sidebar_border_color":"C0DEED","location":"Clute, TX \/ Washington D.C.","is_translator":false,"default_profile":false,"contributors_enabled":false,"screen_name":"RonPaul","profile_use_background_image":true,"url":"http:\/\/www.ronpaul2012.com","id_str":"287413569","show_all_inline_media":false,"profile_background_image_url_https":"https:\/\/si0.twimg.com\/profile_background_images\/284623100\/BG.png","profile_text_color":"333333","id":287413569,"listed_count":1718,"lang":"en","profile_background_image_url":"http:\/\/a0.twimg.com\/profile_background_images\/284623100\/BG.png","friends_count":130},"contributors":null,"in_reply_to_status_id":null,"source":"<a href=\"http:\/\/www.hootsuite.com\" rel=\"nofollow\">HootSuite<\/a>","id_str":"116204250975055872","geo":null,"favorited":false,"id":116204250975055872,"coordinates":null,"in_reply_to_user_id":null,"truncated":false,"text":"OPEN LETTER To President @BarackObama Re Cuts To Veterans' Benefits: http:\/\/ht.ly\/6zJFt - #RonPaul #military #GOP2012 #tcot #teaparty","name":"RonPaul","boldText":"OPEN LETTER To P<B>resident<\/B> @BarackObama Re Cuts To Veterans' Benefits: http:\/\/ht.ly\/6zJFt - #RonPaul #military #GOP2012 #tcot #teaparty"},{"possibly_sensitive":false,"place":null,"retweet_count":2,"in_reply_to_screen_name":null,"created_at":"Sat Aug 20 00:27:32 +0000 2011","retweeted":false,"in_reply_to_status_id_str":null,"in_reply_to_user_id_str":null,"user":{"time_zone":"Central Time (US & Canada)","profile_link_color":"0084B4","protected":false,"created_at":"Wed Sep 23 00:30:48 +0000 2009","profile_image_url_https":"https:\/\/si0.twimg.com\/profile_images\/1218516374\/rpftwitter_normal.png","name":"Ron Paul Forums","geo_enabled":false,"favourites_count":0,"profile_background_color":"C0DEED","default_profile_image":false,"notifications":null,"profile_background_tile":false,"utc_offset":-21600,"description":"To Promote the Message of Liberty, Prosperity, and Peace.","statuses_count":10739,"following":null,"verified":false,"profile_sidebar_fill_color":"DDEEF6","followers_count":3543,"profile_image_url":"http:\/\/a2.twimg.com\/profile_images\/1218516374\/rpftwitter_normal.png","follow_request_sent":null,"profile_sidebar_border_color":"C0DEED","location":"Liberty Forest","is_translator":false,"contributors_enabled":false,"screen_name":"RonPaulForums","profile_use_background_image":true,"url":"http:\/\/www.ronpaulforums.com\/index.php","id_str":"76504111","default_profile":true,"show_all_inline_media":false,"profile_background_image_url_https":"https:\/\/si0.twimg.com\/images\/themes\/theme1\/bg.png","profile_text_color":"333333","id":76504111,"listed_count":134,"lang":"en","profile_background_image_url":"http:\/\/a0.twimg.com\/images\/themes\/theme1\/bg.png","friends_count":97},"contributors":null,"in_reply_to_status_id":null,"source":"<a href=\"http:\/\/twitterfeed.com\" rel=\"nofollow\">twitterfeed<\/a>","id_str":"104711126415187969","geo":null,"favorited":false,"id":104711126415187969,"coordinates":null,"in_reply_to_user_id":null,"truncated":false,"text":"RPF: Paul on Fox: The Most Important Thing is The President Tells The Truth http:\/\/t.co\/fjYFtvd","name":"RonPaulForums","boldText":"RPF: Paul on Fox: The Most Important Thing is The P<B>resident<\/B> Tells The Truth http:\/\/t.co\/fjYFtvd"},{"possibly_sensitive":false,"place":null,"retweet_count":90,"in_reply_to_screen_name":null,"created_at":"Mon Jun 06 17:35:41 +0000 2011","retweeted":false,"in_reply_to_status_id_str":null,"in_reply_to_user_id_str":null,"user":{"time_zone":"Quito","profile_link_color":"0084B4","protected":false,"created_at":"Thu Sep 24 15:31:34 +0000 2009","profile_image_url_https":"https:\/\/si0.twimg.com\/profile_images\/433694808\/Dr_Paul_small_normal.jpg","name":"Ron Paul","geo_enabled":false,"favourites_count":5,"profile_background_color":"022330","default_profile_image":false,"notifications":null,"profile_background_tile":false,"utc_offset":-18000,"description":"Congressman Ron Paul","statuses_count":379,"following":null,"verified":true,"profile_sidebar_fill_color":"C0DFEC","followers_count":75028,"profile_image_url":"http:\/\/a2.twimg.com\/profile_images\/433694808\/Dr_Paul_small_normal.jpg","follow_request_sent":null,"profile_sidebar_border_color":"a8c7f7","location":"Lake Jackson, TX","is_translator":false,"default_profile":false,"contributors_enabled":false,"screen_name":"RepRonPaul","profile_use_background_image":true,"url":"http:\/\/www.house.gov\/paul","id_str":"76966145","show_all_inline_media":false,"profile_background_image_url_https":"https:\/\/si0.twimg.com\/images\/themes\/theme15\/bg.png","profile_text_color":"333333","id":76966145,"listed_count":3294,"lang":"en","profile_background_image_url":"http:\/\/a0.twimg.com\/images\/themes\/theme15\/bg.png","friends_count":166},"contributors":null,"in_reply_to_status_id":null,"source":"web","id_str":"77790778943995905","geo":null,"favorited":false,"id":77790778943995905,"coordinates":null,"in_reply_to_user_id":null,"truncated":false,"text":"New column - \"Holding the President Accountable on Libya\"  http:\/\/bit.ly\/jUumDU","name":"RepRonPaul","boldText":"New column - \"Holding the P<B>resident<\/B> Accountable on Libya\"  http:\/\/bit.ly\/jUumDU"},{"possibly_sensitive":false,"place":null,"retweet_count":83,"in_reply_to_screen_name":null,"created_at":"Thu May 12 18:01:14 +0000 2011","retweeted":false,"in_reply_to_status_id_str":null,"in_reply_to_user_id_str":null,"user":{"time_zone":"Quito","profile_link_color":"0084B4","protected":false,"created_at":"Thu Sep 24 15:31:34 +0000 2009","profile_image_url_https":"https:\/\/si0.twimg.com\/profile_images\/433694808\/Dr_Paul_small_normal.jpg","name":"Ron Paul","geo_enabled":false,"favourites_count":5,"profile_background_color":"022330","default_profile_image":false,"notifications":null,"profile_background_tile":false,"utc_offset":-18000,"description":"Congressman Ron Paul","statuses_count":379,"following":null,"verified":true,"profile_sidebar_fill_color":"C0DFEC","followers_count":75028,"profile_image_url":"http:\/\/a2.twimg.com\/profile_images\/433694808\/Dr_Paul_small_normal.jpg","follow_request_sent":null,"profile_sidebar_border_color":"a8c7f7","location":"Lake Jackson, TX","is_translator":false,"default_profile":false,"contributors_enabled":false,"screen_name":"RepRonPaul","profile_use_background_image":true,"url":"http:\/\/www.house.gov\/paul","id_str":"76966145","show_all_inline_media":false,"profile_background_image_url_https":"https:\/\/si0.twimg.com\/images\/themes\/theme15\/bg.png","profile_text_color":"333333","id":76966145,"listed_count":3295,"lang":"en","profile_background_image_url":"http:\/\/a0.twimg.com\/images\/themes\/theme15\/bg.png","friends_count":166},"contributors":null,"in_reply_to_status_id":null,"source":"web","id_str":"68737511324790784","geo":null,"favorited":false,"id":68737511324790784,"coordinates":null,"in_reply_to_user_id":null,"truncated":false,"text":"Local government in my district providing an excellent example for Social Security reform  http:\/\/onforb.es\/jAHS8O","name":"RepRonPaul","boldText":"Local government in my district providing an excellent example for Social <B>Security<\/B> reform  http:\/\/onforb.es\/jAHS8O"},{"possibly_sensitive":false,"place":null,"retweet_count":72,"in_reply_to_screen_name":null,"created_at":"Tue May 10 15:37:48 +0000 2011","retweeted":false,"in_reply_to_status_id_str":null,"in_reply_to_user_id_str":null,"user":{"time_zone":"Quito","profile_link_color":"0084B4","protected":false,"created_at":"Thu Sep 24 15:31:34 +0000 2009","profile_image_url_https":"https:\/\/si0.twimg.com\/profile_images\/433694808\/Dr_Paul_small_normal.jpg","name":"Ron Paul","geo_enabled":false,"favourites_count":5,"profile_background_color":"022330","default_profile_image":false,"notifications":null,"profile_background_tile":false,"utc_offset":-18000,"description":"Congressman Ron Paul","statuses_count":379,"following":null,"verified":true,"profile_sidebar_fill_color":"C0DFEC","followers_count":75028,"profile_image_url":"http:\/\/a2.twimg.com\/profile_images\/433694808\/Dr_Paul_small_normal.jpg","follow_request_sent":null,"profile_sidebar_border_color":"a8c7f7","location":"Lake Jackson, TX","is_translator":false,"default_profile":false,"contributors_enabled":false,"screen_name":"RepRonPaul","profile_use_background_image":true,"url":"http:\/\/www.house.gov\/paul","id_str":"76966145","show_all_inline_media":false,"profile_background_image_url_https":"https:\/\/si0.twimg.com\/images\/themes\/theme15\/bg.png","profile_text_color":"333333","id":76966145,"listed_count":3295,"lang":"en","profile_background_image_url":"http:\/\/a0.twimg.com\/images\/themes\/theme15\/bg.png","friends_count":166},"contributors":null,"in_reply_to_status_id":null,"source":"web","id_str":"67976640474513409","geo":null,"favorited":false,"id":67976640474513409,"coordinates":null,"in_reply_to_user_id":null,"truncated":false,"text":"A good summary of my position on immigration here http:\/\/bit.ly\/kYuWx4","name":"RepRonPaul","boldText":"A good summary of my position on <B>immigration<\/B> here http:\/\/bit.ly\/kYuWx4"}]