[{"possibly_sensitive":false,"place":null,"retweet_count":2,"in_reply_to_screen_name":null,"created_at":"Wed Oct 19 21:34:32 +0000 2011","retweeted":false,"in_reply_to_status_id_str":null,"in_reply_to_user_id_str":null,"user":{"time_zone":null,"profile_link_color":"0084B4","protected":false,"created_at":"Thu Jun 23 17:55:18 +0000 2011","profile_image_url_https":"https:\/\/si0.twimg.com\/profile_images\/1409810248\/rp_normal.png","name":"Ron Paul Supporter","default_profile":false,"geo_enabled":false,"favourites_count":0,"profile_background_color":"1c2f38","default_profile_image":false,"notifications":null,"profile_background_tile":false,"utc_offset":null,"description":"Ron Paul is a champion of the constitution and the most honest politician this world will see. Join me and support Dr.Ron Paul.  ","statuses_count":580,"following":null,"verified":false,"profile_sidebar_fill_color":"354147","followers_count":1219,"profile_image_url":"http:\/\/a1.twimg.com\/profile_images\/1409810248\/rp_normal.png","follow_request_sent":null,"profile_sidebar_border_color":"333333","location":"","is_translator":false,"contributors_enabled":false,"screen_name":"RonPaul4Liberty","profile_use_background_image":true,"url":"http:\/\/political-ticker.blogspot.com","id_str":"322754614","show_all_inline_media":false,"profile_background_image_url_https":"https:\/\/si0.twimg.com\/profile_background_images\/276471123\/twit2.jpg","profile_text_color":"ebddeb","id":322754614,"listed_count":48,"lang":"en","profile_background_image_url":"http:\/\/a1.twimg.com\/profile_background_images\/276471123\/twit2.jpg","friends_count":1472},"contributors":null,"in_reply_to_status_id":null,"source":"<a href=\"http:\/\/twitterfeed.com\" rel=\"nofollow\">twitterfeed<\/a>","id_str":"126773247135059969","geo":null,"favorited":false,"id":126773247135059969,"coordinates":null,"in_reply_to_user_id":null,"truncated":false,"text":"Ron Paul: Preserve Social Security Benefits, Cut Foreign Spending, End Wasteful Agencies http:\/\/t.co\/ywv2d83e","name":"RonPaul4Liberty","boldText":"Ron Paul: Preserve Social Security <B>Benefits<\/B>, Cut Foreign Spending, End Wasteful Agencies http:\/\/t.co\/ywv2d83e"},{"possibly_sensitive":false,"place":null,"retweet_count":"100+","in_reply_to_screen_name":null,"created_at":"Tue Sep 20 17:37:07 +0000 2011","retweeted":false,"in_reply_to_status_id_str":null,"in_reply_to_user_id_str":null,"user":{"time_zone":"Eastern Time (US & Canada)","profile_link_color":"de0a22","protected":false,"created_at":"Sun Apr 24 23:20:55 +0000 2011","profile_image_url_https":"https:\/\/si0.twimg.com\/profile_images\/1536214068\/Avatar4_normal.jpg","name":"Ron Paul","geo_enabled":false,"favourites_count":0,"profile_background_color":"ed1d24","default_profile_image":false,"notifications":false,"profile_background_tile":false,"utc_offset":-18000,"description":"Congressman from Texas and champion of the Constitution. ","statuses_count":480,"following":false,"verified":true,"profile_sidebar_fill_color":"ffffff","followers_count":95786,"profile_image_url":"http:\/\/a2.twimg.com\/profile_images\/1536214068\/Avatar4_normal.jpg","follow_request_sent":false,"profile_sidebar_border_color":"C0DEED","location":"Clute, TX \/ Washington D.C.","is_translator":false,"default_profile":false,"contributors_enabled":false,"screen_name":"RonPaul","profile_use_background_image":true,"url":"http:\/\/www.ronpaul2012.com","id_str":"287413569","show_all_inline_media":false,"profile_background_image_url_https":"https:\/\/si0.twimg.com\/profile_background_images\/284623100\/BG.png","profile_text_color":"333333","id":287413569,"listed_count":1718,"lang":"en","profile_background_image_url":"http:\/\/a0.twimg.com\/profile_background_images\/284623100\/BG.png","friends_count":130},"contributors":null,"in_reply_to_status_id":null,"source":"<a href=\"http:\/\/www.hootsuite.com\" rel=\"nofollow\">HootSuite<\/a>","id_str":"116204250975055872","geo":null,"favorited":false,"id":116204250975055872,"coordinates":null,"in_reply_to_user_id":null,"truncated":false,"text":"OPEN LETTER To President @BarackObama Re Cuts To Veterans' Benefits: http:\/\/ht.ly\/6zJFt - #RonPaul #military #GOP2012 #tcot #teaparty","name":"RonPaul","boldText":"OPEN LETTER To President @BarackObama Re Cuts To Veterans' <B>Benefits<\/B>: http:\/\/ht.ly\/6zJFt - #RonPaul #military #GOP2012 #tcot #teaparty"}]