[{"possibly_sensitive":false,"place":null,"retweet_count":5,"in_reply_to_screen_name":null,"created_at":"Thu Nov 03 16:13:34 +0000 2011","retweeted":false,"in_reply_to_status_id_str":null,"in_reply_to_user_id_str":null,"user":{"time_zone":"Central Time (US & Canada)","profile_link_color":"1a3980","protected":false,"created_at":"Thu Sep 25 03:31:50 +0000 2008","profile_image_url_https":"https:\/\/si0.twimg.com\/profile_images\/1415631291\/75x75-twitter-pres-new_normal.jpg","name":"Michele Bachmann","geo_enabled":false,"favourites_count":0,"profile_background_color":"ffffff","default_profile_image":false,"notifications":false,"profile_background_tile":false,"utc_offset":-21600,"description":"The Official Twitter Account of Michele Bachmann for President: A Constitutional Conservative Choice in 2012","statuses_count":1047,"following":true,"verified":true,"profile_sidebar_fill_color":"bdbdbd","followers_count":32972,"profile_image_url":"http:\/\/a1.twimg.com\/profile_images\/1415631291\/75x75-twitter-pres-new_normal.jpg","follow_request_sent":false,"profile_sidebar_border_color":"000000","location":"Minnesota","is_translator":false,"contributors_enabled":false,"screen_name":"TeamBachmann","default_profile":false,"profile_use_background_image":true,"url":"http:\/\/www.michelebachmann.com","id_str":"16446177","show_all_inline_media":false,"profile_background_image_url_https":"https:\/\/si0.twimg.com\/profile_background_images\/278860317\/Twitter_Background-pres02.jpg","profile_text_color":"000000","id":16446177,"listed_count":1819,"lang":"en","profile_background_image_url":"http:\/\/a2.twimg.com\/profile_background_images\/278860317\/Twitter_Background-pres02.jpg","friends_count":1883},"contributors":null,"in_reply_to_status_id":null,"source":"<a href=\"http:\/\/seesmic.com\/\" rel=\"nofollow\">Seesmic<\/a>","id_str":"132128291602706433","geo":null,"favorited":false,"id":132128291602706433,"coordinates":null,"in_reply_to_user_id":null,"truncated":false,"text":"Today, #Michele will address #IAState students on economic policies necessary for American growth http:\/\/t.co\/BKR0J9Qa","name":"TeamBachmann","boldText":"Today, #Michele will address #IAState students on <B>economic<\/B> policies necessary for American <B><B>growth<\/B><\/B> http:\/\/t.co\/BKR0J9Qa"},{"possibly_sensitive":false,"place":null,"retweet_count":6,"in_reply_to_screen_name":null,"created_at":"Wed Oct 19 00:12:15 +0000 2011","retweeted":false,"in_reply_to_status_id_str":null,"in_reply_to_user_id_str":null,"user":{"time_zone":"Central Time (US & Canada)","profile_link_color":"1a3980","protected":false,"created_at":"Thu Sep 25 03:31:50 +0000 2008","profile_image_url_https":"https:\/\/si0.twimg.com\/profile_images\/1415631291\/75x75-twitter-pres-new_normal.jpg","name":"Michele Bachmann","geo_enabled":false,"favourites_count":0,"profile_background_color":"ffffff","default_profile_image":false,"notifications":null,"profile_background_tile":false,"utc_offset":-21600,"description":"The Official Twitter Account of Michele Bachmann for President: A Constitutional Conservative Choice in 2012","statuses_count":1047,"following":null,"verified":true,"profile_sidebar_fill_color":"bdbdbd","followers_count":32972,"profile_image_url":"http:\/\/a1.twimg.com\/profile_images\/1415631291\/75x75-twitter-pres-new_normal.jpg","follow_request_sent":null,"profile_sidebar_border_color":"000000","location":"Minnesota","is_translator":false,"default_profile":false,"contributors_enabled":false,"screen_name":"TeamBachmann","profile_use_background_image":true,"url":"http:\/\/www.michelebachmann.com","id_str":"16446177","show_all_inline_media":false,"profile_background_image_url_https":"https:\/\/si0.twimg.com\/profile_background_images\/278860317\/Twitter_Background-pres02.jpg","profile_text_color":"000000","id":16446177,"listed_count":1818,"lang":"en","profile_background_image_url":"http:\/\/a2.twimg.com\/profile_background_images\/278860317\/Twitter_Background-pres02.jpg","friends_count":1883},"contributors":null,"in_reply_to_status_id":null,"source":"web","id_str":"126450551113261056","geo":null,"favorited":false,"id":126450551113261056,"coordinates":null,"in_reply_to_user_id":null,"truncated":false,"text":".@TaxReformer's @GroverNorquist agrees: @TheHermanCain's #999 plan is a dangerous setup for tax growth http:\/\/t.co\/7SbXfcKp #CNNDebate","name":"TeamBachmann","boldText":".@TaxReformer's @GroverNorquist agrees: @TheHermanCain's #999 plan is a dangerous setup for tax <B>growth<\/B> http:\/\/t.co\/7SbXfcKp #CNNDebate"},{"place":null,"retweet_count":7,"in_reply_to_screen_name":null,"created_at":"Tue Oct 18 01:00:03 +0000 2011","retweeted":false,"in_reply_to_status_id_str":null,"in_reply_to_user_id_str":null,"user":{"default_profile":false,"time_zone":"Central Time (US & Canada)","profile_link_color":"1a3980","protected":false,"created_at":"Thu Sep 25 03:31:50 +0000 2008","profile_image_url_https":"https:\/\/si0.twimg.com\/profile_images\/1415631291\/75x75-twitter-pres-new_normal.jpg","name":"Michele Bachmann","geo_enabled":false,"favourites_count":0,"profile_background_color":"ffffff","default_profile_image":false,"notifications":null,"profile_background_tile":false,"utc_offset":-21600,"description":"The Official Twitter Account of Michele Bachmann for President: A Constitutional Conservative Choice in 2012","statuses_count":1047,"following":null,"verified":true,"profile_sidebar_fill_color":"bdbdbd","followers_count":32972,"profile_image_url":"http:\/\/a1.twimg.com\/profile_images\/1415631291\/75x75-twitter-pres-new_normal.jpg","follow_request_sent":null,"profile_sidebar_border_color":"000000","location":"Minnesota","is_translator":false,"contributors_enabled":false,"screen_name":"TeamBachmann","profile_use_background_image":true,"url":"http:\/\/www.michelebachmann.com","id_str":"16446177","show_all_inline_media":false,"profile_background_image_url_https":"https:\/\/si0.twimg.com\/profile_background_images\/278860317\/Twitter_Background-pres02.jpg","profile_text_color":"000000","id":16446177,"listed_count":1818,"lang":"en","profile_background_image_url":"http:\/\/a2.twimg.com\/profile_background_images\/278860317\/Twitter_Background-pres02.jpg","friends_count":1883},"contributors":null,"in_reply_to_status_id":null,"source":"web","id_str":"126100191001587712","geo":null,"favorited":false,"id":126100191001587712,"coordinates":null,"in_reply_to_user_id":null,"truncated":false,"text":"Poll: Plurality of 200K tele-town hall participants think cutting spending is the most important thing government can do to help economy.","name":"TeamBachmann","boldText":"Poll: Plurality of 200K tele-town hall participants think <B>cut<\/B>ting <B>spending<\/B> is the most important thing government can do to help economy."},{"place":null,"retweet_count":16,"in_reply_to_screen_name":null,"created_at":"Tue Oct 18 00:35:22 +0000 2011","retweeted":false,"in_reply_to_status_id_str":null,"in_reply_to_user_id_str":null,"user":{"time_zone":"Central Time (US & Canada)","profile_link_color":"1a3980","protected":false,"created_at":"Thu Sep 25 03:31:50 +0000 2008","profile_image_url_https":"https:\/\/si0.twimg.com\/profile_images\/1415631291\/75x75-twitter-pres-new_normal.jpg","name":"Michele Bachmann","geo_enabled":false,"favourites_count":0,"profile_background_color":"ffffff","default_profile_image":false,"notifications":null,"profile_background_tile":false,"utc_offset":-21600,"description":"The Official Twitter Account of Michele Bachmann for President: A Constitutional Conservative Choice in 2012","statuses_count":1047,"following":null,"verified":true,"profile_sidebar_fill_color":"bdbdbd","followers_count":32971,"profile_image_url":"http:\/\/a1.twimg.com\/profile_images\/1415631291\/75x75-twitter-pres-new_normal.jpg","follow_request_sent":null,"profile_sidebar_border_color":"000000","location":"Minnesota","is_translator":false,"contributors_enabled":false,"screen_name":"TeamBachmann","profile_use_background_image":true,"url":"http:\/\/www.michelebachmann.com","id_str":"16446177","default_profile":false,"show_all_inline_media":false,"profile_background_image_url_https":"https:\/\/si0.twimg.com\/profile_background_images\/278860317\/Twitter_Background-pres02.jpg","profile_text_color":"000000","id":16446177,"listed_count":1818,"lang":"en","profile_background_image_url":"http:\/\/a2.twimg.com\/profile_background_images\/278860317\/Twitter_Background-pres02.jpg","friends_count":1883},"contributors":null,"in_reply_to_status_id":null,"source":"web","id_str":"126093981158346752","geo":null,"favorited":false,"id":126093981158346752,"coordinates":null,"in_reply_to_user_id":null,"truncated":false,"text":"About 35% of tonight's tele-town hall participants think the #1 thing the government can do to help the economy is to cut spending.","name":"TeamBachmann","boldText":"About 35% of tonight's tele-town hall participants think the #1 thing the government can do to help the economy is to <B>cut<\/B> <B>spending<\/B>."},{"place":null,"retweet_count":23,"in_reply_to_screen_name":null,"created_at":"Wed Oct 12 01:37:35 +0000 2011","retweeted":false,"in_reply_to_status_id_str":null,"in_reply_to_user_id_str":null,"user":{"time_zone":"Central Time (US & Canada)","profile_link_color":"1a3980","protected":false,"created_at":"Thu Sep 25 03:31:50 +0000 2008","profile_image_url_https":"https:\/\/si0.twimg.com\/profile_images\/1415631291\/75x75-twitter-pres-new_normal.jpg","name":"Michele Bachmann","geo_enabled":false,"favourites_count":0,"profile_background_color":"ffffff","default_profile_image":false,"notifications":null,"profile_background_tile":false,"utc_offset":-21600,"description":"The Official Twitter Account of Michele Bachmann for President: A Constitutional Conservative Choice in 2012","statuses_count":1047,"following":null,"verified":true,"profile_sidebar_fill_color":"bdbdbd","followers_count":32971,"profile_image_url":"http:\/\/a1.twimg.com\/profile_images\/1415631291\/75x75-twitter-pres-new_normal.jpg","follow_request_sent":null,"profile_sidebar_border_color":"000000","location":"Minnesota","is_translator":false,"contributors_enabled":false,"screen_name":"TeamBachmann","profile_use_background_image":true,"url":"http:\/\/www.michelebachmann.com","id_str":"16446177","show_all_inline_media":false,"profile_background_image_url_https":"https:\/\/si0.twimg.com\/profile_background_images\/278860317\/Twitter_Background-pres02.jpg","profile_text_color":"000000","id":16446177,"default_profile":false,"listed_count":1819,"lang":"en","profile_background_image_url":"http:\/\/a2.twimg.com\/profile_background_images\/278860317\/Twitter_Background-pres02.jpg","friends_count":1883},"contributors":null,"in_reply_to_status_id":null,"source":"web","id_str":"123935311372881920","geo":null,"favorited":false,"id":123935311372881920,"coordinates":null,"in_reply_to_user_id":null,"truncated":false,"text":"\"Gov't is putting a huge burden of regulation on banks... That's going to hurt real people & lead to job destruction.\" -#Michele #econdebate","name":"TeamBachmann","boldText":"\"Gov't is putting a huge burden of regulation on <B>bank<\/B>s... That's going to hurt real people & lead to job destruction.\" -#Michele #econdebate"},{"possibly_sensitive":false,"place":null,"retweet_count":12,"in_reply_to_screen_name":null,"created_at":"Wed Oct 12 01:31:57 +0000 2011","retweeted":false,"in_reply_to_status_id_str":null,"in_reply_to_user_id_str":null,"user":{"time_zone":"Central Time (US & Canada)","profile_link_color":"1a3980","protected":false,"created_at":"Thu Sep 25 03:31:50 +0000 2008","profile_image_url_https":"https:\/\/si0.twimg.com\/profile_images\/1415631291\/75x75-twitter-pres-new_normal.jpg","name":"Michele Bachmann","geo_enabled":false,"favourites_count":0,"profile_background_color":"ffffff","default_profile_image":false,"notifications":null,"profile_background_tile":false,"utc_offset":-21600,"description":"The Official Twitter Account of Michele Bachmann for President: A Constitutional Conservative Choice in 2012","statuses_count":1047,"following":null,"verified":true,"profile_sidebar_fill_color":"bdbdbd","followers_count":32971,"profile_image_url":"http:\/\/a1.twimg.com\/profile_images\/1415631291\/75x75-twitter-pres-new_normal.jpg","follow_request_sent":null,"profile_sidebar_border_color":"000000","location":"Minnesota","is_translator":false,"contributors_enabled":false,"screen_name":"TeamBachmann","profile_use_background_image":true,"url":"http:\/\/www.michelebachmann.com","id_str":"16446177","default_profile":false,"show_all_inline_media":false,"profile_background_image_url_https":"https:\/\/si0.twimg.com\/profile_background_images\/278860317\/Twitter_Background-pres02.jpg","profile_text_color":"000000","id":16446177,"listed_count":1818,"lang":"en","profile_background_image_url":"http:\/\/a2.twimg.com\/profile_background_images\/278860317\/Twitter_Background-pres02.jpg","friends_count":1883},"contributors":null,"in_reply_to_status_id":null,"source":"web","id_str":"123933892804743170","geo":null,"favorited":false,"id":123933892804743170,"coordinates":null,"in_reply_to_user_id":null,"truncated":false,"text":"#Michele's blueprint returns America to a position of economic prominence in the world. Read more: http:\/\/t.co\/dp0zUwRf #econdebate","name":"TeamBachmann","boldText":"#Michele's blueprint returns America to a position of <B>economic<\/B> prominence in the world. Read more: http:\/\/t.co\/dp0zUwRf #econdebate"},{"place":null,"retweet_count":10,"in_reply_to_screen_name":null,"created_at":"Wed Oct 12 00:47:22 +0000 2011","retweeted":false,"in_reply_to_status_id_str":null,"in_reply_to_user_id_str":null,"user":{"time_zone":"Central Time (US & Canada)","profile_link_color":"1a3980","protected":false,"created_at":"Thu Sep 25 03:31:50 +0000 2008","profile_image_url_https":"https:\/\/si0.twimg.com\/profile_images\/1415631291\/75x75-twitter-pres-new_normal.jpg","name":"Michele Bachmann","geo_enabled":false,"favourites_count":0,"profile_background_color":"ffffff","default_profile_image":false,"notifications":null,"profile_background_tile":false,"utc_offset":-21600,"description":"The Official Twitter Account of Michele Bachmann for President: A Constitutional Conservative Choice in 2012","statuses_count":1047,"following":null,"verified":true,"profile_sidebar_fill_color":"bdbdbd","followers_count":32972,"profile_image_url":"http:\/\/a1.twimg.com\/profile_images\/1415631291\/75x75-twitter-pres-new_normal.jpg","follow_request_sent":null,"profile_sidebar_border_color":"000000","location":"Minnesota","is_translator":false,"default_profile":false,"contributors_enabled":false,"screen_name":"TeamBachmann","profile_use_background_image":true,"url":"http:\/\/www.michelebachmann.com","id_str":"16446177","show_all_inline_media":false,"profile_background_image_url_https":"https:\/\/si0.twimg.com\/profile_background_images\/278860317\/Twitter_Background-pres02.jpg","profile_text_color":"000000","id":16446177,"listed_count":1818,"lang":"en","profile_background_image_url":"http:\/\/a2.twimg.com\/profile_background_images\/278860317\/Twitter_Background-pres02.jpg","friends_count":1883},"contributors":null,"in_reply_to_status_id":null,"source":"web","id_str":"123922671896498176","geo":null,"favorited":false,"id":123922671896498176,"coordinates":null,"in_reply_to_user_id":null,"truncated":false,"text":"\"We've got to get our spending house in order and cut back on our spending.\" -#Michele #econdebate","name":"TeamBachmann","boldText":"\"We've got to get our <B>spending<\/B> house in order and <B><B>cut<\/B><\/B> back on our <B>spending<\/B>.\" -#Michele #econdebate"},{"possibly_sensitive":false,"place":null,"retweet_count":11,"in_reply_to_screen_name":null,"created_at":"Tue Oct 11 18:47:47 +0000 2011","retweeted":false,"in_reply_to_status_id_str":null,"in_reply_to_user_id_str":null,"user":{"time_zone":"Central Time (US & Canada)","profile_link_color":"1a3980","protected":false,"created_at":"Thu Sep 25 03:31:50 +0000 2008","profile_image_url_https":"https:\/\/si0.twimg.com\/profile_images\/1415631291\/75x75-twitter-pres-new_normal.jpg","name":"Michele Bachmann","geo_enabled":false,"favourites_count":0,"profile_background_color":"ffffff","default_profile_image":false,"notifications":null,"profile_background_tile":false,"utc_offset":-21600,"description":"The Official Twitter Account of Michele Bachmann for President: A Constitutional Conservative Choice in 2012","statuses_count":1047,"following":null,"verified":true,"profile_sidebar_fill_color":"bdbdbd","followers_count":32972,"profile_image_url":"http:\/\/a1.twimg.com\/profile_images\/1415631291\/75x75-twitter-pres-new_normal.jpg","follow_request_sent":null,"profile_sidebar_border_color":"000000","location":"Minnesota","is_translator":false,"default_profile":false,"contributors_enabled":false,"screen_name":"TeamBachmann","profile_use_background_image":true,"url":"http:\/\/www.michelebachmann.com","id_str":"16446177","show_all_inline_media":false,"profile_background_image_url_https":"https:\/\/si0.twimg.com\/profile_background_images\/278860317\/Twitter_Background-pres02.jpg","profile_text_color":"000000","id":16446177,"listed_count":1818,"lang":"en","profile_background_image_url":"http:\/\/a2.twimg.com\/profile_background_images\/278860317\/Twitter_Background-pres02.jpg","friends_count":1883},"contributors":null,"in_reply_to_status_id":null,"source":"<a href=\"http:\/\/83degrees.com\/to\/powertwitter\" rel=\"nofollow\">Power Twitter<\/a>","id_str":"123832182086184960","geo":null,"favorited":false,"id":123832182086184960,"coordinates":null,"in_reply_to_user_id":null,"truncated":false,"text":"#Michele's \"American Jobs, Right Now\" blueprint offers 11 specific points to restore America to economic prominence: http:\/\/t.co\/dp0zUwRf.","name":"TeamBachmann","boldText":"#Michele's \"American Jobs, Right Now\" blueprint offers 11 specific points to restore America to <B>economic<\/B> prominence: http:\/\/t.co\/dp0zUwRf."},{"place":null,"retweet_count":6,"in_reply_to_screen_name":null,"created_at":"Tue Oct 11 16:45:11 +0000 2011","retweeted":false,"in_reply_to_status_id_str":null,"in_reply_to_user_id_str":null,"user":{"time_zone":"Central Time (US & Canada)","profile_link_color":"1a3980","protected":false,"created_at":"Thu Sep 25 03:31:50 +0000 2008","profile_image_url_https":"https:\/\/si0.twimg.com\/profile_images\/1415631291\/75x75-twitter-pres-new_normal.jpg","name":"Michele Bachmann","geo_enabled":false,"favourites_count":0,"profile_background_color":"ffffff","default_profile_image":false,"notifications":null,"profile_background_tile":false,"utc_offset":-21600,"description":"The Official Twitter Account of Michele Bachmann for President: A Constitutional Conservative Choice in 2012","statuses_count":1047,"following":null,"verified":true,"profile_sidebar_fill_color":"bdbdbd","followers_count":32971,"profile_image_url":"http:\/\/a1.twimg.com\/profile_images\/1415631291\/75x75-twitter-pres-new_normal.jpg","follow_request_sent":null,"profile_sidebar_border_color":"000000","location":"Minnesota","is_translator":false,"contributors_enabled":false,"screen_name":"TeamBachmann","profile_use_background_image":true,"url":"http:\/\/www.michelebachmann.com","id_str":"16446177","default_profile":false,"show_all_inline_media":false,"profile_background_image_url_https":"https:\/\/si0.twimg.com\/profile_background_images\/278860317\/Twitter_Background-pres02.jpg","profile_text_color":"000000","id":16446177,"listed_count":1818,"lang":"en","profile_background_image_url":"http:\/\/a2.twimg.com\/profile_background_images\/278860317\/Twitter_Background-pres02.jpg","friends_count":1883},"contributors":null,"in_reply_to_status_id":null,"source":"web","id_str":"123801329733873664","geo":null,"favorited":false,"id":123801329733873664,"coordinates":null,"in_reply_to_user_id":null,"truncated":false,"text":"What economic questions would you like #Michele to answer in tonight's debate? Submit questions by using hashtags #econdebate & #Michele.","name":"TeamBachmann","boldText":"What <B>economic<\/B> questions would you like #Michele to answer in tonight's debate? Submit questions by using hashtags #econdebate & #Michele."},{"place":null,"retweet_count":19,"in_reply_to_screen_name":null,"created_at":"Fri Sep 23 02:30:43 +0000 2011","retweeted":false,"in_reply_to_status_id_str":null,"in_reply_to_user_id_str":null,"user":{"time_zone":"Central Time (US & Canada)","profile_link_color":"1a3980","protected":false,"created_at":"Thu Sep 25 03:31:50 +0000 2008","profile_image_url_https":"https:\/\/si0.twimg.com\/profile_images\/1415631291\/75x75-twitter-pres-new_normal.jpg","name":"Michele Bachmann","geo_enabled":false,"favourites_count":0,"profile_background_color":"ffffff","default_profile_image":false,"notifications":null,"profile_background_tile":false,"utc_offset":-21600,"description":"The Official Twitter Account of Michele Bachmann for President: A Constitutional Conservative Choice in 2012","statuses_count":1047,"following":null,"verified":true,"profile_sidebar_fill_color":"bdbdbd","followers_count":32972,"profile_image_url":"http:\/\/a1.twimg.com\/profile_images\/1415631291\/75x75-twitter-pres-new_normal.jpg","follow_request_sent":null,"profile_sidebar_border_color":"000000","location":"Minnesota","is_translator":false,"default_profile":false,"contributors_enabled":false,"screen_name":"TeamBachmann","profile_use_background_image":true,"url":"http:\/\/www.michelebachmann.com","id_str":"16446177","show_all_inline_media":false,"profile_background_image_url_https":"https:\/\/si0.twimg.com\/profile_background_images\/278860317\/Twitter_Background-pres02.jpg","profile_text_color":"000000","id":16446177,"listed_count":1818,"lang":"en","profile_background_image_url":"http:\/\/a2.twimg.com\/profile_background_images\/278860317\/Twitter_Background-pres02.jpg","friends_count":1883},"contributors":null,"in_reply_to_status_id":null,"source":"web","id_str":"117063314042925056","geo":null,"favorited":false,"id":117063314042925056,"coordinates":null,"in_reply_to_user_id":null,"truncated":false,"text":"Key advisors to @GovernorPerry worked for a drug company before and after he issued the HPV executive order. #cronycapitalism #gopdebate","name":"TeamBachmann","boldText":"Key advisors to @GovernorPerry worked for a drug company before and after he issued the HPV exe<B>cut<\/B>ive order. #cronycapitalism #gopdebate"},{"possibly_sensitive":false,"place":null,"retweet_count":12,"in_reply_to_screen_name":null,"created_at":"Tue Sep 13 22:38:37 +0000 2011","retweeted":false,"in_reply_to_status_id_str":null,"in_reply_to_user_id_str":null,"user":{"time_zone":"Central Time (US & Canada)","profile_link_color":"1a3980","protected":false,"created_at":"Thu Sep 25 03:31:50 +0000 2008","profile_image_url_https":"https:\/\/si0.twimg.com\/profile_images\/1415631291\/75x75-twitter-pres-new_normal.jpg","name":"Michele Bachmann","geo_enabled":false,"favourites_count":0,"profile_background_color":"ffffff","default_profile_image":false,"notifications":null,"profile_background_tile":false,"utc_offset":-21600,"description":"The Official Twitter Account of Michele Bachmann for President: A Constitutional Conservative Choice in 2012","statuses_count":1047,"following":null,"verified":true,"profile_sidebar_fill_color":"bdbdbd","followers_count":32972,"profile_image_url":"http:\/\/a1.twimg.com\/profile_images\/1415631291\/75x75-twitter-pres-new_normal.jpg","follow_request_sent":null,"profile_sidebar_border_color":"000000","location":"Minnesota","is_translator":false,"default_profile":false,"contributors_enabled":false,"screen_name":"TeamBachmann","profile_use_background_image":true,"url":"http:\/\/www.michelebachmann.com","id_str":"16446177","show_all_inline_media":false,"profile_background_image_url_https":"https:\/\/si0.twimg.com\/profile_background_images\/278860317\/Twitter_Background-pres02.jpg","profile_text_color":"000000","id":16446177,"listed_count":1818,"lang":"en","profile_background_image_url":"http:\/\/a2.twimg.com\/profile_background_images\/278860317\/Twitter_Background-pres02.jpg","friends_count":1883},"contributors":null,"in_reply_to_status_id":null,"source":"web","id_str":"113743414742364160","geo":null,"favorited":false,"id":113743414742364160,"coordinates":null,"in_reply_to_user_id":null,"truncated":false,"text":"VIDEO: #Michele on @todayshow, talking job growth & @GovernorPerry's HPV vaccine executive order: http:\/\/t.co\/VUQaa0O","name":"TeamBachmann","boldText":"VIDEO: #Michele on @todayshow, talking job <B>growth<\/B> & @GovernorPerry's HPV vaccine exe<B>cut<\/B>ive order: http:\/\/t.co\/VUQaa0O"},{"possibly_sensitive":false,"place":null,"retweet_count":13,"in_reply_to_screen_name":null,"created_at":"Tue Sep 13 00:32:57 +0000 2011","retweeted":false,"in_reply_to_status_id_str":null,"in_reply_to_user_id_str":null,"user":{"time_zone":"Central Time (US & Canada)","profile_link_color":"1a3980","protected":false,"created_at":"Thu Sep 25 03:31:50 +0000 2008","profile_image_url_https":"https:\/\/si0.twimg.com\/profile_images\/1415631291\/75x75-twitter-pres-new_normal.jpg","name":"Michele Bachmann","geo_enabled":false,"favourites_count":0,"profile_background_color":"ffffff","default_profile_image":false,"notifications":null,"profile_background_tile":false,"utc_offset":-21600,"description":"The Official Twitter Account of Michele Bachmann for President: A Constitutional Conservative Choice in 2012","statuses_count":1047,"following":null,"verified":true,"profile_sidebar_fill_color":"bdbdbd","followers_count":32972,"profile_image_url":"http:\/\/a1.twimg.com\/profile_images\/1415631291\/75x75-twitter-pres-new_normal.jpg","follow_request_sent":null,"profile_sidebar_border_color":"000000","location":"Minnesota","is_translator":false,"default_profile":false,"contributors_enabled":false,"screen_name":"TeamBachmann","profile_use_background_image":true,"url":"http:\/\/www.michelebachmann.com","id_str":"16446177","show_all_inline_media":false,"profile_background_image_url_https":"https:\/\/si0.twimg.com\/profile_background_images\/278860317\/Twitter_Background-pres02.jpg","profile_text_color":"000000","id":16446177,"listed_count":1818,"lang":"en","profile_background_image_url":"http:\/\/a2.twimg.com\/profile_background_images\/278860317\/Twitter_Background-pres02.jpg","friends_count":1883},"contributors":null,"in_reply_to_status_id":null,"source":"<a href=\"http:\/\/seesmic.com\/\" rel=\"nofollow\">Seesmic<\/a>","id_str":"113409797776355328","geo":null,"favorited":false,"id":113409797776355328,"coordinates":null,"in_reply_to_user_id":null,"truncated":false,"text":"#Michele has voted to cut spending at every opportunity, consistently high ratings from @NTU: http:\/\/t.co\/ATJWxoD #cnnteaparty","name":"TeamBachmann","boldText":"#Michele has voted to <B>cut<\/B> <B>spending<\/B> at every opportunity, consistently high ratings from @NTU: http:\/\/t.co\/ATJWxoD #cnnteaparty"},{"possibly_sensitive":false,"place":null,"retweet_count":14,"in_reply_to_screen_name":null,"created_at":"Thu Aug 25 23:28:42 +0000 2011","retweeted":false,"in_reply_to_status_id_str":null,"in_reply_to_user_id_str":null,"user":{"time_zone":"Central Time (US & Canada)","profile_link_color":"1a3980","protected":false,"created_at":"Thu Sep 25 03:31:50 +0000 2008","profile_image_url_https":"https:\/\/si0.twimg.com\/profile_images\/1415631291\/75x75-twitter-pres-new_normal.jpg","name":"Michele Bachmann","geo_enabled":false,"favourites_count":0,"profile_background_color":"ffffff","default_profile_image":false,"notifications":null,"profile_background_tile":false,"utc_offset":-21600,"description":"The Official Twitter Account of Michele Bachmann for President: A Constitutional Conservative Choice in 2012","default_profile":false,"statuses_count":1047,"following":null,"verified":true,"profile_sidebar_fill_color":"bdbdbd","followers_count":32972,"profile_image_url":"http:\/\/a1.twimg.com\/profile_images\/1415631291\/75x75-twitter-pres-new_normal.jpg","follow_request_sent":null,"profile_sidebar_border_color":"000000","location":"Minnesota","is_translator":false,"contributors_enabled":false,"screen_name":"TeamBachmann","profile_use_background_image":true,"url":"http:\/\/www.michelebachmann.com","id_str":"16446177","show_all_inline_media":false,"profile_background_image_url_https":"https:\/\/si0.twimg.com\/profile_background_images\/278860317\/Twitter_Background-pres02.jpg","profile_text_color":"000000","id":16446177,"listed_count":1818,"lang":"en","profile_background_image_url":"http:\/\/a2.twimg.com\/profile_background_images\/278860317\/Twitter_Background-pres02.jpg","friends_count":1883},"contributors":null,"in_reply_to_status_id":null,"source":"web","id_str":"106870647023616001","geo":null,"favorited":false,"id":106870647023616001,"coordinates":null,"in_reply_to_user_id":null,"truncated":false,"text":"\"They tell us we're in a recovery. But it doesn't exactly feel like a recovery.\" Watch #Michele live now: http:\/\/t.co\/PoDt2N7 #tcot","name":"TeamBachmann","boldText":"\"They tell us we're in a <B>recovery<\/B>. But it doesn't exactly feel like a <B>recovery<\/B>.\" Watch #Michele live now: http:\/\/t.co\/PoDt2N7 #tcot"},{"possibly_sensitive":false,"place":null,"retweet_count":24,"in_reply_to_screen_name":null,"created_at":"Fri Aug 19 18:50:12 +0000 2011","retweeted":false,"in_reply_to_status_id_str":null,"in_reply_to_user_id_str":null,"user":{"time_zone":"Central Time (US & Canada)","profile_link_color":"1a3980","protected":false,"created_at":"Thu Sep 25 03:31:50 +0000 2008","profile_image_url_https":"https:\/\/si0.twimg.com\/profile_images\/1415631291\/75x75-twitter-pres-new_normal.jpg","name":"Michele Bachmann","geo_enabled":false,"favourites_count":0,"profile_background_color":"ffffff","default_profile_image":false,"notifications":null,"profile_background_tile":false,"utc_offset":-21600,"description":"The Official Twitter Account of Michele Bachmann for President: A Constitutional Conservative Choice in 2012","default_profile":false,"statuses_count":1047,"following":null,"verified":true,"profile_sidebar_fill_color":"bdbdbd","followers_count":32972,"profile_image_url":"http:\/\/a1.twimg.com\/profile_images\/1415631291\/75x75-twitter-pres-new_normal.jpg","follow_request_sent":null,"profile_sidebar_border_color":"000000","location":"Minnesota","is_translator":false,"contributors_enabled":false,"screen_name":"TeamBachmann","profile_use_background_image":true,"url":"http:\/\/www.michelebachmann.com","id_str":"16446177","show_all_inline_media":false,"profile_background_image_url_https":"https:\/\/si0.twimg.com\/profile_background_images\/278860317\/Twitter_Background-pres02.jpg","profile_text_color":"000000","id":16446177,"listed_count":1818,"lang":"en","profile_background_image_url":"http:\/\/a2.twimg.com\/profile_background_images\/278860317\/Twitter_Background-pres02.jpg","friends_count":1883},"contributors":null,"in_reply_to_status_id":null,"source":"web","id_str":"104626234415255552","geo":null,"favorited":false,"id":104626234415255552,"coordinates":null,"in_reply_to_user_id":null,"truncated":false,"text":"Outstanding response in Myrtle Beach today to #Michele's message of economic prosperity.  #Photo: http:\/\/t.co\/0OcjJ0q  #tcot","name":"TeamBachmann","boldText":"Outstanding response in Myrtle Beach today to #Michele's message of <B>economic<\/B> prosperity.  #Photo: http:\/\/t.co\/0OcjJ0q  #tcot"},{"place":null,"retweet_count":21,"in_reply_to_screen_name":null,"created_at":"Fri Aug 12 01:18:53 +0000 2011","retweeted":false,"in_reply_to_status_id_str":null,"in_reply_to_user_id_str":null,"user":{"time_zone":"Central Time (US & Canada)","profile_link_color":"1a3980","protected":false,"created_at":"Thu Sep 25 03:31:50 +0000 2008","profile_image_url_https":"https:\/\/si0.twimg.com\/profile_images\/1415631291\/75x75-twitter-pres-new_normal.jpg","name":"Michele Bachmann","geo_enabled":false,"favourites_count":0,"profile_background_color":"ffffff","default_profile_image":false,"notifications":null,"profile_background_tile":false,"utc_offset":-21600,"description":"The Official Twitter Account of Michele Bachmann for President: A Constitutional Conservative Choice in 2012","default_profile":false,"statuses_count":1047,"following":null,"verified":true,"profile_sidebar_fill_color":"bdbdbd","followers_count":32972,"profile_image_url":"http:\/\/a1.twimg.com\/profile_images\/1415631291\/75x75-twitter-pres-new_normal.jpg","follow_request_sent":null,"profile_sidebar_border_color":"000000","location":"Minnesota","is_translator":false,"contributors_enabled":false,"screen_name":"TeamBachmann","profile_use_background_image":true,"url":"http:\/\/www.michelebachmann.com","id_str":"16446177","show_all_inline_media":false,"profile_background_image_url_https":"https:\/\/si0.twimg.com\/profile_background_images\/278860317\/Twitter_Background-pres02.jpg","profile_text_color":"000000","id":16446177,"listed_count":1818,"lang":"en","profile_background_image_url":"http:\/\/a2.twimg.com\/profile_background_images\/278860317\/Twitter_Background-pres02.jpg","friends_count":1883},"contributors":null,"in_reply_to_status_id":null,"source":"<a href=\"http:\/\/seesmic.com\/\" rel=\"nofollow\">Seesmic<\/a>","id_str":"101824945318932480","geo":null,"favorited":false,"id":101824945318932480,"coordinates":null,"in_reply_to_user_id":null,"truncated":false,"text":"Michele's resume: Small Biz Owner, Tax Attorney, & led opposition to bailout, ObamaCare, & debt ceiling. Life of experience & leadership.","name":"TeamBachmann","boldText":"Michele's resume: Small Biz Owner, Tax Attorney, & led opposition to <B>bailout<\/B>, ObamaCare, & debt ceiling. Life of experience & leadership."},{"place":null,"retweet_count":6,"in_reply_to_screen_name":null,"created_at":"Fri Aug 12 01:10:20 +0000 2011","retweeted":false,"in_reply_to_status_id_str":null,"in_reply_to_user_id_str":null,"user":{"time_zone":"Central Time (US & Canada)","profile_link_color":"1a3980","protected":false,"created_at":"Thu Sep 25 03:31:50 +0000 2008","profile_image_url_https":"https:\/\/si0.twimg.com\/profile_images\/1415631291\/75x75-twitter-pres-new_normal.jpg","name":"Michele Bachmann","geo_enabled":false,"favourites_count":0,"profile_background_color":"ffffff","default_profile_image":false,"notifications":null,"profile_background_tile":false,"utc_offset":-21600,"description":"The Official Twitter Account of Michele Bachmann for President: A Constitutional Conservative Choice in 2012","default_profile":false,"statuses_count":1047,"following":null,"verified":true,"profile_sidebar_fill_color":"bdbdbd","followers_count":32972,"profile_image_url":"http:\/\/a1.twimg.com\/profile_images\/1415631291\/75x75-twitter-pres-new_normal.jpg","follow_request_sent":null,"profile_sidebar_border_color":"000000","location":"Minnesota","is_translator":false,"contributors_enabled":false,"screen_name":"TeamBachmann","profile_use_background_image":true,"url":"http:\/\/www.michelebachmann.com","id_str":"16446177","show_all_inline_media":false,"profile_background_image_url_https":"https:\/\/si0.twimg.com\/profile_background_images\/278860317\/Twitter_Background-pres02.jpg","profile_text_color":"000000","id":16446177,"listed_count":1818,"lang":"en","profile_background_image_url":"http:\/\/a2.twimg.com\/profile_background_images\/278860317\/Twitter_Background-pres02.jpg","friends_count":1883},"contributors":null,"in_reply_to_status_id":null,"source":"web","id_str":"101822792659509248","geo":null,"favorited":false,"id":101822792659509248,"coordinates":null,"in_reply_to_user_id":null,"truncated":false,"text":"MT @alicetweet: .@teambachmann says we can see econ. recovery if we take the right steps - increasing debt ceiling not the answer #gopdebate","name":"TeamBachmann","boldText":"MT @alicetweet: .@teambachmann says we can see econ. <B>recovery<\/B> if we take the right steps - increasing debt ceiling not the answer #gopdebate"},{"place":null,"retweet_count":20,"in_reply_to_screen_name":null,"created_at":"Thu Jul 28 15:27:24 +0000 2011","retweeted":false,"in_reply_to_status_id_str":null,"in_reply_to_user_id_str":null,"user":{"time_zone":"Central Time (US & Canada)","profile_link_color":"1a3980","protected":false,"created_at":"Thu Sep 25 03:31:50 +0000 2008","profile_image_url_https":"https:\/\/si0.twimg.com\/profile_images\/1415631291\/75x75-twitter-pres-new_normal.jpg","name":"Michele Bachmann","geo_enabled":false,"favourites_count":0,"profile_background_color":"ffffff","default_profile_image":false,"notifications":null,"profile_background_tile":false,"utc_offset":-21600,"description":"The Official Twitter Account of Michele Bachmann for President: A Constitutional Conservative Choice in 2012","default_profile":false,"statuses_count":1047,"following":null,"verified":true,"profile_sidebar_fill_color":"bdbdbd","followers_count":32972,"profile_image_url":"http:\/\/a1.twimg.com\/profile_images\/1415631291\/75x75-twitter-pres-new_normal.jpg","follow_request_sent":null,"profile_sidebar_border_color":"000000","location":"Minnesota","is_translator":false,"contributors_enabled":false,"screen_name":"TeamBachmann","profile_use_background_image":true,"url":"http:\/\/www.michelebachmann.com","id_str":"16446177","show_all_inline_media":false,"profile_background_image_url_https":"https:\/\/si0.twimg.com\/profile_background_images\/278860317\/Twitter_Background-pres02.jpg","profile_text_color":"000000","id":16446177,"listed_count":1818,"lang":"en","profile_background_image_url":"http:\/\/a2.twimg.com\/profile_background_images\/278860317\/Twitter_Background-pres02.jpg","friends_count":1883},"contributors":null,"in_reply_to_status_id":null,"source":"<a href=\"http:\/\/twitter.com\/#!\/download\/iphone\" rel=\"nofollow\">Twitter for iPhone<\/a>","id_str":"96602665345220608","geo":null,"favorited":false,"id":96602665345220608,"coordinates":null,"in_reply_to_user_id":null,"truncated":false,"text":"#Michele will address the @PressClubDC at 1pm ET on the #debtceiling & economic growth. Tune into CSPAN to watch. #NPCLunch","name":"TeamBachmann","boldText":"#Michele will address the @PressClubDC at 1pm ET on the #debtceiling & <B>economic<\/B> <B><B>growth<\/B><\/B>. Tune into CSPAN to watch. #NPCLunch"},{"possibly_sensitive":false,"place":null,"retweet_count":"100+","in_reply_to_screen_name":null,"created_at":"Mon Jul 25 22:02:24 +0000 2011","retweeted":false,"in_reply_to_status_id_str":null,"in_reply_to_user_id_str":null,"user":{"time_zone":"Central Time (US & Canada)","profile_link_color":"0f0505","protected":false,"created_at":"Thu Dec 18 16:10:29 +0000 2008","profile_image_url_https":"https:\/\/si0.twimg.com\/profile_images\/1132374049\/Rep_Michele_Bachmann_Official_Photo_WEB_normal.JPG","name":"MicheleBachmann","geo_enabled":false,"favourites_count":2,"profile_background_color":"61438e","default_profile_image":false,"notifications":null,"profile_background_tile":false,"utc_offset":-21600,"description":"Happy to be serving MN-06 for a 3rd term.","default_profile":false,"statuses_count":827,"following":null,"verified":true,"profile_sidebar_fill_color":"f4d506","followers_count":110139,"profile_image_url":"http:\/\/a1.twimg.com\/profile_images\/1132374049\/Rep_Michele_Bachmann_Official_Photo_WEB_normal.JPG","follow_request_sent":null,"profile_sidebar_border_color":"61438E","location":"Washington, D.C.","is_translator":false,"contributors_enabled":false,"screen_name":"MicheleBachmann","profile_use_background_image":false,"url":"http:\/\/bachmann.house.gov\/","id_str":"18217624","show_all_inline_media":false,"profile_background_image_url_https":"https:\/\/si0.twimg.com\/profile_background_images\/3638228\/twitbacks_background.JPG","profile_text_color":"180c0c","id":18217624,"listed_count":4934,"lang":"en","profile_background_image_url":"http:\/\/a2.twimg.com\/profile_background_images\/3638228\/twitbacks_background.JPG","friends_count":17744},"contributors":null,"in_reply_to_status_id":null,"source":"web","id_str":"95614904437968898","geo":null,"favorited":false,"id":95614904437968898,"coordinates":null,"in_reply_to_user_id":null,"truncated":false,"text":"A new analysis shows sluggish job growth since the passage of Obamacare: http:\/\/t.co\/NbO2yGG. I support repeal! #tcot","name":"MicheleBachmann","boldText":"A new analysis shows sluggish job <B>growth<\/B> since the passage of Obamacare: http:\/\/t.co\/NbO2yGG. I support repeal! #tcot"},{"place":null,"retweet_count":64,"in_reply_to_screen_name":null,"created_at":"Wed Jul 20 20:06:57 +0000 2011","retweeted":false,"in_reply_to_status_id_str":null,"in_reply_to_user_id_str":null,"user":{"time_zone":"Central Time (US & Canada)","profile_link_color":"1a3980","protected":false,"created_at":"Thu Sep 25 03:31:50 +0000 2008","profile_image_url_https":"https:\/\/si0.twimg.com\/profile_images\/1415631291\/75x75-twitter-pres-new_normal.jpg","name":"Michele Bachmann","geo_enabled":false,"favourites_count":0,"profile_background_color":"ffffff","default_profile_image":false,"notifications":null,"profile_background_tile":false,"utc_offset":-21600,"description":"The Official Twitter Account of Michele Bachmann for President: A Constitutional Conservative Choice in 2012","default_profile":false,"statuses_count":1047,"following":null,"verified":true,"profile_sidebar_fill_color":"bdbdbd","followers_count":32972,"profile_image_url":"http:\/\/a1.twimg.com\/profile_images\/1415631291\/75x75-twitter-pres-new_normal.jpg","follow_request_sent":null,"profile_sidebar_border_color":"000000","location":"Minnesota","is_translator":false,"contributors_enabled":false,"screen_name":"TeamBachmann","profile_use_background_image":true,"url":"http:\/\/www.michelebachmann.com","id_str":"16446177","show_all_inline_media":false,"profile_background_image_url_https":"https:\/\/si0.twimg.com\/profile_background_images\/278860317\/Twitter_Background-pres02.jpg","profile_text_color":"000000","id":16446177,"listed_count":1818,"lang":"en","profile_background_image_url":"http:\/\/a2.twimg.com\/profile_background_images\/278860317\/Twitter_Background-pres02.jpg","friends_count":1883},"contributors":null,"in_reply_to_status_id":null,"source":"<a href=\"http:\/\/twitter.com\/tweetbutton\" rel=\"nofollow\">Tweet Button<\/a>","id_str":"93773912554471424","geo":null,"favorited":false,"id":93773912554471424,"coordinates":null,"in_reply_to_user_id":null,"truncated":false,"text":".@140townhall The #TEAPARTY will lead the fight 2 restore limited govt, repeal Obamacare, lower #spending & cut #taxes.","name":"TeamBachmann","boldText":".@140townhall The #TEAPARTY will lead the fight 2 restore limited govt, repeal Obamacare, lower #<B>spending<\/B> & <B><B>cut<\/B><\/B> #taxes."},{"place":null,"retweet_count":80,"in_reply_to_screen_name":null,"created_at":"Wed Jul 20 20:00:40 +0000 2011","retweeted":false,"in_reply_to_status_id_str":null,"in_reply_to_user_id_str":null,"user":{"time_zone":"Central Time (US & Canada)","profile_link_color":"1a3980","protected":false,"created_at":"Thu Sep 25 03:31:50 +0000 2008","profile_image_url_https":"https:\/\/si0.twimg.com\/profile_images\/1415631291\/75x75-twitter-pres-new_normal.jpg","name":"Michele Bachmann","geo_enabled":false,"favourites_count":0,"profile_background_color":"ffffff","default_profile_image":false,"notifications":null,"profile_background_tile":false,"utc_offset":-21600,"description":"The Official Twitter Account of Michele Bachmann for President: A Constitutional Conservative Choice in 2012","default_profile":false,"statuses_count":1047,"following":null,"verified":true,"profile_sidebar_fill_color":"bdbdbd","followers_count":32972,"profile_image_url":"http:\/\/a1.twimg.com\/profile_images\/1415631291\/75x75-twitter-pres-new_normal.jpg","follow_request_sent":null,"profile_sidebar_border_color":"000000","location":"Minnesota","is_translator":false,"contributors_enabled":false,"screen_name":"TeamBachmann","profile_use_background_image":true,"url":"http:\/\/www.michelebachmann.com","id_str":"16446177","show_all_inline_media":false,"profile_background_image_url_https":"https:\/\/si0.twimg.com\/profile_background_images\/278860317\/Twitter_Background-pres02.jpg","profile_text_color":"000000","id":16446177,"listed_count":1818,"lang":"en","profile_background_image_url":"http:\/\/a2.twimg.com\/profile_background_images\/278860317\/Twitter_Background-pres02.jpg","friends_count":1883},"contributors":null,"in_reply_to_status_id":null,"source":"<a href=\"http:\/\/twitter.com\/tweetbutton\" rel=\"nofollow\">Tweet Button<\/a>","id_str":"93772329884200961","geo":null,"favorited":false,"id":93772329884200961,"coordinates":null,"in_reply_to_user_id":null,"truncated":false,"text":".@140townhall I will not rest until Obamacare is repealed.  You can take it to the bank.","name":"TeamBachmann","boldText":".@140townhall I will not rest until Obamacare is repealed.  You can take it to the <B>bank<\/B>."},{"place":null,"retweet_count":49,"in_reply_to_screen_name":null,"created_at":"Wed Jul 20 19:55:20 +0000 2011","retweeted":false,"in_reply_to_status_id_str":null,"in_reply_to_user_id_str":null,"user":{"time_zone":"Central Time (US & Canada)","profile_link_color":"1a3980","protected":false,"created_at":"Thu Sep 25 03:31:50 +0000 2008","profile_image_url_https":"https:\/\/si0.twimg.com\/profile_images\/1415631291\/75x75-twitter-pres-new_normal.jpg","name":"Michele Bachmann","geo_enabled":false,"favourites_count":0,"profile_background_color":"ffffff","default_profile_image":false,"notifications":null,"profile_background_tile":false,"utc_offset":-21600,"description":"The Official Twitter Account of Michele Bachmann for President: A Constitutional Conservative Choice in 2012","default_profile":false,"statuses_count":1047,"following":null,"verified":true,"profile_sidebar_fill_color":"bdbdbd","followers_count":32972,"profile_image_url":"http:\/\/a1.twimg.com\/profile_images\/1415631291\/75x75-twitter-pres-new_normal.jpg","follow_request_sent":null,"profile_sidebar_border_color":"000000","location":"Minnesota","is_translator":false,"contributors_enabled":false,"screen_name":"TeamBachmann","profile_use_background_image":true,"url":"http:\/\/www.michelebachmann.com","id_str":"16446177","show_all_inline_media":false,"profile_background_image_url_https":"https:\/\/si0.twimg.com\/profile_background_images\/278860317\/Twitter_Background-pres02.jpg","profile_text_color":"000000","id":16446177,"listed_count":1818,"lang":"en","profile_background_image_url":"http:\/\/a2.twimg.com\/profile_background_images\/278860317\/Twitter_Background-pres02.jpg","friends_count":1883},"contributors":null,"in_reply_to_status_id":null,"source":"<a href=\"http:\/\/twitter.com\/tweetbutton\" rel=\"nofollow\">Tweet Button<\/a>","id_str":"93770987102932992","geo":null,"favorited":false,"id":93770987102932992,"coordinates":null,"in_reply_to_user_id":null,"truncated":false,"text":".@140townhall Yes 3 priorities. Attract #jobs by cutting job creator #taxes. Keep $ in pvt sector by reducing govt #spend. Simplify tax code","name":"TeamBachmann","boldText":".@140townhall Yes 3 priorities. Attract #jobs by <B>cut<\/B>ting job creator #taxes. Keep $ in pvt sector by reducing govt #spend. Simplify tax code"},{"place":null,"retweet_count":70,"in_reply_to_screen_name":null,"created_at":"Wed Jul 20 19:47:24 +0000 2011","retweeted":false,"in_reply_to_status_id_str":null,"in_reply_to_user_id_str":null,"user":{"time_zone":"Central Time (US & Canada)","profile_link_color":"1a3980","protected":false,"created_at":"Thu Sep 25 03:31:50 +0000 2008","profile_image_url_https":"https:\/\/si0.twimg.com\/profile_images\/1415631291\/75x75-twitter-pres-new_normal.jpg","name":"Michele Bachmann","geo_enabled":false,"favourites_count":0,"profile_background_color":"ffffff","default_profile_image":false,"notifications":null,"profile_background_tile":false,"utc_offset":-21600,"description":"The Official Twitter Account of Michele Bachmann for President: A Constitutional Conservative Choice in 2012","default_profile":false,"statuses_count":1047,"following":null,"verified":true,"profile_sidebar_fill_color":"bdbdbd","followers_count":32972,"profile_image_url":"http:\/\/a1.twimg.com\/profile_images\/1415631291\/75x75-twitter-pres-new_normal.jpg","follow_request_sent":null,"profile_sidebar_border_color":"000000","location":"Minnesota","is_translator":false,"contributors_enabled":false,"screen_name":"TeamBachmann","profile_use_background_image":true,"url":"http:\/\/www.michelebachmann.com","id_str":"16446177","show_all_inline_media":false,"profile_background_image_url_https":"https:\/\/si0.twimg.com\/profile_background_images\/278860317\/Twitter_Background-pres02.jpg","profile_text_color":"000000","id":16446177,"listed_count":1818,"lang":"en","profile_background_image_url":"http:\/\/a2.twimg.com\/profile_background_images\/278860317\/Twitter_Background-pres02.jpg","friends_count":1883},"contributors":null,"in_reply_to_status_id":null,"source":"<a href=\"http:\/\/twitter.com\/tweetbutton\" rel=\"nofollow\">Tweet Button<\/a>","id_str":"93768990962360320","geo":null,"favorited":false,"id":93768990962360320,"coordinates":null,"in_reply_to_user_id":null,"truncated":false,"text":".@140townhall I support DOD efficiency but defense spending did not cause our budget crisis & we must maintain our military strength.","name":"TeamBachmann","boldText":".@140townhall I support DOD efficiency but defense <B>spending<\/B> did not cause our budget crisis & we must maintain our military strength."},{"place":null,"retweet_count":49,"in_reply_to_screen_name":null,"created_at":"Wed Jul 20 19:45:15 +0000 2011","retweeted":false,"in_reply_to_status_id_str":null,"in_reply_to_user_id_str":null,"user":{"time_zone":"Central Time (US & Canada)","profile_link_color":"1a3980","protected":false,"created_at":"Thu Sep 25 03:31:50 +0000 2008","profile_image_url_https":"https:\/\/si0.twimg.com\/profile_images\/1415631291\/75x75-twitter-pres-new_normal.jpg","name":"Michele Bachmann","geo_enabled":false,"favourites_count":0,"profile_background_color":"ffffff","default_profile_image":false,"notifications":null,"profile_background_tile":false,"utc_offset":-21600,"description":"The Official Twitter Account of Michele Bachmann for President: A Constitutional Conservative Choice in 2012","default_profile":false,"statuses_count":1047,"following":null,"verified":true,"profile_sidebar_fill_color":"bdbdbd","followers_count":32972,"profile_image_url":"http:\/\/a1.twimg.com\/profile_images\/1415631291\/75x75-twitter-pres-new_normal.jpg","follow_request_sent":null,"profile_sidebar_border_color":"000000","location":"Minnesota","is_translator":false,"contributors_enabled":false,"screen_name":"TeamBachmann","profile_use_background_image":true,"url":"http:\/\/www.michelebachmann.com","id_str":"16446177","show_all_inline_media":false,"profile_background_image_url_https":"https:\/\/si0.twimg.com\/profile_background_images\/278860317\/Twitter_Background-pres02.jpg","profile_text_color":"000000","id":16446177,"listed_count":1818,"lang":"en","profile_background_image_url":"http:\/\/a2.twimg.com\/profile_background_images\/278860317\/Twitter_Background-pres02.jpg","friends_count":1883},"contributors":null,"in_reply_to_status_id":null,"source":"<a href=\"http:\/\/twitter.com\/tweetbutton\" rel=\"nofollow\">Tweet Button<\/a>","id_str":"93768453000937472","geo":null,"favorited":false,"id":93768453000937472,"coordinates":null,"in_reply_to_user_id":null,"truncated":false,"text":".@140townhall #Obamacare, the largest entitlement and spending program in our country's history","name":"TeamBachmann","boldText":".@140townhall #Obamacare, the largest entitlement and <B>spending<\/B> program in our country's history"},{"place":null,"retweet_count":40,"in_reply_to_screen_name":null,"created_at":"Wed Jul 20 19:40:51 +0000 2011","retweeted":false,"in_reply_to_status_id_str":null,"in_reply_to_user_id_str":null,"user":{"time_zone":"Central Time (US & Canada)","profile_link_color":"1a3980","protected":false,"created_at":"Thu Sep 25 03:31:50 +0000 2008","profile_image_url_https":"https:\/\/si0.twimg.com\/profile_images\/1415631291\/75x75-twitter-pres-new_normal.jpg","name":"Michele Bachmann","geo_enabled":false,"favourites_count":0,"profile_background_color":"ffffff","default_profile_image":false,"notifications":null,"profile_background_tile":false,"utc_offset":-21600,"description":"The Official Twitter Account of Michele Bachmann for President: A Constitutional Conservative Choice in 2012","default_profile":false,"statuses_count":1047,"following":null,"verified":true,"profile_sidebar_fill_color":"bdbdbd","followers_count":32972,"profile_image_url":"http:\/\/a1.twimg.com\/profile_images\/1415631291\/75x75-twitter-pres-new_normal.jpg","follow_request_sent":null,"profile_sidebar_border_color":"000000","location":"Minnesota","is_translator":false,"contributors_enabled":false,"screen_name":"TeamBachmann","profile_use_background_image":true,"url":"http:\/\/www.michelebachmann.com","id_str":"16446177","show_all_inline_media":false,"profile_background_image_url_https":"https:\/\/si0.twimg.com\/profile_background_images\/278860317\/Twitter_Background-pres02.jpg","profile_text_color":"000000","id":16446177,"listed_count":1818,"lang":"en","profile_background_image_url":"http:\/\/a2.twimg.com\/profile_background_images\/278860317\/Twitter_Background-pres02.jpg","friends_count":1883},"contributors":null,"in_reply_to_status_id":null,"source":"<a href=\"http:\/\/twitter.com\/tweetbutton\" rel=\"nofollow\">Tweet Button<\/a>","id_str":"93767343355871233","geo":null,"favorited":false,"id":93767343355871233,"coordinates":null,"in_reply_to_user_id":null,"truncated":false,"text":".@140townhall Lesson of '82 and '90 is promised #spending cuts never last while higher taxes persist. \u00a0No more biz as usual. \u00a0No debt hike.","name":"TeamBachmann","boldText":".@140townhall Lesson of '82 and '90 is promised #<B>spending<\/B> <B><B>cut<\/B><\/B>s never last while higher taxes persist. \u00a0No more biz as usual. \u00a0No debt hike."},{"place":null,"retweet_count":71,"in_reply_to_screen_name":null,"created_at":"Wed Jul 20 19:40:35 +0000 2011","retweeted":false,"in_reply_to_status_id_str":null,"in_reply_to_user_id_str":null,"user":{"time_zone":"Central Time (US & Canada)","profile_link_color":"1a3980","protected":false,"created_at":"Thu Sep 25 03:31:50 +0000 2008","profile_image_url_https":"https:\/\/si0.twimg.com\/profile_images\/1415631291\/75x75-twitter-pres-new_normal.jpg","name":"Michele Bachmann","geo_enabled":false,"favourites_count":0,"profile_background_color":"ffffff","default_profile_image":false,"notifications":null,"profile_background_tile":false,"utc_offset":-21600,"description":"The Official Twitter Account of Michele Bachmann for President: A Constitutional Conservative Choice in 2012","default_profile":false,"statuses_count":1047,"following":null,"verified":true,"profile_sidebar_fill_color":"bdbdbd","followers_count":32972,"profile_image_url":"http:\/\/a1.twimg.com\/profile_images\/1415631291\/75x75-twitter-pres-new_normal.jpg","follow_request_sent":null,"profile_sidebar_border_color":"000000","location":"Minnesota","is_translator":false,"contributors_enabled":false,"screen_name":"TeamBachmann","profile_use_background_image":true,"url":"http:\/\/www.michelebachmann.com","id_str":"16446177","show_all_inline_media":false,"profile_background_image_url_https":"https:\/\/si0.twimg.com\/profile_background_images\/278860317\/Twitter_Background-pres02.jpg","profile_text_color":"000000","id":16446177,"listed_count":1818,"lang":"en","profile_background_image_url":"http:\/\/a2.twimg.com\/profile_background_images\/278860317\/Twitter_Background-pres02.jpg","friends_count":1883},"contributors":null,"in_reply_to_status_id":null,"source":"<a href=\"http:\/\/twitter.com\/tweetbutton\" rel=\"nofollow\">Tweet Button<\/a>","id_str":"93767278012796928","geo":null,"favorited":false,"id":93767278012796928,"coordinates":null,"in_reply_to_user_id":null,"truncated":false,"text":".@140townhall As then Sen. Obama said in '06, raising #debtceiling is a failure of leadership. Need real spending reform not empty promises.","name":"TeamBachmann","boldText":".@140townhall As then Sen. Obama said in '06, raising #debtceiling is a failure of leadership. Need real <B>spending<\/B> reform not empty promises."},{"place":null,"retweet_count":62,"in_reply_to_screen_name":null,"created_at":"Wed Jul 20 19:40:13 +0000 2011","retweeted":false,"in_reply_to_status_id_str":null,"in_reply_to_user_id_str":null,"user":{"time_zone":"Central Time (US & Canada)","profile_link_color":"1a3980","protected":false,"created_at":"Thu Sep 25 03:31:50 +0000 2008","profile_image_url_https":"https:\/\/si0.twimg.com\/profile_images\/1415631291\/75x75-twitter-pres-new_normal.jpg","name":"Michele Bachmann","geo_enabled":false,"favourites_count":0,"profile_background_color":"ffffff","default_profile_image":false,"notifications":null,"profile_background_tile":false,"utc_offset":-21600,"description":"The Official Twitter Account of Michele Bachmann for President: A Constitutional Conservative Choice in 2012","default_profile":false,"statuses_count":1047,"following":null,"verified":true,"profile_sidebar_fill_color":"bdbdbd","followers_count":32972,"profile_image_url":"http:\/\/a1.twimg.com\/profile_images\/1415631291\/75x75-twitter-pres-new_normal.jpg","follow_request_sent":null,"profile_sidebar_border_color":"000000","location":"Minnesota","is_translator":false,"contributors_enabled":false,"screen_name":"TeamBachmann","profile_use_background_image":true,"url":"http:\/\/www.michelebachmann.com","id_str":"16446177","show_all_inline_media":false,"profile_background_image_url_https":"https:\/\/si0.twimg.com\/profile_background_images\/278860317\/Twitter_Background-pres02.jpg","profile_text_color":"000000","id":16446177,"listed_count":1818,"lang":"en","profile_background_image_url":"http:\/\/a2.twimg.com\/profile_background_images\/278860317\/Twitter_Background-pres02.jpg","friends_count":1883},"contributors":null,"in_reply_to_status_id":null,"source":"<a href=\"http:\/\/twitter.com\/tweetbutton\" rel=\"nofollow\">Tweet Button<\/a>","id_str":"93767183825506304","geo":null,"favorited":false,"id":93767183825506304,"coordinates":null,"in_reply_to_user_id":null,"truncated":false,"text":".@140townhall Only way to avoid future increases is fund. change the way we spend. We must #cutcapbalance and repeal Obamacare.","name":"TeamBachmann","boldText":".@140townhall Only way to avoid future increases is fund. change the way we spend. We must #<B>cut<\/B>capbalance and repeal Obamacare."},{"possibly_sensitive":false,"place":null,"retweet_count":17,"in_reply_to_screen_name":null,"created_at":"Mon Jul 11 16:14:03 +0000 2011","retweeted":false,"in_reply_to_status_id_str":null,"in_reply_to_user_id_str":null,"user":{"time_zone":"Central Time (US & Canada)","profile_link_color":"1a3980","protected":false,"created_at":"Thu Sep 25 03:31:50 +0000 2008","profile_image_url_https":"https:\/\/si0.twimg.com\/profile_images\/1415631291\/75x75-twitter-pres-new_normal.jpg","name":"Michele Bachmann","geo_enabled":false,"favourites_count":0,"profile_background_color":"ffffff","default_profile_image":false,"notifications":null,"profile_background_tile":false,"utc_offset":-21600,"description":"The Official Twitter Account of Michele Bachmann for President: A Constitutional Conservative Choice in 2012","statuses_count":1047,"following":null,"verified":true,"profile_sidebar_fill_color":"bdbdbd","followers_count":32972,"profile_image_url":"http:\/\/a1.twimg.com\/profile_images\/1415631291\/75x75-twitter-pres-new_normal.jpg","follow_request_sent":null,"profile_sidebar_border_color":"000000","location":"Minnesota","is_translator":false,"default_profile":false,"contributors_enabled":false,"screen_name":"TeamBachmann","profile_use_background_image":true,"url":"http:\/\/www.michelebachmann.com","id_str":"16446177","show_all_inline_media":false,"profile_background_image_url_https":"https:\/\/si0.twimg.com\/profile_background_images\/278860317\/Twitter_Background-pres02.jpg","profile_text_color":"000000","id":16446177,"listed_count":1818,"lang":"en","profile_background_image_url":"http:\/\/a2.twimg.com\/profile_background_images\/278860317\/Twitter_Background-pres02.jpg","friends_count":1883},"contributors":null,"in_reply_to_status_id":null,"source":"web","id_str":"90453811113631744","geo":null,"favorited":false,"id":90453811113631744,"coordinates":null,"in_reply_to_user_id":null,"truncated":false,"text":"New #'s in IA reinforce our message's impact. Later today, #Michele continues the momentum w\/ remarks on econ. growth: http:\/\/t.co\/bLiOilc","name":"TeamBachmann","boldText":"New #'s in IA reinforce our message's impact. Later today, #Michele continues the momentum w\/ remarks on econ. <B>growth<\/B>: http:\/\/t.co\/bLiOilc"},{"place":null,"retweet_count":68,"in_reply_to_screen_name":null,"created_at":"Fri Jun 24 18:43:45 +0000 2011","retweeted":false,"in_reply_to_status_id_str":null,"in_reply_to_user_id_str":null,"user":{"time_zone":"Central Time (US & Canada)","profile_link_color":"0f0505","protected":false,"created_at":"Thu Dec 18 16:10:29 +0000 2008","profile_image_url_https":"https:\/\/si0.twimg.com\/profile_images\/1132374049\/Rep_Michele_Bachmann_Official_Photo_WEB_normal.JPG","name":"MicheleBachmann","geo_enabled":false,"favourites_count":2,"profile_background_color":"61438e","default_profile_image":false,"notifications":null,"profile_background_tile":false,"utc_offset":-21600,"description":"Happy to be serving MN-06 for a 3rd term.","default_profile":false,"statuses_count":827,"following":null,"verified":true,"profile_sidebar_fill_color":"f4d506","followers_count":110139,"profile_image_url":"http:\/\/a1.twimg.com\/profile_images\/1132374049\/Rep_Michele_Bachmann_Official_Photo_WEB_normal.JPG","follow_request_sent":null,"profile_sidebar_border_color":"61438E","location":"Washington, D.C.","is_translator":false,"contributors_enabled":false,"screen_name":"MicheleBachmann","profile_use_background_image":false,"url":"http:\/\/bachmann.house.gov\/","id_str":"18217624","show_all_inline_media":false,"profile_background_image_url_https":"https:\/\/si0.twimg.com\/profile_background_images\/3638228\/twitbacks_background.JPG","profile_text_color":"180c0c","id":18217624,"listed_count":4934,"lang":"en","profile_background_image_url":"http:\/\/a2.twimg.com\/profile_background_images\/3638228\/twitbacks_background.JPG","friends_count":17744},"contributors":null,"in_reply_to_status_id":null,"source":"web","id_str":"84330887927431168","geo":null,"favorited":false,"id":84330887927431168,"coordinates":null,"in_reply_to_user_id":null,"truncated":false,"text":"Recently, I received @club4growth\u2019s \u201cDefender of Economic Freedom\u201d Award for consistently voting in support of economic freedom.","name":"MicheleBachmann","boldText":"Recently, I received @club4<B>growth<\/B>\u2019s \u201cDefender of <B>Economic<\/B> Freedom\u201d Award for consistently voting in support of <B>economic<\/B> freedom."},{"possibly_sensitive":false,"place":null,"retweet_count":"100+","in_reply_to_screen_name":null,"created_at":"Thu Jun 23 20:38:02 +0000 2011","retweeted":false,"in_reply_to_status_id_str":null,"in_reply_to_user_id_str":null,"user":{"time_zone":"Central Time (US & Canada)","profile_link_color":"0f0505","protected":false,"created_at":"Thu Dec 18 16:10:29 +0000 2008","profile_image_url_https":"https:\/\/si0.twimg.com\/profile_images\/1132374049\/Rep_Michele_Bachmann_Official_Photo_WEB_normal.JPG","name":"MicheleBachmann","geo_enabled":false,"favourites_count":2,"profile_background_color":"61438e","default_profile_image":false,"notifications":null,"profile_background_tile":false,"utc_offset":-21600,"description":"Happy to be serving MN-06 for a 3rd term.","default_profile":false,"statuses_count":827,"following":null,"verified":true,"profile_sidebar_fill_color":"f4d506","followers_count":110139,"profile_image_url":"http:\/\/a1.twimg.com\/profile_images\/1132374049\/Rep_Michele_Bachmann_Official_Photo_WEB_normal.JPG","follow_request_sent":null,"profile_sidebar_border_color":"61438E","location":"Washington, D.C.","is_translator":false,"contributors_enabled":false,"screen_name":"MicheleBachmann","profile_use_background_image":false,"url":"http:\/\/bachmann.house.gov\/","id_str":"18217624","show_all_inline_media":false,"profile_background_image_url_https":"https:\/\/si0.twimg.com\/profile_background_images\/3638228\/twitbacks_background.JPG","profile_text_color":"180c0c","id":18217624,"listed_count":4934,"lang":"en","profile_background_image_url":"http:\/\/a2.twimg.com\/profile_background_images\/3638228\/twitbacks_background.JPG","friends_count":17744},"contributors":null,"in_reply_to_status_id":null,"source":"web","id_str":"83997263290040320","geo":null,"favorited":false,"id":83997263290040320,"coordinates":null,"in_reply_to_user_id":null,"truncated":false,"text":"429,000 more Americans filed for unemployment last week; is this just a \"bump on the road to recovery\"?http:\/\/tiny.cc\/5shu9 #tcot","name":"MicheleBachmann","boldText":"429,000 more Americans filed for unemployment last week; is this just a \"bump on the road to <B>recovery<\/B>\"?http:\/\/tiny.cc\/5shu9 #tcot"},{"possibly_sensitive":false,"place":null,"retweet_count":86,"in_reply_to_screen_name":null,"created_at":"Wed Jun 22 18:04:19 +0000 2011","retweeted":false,"in_reply_to_status_id_str":null,"in_reply_to_user_id_str":null,"user":{"time_zone":"Central Time (US & Canada)","profile_link_color":"0f0505","protected":false,"created_at":"Thu Dec 18 16:10:29 +0000 2008","profile_image_url_https":"https:\/\/si0.twimg.com\/profile_images\/1132374049\/Rep_Michele_Bachmann_Official_Photo_WEB_normal.JPG","name":"MicheleBachmann","geo_enabled":false,"favourites_count":2,"profile_background_color":"61438e","default_profile_image":false,"notifications":null,"profile_background_tile":false,"utc_offset":-21600,"description":"Happy to be serving MN-06 for a 3rd term.","default_profile":false,"statuses_count":827,"following":null,"verified":true,"profile_sidebar_fill_color":"f4d506","followers_count":110139,"profile_image_url":"http:\/\/a1.twimg.com\/profile_images\/1132374049\/Rep_Michele_Bachmann_Official_Photo_WEB_normal.JPG","follow_request_sent":null,"profile_sidebar_border_color":"61438E","location":"Washington, D.C.","is_translator":false,"contributors_enabled":false,"screen_name":"MicheleBachmann","profile_use_background_image":false,"url":"http:\/\/bachmann.house.gov\/","id_str":"18217624","show_all_inline_media":false,"profile_background_image_url_https":"https:\/\/si0.twimg.com\/profile_background_images\/3638228\/twitbacks_background.JPG","profile_text_color":"180c0c","id":18217624,"listed_count":4934,"lang":"en","profile_background_image_url":"http:\/\/a2.twimg.com\/profile_background_images\/3638228\/twitbacks_background.JPG","friends_count":17744},"contributors":null,"in_reply_to_status_id":null,"source":"web","id_str":"83596190003896320","geo":null,"favorited":false,"id":83596190003896320,"coordinates":null,"in_reply_to_user_id":null,"truncated":false,"text":"CBO predicts national debt will surge to 70% of GDP by end of FY 2011. We need to cut the debt now! http:\/\/t.co\/LnkMC49 #tcot","name":"MicheleBachmann","boldText":"CBO predicts national debt will surge to 70% of GDP by end of FY 2011. We need to <B>cut<\/B> the debt now! http:\/\/t.co\/LnkMC49 #tcot"},{"possibly_sensitive":false,"place":null,"retweet_count":"100+","in_reply_to_screen_name":null,"created_at":"Fri Jun 17 17:26:10 +0000 2011","retweeted":false,"in_reply_to_status_id_str":null,"in_reply_to_user_id_str":null,"user":{"time_zone":"Central Time (US & Canada)","profile_link_color":"0f0505","protected":false,"created_at":"Thu Dec 18 16:10:29 +0000 2008","profile_image_url_https":"https:\/\/si0.twimg.com\/profile_images\/1132374049\/Rep_Michele_Bachmann_Official_Photo_WEB_normal.JPG","name":"MicheleBachmann","geo_enabled":false,"favourites_count":2,"profile_background_color":"61438e","default_profile_image":false,"notifications":null,"profile_background_tile":false,"utc_offset":-21600,"description":"Happy to be serving MN-06 for a 3rd term.","default_profile":false,"statuses_count":827,"following":null,"verified":true,"profile_sidebar_fill_color":"f4d506","followers_count":110139,"profile_image_url":"http:\/\/a1.twimg.com\/profile_images\/1132374049\/Rep_Michele_Bachmann_Official_Photo_WEB_normal.JPG","follow_request_sent":null,"profile_sidebar_border_color":"61438E","location":"Washington, D.C.","is_translator":false,"contributors_enabled":false,"screen_name":"MicheleBachmann","profile_use_background_image":false,"url":"http:\/\/bachmann.house.gov\/","id_str":"18217624","show_all_inline_media":false,"profile_background_image_url_https":"https:\/\/si0.twimg.com\/profile_background_images\/3638228\/twitbacks_background.JPG","profile_text_color":"180c0c","id":18217624,"listed_count":4934,"lang":"en","profile_background_image_url":"http:\/\/a2.twimg.com\/profile_background_images\/3638228\/twitbacks_background.JPG","friends_count":17744},"contributors":null,"in_reply_to_status_id":null,"source":"web","id_str":"81774648513150976","geo":null,"favorited":false,"id":81774648513150976,"coordinates":null,"in_reply_to_user_id":null,"truncated":false,"text":"A year ago today the White House declared summer 2010 \u201ca summer of economic recovery.\u201d http:\/\/t.co\/M80vqde Are you better off today? #gop","name":"MicheleBachmann","boldText":"A year ago today the White House declared summer 2010 \u201ca summer of <B>economic<\/B> <B><B>recovery<\/B><\/B>.\u201d http:\/\/t.co\/M80vqde Are you better off today? #gop"},{"possibly_sensitive":false,"place":null,"retweet_count":12,"in_reply_to_screen_name":null,"created_at":"Wed May 04 22:33:35 +0000 2011","retweeted":false,"in_reply_to_status_id_str":null,"in_reply_to_user_id_str":null,"user":{"time_zone":"Central Time (US & Canada)","profile_link_color":"0f0505","protected":false,"created_at":"Thu Dec 18 16:10:29 +0000 2008","profile_image_url_https":"https:\/\/si0.twimg.com\/profile_images\/1132374049\/Rep_Michele_Bachmann_Official_Photo_WEB_normal.JPG","name":"MicheleBachmann","geo_enabled":false,"favourites_count":2,"profile_background_color":"61438e","default_profile_image":false,"notifications":null,"profile_background_tile":false,"utc_offset":-21600,"description":"Happy to be serving MN-06 for a 3rd term.","default_profile":false,"statuses_count":827,"following":null,"verified":true,"profile_sidebar_fill_color":"f4d506","followers_count":110139,"profile_image_url":"http:\/\/a1.twimg.com\/profile_images\/1132374049\/Rep_Michele_Bachmann_Official_Photo_WEB_normal.JPG","follow_request_sent":null,"profile_sidebar_border_color":"61438E","location":"Washington, D.C.","is_translator":false,"contributors_enabled":false,"screen_name":"MicheleBachmann","profile_use_background_image":false,"url":"http:\/\/bachmann.house.gov\/","id_str":"18217624","show_all_inline_media":false,"profile_background_image_url_https":"https:\/\/si0.twimg.com\/profile_background_images\/3638228\/twitbacks_background.JPG","profile_text_color":"180c0c","id":18217624,"listed_count":4934,"lang":"en","profile_background_image_url":"http:\/\/a2.twimg.com\/profile_background_images\/3638228\/twitbacks_background.JPG","friends_count":17744},"contributors":null,"in_reply_to_status_id":null,"source":"<a href=\"http:\/\/tweetmeme.com\" rel=\"nofollow\">TweetMeme<\/a>","id_str":"65906948163383297","geo":null,"favorited":false,"id":65906948163383297,"coordinates":null,"in_reply_to_user_id":null,"truncated":false,"text":"Rep. Michele Bachmann on the Defense for Defense Spending | The Foundry http:\/\/bit.ly\/m13qvz","name":"MicheleBachmann","boldText":"Rep. Michele Bachmann on the Defense for Defense <B>Spending<\/B> | The Foundry http:\/\/bit.ly\/m13qvz"},{"possibly_sensitive":false,"place":null,"retweet_count":57,"in_reply_to_screen_name":null,"created_at":"Tue Apr 26 18:44:53 +0000 2011","retweeted":false,"in_reply_to_status_id_str":null,"in_reply_to_user_id_str":null,"user":{"time_zone":"Central Time (US & Canada)","profile_link_color":"0f0505","protected":false,"created_at":"Thu Dec 18 16:10:29 +0000 2008","profile_image_url_https":"https:\/\/si0.twimg.com\/profile_images\/1132374049\/Rep_Michele_Bachmann_Official_Photo_WEB_normal.JPG","name":"MicheleBachmann","geo_enabled":false,"favourites_count":2,"profile_background_color":"61438e","default_profile_image":false,"notifications":null,"profile_background_tile":false,"utc_offset":-21600,"description":"Happy to be serving MN-06 for a 3rd term.","default_profile":false,"statuses_count":827,"following":null,"verified":true,"profile_sidebar_fill_color":"f4d506","followers_count":110139,"profile_image_url":"http:\/\/a1.twimg.com\/profile_images\/1132374049\/Rep_Michele_Bachmann_Official_Photo_WEB_normal.JPG","follow_request_sent":null,"profile_sidebar_border_color":"61438E","location":"Washington, D.C.","is_translator":false,"contributors_enabled":false,"screen_name":"MicheleBachmann","profile_use_background_image":false,"url":"http:\/\/bachmann.house.gov\/","id_str":"18217624","show_all_inline_media":false,"profile_background_image_url_https":"https:\/\/si0.twimg.com\/profile_background_images\/3638228\/twitbacks_background.JPG","profile_text_color":"180c0c","id":18217624,"listed_count":4934,"lang":"en","profile_background_image_url":"http:\/\/a2.twimg.com\/profile_background_images\/3638228\/twitbacks_background.JPG","friends_count":17744},"contributors":null,"in_reply_to_status_id":null,"source":"web","id_str":"62950289283629057","geo":null,"favorited":false,"id":62950289283629057,"coordinates":null,"in_reply_to_user_id":null,"truncated":false,"text":"This article provides plenty of reasons to defund Planned Parenthood of its taxpayer funds. http:\/\/tiny.cc\/zlgnx #tcot","name":"MicheleBachmann","boldText":"This article provides plenty of reasons to defund Planned Parenthood of its taxpayer <B>funds<\/B>. http:\/\/tiny.cc\/zlgnx #tcot"},{"possibly_sensitive":false,"place":null,"retweet_count":50,"in_reply_to_screen_name":null,"created_at":"Mon Apr 18 19:19:00 +0000 2011","retweeted":false,"in_reply_to_status_id_str":null,"in_reply_to_user_id_str":null,"user":{"time_zone":"Central Time (US & Canada)","profile_link_color":"0f0505","protected":false,"created_at":"Thu Dec 18 16:10:29 +0000 2008","profile_image_url_https":"https:\/\/si0.twimg.com\/profile_images\/1132374049\/Rep_Michele_Bachmann_Official_Photo_WEB_normal.JPG","name":"MicheleBachmann","geo_enabled":false,"favourites_count":2,"profile_background_color":"61438e","default_profile_image":false,"notifications":null,"profile_background_tile":false,"utc_offset":-21600,"description":"Happy to be serving MN-06 for a 3rd term.","default_profile":false,"statuses_count":827,"following":null,"verified":true,"profile_sidebar_fill_color":"f4d506","followers_count":110139,"profile_image_url":"http:\/\/a1.twimg.com\/profile_images\/1132374049\/Rep_Michele_Bachmann_Official_Photo_WEB_normal.JPG","follow_request_sent":null,"profile_sidebar_border_color":"61438E","location":"Washington, D.C.","is_translator":false,"contributors_enabled":false,"screen_name":"MicheleBachmann","profile_use_background_image":false,"url":"http:\/\/bachmann.house.gov\/","id_str":"18217624","show_all_inline_media":false,"profile_background_image_url_https":"https:\/\/si0.twimg.com\/profile_background_images\/3638228\/twitbacks_background.JPG","profile_text_color":"180c0c","id":18217624,"listed_count":4934,"lang":"en","profile_background_image_url":"http:\/\/a2.twimg.com\/profile_background_images\/3638228\/twitbacks_background.JPG","friends_count":17744},"contributors":null,"in_reply_to_status_id":null,"source":"web","id_str":"60059775169335296","geo":null,"favorited":false,"id":60059775169335296,"coordinates":null,"in_reply_to_user_id":null,"truncated":false,"text":"S&P confirms what we know: the government must slash spending. A debt ceiling hike will only worsen the problem http:\/\/tiny.cc\/oe91d #tcot","name":"MicheleBachmann","boldText":"S&P confirms what we know: the government must slash <B>spending<\/B>. A debt ceiling hike will only worsen the problem http:\/\/tiny.cc\/oe91d #tcot"},{"place":null,"retweet_count":"100+","in_reply_to_screen_name":null,"created_at":"Sat Apr 09 14:34:32 +0000 2011","retweeted":false,"in_reply_to_status_id_str":null,"in_reply_to_user_id_str":null,"user":{"time_zone":"Central Time (US & Canada)","profile_link_color":"0f0505","protected":false,"created_at":"Thu Dec 18 16:10:29 +0000 2008","profile_image_url_https":"https:\/\/si0.twimg.com\/profile_images\/1132374049\/Rep_Michele_Bachmann_Official_Photo_WEB_normal.JPG","name":"MicheleBachmann","geo_enabled":false,"favourites_count":2,"profile_background_color":"61438e","default_profile_image":false,"notifications":null,"profile_background_tile":false,"utc_offset":-21600,"description":"Happy to be serving MN-06 for a 3rd term.","default_profile":false,"statuses_count":827,"following":null,"verified":true,"profile_sidebar_fill_color":"f4d506","followers_count":110139,"profile_image_url":"http:\/\/a1.twimg.com\/profile_images\/1132374049\/Rep_Michele_Bachmann_Official_Photo_WEB_normal.JPG","follow_request_sent":null,"profile_sidebar_border_color":"61438E","location":"Washington, D.C.","is_translator":false,"contributors_enabled":false,"screen_name":"MicheleBachmann","profile_use_background_image":false,"url":"http:\/\/bachmann.house.gov\/","id_str":"18217624","show_all_inline_media":false,"profile_background_image_url_https":"https:\/\/si0.twimg.com\/profile_background_images\/3638228\/twitbacks_background.JPG","profile_text_color":"180c0c","id":18217624,"listed_count":4934,"lang":"en","profile_background_image_url":"http:\/\/a2.twimg.com\/profile_background_images\/3638228\/twitbacks_background.JPG","friends_count":17744},"contributors":null,"in_reply_to_status_id":null,"source":"web","id_str":"56726694433783808","geo":null,"favorited":false,"id":56726694433783808,"coordinates":null,"in_reply_to_user_id":null,"truncated":false,"text":"Make no mistake: I oppose this negotiated deal. It does not: Cut enough spending, stop funding Planned Parenthood, or defund ObamaCare #tcot","name":"MicheleBachmann","boldText":"Make no mistake: I oppose this negotiated deal. It does not: <B>Cut<\/B> enough <B>spending<\/B>, stop funding Planned Parenthood, or defund ObamaCare #tcot"},{"possibly_sensitive":false,"place":null,"retweet_count":63,"in_reply_to_screen_name":null,"created_at":"Thu Mar 10 22:17:56 +0000 2011","retweeted":false,"in_reply_to_status_id_str":null,"in_reply_to_user_id_str":null,"user":{"time_zone":"Central Time (US & Canada)","profile_link_color":"0f0505","protected":false,"created_at":"Thu Dec 18 16:10:29 +0000 2008","profile_image_url_https":"https:\/\/si0.twimg.com\/profile_images\/1132374049\/Rep_Michele_Bachmann_Official_Photo_WEB_normal.JPG","name":"MicheleBachmann","geo_enabled":false,"favourites_count":2,"profile_background_color":"61438e","default_profile_image":false,"notifications":null,"profile_background_tile":false,"utc_offset":-21600,"description":"Happy to be serving MN-06 for a 3rd term.","statuses_count":827,"following":null,"verified":true,"profile_sidebar_fill_color":"f4d506","followers_count":110139,"profile_image_url":"http:\/\/a1.twimg.com\/profile_images\/1132374049\/Rep_Michele_Bachmann_Official_Photo_WEB_normal.JPG","default_profile":false,"follow_request_sent":null,"profile_sidebar_border_color":"61438E","location":"Washington, D.C.","is_translator":false,"contributors_enabled":false,"screen_name":"MicheleBachmann","profile_use_background_image":false,"url":"http:\/\/bachmann.house.gov\/","id_str":"18217624","show_all_inline_media":false,"profile_background_image_url_https":"https:\/\/si0.twimg.com\/profile_background_images\/3638228\/twitbacks_background.JPG","profile_text_color":"180c0c","id":18217624,"listed_count":4934,"lang":"en","profile_background_image_url":"http:\/\/a2.twimg.com\/profile_background_images\/3638228\/twitbacks_background.JPG","friends_count":17744},"contributors":null,"in_reply_to_status_id":null,"source":"web","id_str":"45971676579643392","geo":null,"favorited":false,"id":45971676579643392,"coordinates":null,"in_reply_to_user_id":null,"truncated":false,"text":"Spending Buried throughout Healthcare Bill: http:\/\/youtu.be\/kpl7sv7vuOI #tcot","name":"MicheleBachmann","boldText":"Spending Buried throughout Healthcare Bill: http:\/\/youtu.be\/kpl7sv7vuOI #tcot"},{"place":null,"retweet_count":42,"in_reply_to_screen_name":null,"created_at":"Mon Mar 07 21:28:17 +0000 2011","retweeted":false,"in_reply_to_status_id_str":null,"in_reply_to_user_id_str":null,"user":{"time_zone":"Central Time (US & Canada)","profile_link_color":"0f0505","protected":false,"created_at":"Thu Dec 18 16:10:29 +0000 2008","profile_image_url_https":"https:\/\/si0.twimg.com\/profile_images\/1132374049\/Rep_Michele_Bachmann_Official_Photo_WEB_normal.JPG","name":"MicheleBachmann","geo_enabled":false,"favourites_count":2,"profile_background_color":"61438e","default_profile_image":false,"notifications":null,"profile_background_tile":false,"utc_offset":-21600,"description":"Happy to be serving MN-06 for a 3rd term.","default_profile":false,"statuses_count":827,"following":null,"verified":true,"profile_sidebar_fill_color":"f4d506","followers_count":110139,"profile_image_url":"http:\/\/a1.twimg.com\/profile_images\/1132374049\/Rep_Michele_Bachmann_Official_Photo_WEB_normal.JPG","follow_request_sent":null,"profile_sidebar_border_color":"61438E","location":"Washington, D.C.","is_translator":false,"contributors_enabled":false,"screen_name":"MicheleBachmann","profile_use_background_image":false,"url":"http:\/\/bachmann.house.gov\/","id_str":"18217624","show_all_inline_media":false,"profile_background_image_url_https":"https:\/\/si0.twimg.com\/profile_background_images\/3638228\/twitbacks_background.JPG","profile_text_color":"180c0c","id":18217624,"listed_count":4934,"lang":"en","profile_background_image_url":"http:\/\/a2.twimg.com\/profile_background_images\/3638228\/twitbacks_background.JPG","friends_count":17744},"contributors":null,"in_reply_to_status_id":null,"source":"web","id_str":"44872019795390464","geo":null,"favorited":false,"id":44872019795390464,"coordinates":null,"in_reply_to_user_id":null,"truncated":false,"text":"Watch Hannity tonight at 9 PM ET\/8 PM CST as I discuss rescinding funds to ObamaCare in order to save taxpayers $105 billion.","name":"MicheleBachmann","boldText":"Watch Hannity tonight at 9 PM ET\/8 PM CST as I discuss rescinding <B>funds<\/B> to ObamaCare in order to save taxpayers $105 billion."},{"place":null,"retweet_count":18,"in_reply_to_screen_name":null,"created_at":"Fri Mar 04 15:06:23 +0000 2011","retweeted":false,"in_reply_to_status_id_str":null,"in_reply_to_user_id_str":null,"user":{"time_zone":"Central Time (US & Canada)","profile_link_color":"0f0505","protected":false,"created_at":"Thu Dec 18 16:10:29 +0000 2008","profile_image_url_https":"https:\/\/si0.twimg.com\/profile_images\/1132374049\/Rep_Michele_Bachmann_Official_Photo_WEB_normal.JPG","name":"MicheleBachmann","geo_enabled":false,"favourites_count":2,"profile_background_color":"61438e","default_profile_image":false,"notifications":null,"profile_background_tile":false,"utc_offset":-21600,"description":"Happy to be serving MN-06 for a 3rd term.","statuses_count":827,"following":null,"verified":true,"profile_sidebar_fill_color":"f4d506","followers_count":110139,"profile_image_url":"http:\/\/a1.twimg.com\/profile_images\/1132374049\/Rep_Michele_Bachmann_Official_Photo_WEB_normal.JPG","default_profile":false,"follow_request_sent":null,"profile_sidebar_border_color":"61438E","location":"Washington, D.C.","is_translator":false,"contributors_enabled":false,"screen_name":"MicheleBachmann","profile_use_background_image":false,"url":"http:\/\/bachmann.house.gov\/","id_str":"18217624","show_all_inline_media":false,"profile_background_image_url_https":"https:\/\/si0.twimg.com\/profile_background_images\/3638228\/twitbacks_background.JPG","profile_text_color":"180c0c","id":18217624,"listed_count":4934,"lang":"en","profile_background_image_url":"http:\/\/a2.twimg.com\/profile_background_images\/3638228\/twitbacks_background.JPG","friends_count":17744},"contributors":null,"in_reply_to_status_id":null,"source":"web","id_str":"43688745219796993","geo":null,"favorited":false,"id":43688745219796993,"coordinates":null,"in_reply_to_user_id":null,"truncated":false,"text":"Sunday morning I'll be talking about ObamaCare, government spending, and budget battles w\/ Senate Dems on Meet the Press. #tcot #mpt","name":"MicheleBachmann","boldText":"Sunday morning I'll be talking about ObamaCare, government <B>spending<\/B>, and budget battles w\/ Senate Dems on Meet the Press. #tcot #mpt"},{"possibly_sensitive":false,"place":null,"retweet_count":41,"in_reply_to_screen_name":null,"created_at":"Wed Mar 02 22:46:41 +0000 2011","retweeted":false,"in_reply_to_status_id_str":null,"in_reply_to_user_id_str":null,"user":{"time_zone":"Central Time (US & Canada)","profile_link_color":"0f0505","protected":false,"created_at":"Thu Dec 18 16:10:29 +0000 2008","profile_image_url_https":"https:\/\/si0.twimg.com\/profile_images\/1132374049\/Rep_Michele_Bachmann_Official_Photo_WEB_normal.JPG","name":"MicheleBachmann","geo_enabled":false,"favourites_count":2,"profile_background_color":"61438e","default_profile_image":false,"notifications":null,"profile_background_tile":false,"utc_offset":-21600,"description":"Happy to be serving MN-06 for a 3rd term.","statuses_count":827,"following":null,"verified":true,"profile_sidebar_fill_color":"f4d506","followers_count":110139,"profile_image_url":"http:\/\/a1.twimg.com\/profile_images\/1132374049\/Rep_Michele_Bachmann_Official_Photo_WEB_normal.JPG","default_profile":false,"follow_request_sent":null,"profile_sidebar_border_color":"61438E","location":"Washington, D.C.","is_translator":false,"contributors_enabled":false,"screen_name":"MicheleBachmann","profile_use_background_image":false,"url":"http:\/\/bachmann.house.gov\/","id_str":"18217624","show_all_inline_media":false,"profile_background_image_url_https":"https:\/\/si0.twimg.com\/profile_background_images\/3638228\/twitbacks_background.JPG","profile_text_color":"180c0c","id":18217624,"listed_count":4934,"lang":"en","profile_background_image_url":"http:\/\/a2.twimg.com\/profile_background_images\/3638228\/twitbacks_background.JPG","friends_count":17744},"contributors":null,"in_reply_to_status_id":null,"source":"web","id_str":"43079809168977920","geo":null,"favorited":false,"id":43079809168977920,"coordinates":null,"in_reply_to_user_id":null,"truncated":false,"text":"The Debt Ceiling could be reached as soon as mid-April. We must get spending under control. http:\/\/tiny.cc\/adydp #tcot","name":"MicheleBachmann","boldText":"The Debt Ceiling could be reached as soon as mid-April. We must get <B>spending<\/B> under control. http:\/\/tiny.cc\/adydp #tcot"}]