[{"place":null,"retweet_count":40,"in_reply_to_screen_name":null,"created_at":"Fri Sep 23 02:00:44 +0000 2011","retweeted":false,"in_reply_to_status_id_str":null,"in_reply_to_user_id_str":null,"user":{"time_zone":"Central Time (US & Canada)","profile_link_color":"1a3980","protected":false,"created_at":"Thu Sep 25 03:31:50 +0000 2008","profile_image_url_https":"https:\/\/si0.twimg.com\/profile_images\/1415631291\/75x75-twitter-pres-new_normal.jpg","name":"Michele Bachmann","geo_enabled":false,"favourites_count":0,"profile_background_color":"ffffff","default_profile_image":false,"notifications":null,"profile_background_tile":false,"utc_offset":-21600,"description":"The Official Twitter Account of Michele Bachmann for President: A Constitutional Conservative Choice in 2012","statuses_count":1047,"following":null,"verified":true,"profile_sidebar_fill_color":"bdbdbd","followers_count":32972,"profile_image_url":"http:\/\/a1.twimg.com\/profile_images\/1415631291\/75x75-twitter-pres-new_normal.jpg","follow_request_sent":null,"profile_sidebar_border_color":"000000","location":"Minnesota","is_translator":false,"default_profile":false,"contributors_enabled":false,"screen_name":"TeamBachmann","profile_use_background_image":true,"url":"http:\/\/www.michelebachmann.com","id_str":"16446177","show_all_inline_media":false,"profile_background_image_url_https":"https:\/\/si0.twimg.com\/profile_background_images\/278860317\/Twitter_Background-pres02.jpg","profile_text_color":"000000","id":16446177,"listed_count":1818,"lang":"en","profile_background_image_url":"http:\/\/a2.twimg.com\/profile_background_images\/278860317\/Twitter_Background-pres02.jpg","friends_count":1883},"contributors":null,"in_reply_to_status_id":null,"source":"web","id_str":"117055768670388224","geo":null,"favorited":false,"id":117055768670388224,"coordinates":null,"in_reply_to_user_id":null,"truncated":false,"text":"#Michele Bachmann supports enforcement of America\u2019s immigration laws, not government benefits for illegal immigrants. #gopdebate","name":"TeamBachmann","boldText":"#Michele Bachmann supports enforcement of America\u2019s immigration laws, not government <B>benefits<\/B> for illegal immigrants. #gopdebate"}]