[{"possibly_sensitive":false,"place":null,"retweet_count":34,"in_reply_to_screen_name":null,"created_at":"Thu Sep 29 19:04:15 +0000 2011","retweeted":false,"in_reply_to_status_id_str":null,"in_reply_to_user_id_str":null,"user":{"time_zone":"Central Time (US & Canada)","profile_link_color":"1a3980","protected":false,"created_at":"Thu Sep 25 03:31:50 +0000 2008","profile_image_url_https":"https:\/\/si0.twimg.com\/profile_images\/1415631291\/75x75-twitter-pres-new_normal.jpg","name":"Michele Bachmann","geo_enabled":false,"favourites_count":0,"profile_background_color":"ffffff","default_profile_image":false,"notifications":null,"profile_background_tile":false,"utc_offset":-21600,"description":"The Official Twitter Account of Michele Bachmann for President: A Constitutional Conservative Choice in 2012","statuses_count":1047,"following":null,"verified":true,"profile_sidebar_fill_color":"bdbdbd","followers_count":32972,"profile_image_url":"http:\/\/a1.twimg.com\/profile_images\/1415631291\/75x75-twitter-pres-new_normal.jpg","follow_request_sent":null,"profile_sidebar_border_color":"000000","location":"Minnesota","is_translator":false,"default_profile":false,"contributors_enabled":false,"screen_name":"TeamBachmann","profile_use_background_image":true,"url":"http:\/\/www.michelebachmann.com","id_str":"16446177","show_all_inline_media":false,"profile_background_image_url_https":"https:\/\/si0.twimg.com\/profile_background_images\/278860317\/Twitter_Background-pres02.jpg","profile_text_color":"000000","id":16446177,"listed_count":1818,"lang":"en","profile_background_image_url":"http:\/\/a2.twimg.com\/profile_background_images\/278860317\/Twitter_Background-pres02.jpg","friends_count":1883},"contributors":null,"in_reply_to_status_id":null,"source":"<a href=\"http:\/\/seesmic.com\/\" rel=\"nofollow\">Seesmic<\/a>","id_str":"119487670463381505","geo":null,"favorited":false,"id":119487670463381505,"coordinates":null,"in_reply_to_user_id":null,"truncated":false,"text":"#Michele: \"The Jobs & Housing Destruction Act, also known as Dodd Frank, is the #Obamacare of the financial sector.\" http:\/\/t.co\/VytqbfEd","name":"TeamBachmann","boldText":"#Michele: \"The Jobs & Housing Destruction Act, also known as Dodd Frank, is the #Obamacare of the financial sector.\" http:\/\/t.co\/Vytqb<B>fEd<\/B>"},{"possibly_sensitive":false,"place":null,"retweet_count":32,"in_reply_to_screen_name":null,"created_at":"Sun Sep 04 23:50:19 +0000 2011","retweeted":false,"in_reply_to_status_id_str":null,"in_reply_to_user_id_str":null,"user":{"time_zone":"Central Time (US & Canada)","profile_link_color":"1a3980","protected":false,"created_at":"Thu Sep 25 03:31:50 +0000 2008","profile_image_url_https":"https:\/\/si0.twimg.com\/profile_images\/1415631291\/75x75-twitter-pres-new_normal.jpg","name":"Michele Bachmann","geo_enabled":false,"favourites_count":0,"profile_background_color":"ffffff","default_profile_image":false,"notifications":null,"profile_background_tile":false,"utc_offset":-21600,"description":"The Official Twitter Account of Michele Bachmann for President: A Constitutional Conservative Choice in 2012","statuses_count":1047,"following":null,"verified":true,"profile_sidebar_fill_color":"bdbdbd","followers_count":32972,"profile_image_url":"http:\/\/a1.twimg.com\/profile_images\/1415631291\/75x75-twitter-pres-new_normal.jpg","follow_request_sent":null,"profile_sidebar_border_color":"000000","location":"Minnesota","is_translator":false,"default_profile":false,"contributors_enabled":false,"screen_name":"TeamBachmann","profile_use_background_image":true,"url":"http:\/\/www.michelebachmann.com","id_str":"16446177","show_all_inline_media":false,"profile_background_image_url_https":"https:\/\/si0.twimg.com\/profile_background_images\/278860317\/Twitter_Background-pres02.jpg","profile_text_color":"000000","id":16446177,"listed_count":1818,"lang":"en","profile_background_image_url":"http:\/\/a2.twimg.com\/profile_background_images\/278860317\/Twitter_Background-pres02.jpg","friends_count":1883},"contributors":null,"in_reply_to_status_id":null,"source":"web","id_str":"110499964530065408","geo":null,"favorited":false,"id":110499964530065408,"coordinates":null,"in_reply_to_user_id":null,"truncated":false,"text":"\"#Taxes need to be simplified, fair, & reduced.\" Watch #Michele on @FaceTheNation this morning: http:\/\/t.co\/cxFPUvI #ICYMI #jobs","name":"TeamBachmann","boldText":"\"#<B>Taxes<\/B> need to be simplified, fair, & reduced.\" Watch #Michele on @FaceTheNation this morning: http:\/\/t.co\/cxFPUvI #ICYMI #jobs"},{"possibly_sensitive":false,"place":null,"retweet_count":"100+","in_reply_to_screen_name":null,"created_at":"Fri Aug 12 21:06:32 +0000 2011","retweeted":false,"in_reply_to_status_id_str":null,"in_reply_to_user_id_str":null,"user":{"time_zone":"Central Time (US & Canada)","profile_link_color":"0f0505","protected":false,"created_at":"Thu Dec 18 16:10:29 +0000 2008","profile_image_url_https":"https:\/\/si0.twimg.com\/profile_images\/1132374049\/Rep_Michele_Bachmann_Official_Photo_WEB_normal.JPG","name":"MicheleBachmann","geo_enabled":false,"favourites_count":2,"profile_background_color":"61438e","default_profile_image":false,"notifications":null,"profile_background_tile":false,"utc_offset":-21600,"description":"Happy to be serving MN-06 for a 3rd term.","default_profile":false,"statuses_count":827,"following":null,"verified":true,"profile_sidebar_fill_color":"f4d506","followers_count":110139,"profile_image_url":"http:\/\/a1.twimg.com\/profile_images\/1132374049\/Rep_Michele_Bachmann_Official_Photo_WEB_normal.JPG","follow_request_sent":null,"profile_sidebar_border_color":"61438E","location":"Washington, D.C.","is_translator":false,"contributors_enabled":false,"screen_name":"MicheleBachmann","profile_use_background_image":false,"url":"http:\/\/bachmann.house.gov\/","id_str":"18217624","show_all_inline_media":false,"profile_background_image_url_https":"https:\/\/si0.twimg.com\/profile_background_images\/3638228\/twitbacks_background.JPG","profile_text_color":"180c0c","id":18217624,"listed_count":4934,"lang":"en","profile_background_image_url":"http:\/\/a2.twimg.com\/profile_background_images\/3638228\/twitbacks_background.JPG","friends_count":17744},"contributors":null,"in_reply_to_status_id":null,"source":"web","id_str":"102123827269611521","geo":null,"favorited":false,"id":102123827269611521,"coordinates":null,"in_reply_to_user_id":null,"truncated":false,"text":"Federal Appeals Court gets it right by declaring what we all knew- #Obamacare is unconstitutional. http:\/\/t.co\/cf9xCUX","name":"MicheleBachmann","boldText":"Federal Appeals Court gets it right by declaring what we all knew- #Obamacare is unconstitutional. http:\/\/t.co\/cf9xCUX"},{"place":null,"retweet_count":64,"in_reply_to_screen_name":null,"created_at":"Wed Jul 20 20:06:57 +0000 2011","retweeted":false,"in_reply_to_status_id_str":null,"in_reply_to_user_id_str":null,"user":{"time_zone":"Central Time (US & Canada)","profile_link_color":"1a3980","protected":false,"created_at":"Thu Sep 25 03:31:50 +0000 2008","profile_image_url_https":"https:\/\/si0.twimg.com\/profile_images\/1415631291\/75x75-twitter-pres-new_normal.jpg","name":"Michele Bachmann","geo_enabled":false,"favourites_count":0,"profile_background_color":"ffffff","default_profile_image":false,"notifications":null,"profile_background_tile":false,"utc_offset":-21600,"description":"The Official Twitter Account of Michele Bachmann for President: A Constitutional Conservative Choice in 2012","default_profile":false,"statuses_count":1047,"following":null,"verified":true,"profile_sidebar_fill_color":"bdbdbd","followers_count":32972,"profile_image_url":"http:\/\/a1.twimg.com\/profile_images\/1415631291\/75x75-twitter-pres-new_normal.jpg","follow_request_sent":null,"profile_sidebar_border_color":"000000","location":"Minnesota","is_translator":false,"contributors_enabled":false,"screen_name":"TeamBachmann","profile_use_background_image":true,"url":"http:\/\/www.michelebachmann.com","id_str":"16446177","show_all_inline_media":false,"profile_background_image_url_https":"https:\/\/si0.twimg.com\/profile_background_images\/278860317\/Twitter_Background-pres02.jpg","profile_text_color":"000000","id":16446177,"listed_count":1818,"lang":"en","profile_background_image_url":"http:\/\/a2.twimg.com\/profile_background_images\/278860317\/Twitter_Background-pres02.jpg","friends_count":1883},"contributors":null,"in_reply_to_status_id":null,"source":"<a href=\"http:\/\/twitter.com\/tweetbutton\" rel=\"nofollow\">Tweet Button<\/a>","id_str":"93773912554471424","geo":null,"favorited":false,"id":93773912554471424,"coordinates":null,"in_reply_to_user_id":null,"truncated":false,"text":".@140townhall The #TEAPARTY will lead the fight 2 restore limited govt, repeal Obamacare, lower #spending & cut #taxes.","name":"TeamBachmann","boldText":".@140townhall The #TEAPARTY will lead the fight 2 restore limited govt, repeal Obamacare, lower #spending & cut #<B>taxes<\/B>."},{"place":null,"retweet_count":49,"in_reply_to_screen_name":null,"created_at":"Wed Jul 20 19:55:20 +0000 2011","retweeted":false,"in_reply_to_status_id_str":null,"in_reply_to_user_id_str":null,"user":{"time_zone":"Central Time (US & Canada)","profile_link_color":"1a3980","protected":false,"created_at":"Thu Sep 25 03:31:50 +0000 2008","profile_image_url_https":"https:\/\/si0.twimg.com\/profile_images\/1415631291\/75x75-twitter-pres-new_normal.jpg","name":"Michele Bachmann","geo_enabled":false,"favourites_count":0,"profile_background_color":"ffffff","default_profile_image":false,"notifications":null,"profile_background_tile":false,"utc_offset":-21600,"description":"The Official Twitter Account of Michele Bachmann for President: A Constitutional Conservative Choice in 2012","default_profile":false,"statuses_count":1047,"following":null,"verified":true,"profile_sidebar_fill_color":"bdbdbd","followers_count":32972,"profile_image_url":"http:\/\/a1.twimg.com\/profile_images\/1415631291\/75x75-twitter-pres-new_normal.jpg","follow_request_sent":null,"profile_sidebar_border_color":"000000","location":"Minnesota","is_translator":false,"contributors_enabled":false,"screen_name":"TeamBachmann","profile_use_background_image":true,"url":"http:\/\/www.michelebachmann.com","id_str":"16446177","show_all_inline_media":false,"profile_background_image_url_https":"https:\/\/si0.twimg.com\/profile_background_images\/278860317\/Twitter_Background-pres02.jpg","profile_text_color":"000000","id":16446177,"listed_count":1818,"lang":"en","profile_background_image_url":"http:\/\/a2.twimg.com\/profile_background_images\/278860317\/Twitter_Background-pres02.jpg","friends_count":1883},"contributors":null,"in_reply_to_status_id":null,"source":"<a href=\"http:\/\/twitter.com\/tweetbutton\" rel=\"nofollow\">Tweet Button<\/a>","id_str":"93770987102932992","geo":null,"favorited":false,"id":93770987102932992,"coordinates":null,"in_reply_to_user_id":null,"truncated":false,"text":".@140townhall Yes 3 priorities. Attract #jobs by cutting job creator #taxes. Keep $ in pvt sector by reducing govt #spend. Simplify tax code","name":"TeamBachmann","boldText":".@140townhall Yes 3 priorities. Attract #jobs by cutting job creator #<B>taxes<\/B>. Keep $ in pvt sector by reducing govt #spend. Simplify tax code"},{"place":null,"retweet_count":40,"in_reply_to_screen_name":null,"created_at":"Wed Jul 20 19:40:51 +0000 2011","retweeted":false,"in_reply_to_status_id_str":null,"in_reply_to_user_id_str":null,"user":{"time_zone":"Central Time (US & Canada)","profile_link_color":"1a3980","protected":false,"created_at":"Thu Sep 25 03:31:50 +0000 2008","profile_image_url_https":"https:\/\/si0.twimg.com\/profile_images\/1415631291\/75x75-twitter-pres-new_normal.jpg","name":"Michele Bachmann","geo_enabled":false,"favourites_count":0,"profile_background_color":"ffffff","default_profile_image":false,"notifications":null,"profile_background_tile":false,"utc_offset":-21600,"description":"The Official Twitter Account of Michele Bachmann for President: A Constitutional Conservative Choice in 2012","default_profile":false,"statuses_count":1047,"following":null,"verified":true,"profile_sidebar_fill_color":"bdbdbd","followers_count":32972,"profile_image_url":"http:\/\/a1.twimg.com\/profile_images\/1415631291\/75x75-twitter-pres-new_normal.jpg","follow_request_sent":null,"profile_sidebar_border_color":"000000","location":"Minnesota","is_translator":false,"contributors_enabled":false,"screen_name":"TeamBachmann","profile_use_background_image":true,"url":"http:\/\/www.michelebachmann.com","id_str":"16446177","show_all_inline_media":false,"profile_background_image_url_https":"https:\/\/si0.twimg.com\/profile_background_images\/278860317\/Twitter_Background-pres02.jpg","profile_text_color":"000000","id":16446177,"listed_count":1818,"lang":"en","profile_background_image_url":"http:\/\/a2.twimg.com\/profile_background_images\/278860317\/Twitter_Background-pres02.jpg","friends_count":1883},"contributors":null,"in_reply_to_status_id":null,"source":"<a href=\"http:\/\/twitter.com\/tweetbutton\" rel=\"nofollow\">Tweet Button<\/a>","id_str":"93767343355871233","geo":null,"favorited":false,"id":93767343355871233,"coordinates":null,"in_reply_to_user_id":null,"truncated":false,"text":".@140townhall Lesson of '82 and '90 is promised #spending cuts never last while higher taxes persist. \u00a0No more biz as usual. \u00a0No debt hike.","name":"TeamBachmann","boldText":".@140townhall Lesson of '82 and '90 is promised #spending cuts never last while higher <B>taxes<\/B> persist. \u00a0No more biz as usual. \u00a0No debt hike."},{"place":null,"retweet_count":"100+","in_reply_to_screen_name":null,"created_at":"Fri Jun 03 16:06:54 +0000 2011","retweeted":false,"in_reply_to_status_id_str":null,"in_reply_to_user_id_str":null,"user":{"time_zone":"Central Time (US & Canada)","profile_link_color":"0f0505","protected":false,"created_at":"Thu Dec 18 16:10:29 +0000 2008","profile_image_url_https":"https:\/\/si0.twimg.com\/profile_images\/1132374049\/Rep_Michele_Bachmann_Official_Photo_WEB_normal.JPG","name":"MicheleBachmann","geo_enabled":false,"favourites_count":2,"profile_background_color":"61438e","default_profile_image":false,"notifications":null,"profile_background_tile":false,"utc_offset":-21600,"description":"Happy to be serving MN-06 for a 3rd term.","default_profile":false,"statuses_count":827,"following":null,"verified":true,"profile_sidebar_fill_color":"f4d506","followers_count":110139,"profile_image_url":"http:\/\/a1.twimg.com\/profile_images\/1132374049\/Rep_Michele_Bachmann_Official_Photo_WEB_normal.JPG","follow_request_sent":null,"profile_sidebar_border_color":"61438E","location":"Washington, D.C.","is_translator":false,"contributors_enabled":false,"screen_name":"MicheleBachmann","profile_use_background_image":false,"url":"http:\/\/bachmann.house.gov\/","id_str":"18217624","show_all_inline_media":false,"profile_background_image_url_https":"https:\/\/si0.twimg.com\/profile_background_images\/3638228\/twitbacks_background.JPG","profile_text_color":"180c0c","id":18217624,"listed_count":4934,"lang":"en","profile_background_image_url":"http:\/\/a2.twimg.com\/profile_background_images\/3638228\/twitbacks_background.JPG","friends_count":17744},"contributors":null,"in_reply_to_status_id":null,"source":"web","id_str":"76681271417384961","geo":null,"favorited":false,"id":76681271417384961,"coordinates":null,"in_reply_to_user_id":null,"truncated":false,"text":"Fed. employees used 2.9 million paid hrs on union activities in FY08. I\u2019m cosponsoring a bill to stop this & save taxpayer dollars. #tcot","name":"MicheleBachmann","boldText":"Fed. employees used 2.9 million paid hrs on union activities in FY08. I\u2019m cosponsoring a bill to stop this & save taxpayer dollars. #tcot"},{"possibly_sensitive":false,"place":null,"retweet_count":"100+","in_reply_to_screen_name":null,"created_at":"Tue May 17 13:30:12 +0000 2011","retweeted":false,"in_reply_to_status_id_str":null,"in_reply_to_user_id_str":null,"user":{"time_zone":"Central Time (US & Canada)","profile_link_color":"0f0505","protected":false,"created_at":"Thu Dec 18 16:10:29 +0000 2008","profile_image_url_https":"https:\/\/si0.twimg.com\/profile_images\/1132374049\/Rep_Michele_Bachmann_Official_Photo_WEB_normal.JPG","name":"MicheleBachmann","geo_enabled":false,"favourites_count":2,"profile_background_color":"61438e","default_profile_image":false,"notifications":null,"profile_background_tile":false,"utc_offset":-21600,"description":"Happy to be serving MN-06 for a 3rd term.","default_profile":false,"statuses_count":827,"following":null,"verified":true,"profile_sidebar_fill_color":"f4d506","followers_count":110139,"profile_image_url":"http:\/\/a1.twimg.com\/profile_images\/1132374049\/Rep_Michele_Bachmann_Official_Photo_WEB_normal.JPG","follow_request_sent":null,"profile_sidebar_border_color":"61438E","location":"Washington, D.C.","is_translator":false,"contributors_enabled":false,"screen_name":"MicheleBachmann","profile_use_background_image":false,"url":"http:\/\/bachmann.house.gov\/","id_str":"18217624","show_all_inline_media":false,"profile_background_image_url_https":"https:\/\/si0.twimg.com\/profile_background_images\/3638228\/twitbacks_background.JPG","profile_text_color":"180c0c","id":18217624,"listed_count":4934,"lang":"en","profile_background_image_url":"http:\/\/a2.twimg.com\/profile_background_images\/3638228\/twitbacks_background.JPG","friends_count":17744},"contributors":null,"in_reply_to_status_id":null,"source":"web","id_str":"70481242205855745","geo":null,"favorited":false,"id":70481242205855745,"coordinates":null,"in_reply_to_user_id":null,"truncated":false,"text":"Where in the #Constitution does it say the fed. government should regulate potatoes in school lunches? It doesn\u2019t. http:\/\/tiny.cc\/zlqqr","name":"MicheleBachmann","boldText":"Where in the #Constitution does it say the <B>fed<\/B>. government should regulate potatoes in school lunches? It doesn\u2019t. http:\/\/tiny.cc\/zlqqr"},{"possibly_sensitive":false,"place":null,"retweet_count":"100+","in_reply_to_screen_name":null,"created_at":"Mon May 16 20:59:15 +0000 2011","retweeted":false,"in_reply_to_status_id_str":null,"in_reply_to_user_id_str":null,"user":{"time_zone":"Central Time (US & Canada)","profile_link_color":"0f0505","protected":false,"created_at":"Thu Dec 18 16:10:29 +0000 2008","profile_image_url_https":"https:\/\/si0.twimg.com\/profile_images\/1132374049\/Rep_Michele_Bachmann_Official_Photo_WEB_normal.JPG","name":"MicheleBachmann","geo_enabled":false,"favourites_count":2,"profile_background_color":"61438e","default_profile_image":false,"notifications":null,"profile_background_tile":false,"utc_offset":-21600,"description":"Happy to be serving MN-06 for a 3rd term.","default_profile":false,"statuses_count":827,"following":null,"verified":true,"profile_sidebar_fill_color":"f4d506","followers_count":110139,"profile_image_url":"http:\/\/a1.twimg.com\/profile_images\/1132374049\/Rep_Michele_Bachmann_Official_Photo_WEB_normal.JPG","follow_request_sent":null,"profile_sidebar_border_color":"61438E","location":"Washington, D.C.","is_translator":false,"contributors_enabled":false,"screen_name":"MicheleBachmann","profile_use_background_image":false,"url":"http:\/\/bachmann.house.gov\/","id_str":"18217624","show_all_inline_media":false,"profile_background_image_url_https":"https:\/\/si0.twimg.com\/profile_background_images\/3638228\/twitbacks_background.JPG","profile_text_color":"180c0c","id":18217624,"listed_count":4934,"lang":"en","profile_background_image_url":"http:\/\/a2.twimg.com\/profile_background_images\/3638228\/twitbacks_background.JPG","friends_count":17744},"contributors":null,"in_reply_to_status_id":null,"source":"web","id_str":"70231863108702208","geo":null,"favorited":false,"id":70231863108702208,"coordinates":null,"in_reply_to_user_id":null,"truncated":false,"text":"Keeping track of all the new taxes in #ObamaCare? Find out here when all 20 will take effect: http:\/\/tiny.cc\/kyk9l #tcot","name":"MicheleBachmann","boldText":"Keeping track of all the new <B>taxes<\/B> in #ObamaCare? Find out here when all 20 will take effect: http:\/\/tiny.cc\/kyk9l #tcot"},{"possibly_sensitive":false,"place":null,"retweet_count":"100+","in_reply_to_screen_name":null,"created_at":"Tue May 03 13:55:30 +0000 2011","retweeted":false,"in_reply_to_status_id_str":null,"in_reply_to_user_id_str":null,"user":{"time_zone":"Central Time (US & Canada)","profile_link_color":"0f0505","protected":false,"created_at":"Thu Dec 18 16:10:29 +0000 2008","profile_image_url_https":"https:\/\/si0.twimg.com\/profile_images\/1132374049\/Rep_Michele_Bachmann_Official_Photo_WEB_normal.JPG","name":"MicheleBachmann","geo_enabled":false,"favourites_count":2,"profile_background_color":"61438e","default_profile_image":false,"notifications":null,"profile_background_tile":false,"utc_offset":-21600,"description":"Happy to be serving MN-06 for a 3rd term.","default_profile":false,"statuses_count":827,"following":null,"verified":true,"profile_sidebar_fill_color":"f4d506","followers_count":110139,"profile_image_url":"http:\/\/a1.twimg.com\/profile_images\/1132374049\/Rep_Michele_Bachmann_Official_Photo_WEB_normal.JPG","follow_request_sent":null,"profile_sidebar_border_color":"61438E","location":"Washington, D.C.","is_translator":false,"contributors_enabled":false,"screen_name":"MicheleBachmann","profile_use_background_image":false,"url":"http:\/\/bachmann.house.gov\/","id_str":"18217624","show_all_inline_media":false,"profile_background_image_url_https":"https:\/\/si0.twimg.com\/profile_background_images\/3638228\/twitbacks_background.JPG","profile_text_color":"180c0c","id":18217624,"listed_count":4934,"lang":"en","profile_background_image_url":"http:\/\/a2.twimg.com\/profile_background_images\/3638228\/twitbacks_background.JPG","friends_count":17744},"contributors":null,"in_reply_to_status_id":null,"source":"web","id_str":"65414181263900672","geo":null,"favorited":false,"id":65414181263900672,"coordinates":null,"in_reply_to_user_id":null,"truncated":false,"text":"We need a fairer federal tax system that doesn't punish success. Wealth creation is job creation. http:\/\/tiny.cc\/9dhex #tcot","name":"MicheleBachmann","boldText":"We need a fairer <B>fed<\/B>eral tax system that doesn't punish success. Wealth creation is job creation. http:\/\/tiny.cc\/9dhex #tcot"}]